name,area,pincode,category_searched,rating,review_count,review_outlier,has_website,has_phone,has_price_info,price_level_clean,num_types,business_status
"Royal Regal Cafe, Lounge & Restra","Burari, Delhi",110084,restaurants,4.7,1056,0,0,1,0,,6,OPERATIONAL
Road Bench Cafe family restaurant,"Burari, Delhi",110084,restaurants,4.3,337,0,0,1,0,,5,OPERATIONAL
FOOD PITARRA,"Burari, Delhi",110084,restaurants,4.2,451,0,1,1,1,2.0,5,OPERATIONAL
Mittal Sweets and Snacks,"Burari, Delhi",110084,restaurants,4.6,1276,0,1,1,0,,14,OPERATIONAL
Meet and Treat Cafe,"Burari, Delhi",110084,restaurants,4.6,504,0,1,1,0,,4,OPERATIONAL
Zaiyka lo ji,"Burari, Delhi",110084,restaurants,4.9,110,0,0,1,0,,4,OPERATIONAL
Zaiyka Punjab,"Burari, Delhi",110084,restaurants,3.9,1454,0,1,1,1,2.0,7,OPERATIONAL
Utsav Dhaba,"Burari, Delhi",110084,restaurants,4.4,193,0,0,1,0,,5,OPERATIONAL
Roms Pizza Burari,"Burari, Delhi",110084,restaurants,4.8,1520,0,1,1,0,,5,OPERATIONAL
Royal Delhi Family Restaurant,"Burari, Delhi",110084,restaurants,4.8,21,0,1,1,0,,4,OPERATIONAL
MISHRI LAL JI KI RASOI BURARI,"Burari, Delhi",110084,restaurants,4.9,43,0,1,1,0,,4,OPERATIONAL
GARHWAL PUNJABI TADKA,"Burari, Delhi",110084,restaurants,3.7,268,0,1,1,0,,7,OPERATIONAL
Tasty bite restaurant,"Burari, Delhi",110084,restaurants,3.7,1127,0,0,1,1,2.0,5,OPERATIONAL
DEV दिल्ली restaurant,"Burari, Delhi",110084,restaurants,4.7,80,0,0,1,0,,5,OPERATIONAL
Delhi Grillz restaurant,"Burari, Delhi",110084,restaurants,4.0,530,0,0,1,0,,6,OPERATIONAL
The Food Paradise by Arun,"Burari, Delhi",110084,restaurants,4.8,17,0,0,1,0,,4,OPERATIONAL
WAH JI WAH restaurant Burari,"Burari, Delhi",110084,restaurants,3.7,49,0,0,1,0,,4,OPERATIONAL
JAI SHREE RESTAURANT BANQUET HOTEL,"Burari, Delhi",110084,restaurants,4.1,1129,0,0,1,1,2.0,13,OPERATIONAL
"Burari 84, The Authentic Indian Kitchen","Burari, Delhi",110084,restaurants,3.2,52,0,0,1,0,,5,OPERATIONAL
Shree ji SWAD,"Burari, Delhi",110084,restaurants,4.7,27,0,0,1,0,,4,OPERATIONAL
Tealogy Cafe Burari,"Burari, Delhi",110084,cafes,4.8,641,0,1,1,0,,4,OPERATIONAL
#Foodcafe,"Burari, Delhi",110084,cafes,4.9,16,0,0,1,0,,4,OPERATIONAL
Delhi Foodie Cafe (DFC),"Burari, Delhi",110084,cafes,4.4,57,0,0,1,0,,4,OPERATIONAL
DX Cafe,"Burari, Delhi",110084,cafes,4.9,44,0,0,1,0,,7,OPERATIONAL
The old smoke cafe,"Burari, Delhi",110084,cafes,3.4,97,0,0,0,0,,3,OPERATIONAL
The Delicious Cafe,"Burari, Delhi",110084,cafes,4.4,39,0,1,1,0,,5,OPERATIONAL
URBAN EATS CAFE,"Burari, Delhi",110084,cafes,4.9,123,0,1,1,0,,8,OPERATIONAL
Chaap N Tandor Tadkaa,"Burari, Delhi",110084,cafes,4.9,327,0,0,1,0,,11,OPERATIONAL
Bhukhkhad Adda,"Burari, Delhi",110084,cafes,5.0,108,0,0,1,0,,4,OPERATIONAL
THE VEGGIE GRILL CAFE,"Burari, Delhi",110084,cafes,5.0,22,0,0,1,0,,4,OPERATIONAL
Shriram's Cafe,"Burari, Delhi",110084,cafes,5.0,20,0,0,1,0,,4,OPERATIONAL
COFFEE ART HOUSE,"Burari, Delhi",110084,cafes,4.9,45,0,0,0,0,,4,OPERATIONAL
Le Food Gallery,"Burari, Delhi",110084,cafes,4.4,33,0,0,1,0,,5,OPERATIONAL
The hello cafe,"Burari, Delhi",110084,cafes,4.5,17,0,0,0,0,,9,OPERATIONAL
The Royal Cafe,"Burari, Delhi",110084,cafes,5.0,8,0,0,1,0,,6,OPERATIONAL
Tress Trends Unisex Salon,"Burari, Delhi",110084,salons,4.7,562,0,1,1,0,,8,OPERATIONAL
BM Unisex Salon & Academy,"Burari, Delhi",110084,salons,4.8,236,0,0,1,0,,4,OPERATIONAL
"The Valid Unisex Salon - Best Makeup Artist in Delhi, Bridal Makeup Artist, Nail Extension & Beauty Parlour in Burari, Delhi","Burari, Delhi",110084,salons,4.5,91,0,1,1,0,,13,OPERATIONAL
Swanky unisex salon,"Burari, Delhi",110084,salons,4.4,188,0,0,1,0,,4,OPERATIONAL
The w salon & academy,"Burari, Delhi",110084,salons,4.3,413,0,0,1,0,,11,OPERATIONAL
Devika Salon & Academy - Best Salon in Sant Nagar Burari Delhi,"Burari, Delhi",110084,salons,4.8,154,0,1,0,0,,4,OPERATIONAL
Ozone Beauty Parlour,"Burari, Delhi",110084,salons,4.9,560,0,0,1,0,,4,OPERATIONAL
Devika Elegance unisex salon (salon near me),"Burari, Delhi",110084,salons,4.8,87,0,0,1,0,,6,OPERATIONAL
The Ashh Family Salon And Academy,"Burari, Delhi",110084,salons,4.8,75,0,0,1,0,,12,OPERATIONAL
Hair Theory Luxury Salon & Academy,"Burari, Delhi",110084,salons,5.0,41,0,0,0,0,,5,OPERATIONAL
LOONIX UNISEX SALON & ACADEMY,"Burari, Delhi",110084,salons,4.8,131,0,0,1,0,,9,OPERATIONAL
Sudiksha Makeup Studio - Best Makeup Artist,"Burari, Delhi",110084,salons,4.7,128,0,1,1,0,,9,OPERATIONAL
AD BEAUTY LOUNGE LADIES PARLOUR,"Burari, Delhi",110084,salons,5.0,506,0,0,1,0,,4,OPERATIONAL
BEAUTY LOUNGE BY SRISH MAKEOVER,"Burari, Delhi",110084,salons,4.9,172,0,1,1,0,,11,OPERATIONAL
Nails by Rashika unisex salon,"Burari, Delhi",110084,salons,5.0,48,0,1,1,0,,4,OPERATIONAL
Poonam makeovers,"Burari, Delhi",110084,salons,5.0,37,0,1,1,0,,4,OPERATIONAL
"DP Studio Unisex Salon - Nailart , Hair treatment, Beauty & Bridal Makeup Best Salon in burari","Burari, Delhi",110084,salons,4.9,7,0,0,1,0,,6,OPERATIONAL
Neeta Mehra Makeover,"Burari, Delhi",110084,salons,5.0,26,0,0,1,0,,8,OPERATIONAL
Adonize The Family Salon,"Burari, Delhi",110084,salons,4.5,30,0,1,0,0,,4,OPERATIONAL
UNISEX SALON & ACADEMY,"Burari, Delhi",110084,salons,2.6,10,0,1,1,0,,3,OPERATIONAL
MUSCULUS The Fitness Studio,"Burari, Delhi",110084,gyms,4.9,329,0,0,1,0,,6,OPERATIONAL
The Wellness club gym [ burari branch ],"Burari, Delhi",110084,gyms,4.8,69,0,0,0,0,,5,OPERATIONAL
Real Fitness Gym,"Burari, Delhi",110084,gyms,5.0,69,0,0,1,0,,5,OPERATIONAL
The Robust Gym & Crossfit,"Burari, Delhi",110084,gyms,4.8,72,0,0,0,0,,5,OPERATIONAL
16 Inches Fitness Club GYM,"Burari, Delhi",110084,gyms,5.0,24,0,0,1,0,,5,OPERATIONAL
The Gym,"Burari, Delhi",110084,gyms,4.3,264,0,1,0,0,,5,OPERATIONAL
Iron Sculpt Gym,"Burari, Delhi",110084,gyms,4.6,311,0,0,1,0,,5,OPERATIONAL
REVIVE gym,"Burari, Delhi",110084,gyms,5.0,62,0,0,0,0,,5,OPERATIONAL
Country Fitness Gym sant nagar burari,"Burari, Delhi",110084,gyms,4.1,478,0,1,1,0,,5,OPERATIONAL
FITNOMICS FITNESS GYM,"Burari, Delhi",110084,gyms,5.0,76,0,0,1,0,,5,OPERATIONAL
SK Fitness,"Burari, Delhi",110084,gyms,5.0,190,0,0,1,0,,6,OPERATIONAL
Aqua Fitness Studio,"Burari, Delhi",110084,gyms,4.7,111,0,0,1,0,,6,OPERATIONAL
Body Fuel Gym,"Burari, Delhi",110084,gyms,4.5,179,0,0,1,0,,5,OPERATIONAL
H platinum gym burari,"Burari, Delhi",110084,gyms,4.6,72,0,0,1,0,,5,OPERATIONAL
Fitness Arena Unisex Gym,"Burari, Delhi",110084,gyms,5.0,26,0,1,1,0,,5,OPERATIONAL
Pack Physique,"Burari, Delhi",110084,gyms,4.4,167,0,0,0,0,,5,OPERATIONAL
Active Life Unisex Gym,"Burari, Delhi",110084,gyms,4.8,201,0,0,1,0,,5,OPERATIONAL
Fitness Fair Gym,"Burari, Delhi",110084,gyms,4.7,55,0,0,0,0,,5,OPERATIONAL
Fitness Law Gym,"Burari, Delhi",110084,gyms,4.4,70,0,0,1,0,,5,OPERATIONAL
M fit gym,"Burari, Delhi",110084,gyms,4.8,32,0,0,1,0,,5,OPERATIONAL
V-Mart - Delhi-Burari,"Burari, Delhi",110084,clothing stores,4.9,7647,0,1,1,0,,8,OPERATIONAL
GROVER GARMENTS,"Burari, Delhi",110084,clothing stores,4.3,1021,0,0,1,0,,4,OPERATIONAL
"Picola Vastra Bhandar- Sant Nagar, Burari | Womens | Mens | Kids | Wedding | Ethnic | Party | Casual | Western | Plus Size","Burari, Delhi",110084,clothing stores,4.9,819,0,1,1,0,,5,OPERATIONAL
Shivani Garments,"Burari, Delhi",110084,clothing stores,5.0,104,0,0,1,0,,4,OPERATIONAL
OCTAVE - Burari,"Burari, Delhi",110084,clothing stores,4.8,128,0,0,1,0,,4,OPERATIONAL
Cantabil,"Burari, Delhi",110084,clothing stores,4.8,175,0,1,1,0,,5,OPERATIONAL
Janta Vastra Bhandar,"Burari, Delhi",110084,clothing stores,3.8,346,0,0,1,0,,4,OPERATIONAL
Richlook Store Burari,"Burari, Delhi",110084,clothing stores,4.8,25,0,1,1,0,,4,OPERATIONAL
ADITI SAKHI (LADIES WEAR & KIDS WEAR),"Burari, Delhi",110084,clothing stores,4.8,38,0,0,1,0,,4,OPERATIONAL
CityKart Burari,"Burari, Delhi",110084,clothing stores,4.7,534,0,1,1,0,,7,OPERATIONAL
Riwaaz Selection,"Burari, Delhi",110084,clothing stores,3.9,81,0,0,1,0,,4,OPERATIONAL
Klub Fox | Burari | Factory Outlet,"Burari, Delhi",110084,clothing stores,4.3,33,0,1,1,0,,4,OPERATIONAL
V2 Retail - Sant Nagar,"Burari, Delhi",110084,clothing stores,3.7,18,0,1,1,0,,7,OPERATIONAL
UV Fashion - Burari,"Burari, Delhi",110084,clothing stores,5.0,6,0,0,0,0,,4,OPERATIONAL
KRAZE Raymond Showroom,"Burari, Delhi",110084,clothing stores,4.6,29,0,1,1,0,,4,OPERATIONAL
Intimissi Lingerie Store Burari,"Burari, Delhi",110084,clothing stores,4.8,183,0,1,1,0,,4,OPERATIONAL
Blue feather new fashion & garments,"Burari, Delhi",110084,clothing stores,5.0,16,0,0,1,0,,5,OPERATIONAL
Lifestyle Fashion,"Burari, Delhi",110084,clothing stores,5.0,5,0,1,0,0,,4,OPERATIONAL
"Zudio - Burari, Delhi","Burari, Delhi",110084,clothing stores,4.0,670,0,1,1,0,,3,OPERATIONAL
Shri Keshav Cloths & Readymade Garments,"Burari, Delhi",110084,clothing stores,4.4,15,0,0,1,0,,4,OPERATIONAL
Rajmandir Hypermarket Burari,"Burari, Delhi",110084,grocery stores,4.0,1319,0,1,1,0,,6,OPERATIONAL
Max Bazaar,"Burari, Delhi",110084,grocery stores,4.2,3199,0,0,1,0,,9,OPERATIONAL
Vishal Mega Mart,"Burari, Delhi",110084,grocery stores,3.8,7583,0,1,1,0,,10,OPERATIONAL
JR MART,"Burari, Delhi",110084,grocery stores,4.4,76,0,0,1,0,,11,OPERATIONAL
The Family Mart,"Burari, Delhi",110084,grocery stores,4.2,126,0,0,1,0,,7,OPERATIONAL
Aapka Budget Bazaar,"Burari, Delhi",110084,grocery stores,4.3,217,0,0,0,0,,8,OPERATIONAL
Top ten Bazar,"Burari, Delhi",110084,grocery stores,3.9,1614,0,0,1,0,,6,OPERATIONAL
Kaushalya Mart,"Burari, Delhi",110084,grocery stores,4.2,131,0,0,1,0,,6,OPERATIONAL
SAVITA store,"Burari, Delhi",110084,grocery stores,4.1,188,0,0,1,0,,7,OPERATIONAL
"Baniya Ki Dukan , Burari Sant Nagar","Burari, Delhi",110084,grocery stores,3.8,376,0,1,1,0,,7,OPERATIONAL
AAPKA BUDGET BAZAAR (SHALIMAR PALACE BURARI),"Burari, Delhi",110084,grocery stores,3.8,52,0,0,1,0,,11,OPERATIONAL
Big rashan bazar,"Burari, Delhi",110084,grocery stores,3.9,53,0,0,1,0,,8,OPERATIONAL
Manguram Lot Market Manguram Chowk,"Burari, Delhi",110084,grocery stores,4.3,389,0,0,1,0,,3,OPERATIONAL
Arora Store,"Burari, Delhi",110084,grocery stores,3.9,205,0,1,1,0,,7,OPERATIONAL
Jindal store,"Burari, Delhi",110084,grocery stores,4.3,158,0,0,0,0,,6,OPERATIONAL
Supermarket,"Burari, Delhi",110084,grocery stores,4.3,66,0,0,1,0,,7,OPERATIONAL
MUNAFA BAZAR,"Burari, Delhi",110084,grocery stores,3.9,820,0,1,1,0,,9,OPERATIONAL
Uttrakhand Enclave Part - 1,"Burari, Delhi",110084,grocery stores,4.0,323,0,0,0,0,,7,OPERATIONAL
Market Basket 11,"Burari, Delhi",110084,grocery stores,3.8,8,0,0,0,0,,6,OPERATIONAL
VIJAY SALES - BURARI,"Burari, Delhi",110084,electronics shops,4.8,3923,0,1,1,0,,4,OPERATIONAL
Hariom Electronics - Burari,"Burari, Delhi",110084,electronics shops,4.8,2173,0,1,1,0,,3,OPERATIONAL
Sanjay Electronics,"Burari, Delhi",110084,electronics shops,4.3,58,0,0,1,0,,4,OPERATIONAL
Vardhman Electronics | Burari | New Delhi,"Burari, Delhi",110034,electronics shops,4.5,53,0,1,0,0,,7,OPERATIONAL
Jwala Electricals,"Burari, Delhi",110084,electronics shops,3.5,210,0,0,0,0,,4,OPERATIONAL
Shri Shyam Electronics,"Burari, Delhi",110084,electronics shops,4.8,36,0,0,1,0,,4,OPERATIONAL
Krishna Electronics,"Burari, Delhi",110084,electronics shops,4.7,90,0,0,1,0,,2,OPERATIONAL
Rohini Electronics & Electricals,"Burari, Delhi",110084,electronics shops,4.7,52,0,1,1,0,,5,OPERATIONAL
PARTIKSHA ELECTRONICS,"Burari, Delhi",110084,electronics shops,5.0,40,0,0,1,0,,4,OPERATIONAL
Hariom Electronics - Burari (Kaushik Enclave),"Burari, Delhi",110084,electronics shops,4.8,606,0,1,1,0,,4,OPERATIONAL
Mobinex electronics,"Burari, Delhi",110084,electronics shops,4.5,68,0,0,1,0,,5,OPERATIONAL
Rawat Electronics,"Burari, Delhi",110084,electronics shops,5.0,25,0,0,1,0,,4,OPERATIONAL
Kartik Gupta Electronics,"Burari, Delhi",110084,electronics shops,4.8,16,0,0,1,0,,4,OPERATIONAL
Guru Ji Ki Dukan,"Burari, Delhi",110084,electronics shops,3.8,243,0,0,0,0,,4,OPERATIONAL
S.S ELECTRONICS,"Burari, Delhi",110084,electronics shops,5.0,296,0,1,1,0,,3,OPERATIONAL
Rajdhani Electronics,"Burari, Delhi",110084,electronics shops,5.0,1,0,0,1,0,,4,OPERATIONAL
Ashish Electronics - Best Electronic Repair Shop in Tomar Colony burari,"Burari, Delhi",110084,electronics shops,4.5,2,0,0,1,0,,7,OPERATIONAL
Gambhir Computers,"Burari, Delhi",110084,electronics shops,4.4,211,0,1,1,0,,7,OPERATIONAL
Mi Store Burari Jai Shri Shyam Enterprises,"Burari, Delhi",110084,electronics shops,4.2,33,0,0,1,0,,5,OPERATIONAL
Morex Electronics,"Burari, Delhi",110084,electronics shops,5.0,4,0,0,1,0,,4,OPERATIONAL
Dr Parashar Clinic (Dr L.R Parashar),"Burari, Delhi",110084,clinics,4.9,71,0,0,1,0,,4,OPERATIONAL
HOPE CLINIC,"Burari, Delhi",110084,clinics,5.0,38,0,1,1,0,,5,OPERATIONAL
Vanya Health Clinic,"Burari, Delhi",110084,clinics,5.0,42,0,0,1,0,,4,OPERATIONAL
Ekta Clinic,"Burari, Delhi",110084,clinics,4.9,25,0,1,1,0,,4,OPERATIONAL
Kaushik Clinic,"Burari, Delhi",110084,clinics,4.9,11,0,0,1,0,,4,OPERATIONAL
Aarogya Dental clinic & Implant center,"Burari, Delhi",110084,clinics,4.8,185,0,0,1,0,,8,OPERATIONAL
Dr. Nitin Kumar Dev Life Line Clinic (Skin & Hair PRP GFC Clinic ),"Burari, Delhi",110084,clinics,4.7,242,0,1,1,0,,6,OPERATIONAL
Aarogya Clinic,"Burari, Delhi",110084,clinics,4.9,21,0,0,1,0,,5,OPERATIONAL
Vardaan Diagnostic and Women Care Center,"Burari, Delhi",110084,clinics,4.2,282,0,1,1,0,,7,OPERATIONAL
NU LIFE CLINIC & PHYSIOTHERAPY CENTRE | best physiotherapy clinic in burari | physiotherapy center burari,"Burari, Delhi",110084,clinics,5.0,44,0,1,1,0,,4,OPERATIONAL
skin care burari Delhi,"Burari, Delhi",110084,clinics,4.9,78,0,0,1,0,,4,OPERATIONAL
Dr Nitin verma (Medi Skin & Laser Clinic- north),"Burari, Delhi",110084,clinics,4.7,218,0,1,1,0,,5,OPERATIONAL
Medlife Hospital,"Burari, Delhi",110084,clinics,3.8,166,0,0,1,0,,5,OPERATIONAL
ONE STOP HEALTHCARE & PATH LAB,"Burari, Delhi",110084,clinics,4.5,77,0,1,1,0,,5,OPERATIONAL
Family Clinic,"Burari, Delhi",110084,clinics,5.0,3,0,1,1,0,,5,OPERATIONAL
Little Stars Clinic,"Burari, Delhi",110084,clinics,4.6,34,0,0,1,0,,4,OPERATIONAL
Jeevan Rekha Clinic,"Burari, Delhi",110084,clinics,4.3,4,0,0,0,0,,4,OPERATIONAL
Ayush Clinic,"Burari, Delhi",110084,clinics,5.0,7,0,0,1,0,,4,OPERATIONAL
Dr savita piles clinic,"Burari, Delhi",110084,clinics,4.9,108,0,1,1,0,,5,OPERATIONAL
KUSHWAHA CLINIC,"Burari, Delhi",110084,clinics,4.5,2,0,0,1,0,,4,OPERATIONAL
Jyoti Bakers,"Burari, Delhi",110084,bakeries,4.8,162,0,0,1,0,,6,OPERATIONAL
Thapliyal Bakers,"Burari, Delhi",110084,bakeries,4.4,102,0,1,1,0,,6,OPERATIONAL
Kaku bakers,"Burari, Delhi",110084,bakeries,5.0,20,0,0,1,0,,9,OPERATIONAL
THE BLISS BAKE,"Burari, Delhi",110084,bakeries,4.8,26,0,0,1,0,,9,OPERATIONAL
RED Bakery and Snacks,"Burari, Delhi",110084,bakeries,4.3,41,0,0,1,0,,13,OPERATIONAL
Bakery Point The Cake Shop,"Burari, Delhi",110084,bakeries,3.5,33,0,0,1,0,,6,OPERATIONAL
Cake Lovers,"Burari, Delhi",110084,bakeries,3.9,233,0,0,1,1,2.0,6,OPERATIONAL
Arun Bakers,"Burari, Delhi",110084,bakeries,4.6,10,0,0,1,0,,9,OPERATIONAL
Sugar rush fairy (Home bakers),"Burari, Delhi",110084,bakeries,5.0,33,0,0,1,0,,6,OPERATIONAL
The Cake Room & Pastry Shop,"Burari, Delhi",110084,bakeries,4.5,53,0,0,1,0,,6,OPERATIONAL
Swankit Cakes and Flowers,"Burari, Delhi",110084,bakeries,4.7,14,0,1,1,0,,6,OPERATIONAL
Arya Cake Point N Baker's,"Burari, Delhi",110084,bakeries,5.0,11,0,1,0,0,,6,OPERATIONAL
Bake’s N Bite’s Bakery and Confectionery,"Burari, Delhi",110084,bakeries,5.0,5,0,1,1,0,,9,OPERATIONAL
Ranaji Baker's and confectioners,"Burari, Delhi",110084,bakeries,4.1,57,0,0,1,0,,6,OPERATIONAL
Hariram sweets,"Burari, Delhi",110084,bakeries,4.0,2038,0,1,1,1,2.0,10,OPERATIONAL
Khandelwal Cake & Pastry Shop,"Burari, Delhi",110084,bakeries,3.5,121,0,0,1,1,2.0,6,OPERATIONAL
AKD Bansiwal Bakery & Gift Gallery,"Burari, Delhi",110084,bakeries,4.6,9,0,0,1,0,,9,OPERATIONAL
PARAS BAKERY,"Burari, Delhi",110084,bakeries,5.0,12,0,0,1,0,,6,OPERATIONAL
Bohra Bakers,"Burari, Delhi",110084,bakeries,3.8,37,0,0,1,0,,6,OPERATIONAL
Samridhi Pharmacy,"Burari, Delhi",110084,pharmacies,4.9,59,0,0,1,0,,5,OPERATIONAL
Shri Raj Pharmacy-- best medical shop in burari,"Burari, Delhi",110084,pharmacies,5.0,23,0,0,1,0,,5,OPERATIONAL
Vinayak Pharmacy,"Burari, Delhi",110084,pharmacies,4.9,35,0,0,1,0,,6,OPERATIONAL
Jan Kalyan Chemist,"Burari, Delhi",110084,pharmacies,5.0,51,0,0,1,0,,5,OPERATIONAL
Shradha Medicos,"Burari, Delhi",110084,pharmacies,4.1,169,0,0,1,0,,7,OPERATIONAL
Janta medical store,"Burari, Delhi",110084,pharmacies,4.2,174,0,0,1,0,,8,OPERATIONAL
The Chemist,"Burari, Delhi",110084,pharmacies,4.6,21,0,0,1,0,,6,OPERATIONAL
K.P. PHARMACY,"Burari, Delhi",110084,pharmacies,4.9,193,0,1,1,0,,6,OPERATIONAL
OM PHARMACY SANT NAGAR,"Burari, Delhi",110084,pharmacies,3.9,16,0,0,1,0,,5,OPERATIONAL
PRAKASH PHARMACY- Best place for all medical needs,"Burari, Delhi",110084,pharmacies,4.4,7,0,0,1,0,,5,OPERATIONAL
Aapka Dawa Bazar,"Burari, Delhi",110084,pharmacies,3.3,21,0,0,1,0,,5,OPERATIONAL
Sri Krishna Medicos,"Burari, Delhi",110084,pharmacies,4.9,18,0,1,1,0,,6,OPERATIONAL
Sunny Pharmacy,"Burari, Delhi",110084,pharmacies,5.0,2,0,0,0,0,,4,OPERATIONAL
Om shiv medicos,"Burari, Delhi",110084,pharmacies,4.9,58,0,0,1,0,,5,OPERATIONAL
Your chemist shop,"Burari, Delhi",110084,pharmacies,5.0,1,0,0,1,0,,5,OPERATIONAL
Nishant Homeo Pharmacy,"Burari, Delhi",110084,pharmacies,4.5,80,0,0,1,0,,5,OPERATIONAL
MY CHEMIST,"Burari, Delhi",110084,pharmacies,4.6,10,0,1,1,0,,6,OPERATIONAL
LIFECARE CARE PHARMACY,"Burari, Delhi",110042,pharmacies,5.0,11,0,0,1,0,,6,OPERATIONAL
Rai Medicos (Manoj),"Burari, Delhi",110084,pharmacies,4.9,98,0,0,1,0,,5,OPERATIONAL
Rai Pharmacy,"Burari, Delhi",110084,pharmacies,5.0,1,0,0,1,0,,5,OPERATIONAL
Rishita Education Hub Center for Spoken English Math Accountancy Physics Economics Computer Home Tutor Tally and Home Tuition,"Burari, Delhi",110084,tutoring centers,4.9,40,0,1,1,0,,9,OPERATIONAL
Saini Classes Burari,"Burari, Delhi",110084,tutoring centers,4.9,54,0,0,1,0,,2,OPERATIONAL
Akshara Tutors (1st to 12th All subjects),"Burari, Delhi",110084,tutoring centers,5.0,19,0,1,1,0,,3,OPERATIONAL
GS Cracker,"Burari, Delhi",110084,tutoring centers,4.9,70,0,0,0,0,,2,OPERATIONAL
Prashant Classes,"Burari, Delhi",110084,tutoring centers,5.0,67,0,0,1,0,,2,OPERATIONAL
Computer Science and IP Tuition,"Burari, Delhi",110084,tutoring centers,5.0,262,0,1,1,0,,4,OPERATIONAL
(SUNSHIINE CLASSES,"Burari, Delhi",110084,tutoring centers,4.9,66,0,1,1,0,,3,OPERATIONAL
VBC [Vikas Bhatt Classes],"Burari, Delhi",110084,tutoring centers,4.9,340,0,1,1,0,,2,OPERATIONAL
THE VISION ACADEMY (HOME TUITION PROVIDER),"Burari, Delhi",110084,tutoring centers,5.0,53,0,1,1,0,,2,OPERATIONAL
Bhautik Study,"Burari, Delhi",110084,tutoring centers,5.0,121,0,1,1,0,,3,OPERATIONAL
DHARMA ACADEMY,"Burari, Delhi",110084,tutoring centers,4.9,95,0,0,1,0,,4,OPERATIONAL
Sanjay Classes,"Burari, Delhi",110084,tutoring centers,4.8,322,0,0,1,0,,4,OPERATIONAL
AI INFOTECH COMPUTER ACADEMY,"Burari, Delhi",110084,tutoring centers,4.9,149,0,1,1,0,,3,OPERATIONAL
Sharda education institute,"Burari, Delhi",110084,tutoring centers,5.0,15,0,0,1,0,,3,OPERATIONAL
Guru Dronacharya Academy,"Burari, Delhi",110084,tutoring centers,4.9,49,0,1,1,0,,7,OPERATIONAL
NEGI TUTORIALS,"Burari, Delhi",110084,tutoring centers,4.2,27,0,1,1,0,,3,OPERATIONAL
K.D Education Academy,"Burari, Delhi",110084,tutoring centers,5.0,113,0,1,1,0,,2,OPERATIONAL
TUITION HUB,"Burari, Delhi",110084,tutoring centers,5.0,12,0,1,1,0,,3,OPERATIONAL
Garima Tuition Centre,"Burari, Delhi",110084,tutoring centers,5.0,12,0,0,1,0,,2,OPERATIONAL
THE LEARNING ACADEMY,"Burari, Delhi",110084,tutoring centers,5.0,6,0,0,1,0,,6,OPERATIONAL
FURNITURE ZONE,"Burari, Delhi",110084,furniture stores,4.3,6,0,0,1,0,,9,OPERATIONAL
R K Furniture,"Burari, Delhi",110084,furniture stores,5.0,41,0,0,1,0,,8,OPERATIONAL
Shree Ganesh Furniture,"Burari, Delhi",110084,furniture stores,5.0,31,0,1,1,0,,4,OPERATIONAL
Shagun Furniture,"Burari, Delhi",110084,furniture stores,3.4,26,0,0,1,0,,6,OPERATIONAL
Laxmi Furniture,"Burari, Delhi",110084,furniture stores,4.5,17,0,0,1,0,,6,OPERATIONAL
Gumber Furniture,"Burari, Delhi",110084,furniture stores,3.5,16,0,0,1,0,,6,OPERATIONAL
V.K Furniture House,"Burari, Delhi",110084,furniture stores,4.2,5,0,0,1,0,,6,OPERATIONAL
New Vishal Furniture And foams,"Burari, Delhi",110084,furniture stores,3.7,26,0,1,1,0,,7,OPERATIONAL
Unique sofa makers,"Burari, Delhi",110084,furniture stores,5.0,38,0,0,1,0,,6,OPERATIONAL
Narendra Furniture House,"Burari, Delhi",110084,furniture stores,3.9,14,0,0,1,0,,6,OPERATIONAL
COCKTAIL FURNITURE RAVI CNC BURARI🪚,"Burari, Delhi",110084,furniture stores,4.1,45,0,1,1,0,,9,OPERATIONAL
Vikram Furniture,"Burari, Delhi",110084,furniture stores,5.0,4,0,0,1,0,,7,OPERATIONAL
NJ Enterprise salon furniture,"Burari, Delhi",110084,furniture stores,4.9,73,0,1,1,0,,4,OPERATIONAL
GOLDEN WOOD HOMES,"Burari, Delhi",110084,furniture stores,2.7,29,0,0,1,0,,6,OPERATIONAL
Star furniture,"Burari, Delhi",110084,furniture stores,3.7,3,0,0,1,0,,6,OPERATIONAL
Negi Furniture House,"Burari, Delhi",110084,furniture stores,4.3,8,0,0,1,0,,6,OPERATIONAL
ShriRam furniture house,"Burari, Delhi",110084,furniture stores,3.5,2,0,0,1,0,,6,OPERATIONAL
Hind Furniture & Plywood,"Burari, Delhi",110084,furniture stores,4.5,2,0,0,1,0,,7,OPERATIONAL
Bansal Enterprises Furniture,"Burari, Delhi",110084,furniture stores,4.2,5,0,1,1,0,,7,OPERATIONAL
Malik chair repair,"Burari, Delhi",110084,furniture stores,4.9,106,0,0,1,0,,6,OPERATIONAL
Katyayani Mobiles (Sant Nagar),"Burari, Delhi",110084,mobile shops,4.9,692,0,0,1,0,,4,OPERATIONAL
Gambhir Telecom,"Burari, Delhi",110084,mobile shops,4.5,372,0,1,1,0,,5,OPERATIONAL
Mobile Point,"Burari, Delhi",110084,mobile shops,3.8,50,0,0,1,0,,5,OPERATIONAL
"Cashify Mobile Phone Store | Buy, Sell & Repair in Burari New Delhi","Burari, Delhi",110084,mobile shops,4.8,329,0,1,1,0,,5,OPERATIONAL
Advik Mobile,"Burari, Delhi",110084,mobile shops,4.6,27,0,0,1,0,,4,OPERATIONAL
MJ MOBILE REPAIR,"Burari, Delhi",110084,mobile shops,4.9,108,0,0,0,0,,3,OPERATIONAL
J.K enterprises (Redmi store),"Burari, Delhi",110084,mobile shops,3.9,161,0,0,1,0,,4,OPERATIONAL
THAKUR RETAILS,"Burari, Delhi",110084,mobile shops,4.8,55,0,0,1,0,,5,OPERATIONAL
KORE Mobile - Burari,"Burari, Delhi",110084,mobile shops,5.0,5,0,1,1,0,,4,OPERATIONAL
E gadget world nathupura delhi,"Burari, Delhi",110084,mobile shops,4.8,218,0,1,1,0,,6,OPERATIONAL
Dimple Telecom,"Burari, Delhi",110084,mobile shops,3.3,18,0,0,1,0,,4,OPERATIONAL
KANHA JI MOBILE CARE AND ACCESSORIES,"Burari, Delhi",110084,mobile shops,4.9,50,0,0,1,0,,3,OPERATIONAL
Pal Sahab Enterprises,"Burari, Delhi",110084,mobile shops,4.9,60,0,1,1,0,,7,OPERATIONAL
Garg Mobile & Electronics,"Burari, Delhi",110084,mobile shops,5.0,2,0,0,0,0,,4,OPERATIONAL
MOBILE MART,"Burari, Delhi",110084,mobile shops,5.0,1,0,0,1,0,,4,OPERATIONAL
classic telecom center,"Burari, Delhi",110084,mobile shops,4.3,77,0,0,1,0,,4,OPERATIONAL
Gadgets Hub,"Burari, Delhi",110084,mobile shops,5.0,5,0,0,1,0,,9,OPERATIONAL
Vaishno Mobile,"Burari, Delhi",110084,mobile shops,4.2,10,0,0,1,0,,4,OPERATIONAL
Sant Nirankari Jewellers,"Burari, Delhi",110084,jewellery shops,4.1,11,0,0,0,0,,4,OPERATIONAL
Uttranchal Jewellers,"Burari, Delhi",110084,jewellery shops,4.4,11,0,0,1,0,,4,OPERATIONAL
Prajapati Jewellers,"Burari, Delhi",110084,jewellery shops,3.5,6,0,0,1,0,,4,OPERATIONAL
R Jewellery Your Style,"Burari, Delhi",110084,jewellery shops,4.9,13,0,0,1,0,,4,OPERATIONAL
Tushar Jewels Tushar retail mart,"Burari, Delhi",110084,jewellery shops,4.7,51,0,1,1,0,,4,OPERATIONAL
Pooja Jewellers,"Burari, Delhi",110084,jewellery shops,4.7,12,0,0,1,0,,4,OPERATIONAL
Soundarya Fancy Jewellery,"Burari, Delhi",110084,jewellery shops,4.3,13,0,0,1,0,,4,OPERATIONAL
Vamika jewellers,"Burari, Delhi",110084,jewellery shops,5.0,4,0,1,1,0,,6,OPERATIONAL
SAINI JEWELLERS BURARI,"Burari, Delhi",110084,jewellery shops,5.0,1,0,0,1,0,,5,OPERATIONAL
New Ambika Jewellers,"Burari, Delhi",110084,jewellery shops,4.4,7,0,0,1,0,,4,OPERATIONAL
Nirankari Sons Jewellers Pvt. Ltd.,"Burari, Delhi",110033,jewellery shops,4.2,476,0,0,1,0,,4,OPERATIONAL
Pb Jewellers,"Burari, Delhi",110084,jewellery shops,5.0,1,0,0,1,0,,4,OPERATIONAL
Deepali Jewellers,"Burari, Delhi",110042,jewellery shops,4.2,160,0,0,0,0,,4,OPERATIONAL
ocean artificial jewellery collection,"Burari, Delhi",110084,jewellery shops,5.0,2,0,0,1,0,,5,OPERATIONAL
A.K Jewellers,"Burari, Delhi",110084,jewellery shops,3.7,3,0,0,1,0,,4,OPERATIONAL
Royal Verma jewellers (MMTC PAMP Authorised Dealers),"Burari, Delhi",110088,jewellery shops,4.9,623,0,1,1,0,,7,OPERATIONAL
Krishna jewellers,"Burari, Delhi",110084,jewellery shops,5.0,1,0,0,1,0,,4,OPERATIONAL
Krishna Jewellers,"Burari, Delhi",110084,jewellery shops,4.1,22,0,0,1,0,,4,OPERATIONAL
"NAMIKA | KOREAN , WATERPROOF, A.D. JEWELLERY | HAIR ACCESSORIES","Burari, Delhi",110084,jewellery shops,5.0,5,0,1,1,0,,6,OPERATIONAL
Shri Ganpati Jewellers,"Burari, Delhi",110084,jewellery shops,4.5,4,0,0,0,0,,4,OPERATIONAL
Deepa Hardware,"Burari, Delhi",110084,hardware stores,4.8,31,0,0,1,0,,5,OPERATIONAL
BITTO HARDWARE AND ELECTRICALS,"Burari, Delhi",110084,hardware stores,4.5,21,0,0,1,0,,7,OPERATIONAL
Sakshi Paints & Hardware Store,"Burari, Delhi",110084,hardware stores,4.9,45,0,0,1,0,,5,OPERATIONAL
Lucky Hardware And Sanitary Store,"Burari, Delhi",110084,hardware stores,4.5,8,0,0,1,0,,5,OPERATIONAL
KUKU HARDWARE PAINTS AND ELECTRICAL,"Burari, Delhi",110084,hardware stores,4.2,19,0,0,1,0,,7,OPERATIONAL
GUPTA HARDWARE SANITARY AND PAINTS,"Burari, Delhi",110084,hardware stores,4.6,19,0,0,1,0,,5,OPERATIONAL
Mehra Hardware & Enterprises,"Burari, Delhi",110084,hardware stores,4.4,9,0,0,1,0,,5,OPERATIONAL
Bhai Sahab Ki Dukan Paints & Hardware,"Burari, Delhi",110084,hardware stores,4.1,200,0,0,1,0,,6,OPERATIONAL
Rang Rogan Paints & Hardware Store,"Burari, Delhi",110084,hardware stores,4.9,26,0,0,1,0,,7,OPERATIONAL
J K Hardware shop,"Burari, Delhi",110084,hardware stores,5.0,2,0,0,1,0,,5,OPERATIONAL
Gupta hardware and paints,"Burari, Delhi",110084,hardware stores,3.4,9,0,0,1,0,,5,OPERATIONAL
Shree Balaji Paints & Hardware,"Burari, Delhi",110084,hardware stores,5.0,1,0,0,0,0,,5,OPERATIONAL
KUKU HARDWARE PAINTS AND ELECTRICAL -2,"Burari, Delhi",110084,hardware stores,4.8,10,0,0,1,0,,5,OPERATIONAL
Nadeem Hardware and Paints,"Burari, Delhi",110084,hardware stores,4.0,13,0,0,1,0,,5,OPERATIONAL
Ganesh Sanitary And Hardware,"Burari, Delhi",110084,hardware stores,4.9,8,0,0,1,0,,5,OPERATIONAL
Guru Kripa Sanitary & Hardware,"Burari, Delhi",110084,hardware stores,3.3,32,0,0,1,0,,5,OPERATIONAL
Agarwal Paints And Hardware,"Burari, Delhi",110084,hardware stores,4.9,66,0,0,1,0,,5,OPERATIONAL
"Shiv hardware, sanitary And Electrical","Burari, Delhi",110084,hardware stores,5.0,4,0,0,0,0,,5,OPERATIONAL
Chaudhary Hardware Paints & Sanitary,"Burari, Delhi",110084,hardware stores,3.8,5,0,0,1,0,,5,OPERATIONAL
Satguru Electricals,"Burari, Delhi",110084,hardware stores,3.2,5,0,0,1,0,,6,OPERATIONAL
Oh! Pind,"Karol Bagh, Delhi",110005,restaurants,4.5,1424,0,1,1,0,,9,OPERATIONAL
The Dhaba Junction - Restaurant in karol bagh,"Karol Bagh, Delhi",110005,restaurants,4.2,1722,0,1,1,1,2.0,8,OPERATIONAL
"Sandoz Restaurant - Dbg Road, Karol Bagh","Karol Bagh, Delhi",110005,restaurants,4.3,5499,0,1,1,1,2.0,4,OPERATIONAL
Paranga | Best Restaurant In Karol Bagh,"Karol Bagh, Delhi",110005,restaurants,4.8,502,0,1,1,0,,7,OPERATIONAL
Kake Di Hatti Karol Bagh,"Karol Bagh, Delhi",110005,restaurants,4.6,44,0,0,1,0,,5,OPERATIONAL
Suruchi Restaurant,"Karol Bagh, Delhi",110005,restaurants,4.2,2821,0,1,1,1,2.0,8,OPERATIONAL
Flavor of Southvala Veg & Nonveg restaurant,"Karol Bagh, Delhi",110005,restaurants,4.3,940,0,1,1,0,,6,OPERATIONAL
Haldiram's - Karol Bagh,"Karol Bagh, Delhi",110005,restaurants,4.3,10176,1,1,1,1,2.0,4,OPERATIONAL
Ganesh Restaurant,"Karol Bagh, Delhi",110005,restaurants,4.1,4341,0,0,1,1,2.0,7,OPERATIONAL
Pure Shudh,"Karol Bagh, Delhi",110005,restaurants,4.6,843,0,1,1,0,,16,OPERATIONAL
Bikanervala | Karol Bagh,"Karol Bagh, Delhi",110005,restaurants,4.3,11550,1,1,1,1,2.0,16,OPERATIONAL
Bikanervala | Liberty Cinema Karol Bagh,"Karol Bagh, Delhi",110005,restaurants,4.8,1374,0,1,1,0,,16,OPERATIONAL
Sri Saravana Bhavan,"Karol Bagh, Delhi",110005,restaurants,4.0,1174,0,0,1,1,2.0,6,OPERATIONAL
The Taste Of Amritsar | Best Restaurant In Karol Bagh | Best Indian Restaurant,"Karol Bagh, Delhi",110005,restaurants,4.7,15,0,1,0,0,,11,OPERATIONAL
Haldiram's - Karol Bagh,"Karol Bagh, Delhi",110055,restaurants,4.7,673,0,1,1,1,2.0,4,OPERATIONAL
"Bikanervala (Angan) | Karol Bagh, Delhi","Karol Bagh, Delhi",110005,restaurants,4.2,4166,0,1,1,1,2.0,16,OPERATIONAL
Karim's Karol Bagh,"Karol Bagh, Delhi",110005,restaurants,3.0,733,0,0,1,0,,6,OPERATIONAL
Roshan Di Kulfi,"Karol Bagh, Delhi",110005,restaurants,3.9,13903,1,0,0,1,2.0,10,OPERATIONAL
Olive Daniels,"Karol Bagh, Delhi",110005,restaurants,4.2,387,0,1,1,0,,10,OPERATIONAL
The Spicy Stove,"Karol Bagh, Delhi",110005,restaurants,4.5,134,0,0,1,0,,4,OPERATIONAL
Guliyano Cafe,"Karol Bagh, Delhi",110005,cafes,4.6,316,0,0,1,1,2.0,7,OPERATIONAL
steve and dodo,"Karol Bagh, Delhi",110005,cafes,4.9,225,0,1,1,0,,4,OPERATIONAL
The Grill,"Karol Bagh, Delhi",110005,cafes,4.7,79,0,0,1,0,,4,OPERATIONAL
Woodland Cafe,"Karol Bagh, Delhi",110005,cafes,4.7,81,0,0,1,0,,4,OPERATIONAL
Bohéme Cafe Bar,"Karol Bagh, Delhi",110005,cafes,3.9,642,0,0,1,1,2.0,10,OPERATIONAL
Have luck Cafe,"Karol Bagh, Delhi",110005,cafes,4.3,52,0,1,1,0,,4,OPERATIONAL
Qbic cafe,"Karol Bagh, Delhi",110008,cafes,4.1,1812,0,0,1,1,3.0,9,OPERATIONAL
Cafe Tafri Karol Bagh Channa Market,"Karol Bagh, Delhi",110005,cafes,3.9,103,0,0,0,0,,4,OPERATIONAL
W Va Bien,"Karol Bagh, Delhi",110005,cafes,3.7,1199,0,0,1,0,,5,OPERATIONAL
ROYAL PUNJAB GRILL and BAR BY SOCIAL AFFAIRE RESTRO BAR- BEST BAR IN KAROL BAGH DELHI,"Karol Bagh, Delhi",110005,cafes,4.3,398,0,0,1,0,,11,OPERATIONAL
Xero Degrees,"Karol Bagh, Delhi",110005,cafes,3.9,1336,0,1,1,1,2.0,5,OPERATIONAL
Starbucks,"Karol Bagh, Delhi",110005,cafes,4.7,667,0,1,1,1,3.0,10,OPERATIONAL
Delia My Bar Headquarters,"Karol Bagh, Delhi",110005,cafes,3.3,452,0,1,1,0,,4,OPERATIONAL
Cafe De Flora,"Karol Bagh, Delhi",110021,cafes,4.3,2056,0,0,1,0,,4,OPERATIONAL
"Geetanjali Studio - Karol Bagh, New Delhi","Karol Bagh, Delhi",110005,salons,4.8,1719,0,1,1,0,,10,OPERATIONAL
"LOOKS Salon, Karol Bagh","Karol Bagh, Delhi",110005,salons,4.2,1409,0,1,1,0,,6,OPERATIONAL
"Looks Salon, Liberty Cinema Road, Karol bagh","Karol Bagh, Delhi",110005,salons,4.9,728,0,1,1,0,,4,OPERATIONAL
Varshe MediSalon,"Karol Bagh, Delhi",110005,salons,5.0,458,0,1,1,0,,8,OPERATIONAL
HAIRCRAFT UNISEX SALON,"Karol Bagh, Delhi",110005,salons,4.8,1226,0,0,1,0,,5,OPERATIONAL
Naturals Salon,"Karol Bagh, Delhi",110005,salons,4.8,536,0,1,1,0,,4,OPERATIONAL
WoW Women Salon and Academy,"Karol Bagh, Delhi",110005,salons,4.9,392,0,0,1,0,,4,OPERATIONAL
Jawed Habib Karol Bagh,"Karol Bagh, Delhi",110005,salons,4.3,550,0,1,1,0,,4,OPERATIONAL
The Salon By Saksh-E,"Karol Bagh, Delhi",110005,salons,4.8,210,0,1,1,0,,3,OPERATIONAL
Big Brother Hair & Beauty Salon,"Karol Bagh, Delhi",110055,salons,4.6,845,0,1,1,0,,4,OPERATIONAL
Cutes Makeover Salon & Academy,"Karol Bagh, Delhi",110005,salons,4.9,113,0,0,1,0,,7,OPERATIONAL
Atoshi Singh Salon & Makeup Studio,"Karol Bagh, Delhi",110005,salons,4.9,167,0,0,1,0,,11,OPERATIONAL
Hair Master Luxury Salon - Karol Bagh,"Karol Bagh, Delhi",110005,salons,4.6,88,0,1,1,0,,4,OPERATIONAL
persona salon by mallika gambhir,"Karol Bagh, Delhi",110005,salons,4.2,284,0,1,1,0,,4,OPERATIONAL
Sheen Beauty Salon,"Karol Bagh, Delhi",110005,salons,4.8,641,0,0,1,0,,4,OPERATIONAL
Avalon Luxury Salon & Makeup Studio,"Karol Bagh, Delhi",110005,salons,4.1,189,0,1,1,0,,5,OPERATIONAL
Al Habib Unisex Salon,"Karol Bagh, Delhi",110005,salons,3.7,615,0,0,1,0,,4,OPERATIONAL
Dream beauty parlour Karol Bagh,"Karol Bagh, Delhi",110005,salons,4.9,223,0,0,1,0,,4,OPERATIONAL
MANNA'S UNISEX SALON,"Karol Bagh, Delhi",110005,salons,4.7,209,0,1,1,0,,6,OPERATIONAL
Scissors unisex Salon | Beauty Salon & Makeup artist | Best salon in Karol Bagh,"Karol Bagh, Delhi",110005,salons,4.5,153,0,0,1,0,,10,OPERATIONAL
HARDCORE FITNESS GYM,"Karol Bagh, Delhi",110005,gyms,4.9,314,0,1,1,0,,6,OPERATIONAL
VAULT by Virat Kohli,"Karol Bagh, Delhi",110005,gyms,4.9,620,0,1,1,0,,6,OPERATIONAL
The Gym Health Planet New Rohtak Road Karol Bagh,"Karol Bagh, Delhi",110005,gyms,4.7,448,0,1,1,0,,11,OPERATIONAL
Volume Fitness Club (Karol Bagh),"Karol Bagh, Delhi",110005,gyms,4.5,239,0,0,1,0,,5,OPERATIONAL
Fitness Future gym,"Karol Bagh, Delhi",110005,gyms,4.8,335,0,0,0,0,,6,OPERATIONAL
Evolve gym,"Karol Bagh, Delhi",110005,gyms,4.9,35,0,0,1,0,,5,OPERATIONAL
"FITNESS WORLD GYM - Best Gym in Karol Bagh, Top Luxury Gym in Karol Bagh, Zumba, Aerobic, Yoga Classes, Kick Boxing","Karol Bagh, Delhi",110005,gyms,4.6,192,0,1,1,0,,5,OPERATIONAL
Anytime Fitness,"Karol Bagh, Delhi",110005,gyms,3.8,403,0,1,1,0,,6,OPERATIONAL
Anytime Fitness,"Karol Bagh, Delhi",110005,gyms,4.8,128,0,1,1,0,,6,OPERATIONAL
Hardcore Fitness Gym,"Karol Bagh, Delhi",110005,gyms,4.6,159,0,0,1,0,,6,OPERATIONAL
I GYM,"Karol Bagh, Delhi",110005,gyms,4.5,36,0,0,0,0,,5,OPERATIONAL
EARTH FITNESS GYM,"Karol Bagh, Delhi",110005,gyms,4.7,26,0,1,0,0,,6,OPERATIONAL
Anytime Fitness,"Karol Bagh, Delhi",110005,gyms,4.5,435,0,1,1,0,,6,OPERATIONAL
Fitness future unisex gym dev nager,"Karol Bagh, Delhi",110005,gyms,5.0,68,0,0,1,0,,6,OPERATIONAL
Combine Fit Club,"Karol Bagh, Delhi",110005,gyms,4.8,139,0,1,1,0,,7,OPERATIONAL
The New Body Temple,"Karol Bagh, Delhi",110005,gyms,4.2,117,0,0,1,0,,11,OPERATIONAL
D Fitness Academy,"Karol Bagh, Delhi",110005,gyms,4.6,73,0,0,1,0,,5,OPERATIONAL
Bobby's Gym Unisex Fitness,"Karol Bagh, Delhi",110005,gyms,5.0,48,0,0,1,0,,6,OPERATIONAL
Aktiv Fitness,"Karol Bagh, Delhi",110005,gyms,4.9,63,0,0,1,0,,5,OPERATIONAL
The Wellness Club Gym,"Karol Bagh, Delhi",110005,gyms,4.5,16,0,1,0,0,,5,OPERATIONAL
DC Fashion - Karol Bagh,"Karol Bagh, Delhi",110005,clothing stores,4.8,2061,0,1,1,0,,7,OPERATIONAL
"Westside - Karol Bagh, Delhi","Karol Bagh, Delhi",110005,clothing stores,4.1,2752,0,1,1,0,,5,OPERATIONAL
Clothes 'N; More,"Karol Bagh, Delhi",110005,clothing stores,4.8,279,0,0,1,0,,4,OPERATIONAL
Karol Bagh Market,"Karol Bagh, Delhi",110005,clothing stores,4.3,3445,0,0,1,0,,3,OPERATIONAL
Meena Bazaar,"Karol Bagh, Delhi",110005,clothing stores,4.6,2995,0,1,1,0,,5,OPERATIONAL
Libas,"Karol Bagh, Delhi",110005,clothing stores,4.9,1498,0,1,1,0,,5,OPERATIONAL
Ishwar Fashions Best Shop For Readymade & Unstitched Ladies Wear,"Karol Bagh, Delhi",110005,clothing stores,4.8,209,0,0,1,0,,5,OPERATIONAL
Sri Ram & Son - Karol Bagh (Ajmal Khan Road),"Karol Bagh, Delhi",110005,clothing stores,4.9,827,0,1,1,0,,4,OPERATIONAL
Blackberrys,"Karol Bagh, Delhi",110005,clothing stores,4.9,1152,0,1,1,0,,4,OPERATIONAL
Unique fashion point,"Karol Bagh, Delhi",110005,clothing stores,4.0,2005,0,0,1,0,,3,OPERATIONAL
Shagun Groom Wear Karol Bagh,"Karol Bagh, Delhi",110005,clothing stores,4.7,315,0,1,1,0,,4,OPERATIONAL
Taksh Men Karol Bagh Delhi,"Karol Bagh, Delhi",110005,clothing stores,4.5,102,0,1,1,0,,6,OPERATIONAL
Planet Fashion,"Karol Bagh, Delhi",110005,clothing stores,3.9,42,0,0,1,0,,4,OPERATIONAL
The Fashion Palace,"Karol Bagh, Delhi",110005,clothing stores,4.0,102,0,1,1,0,,8,OPERATIONAL
Tank Road Cloth Market (India's biggest Wholesale market for Cloths),"Karol Bagh, Delhi",110005,clothing stores,4.1,416,0,1,0,0,,4,OPERATIONAL
Go Colors - Karol Bagh | Women's Bottom Wear Store,"Karol Bagh, Delhi",110005,clothing stores,4.5,29,0,1,1,0,,6,OPERATIONAL
Sri Ram & Son - Karol Bagh (Padam Singh Rd),"Karol Bagh, Delhi",110005,clothing stores,4.9,204,0,1,1,0,,4,OPERATIONAL
Ritika Ethnic Wear,"Karol Bagh, Delhi",110005,clothing stores,4.9,271,0,1,1,0,,4,OPERATIONAL
Royal mens wear,"Karol Bagh, Delhi",110005,clothing stores,4.5,167,0,0,1,0,,4,OPERATIONAL
TRENDS,"Karol Bagh, Delhi",110005,clothing stores,3.8,202,0,1,1,0,,4,OPERATIONAL
D Mart,"Karol Bagh, Delhi",110005,grocery stores,4.3,3394,0,1,1,0,,7,OPERATIONAL
Southern Super Market,"Karol Bagh, Delhi",110005,grocery stores,4.5,279,0,1,1,0,,10,OPERATIONAL
Rajmandir Hypermarket,"Karol Bagh, Delhi",110005,grocery stores,3.9,802,0,1,1,0,,6,OPERATIONAL
Karol Bagh Market,"Karol Bagh, Delhi",110005,grocery stores,4.2,427,0,0,0,0,,5,OPERATIONAL
Gaffar Electronics Market (Karol Bagh),"Karol Bagh, Delhi",110005,grocery stores,4.1,12253,1,0,0,0,,3,OPERATIONAL
Mohan Store,"Karol Bagh, Delhi",110005,grocery stores,4.3,75,0,0,1,0,,14,OPERATIONAL
"Monday Market/ SomBazar/ Somwar Bazar, Karol Bagh Delhi","Karol Bagh, Delhi",110005,grocery stores,4.4,103,0,0,0,0,,3,OPERATIONAL
Bellanuts Dry Fruits & Dates Gift Hamper Shop | Anand Bhandar,"Karol Bagh, Delhi",110005,grocery stores,4.9,2859,0,1,1,0,,13,OPERATIONAL
Smart Bazaar,"Karol Bagh, Delhi",110070,grocery stores,4.3,12645,1,1,1,0,,9,OPERATIONAL
Karol bagh mobile market,"Karol Bagh, Delhi",110005,grocery stores,4.2,4500,0,1,0,0,,3,OPERATIONAL
Storeex 24/7,"Karol Bagh, Delhi",110005,grocery stores,4.8,53,0,1,1,0,,6,OPERATIONAL
Electronics Mart - Karol Bagh,"Karol Bagh, Delhi",110005,grocery stores,4.8,1704,0,1,1,0,,4,OPERATIONAL
Madan Lal & Sons,"Karol Bagh, Delhi",110005,grocery stores,4.1,109,0,0,1,0,,7,OPERATIONAL
GANPATJEE | WHOLESALE DRY FRUITS | SPICES | KIRYANA | WEDDING BOXES AND THAL,"Karol Bagh, Delhi",110005,grocery stores,4.9,160,0,1,1,0,,9,OPERATIONAL
BM MART,"Karol Bagh, Delhi",110005,grocery stores,4.4,34,0,1,1,0,,9,OPERATIONAL
Sidipura Sub Market,"Karol Bagh, Delhi",110005,grocery stores,3.9,269,0,0,0,0,,9,OPERATIONAL
Tank road jeans market,"Karol Bagh, Delhi",110005,grocery stores,4.1,7096,0,0,0,0,,3,OPERATIONAL
Metro Cash and Carry,"Karol Bagh, Delhi",110032,grocery stores,4.2,4844,0,1,1,0,,10,OPERATIONAL
Singh Electronics,"Karol Bagh, Delhi",110005,electronics shops,4.3,1135,0,1,1,0,,3,OPERATIONAL
VIJAY SALES - KAROL BAGH,"Karol Bagh, Delhi",110005,electronics shops,4.8,15828,1,1,1,0,,5,OPERATIONAL
New Jeet Electronics karol bagh,"Karol Bagh, Delhi",110005,electronics shops,4.0,46,0,0,1,0,,5,OPERATIONAL
"Naresh Electronics (India) - Best mobile price in Karol Bagh, Delhi","Karol Bagh, Delhi",110005,electronics shops,4.6,130,0,1,1,0,,4,OPERATIONAL
Kalra Electronics,"Karol Bagh, Delhi",110005,electronics shops,4.4,1406,0,0,1,0,,3,OPERATIONAL
Sargam Electronics Karol Bagh,"Karol Bagh, Delhi",110005,electronics shops,3.7,440,0,0,0,0,,2,OPERATIONAL
Varun Electronics,"Karol Bagh, Delhi",110005,electronics shops,4.2,64,0,1,1,0,,3,OPERATIONAL
Vaishno Electronics Private Limited,"Karol Bagh, Delhi",110005,electronics shops,3.5,357,0,0,1,0,,4,OPERATIONAL
Great Eastern Retail Pvt Ltd: Karol Bagh,"Karol Bagh, Delhi",110005,electronics shops,4.5,175,0,1,1,0,,4,OPERATIONAL
Croma - Db Gupta Road,"Karol Bagh, Delhi",110005,electronics shops,4.8,3284,0,1,1,0,,5,OPERATIONAL
Deepak Electronics,"Karol Bagh, Delhi",110005,electronics shops,4.4,14,0,0,0,0,,6,OPERATIONAL
Bhasin Appliances,"Karol Bagh, Delhi",110005,electronics shops,4.9,720,0,1,1,0,,7,OPERATIONAL
Paras Gaming and Electronics,"Karol Bagh, Delhi",110005,electronics shops,4.9,412,0,0,1,0,,3,OPERATIONAL
Reliance Digital,"Karol Bagh, Delhi",110005,electronics shops,4.8,9611,1,1,1,0,,4,OPERATIONAL
"Mi Home- Karol Bagh, Delhi","Karol Bagh, Delhi",110005,electronics shops,4.4,1664,0,1,1,0,,4,OPERATIONAL
Alfa electronics and mobile,"Karol Bagh, Delhi",110005,electronics shops,4.5,80,0,1,1,0,,4,OPERATIONAL
Rajindera Electronics,"Karol Bagh, Delhi",110005,electronics shops,3.5,39,0,0,1,0,,4,OPERATIONAL
"Apollo One - Karol Bagh, New Delhi","Karol Bagh, Delhi",110005,clinics,4.9,429,0,1,1,0,,6,OPERATIONAL
Versha Clinic,"Karol Bagh, Delhi",110005,clinics,4.9,555,0,0,1,0,,8,OPERATIONAL
"Apollo Spectra Hospitals - Karol Bagh, Delhi","Karol Bagh, Delhi",110005,clinics,4.8,8182,0,1,1,0,,7,OPERATIONAL
BLK-Max Super Speciality Hospital Delhi,"Karol Bagh, Delhi",110005,clinics,4.6,18891,1,1,1,0,,7,OPERATIONAL
Jeewan Mala Hospital,"Karol Bagh, Delhi",110005,clinics,4.6,2299,0,1,1,0,,5,OPERATIONAL
Anuj Medical Centre,"Karol Bagh, Delhi",110005,clinics,4.9,58,0,0,1,0,,6,OPERATIONAL
Dr SK Jain’s Burlington Clinic - 100 Years Old | Best Sexologist in Delhi | Gupt Rog Doctor | Ayurvedic Treatment,"Karol Bagh, Delhi",110005,clinics,4.5,761,0,1,1,0,,4,OPERATIONAL
Aggarwal Clinic (Dr. A. K. Aggarwal),"Karol Bagh, Delhi",110005,clinics,4.6,32,0,0,1,0,,4,OPERATIONAL
Geetanjali Medical Centre,"Karol Bagh, Delhi",110005,clinics,4.1,47,0,1,1,0,,9,OPERATIONAL
Auris ENT Centre | Dr. Karandeep Singh |,"Karol Bagh, Delhi",110005,clinics,4.9,573,0,1,1,0,,5,OPERATIONAL
MedLoc Physiotherapy Clinic in Delhi,"Karol Bagh, Delhi",110005,clinics,4.9,1186,0,1,1,0,,4,OPERATIONAL
Delhi Mind Clinic,"Karol Bagh, Delhi",110005,clinics,4.7,214,0,1,1,0,,7,OPERATIONAL
"Kaya Clinic - Pusa Road, New Delhi: Laser Hair Reduction, Acne Scar, Hair Loss, Skin Lightening & Fat Loss Treatments","Karol Bagh, Delhi",110005,clinics,4.7,603,0,1,1,0,,6,OPERATIONAL
Vedant Super Speciality Clinic,"Karol Bagh, Delhi",110005,clinics,5.0,30,0,0,1,0,,5,OPERATIONAL
"Dr Batra’s Homeopathy, Hair & Skin Clinic","Karol Bagh, Delhi",110005,clinics,4.5,812,0,1,1,0,,6,OPERATIONAL
Smile N Care Dental Clinics Implant Center,"Karol Bagh, Delhi",110005,clinics,4.9,241,0,0,1,0,,7,OPERATIONAL
Orbit Imaging & PathLab | MRI CT Scan Ultrasound X-Ray in Karol Bagh,"Karol Bagh, Delhi",110005,clinics,4.3,928,0,1,0,0,,6,OPERATIONAL
"Clove Dental Aligners, Braces & Implants Clinic - Karol Bagh","Karol Bagh, Delhi",110005,clinics,4.9,1383,0,1,1,0,,7,OPERATIONAL
GRG Healthcare | BEST GYNECOLOGIST | BEST MTP/ABORTION CLINIC | ULTRASOUND | CT SCAN | HSG | ECG | TMT | ECHO | FETAL ECHO,"Karol Bagh, Delhi",110008,clinics,4.8,1021,0,1,1,0,,6,OPERATIONAL
"Dr. Swati Singh | Best Gynaecologist In Karol Bagh, Gynaecologist In Karol Bagh, Infertility Specialist","Karol Bagh, Delhi",110005,clinics,5.0,22,0,1,1,0,,7,OPERATIONAL
Anjlika Pastry Shop,"Karol Bagh, Delhi",110005,bakeries,3.6,224,0,1,1,0,,7,OPERATIONAL
Frontier bakery,"Karol Bagh, Delhi",110005,bakeries,4.0,525,0,1,1,1,2.0,6,OPERATIONAL
Bhasin Bakers & Confectioners,"Karol Bagh, Delhi",110005,bakeries,4.0,465,0,0,1,0,,6,OPERATIONAL
"CAKE ‘O’ CLOCKS - CENTRAL DELHI BEST BAKERY, DESIGNER CAKE SHOP WITH FREE HOME DELIVERY & DISCOUNT ON STORE PICKUP","Karol Bagh, Delhi",110060,bakeries,4.8,68,0,1,1,0,,6,OPERATIONAL
"Bhasin Cakes and Bakes - Cakes, Pastries,Patties,Kulcha and More","Karol Bagh, Delhi",110005,bakeries,5.0,20,0,0,1,0,,6,OPERATIONAL
MINISTRY OF CAKES,"Karol Bagh, Delhi",110055,bakeries,4.2,508,0,1,1,1,2.0,10,OPERATIONAL
Camdin Patisserie & Boulangerie,"Karol Bagh, Delhi",110060,bakeries,4.1,802,0,1,1,1,2.0,14,OPERATIONAL
Cocoalove Bakery,"Karol Bagh, Delhi",110005,bakeries,4.9,96,0,1,1,0,,6,OPERATIONAL
Aggarwal Sweets n Bake,"Karol Bagh, Delhi",110005,bakeries,3.8,435,0,1,1,0,,7,OPERATIONAL
New Frontier Namkeen House,"Karol Bagh, Delhi",110005,bakeries,4.6,22,0,0,1,0,,18,OPERATIONAL
Monginis Cake Shop,"Karol Bagh, Delhi",110005,bakeries,4.5,31,0,1,1,1,2.0,13,OPERATIONAL
Narula Bakery by SK Cakes,"Karol Bagh, Delhi",110055,bakeries,4.2,1101,0,0,1,1,2.0,19,OPERATIONAL
Monginis Cake Shop,"Karol Bagh, Delhi",110005,bakeries,3.9,126,0,1,1,1,2.0,13,OPERATIONAL
Monginis Cake Shop,"Karol Bagh, Delhi",110060,bakeries,4.7,248,0,1,1,1,2.0,13,OPERATIONAL
Old School Truffle by Bijal,"Karol Bagh, Delhi",110005,bakeries,4.8,109,0,1,1,0,,13,OPERATIONAL
Bake Club Oasis Baklawa,"Karol Bagh, Delhi",110008,bakeries,4.0,567,0,1,1,1,2.0,7,OPERATIONAL
BonBon By Vrinda Soni,"Karol Bagh, Delhi",110005,bakeries,4.9,35,0,1,1,0,,6,OPERATIONAL
The Standard Pastry Shop : Apis Baker's Factory,"Karol Bagh, Delhi",110008,bakeries,4.0,265,0,0,1,1,2.0,8,OPERATIONAL
Happy Cravings,"Karol Bagh, Delhi",110005,bakeries,4.8,17,0,0,0,0,,6,OPERATIONAL
Om Namkeen Bakers & Confectioners,"Karol Bagh, Delhi",110005,bakeries,4.1,63,0,0,1,1,2.0,6,OPERATIONAL
Vinayaka Pharmacy,"Karol Bagh, Delhi",110005,pharmacies,5.0,80,0,0,1,0,,7,OPERATIONAL
Apollo Pharmacy Karol Bagh,"Karol Bagh, Delhi",110005,pharmacies,4.9,48,0,1,1,0,,10,OPERATIONAL
ZEELAB Pharmacy - Shiv Nagar,"Karol Bagh, Delhi",110005,pharmacies,5.0,525,0,1,1,0,,5,OPERATIONAL
SUPER Pharmacy,"Karol Bagh, Delhi",110005,pharmacies,4.4,20,0,0,1,0,,6,OPERATIONAL
FUTURE PHARMACY,"Karol Bagh, Delhi",110005,pharmacies,5.0,7,0,0,1,0,,5,OPERATIONAL
Care Pharmacy,"Karol Bagh, Delhi",110060,pharmacies,4.7,38,0,0,1,0,,5,OPERATIONAL
Narang Medical Store,"Karol Bagh, Delhi",110005,pharmacies,4.8,16,0,0,1,0,,5,OPERATIONAL
Medical Pharmacy store in karol bagh - Muskan Medicos,"Karol Bagh, Delhi",110005,pharmacies,4.1,11,0,0,1,0,,6,OPERATIONAL
Oberai Medical & General Stores,"Karol Bagh, Delhi",110005,pharmacies,3.8,38,0,0,1,0,,5,OPERATIONAL
Sanjeev Medicos,"Karol Bagh, Delhi",110005,pharmacies,4.4,17,0,0,1,0,,5,OPERATIONAL
SastaSundar,"Karol Bagh, Delhi",110005,pharmacies,5.0,19,0,0,1,0,,6,OPERATIONAL
Krishna Chemist,"Karol Bagh, Delhi",110005,pharmacies,3.2,25,0,0,1,0,,6,OPERATIONAL
Shanta Medicos,"Karol Bagh, Delhi",110005,pharmacies,4.7,6,0,0,1,0,,5,OPERATIONAL
PEE KAY Medical Store,"Karol Bagh, Delhi",110005,pharmacies,4.3,12,0,0,0,0,,5,OPERATIONAL
Shree Balaji Medicos,"Karol Bagh, Delhi",110005,pharmacies,3.3,12,0,0,1,0,,6,OPERATIONAL
KAROL BAGH HOMOEO PHARMACY,"Karol Bagh, Delhi",110005,pharmacies,3.7,3,0,0,1,0,,6,OPERATIONAL
Apollo Pharmacy Old Rajinder Nagar,"Karol Bagh, Delhi",110060,pharmacies,4.2,209,0,1,1,0,,8,OPERATIONAL
Grover Medical Store,"Karol Bagh, Delhi",110005,pharmacies,3.5,17,0,0,1,0,,8,OPERATIONAL
"Gandhi Medicos - Pharmaceuticals Wholesaler, Supplier & Exporter","Karol Bagh, Delhi",110055,pharmacies,4.9,295,0,1,1,0,,7,OPERATIONAL
RBM Home Tuition & Tutors,"Karol Bagh, Delhi",110005,tutoring centers,4.6,305,0,1,1,0,,6,OPERATIONAL
Education Point,"Karol Bagh, Delhi",110005,tutoring centers,4.6,55,0,0,0,0,,3,OPERATIONAL
Aaka Academy,"Karol Bagh, Delhi",110005,tutoring centers,5.0,127,0,1,1,0,,3,OPERATIONAL
Shweta Singhal Tuition Centre,"Karol Bagh, Delhi",110005,tutoring centers,5.0,21,0,0,1,0,,3,OPERATIONAL
Best Physics and Chemistry Coaching Classes- NTCC(NIK TECH COACHING CENTRE),"Karol Bagh, Delhi",110005,tutoring centers,5.0,399,0,1,1,0,,5,OPERATIONAL
Guru Kirpa Coaching Centre,"Karol Bagh, Delhi",110005,tutoring centers,4.9,55,0,0,1,0,,2,OPERATIONAL
BYS CAREER ACADEMY,"Karol Bagh, Delhi",110005,tutoring centers,5.0,122,0,1,1,0,,2,OPERATIONAL
Tutor Time,"Karol Bagh, Delhi",110005,tutoring centers,4.8,24,0,1,1,0,,2,OPERATIONAL
PCBM CAREER INSTITUTE,"Karol Bagh, Delhi",110005,tutoring centers,4.8,326,0,0,1,0,,5,OPERATIONAL
RBM Home Tutors,"Karol Bagh, Delhi",110005,tutoring centers,5.0,21,0,1,1,0,,2,OPERATIONAL
"ER NIKHIL EDUCATION CENTRE (11TH PYTHON CBSE ,12TH PYTHON CBSE ,INFORMATICS PRACTICES ,COMPUTER SCIENCE,PYTHON JOB PREPARATION ,C++ , JAVA , INSTITUTION, TUTOR)","Karol Bagh, Delhi",110005,tutoring centers,5.0,5,0,0,0,0,,3,OPERATIONAL
"Mindlift Coaching Classes - Student Tuition Center Karol Bagh, Group Teaching, Individual Teaching","Karol Bagh, Delhi",110005,tutoring centers,5.0,3,0,0,0,0,,6,OPERATIONAL
ForumIAS Academy - Coaching for IAS / Civil Services Examination in Delhi,"Karol Bagh, Delhi",110005,tutoring centers,4.7,2894,0,1,1,0,,4,OPERATIONAL
Shree Radhe Home Tuition,"Karol Bagh, Delhi",110005,tutoring centers,4.9,18,0,1,1,0,,5,OPERATIONAL
Pathshalaa,"Karol Bagh, Delhi",110005,tutoring centers,4.9,21,0,0,1,0,,3,OPERATIONAL
D.S Home Tutors,"Karol Bagh, Delhi",110005,tutoring centers,4.8,28,0,1,1,0,,3,OPERATIONAL
Brilliant College of Commerce,"Karol Bagh, Delhi",110005,tutoring centers,4.8,109,0,0,1,0,,2,OPERATIONAL
Inspira Learning centre for UPSC Exams,"Karol Bagh, Delhi",110005,tutoring centers,4.9,114,0,0,1,0,,4,OPERATIONAL
KRISHNA HOME TUTORS | Home Tuition,"Karol Bagh, Delhi",110015,tutoring centers,4.7,837,0,1,1,0,,5,OPERATIONAL
Edunology Computer Training Centre Karol Bagh,"Karol Bagh, Delhi",110005,tutoring centers,5.0,16,0,1,1,0,,3,OPERATIONAL
Arredo By Sunny Furniture,"Karol Bagh, Delhi",110055,furniture stores,4.9,1326,0,1,1,0,,6,OPERATIONAL
Arora Handloom,"Karol Bagh, Delhi",110005,furniture stores,4.7,142,0,0,1,0,,7,OPERATIONAL
Atrangi- home decor & gift shop,"Karol Bagh, Delhi",110005,furniture stores,5.0,12,0,0,1,0,,7,OPERATIONAL
Shri Vinayak Traders,"Karol Bagh, Delhi",110005,furniture stores,4.9,2062,0,1,1,0,,10,OPERATIONAL
ARDAS INTERIOR,"Karol Bagh, Delhi",110015,furniture stores,4.7,263,0,1,1,0,,12,OPERATIONAL
Furniture Market,"Karol Bagh, Delhi",110001,furniture stores,3.6,8,0,0,0,0,,3,OPERATIONAL
Ashoka Furniture House,"Karol Bagh, Delhi",110001,furniture stores,4.8,67,0,1,1,0,,6,OPERATIONAL
Craferia Export,"Karol Bagh, Delhi",110045,furniture stores,4.9,674,0,1,1,0,,10,OPERATIONAL
Shri Madhuban Furniture,"Karol Bagh, Delhi",110077,furniture stores,4.8,302,0,0,1,0,,6,OPERATIONAL
MATTOX OFFICE SOLUTIONS,"Karol Bagh, Delhi",110005,furniture stores,4.2,34,0,0,1,0,,7,OPERATIONAL
Laxmi Furniture House,"Karol Bagh, Delhi",110005,furniture stores,5.0,3,0,0,1,0,,6,OPERATIONAL
Furlenco Partner Store - Karol Bagh Buy I Rent Furniture & Appliances,"Karol Bagh, Delhi",110005,furniture stores,5.0,2,0,1,1,0,,8,OPERATIONAL
"Sleepwell Gallery - Karol Bagh, New Delhi","Karol Bagh, Delhi",110005,furniture stores,4.9,73,0,1,1,0,,6,OPERATIONAL
Aawrun,"Karol Bagh, Delhi",110005,furniture stores,4.5,2,0,0,0,0,,6,OPERATIONAL
M/s Chair Service,"Karol Bagh, Delhi",110005,furniture stores,4.7,96,0,0,1,0,,8,OPERATIONAL
Devnow International warehouse,"Karol Bagh, Delhi",110005,furniture stores,4.3,138,0,1,1,0,,9,OPERATIONAL
Vidya school furniture,"Karol Bagh, Delhi",110055,furniture stores,4.4,10,0,0,1,0,,3,OPERATIONAL
SAHIL FURNITURE,"Karol Bagh, Delhi",110005,furniture stores,4.7,23,0,0,0,0,,7,OPERATIONAL
Hotspot Mobile Store,"Karol Bagh, Delhi",110005,mobile shops,4.9,1992,0,1,1,0,,4,OPERATIONAL
SRD COMMUNICATION - Mobile Accessories Wholesalers In Karol Bagh - Mobile Gadgets Wholesalers In Karol Bagh,"Karol Bagh, Delhi",110005,mobile shops,4.7,283,0,1,1,0,,2,OPERATIONAL
Mobile phone shop,"Karol Bagh, Delhi",110005,mobile shops,3.7,100,0,0,0,0,,4,OPERATIONAL
ELICER MOBILE ACCESSORIES (Wholesaler Delhi),"Karol Bagh, Delhi",110005,mobile shops,4.9,547,0,0,1,0,,4,OPERATIONAL
UNIVERSE MART® (Mobile Accessories Wholesale | Gaffar Market Delhi),"Karol Bagh, Delhi",110005,mobile shops,4.1,19,0,0,1,0,,5,OPERATIONAL
"Arsh Telecom | Best Android, iPhone Repairing Shop - Mobile Accessories in Gaffar - Karol Bagh.","Karol Bagh, Delhi",110005,mobile shops,4.9,35,0,1,1,0,,3,OPERATIONAL
Dr Mobilewala,"Karol Bagh, Delhi",110005,mobile shops,4.6,277,0,1,1,0,,5,OPERATIONAL
"Cashify Mobile Phone Store | Buy, Sell & Repair in Karol Bagh, Delhi","Karol Bagh, Delhi",110005,mobile shops,5.0,51,0,1,1,0,,6,OPERATIONAL
Soroo - Premuim Mobile Accessories,"Karol Bagh, Delhi",110005,mobile shops,4.7,143,0,1,1,0,,3,OPERATIONAL
Sudhir Mobile Shop,"Karol Bagh, Delhi",110005,mobile shops,4.9,30,0,0,1,0,,3,OPERATIONAL
Telepathy,"Karol Bagh, Delhi",110001,mobile shops,4.9,1024,0,0,1,0,,4,OPERATIONAL
Bulkwala – Mobile Accessories Wholesale,"Karol Bagh, Delhi",110008,mobile shops,4.9,120,0,1,1,0,,6,OPERATIONAL
Aman mobile shop,"Karol Bagh, Delhi",110005,mobile shops,3.6,199,0,0,1,0,,4,OPERATIONAL
Grover Store,"Karol Bagh, Delhi",110005,mobile shops,4.0,79,0,0,1,0,,4,OPERATIONAL
Dhirsons Jewellers Karol Bagh,"Karol Bagh, Delhi",110005,jewellery shops,4.7,478,0,1,1,0,,7,OPERATIONAL
"Kalyan Jewellers - Karol Bagh, New Delhi","Karol Bagh, Delhi",110005,jewellery shops,4.7,5570,0,1,1,0,,8,OPERATIONAL
Tanishq Jewellery - Delhi - Karolbagh,"Karol Bagh, Delhi",110005,jewellery shops,4.8,3625,0,1,1,0,,6,OPERATIONAL
Much-More,"Karol Bagh, Delhi",110005,jewellery shops,4.7,1017,0,1,1,0,,5,OPERATIONAL
VISHAL CHAIN & JEWELLERY,"Karol Bagh, Delhi",110005,jewellery shops,4.9,733,0,1,1,0,,4,OPERATIONAL
PP Jewellers By Pawan Gupta,"Karol Bagh, Delhi",110005,jewellery shops,4.1,2341,0,1,1,0,,4,OPERATIONAL
"CaratLane Jewellery Karol Bagh, Delhi","Karol Bagh, Delhi",110005,jewellery shops,5.0,2489,0,1,1,0,,5,OPERATIONAL
SAHA JEWELLERS - ONE GRAM GOLD JEWELLERY,"Karol Bagh, Delhi",110005,jewellery shops,4.8,355,0,0,1,0,,8,OPERATIONAL
Maharani Jewellers,"Karol Bagh, Delhi",110005,jewellery shops,4.9,306,0,1,1,0,,4,OPERATIONAL
Khanna Jewellers Private Limited,"Karol Bagh, Delhi",110005,jewellery shops,4.3,206,0,1,1,0,,4,OPERATIONAL
Panna Lal Om Prakash Jewellers Karol bagh,"Karol Bagh, Delhi",110005,jewellery shops,4.1,721,0,0,1,0,,5,OPERATIONAL
"Indriya - Aditya Birla Jewellery - Karol Bagh, New Delhi","Karol Bagh, Delhi",110005,jewellery shops,4.8,1721,0,1,1,0,,6,OPERATIONAL
Sun Sea Jewellers- Certified Diamond & Gold Jewellery | Solitaires & Gems,"Karol Bagh, Delhi",110005,jewellery shops,5.0,471,0,1,1,0,,8,OPERATIONAL
Kapoor Bangles - One Gram Gold Jewellery,"Karol Bagh, Delhi",110005,jewellery shops,4.9,124,0,1,1,0,,6,OPERATIONAL
Prabhakar Djewels Pvt Ltd,"Karol Bagh, Delhi",110005,jewellery shops,4.9,257,0,1,0,0,,7,OPERATIONAL
"Sonir Diamond, Silver & Gold Jewellery","Karol Bagh, Delhi",110005,jewellery shops,4.9,201,0,1,1,0,,6,OPERATIONAL
PC Jeweller,"Karol Bagh, Delhi",110005,jewellery shops,4.1,865,0,1,1,0,,4,OPERATIONAL
Sai Handa Bangles,"Karol Bagh, Delhi",110005,jewellery shops,4.7,943,0,1,1,0,,5,OPERATIONAL
Heritage Jewellers (Wholesale Polki Jewellery),"Karol Bagh, Delhi",110005,jewellery shops,4.9,38,0,1,0,0,,5,OPERATIONAL
"JKJ JEWELLERS (HCM) - Best Jewellers in Karol Bagh, New Delhi","Karol Bagh, Delhi",110005,jewellery shops,4.4,60,0,1,1,0,,7,OPERATIONAL
HARDWARE STORE IN KAROL BAGH,"Karol Bagh, Delhi",110005,hardware stores,4.8,18,0,0,1,0,,5,OPERATIONAL
Aggarwal Hardware Store,"Karol Bagh, Delhi",110005,hardware stores,4.9,33,0,0,1,0,,5,OPERATIONAL
GULATI PAINTS & HARDWARE STORE,"Karol Bagh, Delhi",110005,hardware stores,4.0,30,0,0,0,0,,5,OPERATIONAL
Bansal Hardware & Tools,"Karol Bagh, Delhi",110005,hardware stores,3.5,23,0,1,1,0,,5,OPERATIONAL
Golden Hardware Karol bagh,"Karol Bagh, Delhi",110005,hardware stores,3.5,24,0,0,1,0,,5,OPERATIONAL
Gaurav Hardware And Sanitary,"Karol Bagh, Delhi",110005,hardware stores,3.6,27,0,0,1,0,,5,OPERATIONAL
Nath Hardware Store,"Karol Bagh, Delhi",110005,hardware stores,4.3,23,0,1,1,0,,6,OPERATIONAL
Panfu Hardware Store,"Karol Bagh, Delhi",110005,hardware stores,5.0,2,0,0,1,0,,5,OPERATIONAL
Gandhi Hardware Store,"Karol Bagh, Delhi",110015,hardware stores,3.7,37,0,0,1,0,,5,OPERATIONAL
Fair Deal Enterprises,"Karol Bagh, Delhi",110005,hardware stores,4.7,47,0,0,1,0,,5,OPERATIONAL
Gaurav Hardware & Plywood,"Karol Bagh, Delhi",110005,hardware stores,5.0,4,0,0,1,0,,5,OPERATIONAL
Chattar Bhoj & Sons,"Karol Bagh, Delhi",110005,hardware stores,4.3,15,0,0,1,0,,6,OPERATIONAL
Shiva Sanitary & Hardware Store,"Karol Bagh, Delhi",110005,hardware stores,4.8,8,0,0,1,0,,6,OPERATIONAL
Jain Plaster And Hardware Store,"Karol Bagh, Delhi",110007,hardware stores,5.0,4,0,0,0,0,,6,OPERATIONAL
Bansal Paints & Hardware Store,"Karol Bagh, Delhi",110005,hardware stores,4.7,3,0,0,1,0,,5,OPERATIONAL
Punjab Sanitary Store,"Karol Bagh, Delhi",110005,hardware stores,4.2,38,0,0,1,0,,9,OPERATIONAL
MANOJ HARDWARE,"Karol Bagh, Delhi",110055,hardware stores,3.9,50,0,0,1,0,,5,OPERATIONAL
Dhawan Hardware Store,"Karol Bagh, Delhi",110015,hardware stores,4.2,69,0,0,1,0,,5,OPERATIONAL
Hardware market,"Karol Bagh, Delhi",110005,hardware stores,5.0,2,0,0,0,0,,5,OPERATIONAL
Sandoz Restaurant - Ashok Vihar,"Ashok Vihar, Delhi",110052,restaurants,4.2,5196,0,1,1,1,3.0,6,OPERATIONAL
Bellpepperz,"Ashok Vihar, Delhi",110052,restaurants,4.2,2974,0,1,1,1,2.0,10,OPERATIONAL
Kesar Restaurant Ashok Vihar,"Ashok Vihar, Delhi",110052,restaurants,4.2,490,0,0,1,1,2.0,6,OPERATIONAL
Sufiaana,"Ashok Vihar, Delhi",110052,restaurants,4.0,424,0,1,1,0,,5,OPERATIONAL
Emerald House,"Ashok Vihar, Delhi",110052,restaurants,4.2,147,0,1,1,0,,10,OPERATIONAL
The Yellow Bowl,"Ashok Vihar, Delhi",110052,restaurants,4.8,247,0,1,1,1,2.0,5,OPERATIONAL
Swaad Anusaar,"Ashok Vihar, Delhi",110052,restaurants,4.3,310,0,1,1,0,,5,OPERATIONAL
Invitation Restaurant,"Ashok Vihar, Delhi",110052,restaurants,4.0,1272,0,0,1,1,2.0,7,OPERATIONAL
Dasaprakash - Ashok Vihar,"Ashok Vihar, Delhi",110052,restaurants,4.5,3667,0,1,1,1,2.0,10,OPERATIONAL
Smelling Salts,"Ashok Vihar, Delhi",110052,restaurants,4.2,2751,0,0,1,1,3.0,11,OPERATIONAL
Maestro - pure veg dining & Party Hall,"Ashok Vihar, Delhi",110052,restaurants,4.3,1306,0,0,1,1,2.0,13,OPERATIONAL
Veg. Bhatti Pure Vegetarian,"Ashok Vihar, Delhi",110052,restaurants,4.9,224,0,1,1,0,,6,OPERATIONAL
Kiara Soul Kitchen,"Ashok Vihar, Delhi",110052,restaurants,4.3,421,0,1,1,0,,5,OPERATIONAL
80 Punjabi,"Ashok Vihar, Delhi",110052,restaurants,4.8,237,0,1,1,0,,4,OPERATIONAL
Laalten Courtyard,"Ashok Vihar, Delhi",110033,restaurants,4.4,67,0,0,1,0,,4,OPERATIONAL
Melange,"Ashok Vihar, Delhi",110052,restaurants,4.0,93,0,0,1,0,,8,OPERATIONAL
Indus Flavour – Hudson Lane,"Ashok Vihar, Delhi",110009,restaurants,4.2,4158,0,1,1,1,2.0,11,OPERATIONAL
CREW’s,"Ashok Vihar, Delhi",110052,restaurants,4.8,32,0,0,1,0,,4,OPERATIONAL
Mystique Melange,"Ashok Vihar, Delhi",110052,restaurants,3.9,1988,0,0,1,0,,4,OPERATIONAL
Punjabi Angithi,"Ashok Vihar, Delhi",110052,restaurants,4.1,428,0,1,1,1,2.0,7,OPERATIONAL
Fat Tiger Ashok Vihar,"Ashok Vihar, Delhi",110052,cafes,4.7,197,0,1,0,0,,4,OPERATIONAL
Soul Cafe,"Ashok Vihar, Delhi",110052,cafes,4.4,30,0,0,1,0,,5,OPERATIONAL
Crispy Crazy,"Ashok Vihar, Delhi",110052,cafes,4.9,92,0,1,1,0,,4,OPERATIONAL
TOYO CAFE,"Ashok Vihar, Delhi",110052,cafes,5.0,91,0,0,1,0,,4,OPERATIONAL
House Of Giggles - Indoor Playarea and Birthday Party,"Ashok Vihar, Delhi",110052,cafes,4.5,489,0,1,1,0,,8,OPERATIONAL
Belle Patisserie,"Ashok Vihar, Delhi",110052,cafes,4.9,173,0,1,1,0,,11,OPERATIONAL
Cafeteria & Co.,"Ashok Vihar, Delhi",110033,cafes,4.4,13486,1,0,1,1,2.0,14,OPERATIONAL
Railway Yard The Mid Night Cafe,"Ashok Vihar, Delhi",110009,cafes,3.9,2563,0,0,1,1,2.0,14,OPERATIONAL
Spezia Bistro,"Ashok Vihar, Delhi",110033,cafes,4.4,5275,0,1,1,1,2.0,5,OPERATIONAL
Kachori cafe,"Ashok Vihar, Delhi",110052,cafes,4.6,21,0,0,1,0,,4,OPERATIONAL
Looks Salon,"Ashok Vihar, Delhi",110052,salons,4.8,1461,0,1,1,0,,7,OPERATIONAL
Dinesh's Glam Unisex Salon-Best Unisex Salon In Ashok Vihar-Bridal Makeup Artist In Ashok Vihar.,"Ashok Vihar, Delhi",110052,salons,4.9,947,0,1,1,0,,5,OPERATIONAL
Geetanjali Salon,"Ashok Vihar, Delhi",110052,salons,4.7,1834,0,1,1,0,,12,OPERATIONAL
Trendz salon,"Ashok Vihar, Delhi",110052,salons,4.5,1423,0,1,1,0,,12,OPERATIONAL
Noi Tre Salon Ashok Vihar,"Ashok Vihar, Delhi",110052,salons,4.8,597,0,1,1,0,,4,OPERATIONAL
Hair Candy Luxury Salon (Ashok Vihar),"Ashok Vihar, Delhi",110052,salons,4.8,121,0,1,1,0,,11,OPERATIONAL
"Hair Masters Luxury Salon, Ashok Vihar | Top Rated Best Salon","Ashok Vihar, Delhi",110052,salons,4.1,908,0,1,1,0,,4,OPERATIONAL
Hair grand unisex salon.,"Ashok Vihar, Delhi",110052,salons,4.9,73,0,1,0,0,,10,OPERATIONAL
Makeover By Aaliya & Barber Salon,"Ashok Vihar, Delhi",110052,salons,4.7,276,0,0,1,0,,4,OPERATIONAL
Star Master Unisex salon- Unisex Salon | Makup Studio | Hair Extention | Nail Extention in Ashok Vihar,"Ashok Vihar, Delhi",110052,salons,4.8,53,0,0,1,0,,4,OPERATIONAL
Marvelous Unisex Salon & Makeup Studio,"Ashok Vihar, Delhi",110052,salons,4.4,388,0,0,1,0,,4,OPERATIONAL
Avalon Unisex Salon | Best Hair Salon | Makeup Salon | Luxury Salon In Ashok Vihar,"Ashok Vihar, Delhi",110052,salons,4.2,163,0,0,1,0,,4,OPERATIONAL
Cut 2 Cut Unisex Salon - Ashok Vihar,"Ashok Vihar, Delhi",110052,salons,4.8,46,0,1,1,0,,8,OPERATIONAL
The Hair Palace Salon London - Ashok Vihar,"Ashok Vihar, Delhi",110052,salons,3.6,646,0,0,1,0,,4,OPERATIONAL
The 8een Won - Best salon in Ashok Vihar | Top salon in Delhi,"Ashok Vihar, Delhi",110052,salons,5.0,12,0,0,1,0,,11,OPERATIONAL
Beauty Blend Salon,"Ashok Vihar, Delhi",110052,salons,4.6,333,0,1,1,0,,16,OPERATIONAL
New Shape In Style | Ashok vihar | Delhi,"Ashok Vihar, Delhi",110052,salons,4.4,60,0,1,1,0,,4,OPERATIONAL
Slam Unisex Salon - Best Bridal Makeup Artist in Ashok Vihar and Unisex Salon in Delhi,"Ashok Vihar, Delhi",110052,salons,4.3,67,0,1,1,0,,13,OPERATIONAL
GLINT NAIL SALON & ACADEMY - Best nail salon | Best Eyelash Extensions | Best Nail art course | laser hair removal,"Ashok Vihar, Delhi",110052,salons,4.9,1258,0,0,1,0,,10,OPERATIONAL
New coccolare salon,"Ashok Vihar, Delhi",110052,salons,5.0,60,0,0,1,0,,5,OPERATIONAL
Frontier Fitness | Best Unisex Gym in Ashok Vihar,"Ashok Vihar, Delhi",110052,gyms,5.0,105,0,0,1,0,,5,OPERATIONAL
Pro Ultimate Gyms - Ashok Vihar Delhi,"Ashok Vihar, Delhi",110052,gyms,4.8,121,0,0,1,0,,5,OPERATIONAL
Gravitaz gym,"Ashok Vihar, Delhi",110052,gyms,4.2,259,0,1,1,0,,5,OPERATIONAL
Anytime Fitness,"Ashok Vihar, Delhi",110052,gyms,4.5,363,0,1,1,0,,6,OPERATIONAL
"Universal Gym, Unisex","Ashok Vihar, Delhi",110052,gyms,4.9,785,0,0,1,0,,5,OPERATIONAL
"24Hs FITNESS, Ashok Vihar","Ashok Vihar, Delhi",110052,gyms,4.9,98,0,1,1,0,,6,OPERATIONAL
FITREAKS GYM ASHOK VIHAR MDSC,"Ashok Vihar, Delhi",110052,gyms,4.5,107,0,0,0,0,,5,OPERATIONAL
La Fitness : The Fitness Cult,"Ashok Vihar, Delhi",110052,gyms,4.9,65,0,1,1,0,,6,OPERATIONAL
Body Crunch Fitness,"Ashok Vihar, Delhi",110052,gyms,4.6,115,0,0,1,0,,5,OPERATIONAL
FIT AND FINE - GYM FOR LADIES,"Ashok Vihar, Delhi",110052,gyms,5.0,103,0,0,1,0,,5,OPERATIONAL
Gym X,"Ashok Vihar, Delhi",110052,gyms,4.8,65,0,0,1,0,,5,OPERATIONAL
Zenaura Fitness,"Ashok Vihar, Delhi",110052,gyms,5.0,20,0,0,0,0,,5,OPERATIONAL
Fit N Fab,"Ashok Vihar, Delhi",110052,gyms,4.8,60,0,1,0,0,,5,OPERATIONAL
Gym Asia,"Ashok Vihar, Delhi",110052,gyms,4.2,119,0,1,1,0,,6,OPERATIONAL
"RDX Gym, Ashok Vihar","Ashok Vihar, Delhi",110052,gyms,3.9,55,0,0,1,0,,6,OPERATIONAL
Figure & Fitness Health Club,"Ashok Vihar, Delhi",110052,gyms,4.0,71,0,0,1,0,,5,OPERATIONAL
Body Power Gym,"Ashok Vihar, Delhi",110052,gyms,4.6,41,0,0,1,0,,5,OPERATIONAL
A FITNESS ACADEMY,"Ashok Vihar, Delhi",110052,gyms,5.0,2,0,0,1,0,,5,OPERATIONAL
FITNESS FUTURE GYM,"Ashok Vihar, Delhi",110052,gyms,4.5,53,0,0,0,0,,5,OPERATIONAL
"Pro Ultimate Gyms- Model town 2, Delhi","Ashok Vihar, Delhi",110033,gyms,4.7,497,0,1,1,0,,5,OPERATIONAL
FASHION YARD MENS STORE,"Ashok Vihar, Delhi",110052,clothing stores,3.1,157,0,1,1,0,,6,OPERATIONAL
CLIMAX,"Ashok Vihar, Delhi",110052,clothing stores,4.6,81,0,1,1,0,,4,OPERATIONAL
Rang Rachna,"Ashok Vihar, Delhi",110052,clothing stores,4.0,175,0,0,1,0,,5,OPERATIONAL
FASHION STORY,"Ashok Vihar, Delhi",110052,clothing stores,5.0,8,0,0,1,0,,4,OPERATIONAL
SHREE - She is Special,"Ashok Vihar, Delhi",110052,clothing stores,4.3,15,0,1,1,0,,6,OPERATIONAL
Deep Market,"Ashok Vihar, Delhi",110052,clothing stores,4.1,14248,1,0,0,0,,3,OPERATIONAL
Not X Just Brands,"Ashok Vihar, Delhi",110052,clothing stores,4.3,36,0,1,1,0,,8,OPERATIONAL
JUHI KRISHNANI LABEL,"Ashok Vihar, Delhi",110052,clothing stores,5.0,8,0,0,1,0,,8,OPERATIONAL
Addiction Apparels,"Ashok Vihar, Delhi",110052,clothing stores,4.3,10,0,1,1,0,,5,OPERATIONAL
MEENA GUPTA OFFICIAL,"Ashok Vihar, Delhi",110052,clothing stores,5.0,22,0,1,1,0,,8,OPERATIONAL
Aggarwal store,"Ashok Vihar, Delhi",110052,clothing stores,3.9,31,0,0,1,0,,4,OPERATIONAL
L Creations,"Ashok Vihar, Delhi",110052,clothing stores,5.0,42,0,0,0,0,,6,OPERATIONAL
W for Woman - Ashok Vihar,"Ashok Vihar, Delhi",110052,clothing stores,5.0,1,0,1,1,0,,5,OPERATIONAL
"Fabindia, Ashok Vihar","Ashok Vihar, Delhi",110052,clothing stores,4.9,14,0,1,1,0,,4,OPERATIONAL
Go Colors - Ashok Vihar | Women's Bottom Wear Store,"Ashok Vihar, Delhi",110052,clothing stores,5.0,6,0,1,1,0,,6,OPERATIONAL
Dippak gupta by n3d,"Ashok Vihar, Delhi",110052,clothing stores,5.0,7,0,0,0,0,,4,OPERATIONAL
Luxurazi,"Ashok Vihar, Delhi",110052,clothing stores,4.4,65,0,1,1,0,,4,OPERATIONAL
Bharat Garments,"Ashok Vihar, Delhi",110052,clothing stores,4.9,7,0,0,1,0,,4,OPERATIONAL
AK Collection,"Ashok Vihar, Delhi",110096,clothing stores,3.8,327,0,0,1,0,,4,OPERATIONAL
Khinkhab By Radhika,"Ashok Vihar, Delhi",110052,clothing stores,5.0,9,0,1,1,0,,5,OPERATIONAL
Raj Mandir Hyper Market Ashok Vihar,"Ashok Vihar, Delhi",110052,grocery stores,4.0,2772,0,1,1,0,,8,OPERATIONAL
Rajmandir Hypermarket Ashok Vihar B Block,"Ashok Vihar, Delhi",110052,grocery stores,4.1,514,0,1,0,0,,7,OPERATIONAL
Freshly grown,"Ashok Vihar, Delhi",110052,grocery stores,4.3,201,0,1,1,0,,8,OPERATIONAL
Shri Ram Departmental Store,"Ashok Vihar, Delhi",110052,grocery stores,3.6,142,0,0,1,0,,7,OPERATIONAL
Max Bazaar,"Ashok Vihar, Delhi",110033,grocery stores,3.9,1633,0,0,0,0,,7,OPERATIONAL
शिव स्टोर ग्रोसरीज Shiv Store grocery A-216 New Ashok Nagar Delhi 110096,"Ashok Vihar, Delhi",110096,grocery stores,4.7,80,0,1,1,0,,9,OPERATIONAL
Delhi Profit Bazar,"Ashok Vihar, Delhi",110096,grocery stores,3.9,825,0,1,1,0,,10,OPERATIONAL
Annapurna Store,"Ashok Vihar, Delhi",110052,grocery stores,4.1,49,0,0,1,0,,6,OPERATIONAL
Janta store,"Ashok Vihar, Delhi",110052,grocery stores,3.9,91,0,1,1,0,,9,OPERATIONAL
Ratna Stores,"Ashok Vihar, Delhi",110052,grocery stores,3.6,21,0,0,1,0,,8,OPERATIONAL
Soni The Supermart,"Ashok Vihar, Delhi",110096,grocery stores,3.5,472,0,0,1,0,,6,OPERATIONAL
The Master Bakers,"Ashok Vihar, Delhi",110052,grocery stores,4.2,1890,0,1,0,1,2.0,9,OPERATIONAL
Happy General Store,"Ashok Vihar, Delhi",110052,grocery stores,4.1,19,0,0,1,0,,7,OPERATIONAL
Rajmandir Hypermarket Lok Vihar,"Ashok Vihar, Delhi",110034,grocery stores,4.2,238,0,1,1,0,,7,OPERATIONAL
Asharam Groceries,"Ashok Vihar, Delhi",110035,grocery stores,4.3,180,0,0,0,0,,6,OPERATIONAL
iOrganic,"Ashok Vihar, Delhi",110052,grocery stores,4.5,288,0,1,1,1,2.0,10,OPERATIONAL
SHARMA STORE,"Ashok Vihar, Delhi",110052,grocery stores,4.3,12,0,0,1,0,,8,OPERATIONAL
Jai Durga Store,"Ashok Vihar, Delhi",110052,grocery stores,3.7,14,0,0,1,0,,7,OPERATIONAL
Sumo Basket,"Ashok Vihar, Delhi",110052,grocery stores,4.5,2,0,0,1,0,,6,OPERATIONAL
Hariom Electronics - Ashok Vihar,"Ashok Vihar, Delhi",110052,electronics shops,4.7,3255,0,1,1,0,,3,OPERATIONAL
VIJAY SALES - ASHOK VIHAR,"Ashok Vihar, Delhi",110052,electronics shops,4.9,645,0,1,1,0,,4,OPERATIONAL
ELECTRONIC PARADISE-ASHOK VIHAR,"Ashok Vihar, Delhi",110052,electronics shops,4.1,96,0,1,1,0,,4,OPERATIONAL
RAKESH RETAILS ASHOK VIHAR,"Ashok Vihar, Delhi",110052,electronics shops,4.0,63,0,1,0,0,,2,OPERATIONAL
LG Best Shop - Hariom Electronics,"Ashok Vihar, Delhi",110052,electronics shops,4.4,72,0,1,1,0,,3,OPERATIONAL
Ronix Electronics Shoppe (New Ashok Nagar),"Ashok Vihar, Delhi",110096,electronics shops,4.9,248,0,0,1,0,,4,OPERATIONAL
Electronics World,"Ashok Vihar, Delhi",110052,electronics shops,4.1,16,0,0,1,0,,7,OPERATIONAL
AUTO WORLD ELECTRONICS,"Ashok Vihar, Delhi",110052,electronics shops,5.0,161,0,0,1,0,,7,OPERATIONAL
Champaran Electronics Pvt Ltd,"Ashok Vihar, Delhi",110096,electronics shops,5.0,66,0,1,1,0,,6,OPERATIONAL
ONEHOOD SOLUTIONS,"Ashok Vihar, Delhi",110052,electronics shops,4.8,386,0,0,1,0,,5,OPERATIONAL
Jagdamba Electronics,"Ashok Vihar, Delhi",110052,electronics shops,4.0,6,0,0,1,0,,4,OPERATIONAL
Bawa Electric & Hardware Store,"Ashok Vihar, Delhi",110052,electronics shops,2.7,22,0,1,1,0,,4,OPERATIONAL
Satyam Electronics,"Ashok Vihar, Delhi",110052,electronics shops,5.0,9,0,0,1,0,,3,OPERATIONAL
"iVenus - Apple Authorised Reseller, Ashok Vihar, Delhi","Ashok Vihar, Delhi",110052,electronics shops,4.9,2224,0,1,1,0,,6,OPERATIONAL
Calcutta Electronics,"Ashok Vihar, Delhi",110052,electronics shops,4.0,4,0,0,1,0,,4,OPERATIONAL
Pradeep Electricals & Refrigeration,"Ashok Vihar, Delhi",110052,electronics shops,4.0,2,0,0,1,0,,5,OPERATIONAL
Vardhman Computronix,"Ashok Vihar, Delhi",110052,electronics shops,3.7,354,0,1,1,0,,4,OPERATIONAL
Sushil electronics,"Ashok Vihar, Delhi",110052,electronics shops,5.0,9,0,0,1,0,,5,OPERATIONAL
VIJAY SALES - MODEL TOWN III,"Ashok Vihar, Delhi",110009,electronics shops,4.6,5955,0,1,1,0,,5,OPERATIONAL
Singh Brothers Computers,"Ashok Vihar, Delhi",110033,electronics shops,5.0,267,0,0,1,0,,4,OPERATIONAL
Hope N Heal,"Ashok Vihar, Delhi",110052,clinics,4.7,13,0,0,0,0,,7,OPERATIONAL
"RasaDerm - Skin, Hair and Wellness -Ashok Vihar","Ashok Vihar, Delhi",110052,clinics,4.9,571,0,1,1,0,,9,OPERATIONAL
Dr Srishti Agrawal,"Ashok Vihar, Delhi",110052,clinics,4.9,43,0,1,1,0,,8,OPERATIONAL
Health first clinic,"Ashok Vihar, Delhi",110052,clinics,5.0,3,0,1,1,0,,7,OPERATIONAL
AGGARWAL CLINIC,"Ashok Vihar, Delhi",110052,clinics,5.0,2,0,0,1,0,,4,OPERATIONAL
Agrawal Medical Centre,"Ashok Vihar, Delhi",110052,clinics,4.5,11,0,0,1,0,,5,OPERATIONAL
Dr Lal Pathlabs - Patient Service & Radiology Centre,"Ashok Vihar, Delhi",110052,clinics,4.9,4533,0,1,1,0,,3,OPERATIONAL
Dr Neeharika Goyal,"Ashok Vihar, Delhi",110052,clinics,4.8,195,0,1,1,0,,4,OPERATIONAL
Suraksha Clinic | Dr. Sanjay Dhall | Dr. Rachna Dhall,"Ashok Vihar, Delhi",110007,clinics,4.9,43,0,0,1,0,,6,OPERATIONAL
DR. BR BHATIA,"Ashok Vihar, Delhi",110052,clinics,4.3,12,0,0,1,0,,4,OPERATIONAL
Dr Sumit Chawla- OrthoLife,"Ashok Vihar, Delhi",110052,clinics,4.9,400,0,1,1,0,,7,OPERATIONAL
"Recure Clinic: Dr. Somya Chauhan,PT","Ashok Vihar, Delhi",110052,clinics,4.9,143,0,1,1,0,,5,OPERATIONAL
"Arora's Dental Clinic : Dental Clinic in Ashok Vihar (Dentist in Ashok Vihar, Delhi)","Ashok Vihar, Delhi",110052,clinics,4.9,93,0,1,1,0,,7,OPERATIONAL
"Clove Dental Clinic - Ashok Vihar, Delhi","Ashok Vihar, Delhi",110052,clinics,4.9,810,0,1,1,0,,7,OPERATIONAL
SKYNN CARE,"Ashok Vihar, Delhi",110052,clinics,4.9,85,0,1,1,0,,13,OPERATIONAL
"ELIXIR, The Derma Clinic","Ashok Vihar, Delhi",110052,clinics,4.9,184,0,0,1,0,,5,OPERATIONAL
Poonam Monga Clinic,"Ashok Vihar, Delhi",110052,clinics,4.7,66,0,0,1,0,,4,OPERATIONAL
Dr. Chandrashekhar,"Ashok Vihar, Delhi",110052,clinics,4.7,167,0,1,1,0,,4,OPERATIONAL
Dr Sahni Homoeopathic Clinic,"Ashok Vihar, Delhi",110052,clinics,4.8,98,0,1,1,0,,6,OPERATIONAL
Dr. GEETA ARORA,"Ashok Vihar, Delhi",110052,clinics,5.0,11,0,0,1,0,,4,OPERATIONAL
Baker By Chance - Ashok Vihar Phase 3,"Ashok Vihar, Delhi",110052,bakeries,5.0,45,0,1,1,0,,6,OPERATIONAL
Mr Crust Bakers,"Ashok Vihar, Delhi",110052,bakeries,4.1,1214,0,1,1,0,,6,OPERATIONAL
Jaan cakes & Desserts,"Ashok Vihar, Delhi",110052,bakeries,5.0,98,0,1,1,0,,7,OPERATIONAL
Mr. Crust Bakers,"Ashok Vihar, Delhi",110033,bakeries,4.3,6352,0,1,1,1,2.0,10,OPERATIONAL
Master's - Cakes and Sweets,"Ashok Vihar, Delhi",110052,bakeries,4.0,132,0,1,1,0,,12,OPERATIONAL
The Phoenix Bakers,"Ashok Vihar, Delhi",110052,bakeries,4.9,102,0,1,1,0,,6,OPERATIONAL
Victor Bakers,"Ashok Vihar, Delhi",110035,bakeries,4.4,410,0,0,1,0,,6,OPERATIONAL
Moonberry Bakers,"Ashok Vihar, Delhi",110052,bakeries,5.0,34,0,0,0,0,,6,OPERATIONAL
Loafi Cakes,"Ashok Vihar, Delhi",110052,bakeries,5.0,11,0,0,1,0,,6,OPERATIONAL
Cake & Co. By Geetanjali,"Ashok Vihar, Delhi",110052,bakeries,5.0,86,0,1,1,0,,11,OPERATIONAL
Roshan The cake palace,"Ashok Vihar, Delhi",110052,bakeries,4.5,54,0,0,1,0,,6,OPERATIONAL
Ever Bake,"Ashok Vihar, Delhi",110088,bakeries,4.2,7255,0,0,1,1,2.0,9,OPERATIONAL
Frenchtouch patisserie,"Ashok Vihar, Delhi",110052,bakeries,5.0,14,0,0,1,0,,6,OPERATIONAL
Baked By Akshika,"Ashok Vihar, Delhi",110052,bakeries,5.0,23,0,1,1,0,,6,OPERATIONAL
RINAA CAKERY,"Ashok Vihar, Delhi",110035,bakeries,4.9,37,0,0,1,0,,6,OPERATIONAL
Scrumptious Home Bakery,"Ashok Vihar, Delhi",110052,bakeries,5.0,12,0,0,1,0,,6,OPERATIONAL
Amara Patisserie,"Ashok Vihar, Delhi",110052,bakeries,5.0,14,0,1,1,0,,6,OPERATIONAL
"Manohar Bikkaneri - Best Sweets Shop in Ashok Vihar, Delhi","Ashok Vihar, Delhi",110052,bakeries,4.0,980,0,1,1,0,,10,OPERATIONAL
Apollo Pharmacy Ashok Vihar,"Ashok Vihar, Delhi",110052,pharmacies,4.2,83,0,1,1,0,,8,OPERATIONAL
Ratna Medicos,"Ashok Vihar, Delhi",110052,pharmacies,3.7,29,0,0,1,0,,5,OPERATIONAL
Anil Medical Store,"Ashok Vihar, Delhi",110052,pharmacies,4.3,15,0,0,1,0,,6,OPERATIONAL
Bansal Medicos,"Ashok Vihar, Delhi",110052,pharmacies,3.3,28,0,0,1,0,,9,OPERATIONAL
Jeewan Sewa Chemist,"Ashok Vihar, Delhi",110052,pharmacies,4.8,10,0,0,1,0,,5,OPERATIONAL
Jan Aushadhi Kendra Ashok Vihar,"Ashok Vihar, Delhi",110052,pharmacies,4.9,170,0,0,1,0,,5,OPERATIONAL
ARIHANT MEDICOS,"Ashok Vihar, Delhi",110052,pharmacies,3.0,8,0,0,1,0,,5,OPERATIONAL
Real Care Pharmacy,"Ashok Vihar, Delhi",110052,pharmacies,4.0,4,0,0,0,0,,5,OPERATIONAL
Bharat Pharma Plus,"Ashok Vihar, Delhi",110052,pharmacies,5.0,4,0,0,1,0,,6,OPERATIONAL
JAN SEWA CHEMIST,"Ashok Vihar, Delhi",110052,pharmacies,5.0,17,0,0,1,0,,5,OPERATIONAL
Shiv Medicos,"Ashok Vihar, Delhi",110052,pharmacies,4.0,32,0,0,1,0,,5,OPERATIONAL
Khurana Medicos,"Ashok Vihar, Delhi",110052,pharmacies,3.8,5,0,0,1,0,,5,OPERATIONAL
CITY CHEMISTS,"Ashok Vihar, Delhi",110052,pharmacies,3.6,5,0,0,1,0,,5,OPERATIONAL
Ganesh Medicos Chemist And Cosmetic,"Ashok Vihar, Delhi",110052,pharmacies,5.0,1,0,0,1,0,,5,OPERATIONAL
Goyal Medicos,"Ashok Vihar, Delhi",110052,pharmacies,5.0,3,0,1,1,0,,5,OPERATIONAL
Healthcare Chemist And Druggist,"Ashok Vihar, Delhi",110052,pharmacies,5.0,1,0,0,1,0,,5,OPERATIONAL
Gopal Mediways,"Ashok Vihar, Delhi",110052,pharmacies,4.0,7,0,0,1,0,,5,OPERATIONAL
Sunder Medicos,"Ashok Vihar, Delhi",110052,pharmacies,4.6,15,0,0,1,0,,6,OPERATIONAL
Lamba Chemist,"Ashok Vihar, Delhi",110052,pharmacies,5.0,3,0,0,1,0,,6,OPERATIONAL
Shiv Shakhi Medicos,"Ashok Vihar, Delhi",110052,pharmacies,3.5,4,0,0,1,0,,5,OPERATIONAL
Tutors Delhi,"Ashok Vihar, Delhi",110052,tutoring centers,5.0,25,0,1,1,0,,3,OPERATIONAL
TUTESTATION,"Ashok Vihar, Delhi",110052,tutoring centers,4.9,139,0,0,1,0,,5,OPERATIONAL
Little Minds Educator | Pre Primary to Class 5th | Private Home Tuition Provider In Delhi,"Ashok Vihar, Delhi",110052,tutoring centers,5.0,31,0,1,1,0,,5,OPERATIONAL
"TutorShala : Best tutors in Delhi, Best home tuitions in Delhi (online / offline available)","Ashok Vihar, Delhi",110052,tutoring centers,4.9,15,0,1,1,0,,4,OPERATIONAL
Study Companion - Best Primary Tuition Classes Home Center In Ashok Vihar,"Ashok Vihar, Delhi",110052,tutoring centers,5.0,1,0,0,1,0,,3,OPERATIONAL
Toss Academy,"Ashok Vihar, Delhi",110052,tutoring centers,5.0,140,0,1,1,0,,3,OPERATIONAL
Art Of Learnings,"Ashok Vihar, Delhi",110052,tutoring centers,4.8,102,0,1,1,0,,2,OPERATIONAL
Shruti Ma'am English Classes / Tuition Centre in Ashok Vihar - English Classes,"Ashok Vihar, Delhi",110052,tutoring centers,4.7,46,0,0,0,0,,4,OPERATIONAL
Together'S Academy,"Ashok Vihar, Delhi",110052,tutoring centers,5.0,9,0,0,1,0,,3,OPERATIONAL
"I-View Academy, Delhi | Coaching Center","Ashok Vihar, Delhi",110052,tutoring centers,4.5,56,0,1,1,0,,3,OPERATIONAL
Cuemath Math Learning Center | Ms Shubhya Praveen,"Ashok Vihar, Delhi",110052,tutoring centers,5.0,2,0,0,0,0,,6,OPERATIONAL
VGA Tuition classes,"Ashok Vihar, Delhi",110052,tutoring centers,5.0,11,0,1,1,0,,3,OPERATIONAL
Home Tuitions & Online Classes - SmartSteps,"Ashok Vihar, Delhi",110052,tutoring centers,4.9,16,0,1,1,0,,2,OPERATIONAL
Ciel Knowledge,"Ashok Vihar, Delhi",110052,tutoring centers,4.6,196,0,1,1,0,,2,OPERATIONAL
Cuemath Offline Tuition Center | Adarsh Gupta,"Ashok Vihar, Delhi",110052,tutoring centers,4.8,10,0,1,1,0,,4,OPERATIONAL
Sapna dhamija classes,"Ashok Vihar, Delhi",110052,tutoring centers,5.0,40,0,0,0,0,,2,OPERATIONAL
"Ignition Career Institute | Vedantu Partner Institute, Ashok Vihar","Ashok Vihar, Delhi",110052,tutoring centers,5.0,23,0,1,1,0,,3,OPERATIONAL
Arithmetic Aptitudes Academy,"Ashok Vihar, Delhi",110052,tutoring centers,4.9,45,0,0,1,0,,3,OPERATIONAL
Aman Chauhan Sir Best Accountancy Economics Business studies Cuet Teacher in delhi,"Ashok Vihar, Delhi",110052,tutoring centers,5.0,511,0,1,1,0,,2,OPERATIONAL
Piccolo Early Learning Center - Ashok Vihar,"Ashok Vihar, Delhi",110052,tutoring centers,5.0,1,0,1,1,0,,3,OPERATIONAL
AS Living Stylez,"Ashok Vihar, Delhi",110052,furniture stores,4.8,13,0,0,0,0,,6,OPERATIONAL
AB Furnishing,"Ashok Vihar, Delhi",110052,furniture stores,4.9,15,0,1,1,0,,6,OPERATIONAL
D.K. FURNITURE,"Ashok Vihar, Delhi",110018,furniture stores,5.0,1,0,0,1,0,,3,OPERATIONAL
Panchkuian Furniture Market,"Ashok Vihar, Delhi",110001,furniture stores,4.0,1213,0,0,0,0,,10,OPERATIONAL
Magic Muble,"Ashok Vihar, Delhi",110052,furniture stores,4.3,27,0,1,1,0,,8,OPERATIONAL
Asia Furniture,"Ashok Vihar, Delhi",110052,furniture stores,3.1,24,0,0,1,0,,6,OPERATIONAL
"AP Beautiful Homes - Novelty Homes | Modular Kitchens, Home Furnishings, Paints, Wallcoverings & more","Ashok Vihar, Delhi",110052,furniture stores,4.9,732,0,1,1,0,,9,OPERATIONAL
M A S Furniture,"Ashok Vihar, Delhi",110096,furniture stores,4.3,4,0,1,1,0,,7,OPERATIONAL
The Furniture Park,"Ashok Vihar, Delhi",110015,furniture stores,4.1,490,0,1,1,0,,9,OPERATIONAL
"Arora Furniture - Best Second Hand, Best Refurbished Furniture Shop in Ashok Nagar","Ashok Vihar, Delhi",110018,furniture stores,3.9,11,0,0,1,0,,7,OPERATIONAL
Bunkar Handloom,"Ashok Vihar, Delhi",110052,furniture stores,4.5,34,0,0,1,0,,7,OPERATIONAL
GURU JI FURNITURE,"Ashok Vihar, Delhi",110018,furniture stores,2.4,27,0,0,1,0,,6,OPERATIONAL
Florence kitchens,"Ashok Vihar, Delhi",110052,furniture stores,4.8,58,0,1,1,0,,8,OPERATIONAL
Goldy Furniture,"Ashok Vihar, Delhi",110055,furniture stores,4.0,113,0,0,1,0,,10,OPERATIONAL
Mansion Kitchen by Arredox,"Ashok Vihar, Delhi",110052,furniture stores,4.4,29,0,0,1,0,,6,OPERATIONAL
"Home Centre|Furniture Store - Pacific Mall, New Delhi","Ashok Vihar, Delhi",110027,furniture stores,4.4,2995,0,1,1,0,,8,OPERATIONAL
"Sntexs Stainless Steel Modular Kitchen, Wardrobe & Vanity","Ashok Vihar, Delhi",110052,furniture stores,4.8,68,0,1,1,0,,6,OPERATIONAL
Kitchen Dreams,"Ashok Vihar, Delhi",110052,furniture stores,3.5,34,0,1,1,0,,9,OPERATIONAL
"Sleepwell Gallery - Ashok Vihar Phase 2, New Delhi","Ashok Vihar, Delhi",110052,furniture stores,4.5,32,0,1,1,0,,6,OPERATIONAL
Hotspot Mobile Store,"Ashok Vihar, Delhi",110052,mobile shops,5.0,1146,0,1,1,0,,4,OPERATIONAL
i-Hub Store,"Ashok Vihar, Delhi",110052,mobile shops,4.9,96,0,1,1,0,,4,OPERATIONAL
The Mobile Planet,"Ashok Vihar, Delhi",110096,mobile shops,4.8,2275,0,1,1,0,,4,OPERATIONAL
Digital Park,"Ashok Vihar, Delhi",110052,mobile shops,4.8,47,0,0,1,0,,4,OPERATIONAL
Samsung Experience Store Ashok Vihar,"Ashok Vihar, Delhi",110052,mobile shops,4.8,31,0,1,1,0,,6,OPERATIONAL
Gupta ji telecom,"Ashok Vihar, Delhi",110052,mobile shops,4.3,25,0,0,1,0,,4,OPERATIONAL
RS Communication Mobile Shop,"Ashok Vihar, Delhi",110052,mobile shops,4.2,14,0,0,1,0,,5,OPERATIONAL
AMIT MOBILE ACCESSORIES,"Ashok Vihar, Delhi",110052,mobile shops,4.8,15,0,1,1,0,,9,OPERATIONAL
New Digital Park,"Ashok Vihar, Delhi",110052,mobile shops,4.2,35,0,0,1,0,,4,OPERATIONAL
Better Home Mobile's & Electronic's SHOP,"Ashok Vihar, Delhi",110052,mobile shops,4.5,58,0,0,1,0,,4,OPERATIONAL
Blues Infotech(GP MOBILE),"Ashok Vihar, Delhi",110052,mobile shops,4.2,10,0,0,1,0,,4,OPERATIONAL
N S Telecom,"Ashok Vihar, Delhi",110009,mobile shops,4.9,1236,0,0,1,0,,7,OPERATIONAL
Pankaj Mobile Shop,"Ashok Vihar, Delhi",110052,mobile shops,4.5,2,0,0,0,0,,3,OPERATIONAL
MOBILE SKINS WORLD,"Ashok Vihar, Delhi",110052,mobile shops,4.7,33,0,0,1,0,,2,OPERATIONAL
Mobile repairing shop,"Ashok Vihar, Delhi",110052,mobile shops,5.0,4,0,0,1,0,,3,OPERATIONAL
Santa Electro,"Ashok Vihar, Delhi",110052,mobile shops,4.4,54,0,1,1,0,,2,OPERATIONAL
"K C jewellers - Jewellers in Ashok Vihar, Near By Jewellery Shop in Ashok Vihar Delhi","Ashok Vihar, Delhi",110052,jewellery shops,4.9,107,0,0,1,0,,6,OPERATIONAL
CASH MY GOLD Ashok vihar,"Ashok Vihar, Delhi",110052,jewellery shops,5.0,76,0,0,1,0,,4,OPERATIONAL
Nikhar Artificial Jewellery & Designer Bangles,"Ashok Vihar, Delhi",110052,jewellery shops,4.4,428,0,1,1,0,,4,OPERATIONAL
RAJASTHAN JEWELLERS,"Ashok Vihar, Delhi",110052,jewellery shops,4.8,11,0,0,1,0,,4,OPERATIONAL
Pooja Fashion Centre,"Ashok Vihar, Delhi",110052,jewellery shops,4.6,14,0,1,1,0,,6,OPERATIONAL
Diamond Jewellers,"Ashok Vihar, Delhi",110052,jewellery shops,4.2,12,0,1,1,0,,4,OPERATIONAL
Shingar Jewellers,"Ashok Vihar, Delhi",110052,jewellery shops,4.5,15,0,0,1,0,,4,OPERATIONAL
Shree veer jewellers,"Ashok Vihar, Delhi",110052,jewellery shops,5.0,8,0,0,1,0,,4,OPERATIONAL
Nitin jewellers,"Ashok Vihar, Delhi",110052,jewellery shops,5.0,1,0,0,1,0,,4,OPERATIONAL
LITMUS INDIA JEWELLERY,"Ashok Vihar, Delhi",110052,jewellery shops,5.0,1,0,1,1,0,,4,OPERATIONAL
Auraa Trends,"Ashok Vihar, Delhi",110052,jewellery shops,4.1,30,0,1,1,0,,5,OPERATIONAL
Sakshi Jewellers,"Ashok Vihar, Delhi",110007,jewellery shops,4.5,43,0,1,1,0,,4,OPERATIONAL
Womilys India,"Ashok Vihar, Delhi",110052,jewellery shops,4.5,116,0,1,1,0,,4,OPERATIONAL
Abhushan Palace Jewellers,"Ashok Vihar, Delhi",110088,jewellery shops,4.4,137,0,1,1,0,,4,OPERATIONAL
SONI JEWELLERS,"Ashok Vihar, Delhi",110033,jewellery shops,3.9,7,0,0,1,0,,4,OPERATIONAL
LAKSHMI NARAYAN JEWELLERS,"Ashok Vihar, Delhi",110052,jewellery shops,5.0,1,0,0,1,0,,4,OPERATIONAL
SRJ Gems and Jewels,"Ashok Vihar, Delhi",110052,jewellery shops,5.0,1,0,0,0,0,,4,OPERATIONAL
Ritika Jewellers,"Ashok Vihar, Delhi",110096,jewellery shops,5.0,126,0,0,1,0,,7,OPERATIONAL
Bhagya Lakshmi Hardware,"Ashok Vihar, Delhi",110052,hardware stores,4.8,46,0,1,1,0,,10,OPERATIONAL
Bhagwati Hardware & Sanitary Store,"Ashok Vihar, Delhi",110052,hardware stores,4.0,210,0,0,1,0,,5,OPERATIONAL
SGS Hardware,"Ashok Vihar, Delhi",110052,hardware stores,4.6,25,0,1,1,0,,5,OPERATIONAL
Padmavati hardware,"Ashok Vihar, Delhi",110052,hardware stores,4.5,8,0,1,0,0,,5,OPERATIONAL
Gupta Sanitary & Hardware,"Ashok Vihar, Delhi",110052,hardware stores,4.4,18,0,0,1,0,,9,OPERATIONAL
A - One Hardware & Sanitary Store,"Ashok Vihar, Delhi",110052,hardware stores,3.0,3,0,1,1,0,,6,OPERATIONAL
Bhasin Hardware & Cement House,"Ashok Vihar, Delhi",110052,hardware stores,3.9,19,0,1,1,0,,6,OPERATIONAL
Shalimar Hardware Store,"Ashok Vihar, Delhi",110088,hardware stores,4.0,124,0,0,1,0,,5,OPERATIONAL
Arora Hardware & Electric Store,"Ashok Vihar, Delhi",110033,hardware stores,4.3,7,0,0,0,0,,5,OPERATIONAL
New Chetak Hardware Store,"Ashok Vihar, Delhi",110052,hardware stores,4.3,19,0,0,1,0,,5,OPERATIONAL
Shivanik Enterprises,"Ashok Vihar, Delhi",110052,hardware stores,4.5,12,0,1,1,0,,5,OPERATIONAL
Oswal Sanitary Store,"Ashok Vihar, Delhi",110052,hardware stores,4.3,23,0,1,1,0,,6,OPERATIONAL
Advance Hardware & Mills Store,"Ashok Vihar, Delhi",110052,hardware stores,5.0,1,0,1,0,0,,5,OPERATIONAL
Deepak Hardware Sanitary Store,"Ashok Vihar, Delhi",110096,hardware stores,4.7,23,0,0,1,0,,5,OPERATIONAL
HARDWARE HOUSE BY Manoj Enterprise,"Ashok Vihar, Delhi",110052,hardware stores,4.7,3,0,1,1,0,,8,OPERATIONAL
Gopal Paints & Hardware Store,"Ashok Vihar, Delhi",110052,hardware stores,4.2,153,0,0,1,0,,5,OPERATIONAL
Amrit Hardware,"Ashok Vihar, Delhi",110052,hardware stores,5.0,1,0,0,1,0,,5,OPERATIONAL
Sahil Electricals,"Ashok Vihar, Delhi",110052,hardware stores,4.7,3,0,0,1,0,,6,OPERATIONAL
Maharaja Builders Store | Ozone Hardware Dealer,"Ashok Vihar, Delhi",110007,hardware stores,3.7,16,0,1,1,0,,5,OPERATIONAL
Hauz Khas SOCIAL,"Hauz Khas, Delhi",110016,restaurants,4.3,31496,1,1,1,1,3.0,12,OPERATIONAL
MIABELLA,"Hauz Khas, Delhi",110016,restaurants,4.0,3756,0,0,1,1,3.0,5,OPERATIONAL
The Potbelly – Hauz Khas,"Hauz Khas, Delhi",110016,restaurants,4.3,2968,0,0,1,1,2.0,7,OPERATIONAL
Lama Kitchen - Himalayan Cook House,"Hauz Khas, Delhi",110016,restaurants,4.5,2576,0,1,1,1,2.0,11,OPERATIONAL
Naivedyam,"Hauz Khas, Delhi",110016,restaurants,4.4,7199,0,1,1,1,2.0,7,OPERATIONAL
"Moonshine Cafe and Bar, Hauz Khas Village","Hauz Khas, Delhi",110016,restaurants,4.0,1329,0,0,1,0,,4,OPERATIONAL
Summer House Delhi,"Hauz Khas, Delhi",110016,restaurants,4.2,9309,1,1,1,1,3.0,14,OPERATIONAL
Coast Café,"Hauz Khas, Delhi",110016,restaurants,4.3,1749,0,0,1,1,2.0,12,OPERATIONAL
Cafe Pink Hauz Khas Village,"Hauz Khas, Delhi",110016,restaurants,4.6,1334,0,0,1,0,,5,OPERATIONAL
Epic Restro Bar,"Hauz Khas, Delhi",110016,restaurants,4.7,3526,0,1,1,0,,5,OPERATIONAL
The Record Room -Best Bar | Best Party Place | Best Pub | Hauz Khas South Delhi,"Hauz Khas, Delhi",110016,restaurants,4.3,1922,0,0,1,0,,11,OPERATIONAL
Fork You,"Hauz Khas, Delhi",110016,restaurants,3.9,1112,0,0,1,1,3.0,10,OPERATIONAL
Fort City Brewing,"Hauz Khas, Delhi",110016,restaurants,4.6,770,0,1,1,0,,7,OPERATIONAL
Casa Pasta Bar,"Hauz Khas, Delhi",110016,restaurants,4.6,314,0,1,1,0,,5,OPERATIONAL
Cafe Tesu,"Hauz Khas, Delhi",110016,restaurants,4.4,5370,0,0,1,1,3.0,12,OPERATIONAL
The Tea Room from Blossom Kochhar,"Hauz Khas, Delhi",110016,restaurants,4.2,1228,0,0,1,1,2.0,10,OPERATIONAL
Lakeview bistro,"Hauz Khas, Delhi",110016,restaurants,4.8,917,0,0,1,0,,4,OPERATIONAL
Hauz khas official,"Hauz Khas, Delhi",110016,restaurants,4.1,764,0,0,1,0,,11,OPERATIONAL
Cosy Restaurant,"Hauz Khas, Delhi",110016,restaurants,4.0,1355,0,0,1,1,2.0,4,OPERATIONAL
Sonido by Maquina,"Hauz Khas, Delhi",110016,restaurants,4.3,606,0,0,1,0,,5,OPERATIONAL
DownTown Village - Delhi,"Hauz Khas, Delhi",110016,cafes,4.7,3473,0,1,1,0,,6,OPERATIONAL
"ShellBeacon Cafe, Bar & Kitchen","Hauz Khas, Delhi",110016,cafes,4.7,736,0,1,0,0,,14,OPERATIONAL
Gypsy Café,"Hauz Khas, Delhi",110016,cafes,4.3,825,0,0,1,1,2.0,17,OPERATIONAL
Cafe Sandoz - SDA Market,"Hauz Khas, Delhi",110016,cafes,4.2,1172,0,1,1,0,,5,OPERATIONAL
Third Wave Coffee,"Hauz Khas, Delhi",110016,cafes,4.8,638,0,1,1,1,2.0,8,OPERATIONAL
Kunzum - Hauz Khas Village,"Hauz Khas, Delhi",110016,cafes,4.3,1188,0,1,1,1,1.0,4,OPERATIONAL
Fika Coffee Co. Delhi,"Hauz Khas, Delhi",110016,cafes,4.4,557,0,1,1,0,,4,OPERATIONAL
Sardar Saab Cafe | Hauz Khaz,"Hauz Khas, Delhi",110016,cafes,4.5,1210,0,0,1,1,2.0,4,OPERATIONAL
"Tan Coffee | Hauz Khas, Delhi","Hauz Khas, Delhi",110016,cafes,4.4,380,0,1,1,0,,7,OPERATIONAL
Rustique - Cafe & Bar,"Hauz Khas, Delhi",110016,cafes,4.2,2189,0,1,1,1,3.0,5,OPERATIONAL
"Looks Salon, Hauz Khas","Hauz Khas, Delhi",110016,salons,4.7,1095,0,1,1,0,,5,OPERATIONAL
"Geetanjali Salon - Hauz Khas Market, New Delhi","Hauz Khas, Delhi",110016,salons,4.4,312,0,1,1,0,,10,OPERATIONAL
Applause Unisex Salon,"Hauz Khas, Delhi",110016,salons,4.1,190,0,0,1,0,,7,OPERATIONAL
Blossom Kochhar Shop & Spalon,"Hauz Khas, Delhi",110016,salons,4.6,277,0,1,1,0,,15,OPERATIONAL
NKD Unisex Salon,"Hauz Khas, Delhi",110016,salons,4.8,60,0,0,1,0,,4,OPERATIONAL
The Glamourra Unisex Salon,"Hauz Khas, Delhi",110029,salons,4.7,871,0,1,1,0,,8,OPERATIONAL
Naeé beauty & grooming salon,"Hauz Khas, Delhi",110016,salons,4.3,82,0,0,1,0,,10,OPERATIONAL
Geetanjali Salon,"Hauz Khas, Delhi",110016,salons,3.7,896,0,1,1,0,,10,OPERATIONAL
Bon Temps Salon,"Hauz Khas, Delhi",110016,salons,4.8,579,0,1,1,0,,8,OPERATIONAL
Affinity Salon,"Hauz Khas, Delhi",110016,salons,4.6,719,0,1,1,0,,6,OPERATIONAL
Essence Salon,"Hauz Khas, Delhi",110016,salons,3.9,72,0,0,1,0,,4,OPERATIONAL
Emporio Salon,"Hauz Khas, Delhi",110016,salons,4.7,494,0,1,1,0,,9,OPERATIONAL
Makeover unisex salon,"Hauz Khas, Delhi",110029,salons,4.9,506,0,0,1,0,,4,OPERATIONAL
SUNNYHAIRPORT,"Hauz Khas, Delhi",110017,salons,4.7,2049,0,1,1,0,,6,OPERATIONAL
Geetanjali Academy,"Hauz Khas, Delhi",110016,salons,4.8,157,0,1,1,0,,3,OPERATIONAL
Klyora Salon,"Hauz Khas, Delhi",110017,salons,4.8,56,0,1,1,0,,13,OPERATIONAL
Srijana Makeoverss salon,"Hauz Khas, Delhi",110016,salons,4.6,221,0,1,1,0,,10,OPERATIONAL
"Euphoria Spa - Best Spa in Delhi, South Delhi,SDA Market,Green Park, HauzKhas","Hauz Khas, Delhi",110016,salons,4.8,577,0,1,1,0,,7,OPERATIONAL
UNILUXE SALON,"Hauz Khas, Delhi",110016,salons,4.5,107,0,0,1,0,,7,OPERATIONAL
"Rainbow Spa - Luxury Spa Hauz Khas, Green Park","Hauz Khas, Delhi",110016,salons,4.9,374,0,1,1,0,,7,OPERATIONAL
Anatomy Lifestyle Fitness,"Hauz Khas, Delhi",110016,gyms,4.5,471,0,1,1,0,,9,OPERATIONAL
"Strong Core Gym | Best Gym in Hauz Khas, Green Park, Delhi","Hauz Khas, Delhi",110016,gyms,4.6,310,0,1,1,0,,8,OPERATIONAL
Boxx Era Fitness Studio,"Hauz Khas, Delhi",110016,gyms,4.9,160,0,0,1,0,,10,OPERATIONAL
SK-27 GYM HAUZ KHAS VILLAGE,"Hauz Khas, Delhi",110016,gyms,4.3,109,0,0,1,0,,5,OPERATIONAL
Component Fitness - The Most Premium Gym in Malviya nagar,"Hauz Khas, Delhi",110017,gyms,4.8,1350,0,1,1,0,,15,OPERATIONAL
"Cult Gym Green Park | Best Gym in Green Park, Delhi","Hauz Khas, Delhi",110016,gyms,4.4,454,0,1,1,0,,13,OPERATIONAL
Fibre Fitness Factory,"Hauz Khas, Delhi",110016,gyms,4.2,113,0,0,1,0,,5,OPERATIONAL
Dronacharya The Gym,"Hauz Khas, Delhi",110016,gyms,4.8,151,0,1,1,0,,5,OPERATIONAL
Ninja X Hauz Khas,"Hauz Khas, Delhi",110016,gyms,4.8,64,0,1,1,0,,6,OPERATIONAL
The Gladiator Gym,"Hauz Khas, Delhi",110016,gyms,4.5,205,0,0,1,0,,5,OPERATIONAL
14 Fitness Gym,"Hauz Khas, Delhi",110016,gyms,5.0,14,0,0,1,0,,5,OPERATIONAL
"GOLD’S GYM AUROBINDO MARG, ADCHINI","Hauz Khas, Delhi",110017,gyms,4.3,487,0,1,1,0,,12,OPERATIONAL
"Battle Fit Gym - Available on Cult.fit | Best gym in Sarvodaya Enclave, Delhi","Hauz Khas, Delhi",110017,gyms,4.6,113,0,1,1,0,,9,OPERATIONAL
Anytime Fitness,"Hauz Khas, Delhi",110016,gyms,4.2,452,0,1,1,0,,6,OPERATIONAL
Eden Fitness Gym,"Hauz Khas, Delhi",110067,gyms,4.9,644,0,0,1,0,,5,OPERATIONAL
Eager Fitness,"Hauz Khas, Delhi",110049,gyms,5.0,109,0,0,1,0,,6,OPERATIONAL
FitFactory gym,"Hauz Khas, Delhi",110016,gyms,4.9,88,0,1,1,0,,6,OPERATIONAL
Power House Health Club,"Hauz Khas, Delhi",110016,gyms,4.7,29,0,1,1,0,,3,OPERATIONAL
Personal Trainer,"Hauz Khas, Delhi",110016,gyms,5.0,25,0,0,0,0,,5,OPERATIONAL
UFS GYM,"Hauz Khas, Delhi",110017,gyms,4.6,163,0,0,1,0,,5,OPERATIONAL
SHEIN STYLE STORE,"Hauz Khas, Delhi",110016,clothing stores,4.9,6406,0,0,1,0,,4,OPERATIONAL
Shop with love,"Hauz Khas, Delhi",110016,clothing stores,3.9,156,0,0,1,0,,4,OPERATIONAL
Hell & Heaven Style,"Hauz Khas, Delhi",110016,clothing stores,4.9,286,0,0,0,0,,4,OPERATIONAL
Shop in SHOPEE,"Hauz Khas, Delhi",110016,clothing stores,4.8,309,0,1,1,0,,4,OPERATIONAL
"Ogaan - Hauz Khas Village, New Delhi","Hauz Khas, Delhi",110016,clothing stores,4.1,186,0,1,1,0,,4,OPERATIONAL
Street Style Store Outlet,"Hauz Khas, Delhi",110016,clothing stores,3.9,303,0,1,1,0,,6,OPERATIONAL
Huckleberry Hangers : Boots & Shoes,"Hauz Khas, Delhi",110016,clothing stores,4.8,179,0,1,0,0,,4,OPERATIONAL
Bonkerz Donkerz,"Hauz Khas, Delhi",110016,clothing stores,4.9,563,0,0,1,0,,4,OPERATIONAL
Cotton Candy,"Hauz Khas, Delhi",110016,clothing stores,4.5,46,0,1,1,0,,4,OPERATIONAL
Vardhman Creations,"Hauz Khas, Delhi",110016,clothing stores,4.3,260,0,0,1,0,,4,OPERATIONAL
Revival A clothing Store,"Hauz Khas, Delhi",110016,clothing stores,4.9,92,0,1,1,0,,4,OPERATIONAL
Jujuture The Marwaris,"Hauz Khas, Delhi",110016,clothing stores,4.5,29,0,1,1,0,,4,OPERATIONAL
Nasty Small Room,"Hauz Khas, Delhi",110016,clothing stores,5.0,10,0,0,1,0,,5,OPERATIONAL
tatsat- a socially conscious store,"Hauz Khas, Delhi",110016,clothing stores,4.8,160,0,1,1,0,,7,OPERATIONAL
Fashion Street,"Hauz Khas, Delhi",110016,clothing stores,3.9,18,0,0,1,0,,4,OPERATIONAL
STREET LAB.,"Hauz Khas, Delhi",110016,clothing stores,4.4,19,0,0,1,0,,4,OPERATIONAL
Amaltas Couture,"Hauz Khas, Delhi",110016,clothing stores,4.9,78,0,1,1,0,,4,OPERATIONAL
LACQUER EMBASSY,"Hauz Khas, Delhi",110016,clothing stores,4.7,188,0,1,1,0,,6,OPERATIONAL
Meet Ahuja Clothing,"Hauz Khas, Delhi",110016,clothing stores,4.4,33,0,0,1,0,,4,OPERATIONAL
Kawai fuku,"Hauz Khas, Delhi",110016,clothing stores,4.6,8,0,0,0,0,,4,OPERATIONAL
Narang marche,"Hauz Khas, Delhi",110016,grocery stores,4.3,189,0,0,1,0,,6,OPERATIONAL
Modern Bazaar,"Hauz Khas, Delhi",110016,grocery stores,4.1,479,0,1,1,0,,6,OPERATIONAL
Aurobindo Market,"Hauz Khas, Delhi",110016,grocery stores,4.2,591,0,1,0,0,,3,OPERATIONAL
Safdarjung Development Area market,"Hauz Khas, Delhi",110016,grocery stores,4.3,18290,1,0,0,0,,11,OPERATIONAL
e Block Market Hauzkhas,"Hauz Khas, Delhi",110016,grocery stores,4.1,175,0,0,1,0,,3,OPERATIONAL
C-15 Commercial Centre,"Hauz Khas, Delhi",110016,grocery stores,4.0,3913,0,0,0,0,,9,OPERATIONAL
Gourmet Store. SHRI NARANG STORE,"Hauz Khas, Delhi",110016,grocery stores,4.4,14,0,1,1,0,,6,OPERATIONAL
Hauz khas market-Open to Sky Mall,"Hauz Khas, Delhi",110016,grocery stores,4.1,34,0,0,1,0,,4,OPERATIONAL
Garg Store,"Hauz Khas, Delhi",110016,grocery stores,4.2,392,0,0,1,0,,7,OPERATIONAL
Shri Morning Palace - Perfume & Toiletries In Hauz Khas Delhi,"Hauz Khas, Delhi",110016,grocery stores,4.1,74,0,0,1,0,,7,OPERATIONAL
Fresh Produce Shoppe | fresh fruits online | fresh vegetables online | Aurobindo market hauz khas,"Hauz Khas, Delhi",110016,grocery stores,4.7,124,0,1,1,0,,7,OPERATIONAL
Discount Store Shivam,"Hauz Khas, Delhi",110049,grocery stores,3.9,999,0,0,1,0,,8,OPERATIONAL
Kant Store,"Hauz Khas, Delhi",110016,grocery stores,4.2,89,0,0,1,0,,6,OPERATIONAL
Batra General Store,"Hauz Khas, Delhi",110016,grocery stores,3.9,115,0,0,1,0,,6,OPERATIONAL
Laxmi Store,"Hauz Khas, Delhi",110016,grocery stores,4.2,12,0,0,0,0,,6,OPERATIONAL
Kuber Shoppe,"Hauz Khas, Delhi",110016,grocery stores,4.0,3,0,0,0,0,,6,OPERATIONAL
Mittal store,"Hauz Khas, Delhi",110029,grocery stores,4.1,415,0,1,0,0,,6,OPERATIONAL
Health And Glow Wellness,"Hauz Khas, Delhi",110016,grocery stores,4.3,15,0,0,0,0,,6,OPERATIONAL
VIJAY SALES - HAUZ KHAS,"Hauz Khas, Delhi",110016,electronics shops,4.7,3701,0,1,1,0,,5,OPERATIONAL
Electronic Paradise - Yusuf Sarai,"Hauz Khas, Delhi",110016,electronics shops,4.8,321,0,1,1,0,,4,OPERATIONAL
Appliances India,"Hauz Khas, Delhi",110016,electronics shops,4.1,78,0,0,1,0,,5,OPERATIONAL
"Sony, Samsung, Lg Television store","Hauz Khas, Delhi",110016,electronics shops,5.0,2,0,0,1,0,,4,OPERATIONAL
Pankaj Electronics,"Hauz Khas, Delhi",110017,electronics shops,2.7,62,0,0,1,0,,4,OPERATIONAL
AEROLINE DYSON STORE,"Hauz Khas, Delhi",110016,electronics shops,4.4,57,0,0,1,0,,5,OPERATIONAL
Croma - Select City Walk,"Hauz Khas, Delhi",110017,electronics shops,4.4,4760,0,1,1,0,,4,OPERATIONAL
Panasonic Exclusive Store Neeru Electronics,"Hauz Khas, Delhi",110017,electronics shops,4.1,247,0,1,1,0,,5,OPERATIONAL
Gupta CellNet,"Hauz Khas, Delhi",110016,electronics shops,4.2,675,0,0,1,0,,5,OPERATIONAL
Jain Brothers,"Hauz Khas, Delhi",110016,electronics shops,4.4,52,0,1,1,0,,7,OPERATIONAL
Shivam Electricals,"Hauz Khas, Delhi",110016,electronics shops,4.3,7,0,0,0,0,,3,OPERATIONAL
AK ELECTRONICS MART,"Hauz Khas, Delhi",110017,electronics shops,5.0,274,0,1,1,0,,7,OPERATIONAL
VIJAY SALES - SAKET,"Hauz Khas, Delhi",110017,electronics shops,4.7,8619,0,1,1,0,,5,OPERATIONAL
NIRANKARI CROCKERY & APPLIANCES,"Hauz Khas, Delhi",110016,electronics shops,4.7,102,0,0,1,0,,10,OPERATIONAL
Miniso Hauz Khas Village,"Hauz Khas, Delhi",110016,electronics shops,4.9,2518,0,0,1,0,,5,OPERATIONAL
"Aeroline Electronics Bose, Marshall, JBL, Sonos, Harman Kardon Speaker and SoundBar Store(Aeroline electronics)","Hauz Khas, Delhi",110016,electronics shops,5.0,9,0,0,1,0,,4,OPERATIONAL
Croma - Malviya Nagar,"Hauz Khas, Delhi",110017,electronics shops,4.7,1742,0,1,1,0,,5,OPERATIONAL
TechieXperts,"Hauz Khas, Delhi",110016,electronics shops,5.0,183,0,1,1,0,,6,OPERATIONAL
Croma - Ambience Mall (Vasantkunj),"Hauz Khas, Delhi",110070,electronics shops,4.7,5354,0,1,1,0,,5,OPERATIONAL
Panasonic Exclusive Store Aarush Enterprises,"Hauz Khas, Delhi",110016,electronics shops,5.0,1572,0,1,1,0,,4,OPERATIONAL
Leekha's Clinic,"Hauz Khas, Delhi",110016,clinics,4.2,53,0,0,1,0,,4,OPERATIONAL
Capital Health & Diagnostic Clinic,"Hauz Khas, Delhi",110016,clinics,4.4,1335,0,1,1,0,,5,OPERATIONAL
Marya Clinic,"Hauz Khas, Delhi",110016,clinics,4.3,43,0,1,1,0,,9,OPERATIONAL
"Dr. Khanna’s Pathcare(CGHS,NDMC,NTPC,DJB,BHEL,SAIL)","Hauz Khas, Delhi",110016,clinics,4.9,2675,0,1,1,0,,6,OPERATIONAL
Sunshine Mediclinic,"Hauz Khas, Delhi",110016,clinics,4.9,82,0,1,1,0,,6,OPERATIONAL
Dr Puja Sharma,"Hauz Khas, Delhi",110016,clinics,4.9,550,0,1,1,0,,6,OPERATIONAL
Mahajan Imaging & Labs - SDA,"Hauz Khas, Delhi",110016,clinics,4.7,4827,0,1,0,0,,4,OPERATIONAL
Health square,"Hauz Khas, Delhi",110016,clinics,3.7,941,0,0,1,0,,5,OPERATIONAL
"Dr. Abhishek Kumar Mishra | Best Orthopedic Doctor for Joint Replacement, Spine & Sports Injury in Hauz Khas south Delhi","Hauz Khas, Delhi",110016,clinics,4.9,496,0,1,1,0,,4,OPERATIONAL
"Mahajan Skin Clinic – Best Dermatologist in Hauz Khas, Delhi","Hauz Khas, Delhi",110016,clinics,4.9,58,0,1,1,0,,9,OPERATIONAL
"Dr. Biren Nadkarni - Best Knee, Hip & Joint replacement Surgeon in Delhi","Hauz Khas, Delhi",110016,clinics,4.9,134,0,1,1,0,,5,OPERATIONAL
Dr. Geetika Srivastava,"Hauz Khas, Delhi",110016,clinics,4.7,495,0,1,1,0,,10,OPERATIONAL
Dr Lal Pathlabs - Patient Service & Radiology Centre,"Hauz Khas, Delhi",110016,clinics,4.9,4659,0,1,1,0,,3,OPERATIONAL
Dr. Dangs Lab,"Hauz Khas, Delhi",110016,clinics,4.9,2365,0,1,1,0,,5,OPERATIONAL
Iksana wellness,"Hauz Khas, Delhi",110016,clinics,4.8,402,0,1,1,0,,12,OPERATIONAL
Spandan Diagnostic Centre Pvt Ltd Hauz khas,"Hauz Khas, Delhi",110016,clinics,3.7,356,0,1,1,0,,4,OPERATIONAL
Dr. R.K. Luthria,"Hauz Khas, Delhi",110016,clinics,4.6,116,0,0,0,0,,4,OPERATIONAL
DermEra by Dr. Anukriti,"Hauz Khas, Delhi",110016,clinics,5.0,102,0,0,1,0,,8,OPERATIONAL
Green Park Family Medicine Clinic,"Hauz Khas, Delhi",110016,clinics,4.6,87,0,1,1,0,,10,OPERATIONAL
Dr. Meghna Gupta,"Hauz Khas, Delhi",110016,clinics,4.8,148,0,1,1,0,,4,OPERATIONAL
Pink Box - 100% Eggless Cakery & Dessert Bar | Bakery and Cake Shop for Birthday Cake,"Hauz Khas, Delhi",110016,bakeries,4.3,252,0,1,1,0,,14,OPERATIONAL
"Theobroma Bakery and Cake Shop - SDA, New Delhi","Hauz Khas, Delhi",110016,bakeries,4.4,823,0,1,1,1,2.0,12,OPERATIONAL
French Bite Pâtisserie - Aurobindo Market,"Hauz Khas, Delhi",110016,bakeries,4.8,52,0,1,1,0,,6,OPERATIONAL
NIK BAKER'S,"Hauz Khas, Delhi",110016,bakeries,4.3,1223,0,1,1,1,3.0,6,OPERATIONAL
"Honey & Dough – Malviya Nagar, Delhi","Hauz Khas, Delhi",110017,bakeries,4.4,958,0,1,1,1,2.0,10,OPERATIONAL
Bangla Pastry Shop,"Hauz Khas, Delhi",110016,bakeries,3.9,15,0,0,0,0,,6,OPERATIONAL
Bloom Cafe & Cakery,"Hauz Khas, Delhi",110016,bakeries,4.6,88,0,1,1,0,,4,OPERATIONAL
The Cake Venue,"Hauz Khas, Delhi",110016,bakeries,4.9,197,0,1,1,0,,6,OPERATIONAL
Bakingo,"Hauz Khas, Delhi",110049,bakeries,4.5,1535,0,1,1,1,2.0,9,OPERATIONAL
Roop Sagar Bakery,"Hauz Khas, Delhi",110016,bakeries,4.2,92,0,0,1,1,1.0,8,OPERATIONAL
Whisk A Wish,"Hauz Khas, Delhi",110017,bakeries,4.8,317,0,1,1,1,2.0,9,OPERATIONAL
The Cakecity Patisserie,"Hauz Khas, Delhi",110016,bakeries,3.9,86,0,1,1,0,,11,OPERATIONAL
Cakes by Delicious Factory - Bakery in Malviya Nagar,"Hauz Khas, Delhi",110017,bakeries,4.7,261,0,1,0,0,,9,OPERATIONAL
The Chocolate Avenue,"Hauz Khas, Delhi",110029,bakeries,4.8,67,0,1,1,0,,15,OPERATIONAL
L'Opéra Green Park,"Hauz Khas, Delhi",110016,bakeries,4.3,376,0,1,1,1,3.0,12,OPERATIONAL
Miam Pâtisserie,"Hauz Khas, Delhi",110030,bakeries,4.3,284,0,1,1,0,,9,OPERATIONAL
Sugarama Patisserie,"Hauz Khas, Delhi",110049,bakeries,4.2,210,0,1,1,0,,12,OPERATIONAL
Apollo Pharmacy Hauz Khas,"Hauz Khas, Delhi",110016,pharmacies,4.9,351,0,1,1,0,,5,OPERATIONAL
msp pharmacy,"Hauz Khas, Delhi",110016,pharmacies,3.5,22,0,0,1,0,,5,OPERATIONAL
skmedicos pvt ltd,"Hauz Khas, Delhi",110016,pharmacies,4.6,82,0,0,1,0,,6,OPERATIONAL
Vandana Pharmacy,"Hauz Khas, Delhi",110016,pharmacies,4.4,20,0,1,1,0,,5,OPERATIONAL
Apollo Pharmacy Iit Hospital Campus,"Hauz Khas, Delhi",110016,pharmacies,3.6,55,0,1,0,0,,8,OPERATIONAL
SALASAR PHARMACY,"Hauz Khas, Delhi",110016,pharmacies,5.0,8,0,0,1,0,,5,OPERATIONAL
Fortis Healthworld,"Hauz Khas, Delhi",110017,pharmacies,2.9,13,0,0,1,0,,6,OPERATIONAL
Gupta Medical Store,"Hauz Khas, Delhi",110016,pharmacies,3.8,13,0,0,1,0,,5,OPERATIONAL
Fairdeal's,"Hauz Khas, Delhi",110016,pharmacies,4.6,7,0,0,1,0,,5,OPERATIONAL
Radhey Shyam Chemist & Cosmetics,"Hauz Khas, Delhi",110016,pharmacies,4.4,92,0,1,1,0,,6,OPERATIONAL
ZEELAB Pharmacy - Green Park,"Hauz Khas, Delhi",110016,pharmacies,4.9,419,0,1,1,0,,5,OPERATIONAL
DELHI MEDICOS,"Hauz Khas, Delhi",110016,pharmacies,4.7,111,0,0,1,0,,6,OPERATIONAL
Apollo Pharmacy Aurobindo Place,"Hauz Khas, Delhi",110016,pharmacies,4.9,13,0,1,1,0,,5,OPERATIONAL
New Friends Company Chemist,"Hauz Khas, Delhi",110016,pharmacies,5.0,5,0,0,0,0,,5,OPERATIONAL
Narang Bros.,"Hauz Khas, Delhi",110017,pharmacies,4.2,106,0,0,1,0,,9,OPERATIONAL
GNC India Green Park,"Hauz Khas, Delhi",110016,pharmacies,3.2,66,0,1,1,0,,7,OPERATIONAL
Apollo Pharmacy Green Park New Delhi,"Hauz Khas, Delhi",110016,pharmacies,3.7,42,0,1,1,0,,8,OPERATIONAL
The Helpline Pharmacy,"Hauz Khas, Delhi",110017,pharmacies,5.0,19,0,0,1,0,,5,OPERATIONAL
Royal pharmacy,"Hauz Khas, Delhi",110049,pharmacies,4.7,58,0,1,1,0,,5,OPERATIONAL
Anil Medicos,"Hauz Khas, Delhi",110016,pharmacies,4.0,8,0,0,1,0,,6,OPERATIONAL
"Chemistry Home Tuition, Tutor","Hauz Khas, Delhi",110016,tutoring centers,5.0,182,0,1,1,0,,6,OPERATIONAL
Simrit Gyan Home Tutors,"Hauz Khas, Delhi",110016,tutoring centers,5.0,13,0,1,1,0,,2,OPERATIONAL
Law Prep Tutorial Hauz Khas: CLAT Coaching in Delhi,"Hauz Khas, Delhi",110016,tutoring centers,4.9,207,0,1,1,0,,6,OPERATIONAL
Sanskar Tuition Centre,"Hauz Khas, Delhi",110016,tutoring centers,5.0,3,0,0,1,0,,3,OPERATIONAL
Achiever's Point,"Hauz Khas, Delhi",110016,tutoring centers,4.7,672,0,1,1,0,,5,OPERATIONAL
Vidya Private Tutors,"Hauz Khas, Delhi",110016,tutoring centers,5.0,2,0,1,0,0,,3,OPERATIONAL
"Physics Wallah Vidyapeeth Information Center Delhi - Kalusarai | IIT JEE, NEET & Foundation","Hauz Khas, Delhi",110016,tutoring centers,4.4,1007,0,1,1,0,,5,OPERATIONAL
Excellent Home & Online Tutors,"Hauz Khas, Delhi",110016,tutoring centers,5.0,1,0,1,0,0,,2,OPERATIONAL
Anand Institute of Mathematics,"Hauz Khas, Delhi",110016,tutoring centers,4.6,186,0,1,1,0,,2,OPERATIONAL
T.I.M.E. Pvt Ltd,"Hauz Khas, Delhi",110016,tutoring centers,4.6,438,0,1,1,0,,5,OPERATIONAL
MATHEMATICS CLASSES BY RAJIV JAISWAL SIR/ RRB CLASSES,"Hauz Khas, Delhi",110016,tutoring centers,5.0,22,0,1,1,0,,2,OPERATIONAL
"PAHAL DESIGN - NID, NIFT, NATA, UCEED, CEED, BFA, JEE Paper 2 Coaching Classes in India","Hauz Khas, Delhi",110016,tutoring centers,4.8,336,0,1,1,0,,5,OPERATIONAL
Knowledge Nation Law Centre - Best coaching for CLAT | DU LLB in delhi - CLAT coaching In Delhi | Best Online CLAT coaching,"Hauz Khas, Delhi",110016,tutoring centers,4.7,454,0,1,1,0,,4,OPERATIONAL
"Key Campus | CLAT, CUET Coaching Institute South Delhi | Kalu Sarai","Hauz Khas, Delhi",110016,tutoring centers,4.5,181,0,1,1,0,,3,OPERATIONAL
Oaase Learning Studio,"Hauz Khas, Delhi",110017,tutoring centers,4.9,63,0,1,1,0,,2,OPERATIONAL
Wisdom Mart,"Hauz Khas, Delhi",110016,tutoring centers,4.5,307,0,1,1,0,,5,OPERATIONAL
Max Mueller Institute,"Hauz Khas, Delhi",110016,tutoring centers,4.9,649,0,1,1,0,,4,OPERATIONAL
Crackerssuper15 classes,"Hauz Khas, Delhi",110016,tutoring centers,5.0,35,0,1,1,0,,3,OPERATIONAL
"Jamboree Education - Hauz Khas, Adhchini Centre, Delhi","Hauz Khas, Delhi",110016,tutoring centers,4.8,459,0,1,1,0,,5,OPERATIONAL
Country Collection India | Home Decor Shop in Delhi,"Hauz Khas, Delhi",110016,furniture stores,4.6,69,0,1,1,0,,7,OPERATIONAL
The Source India,"Hauz Khas, Delhi",110016,furniture stores,4.8,39,0,1,0,0,,6,OPERATIONAL
A Good Life,"Hauz Khas, Delhi",110016,furniture stores,4.9,15,0,1,0,0,,7,OPERATIONAL
Munirka Furniture Market,"Hauz Khas, Delhi",110067,furniture stores,3.8,3825,0,0,0,0,,3,OPERATIONAL
Furniturewalla FW,"Hauz Khas, Delhi",110030,furniture stores,4.2,342,0,1,1,0,,6,OPERATIONAL
Juyal Furniture and Decors | Best Furniture and Mattresses shop,"Hauz Khas, Delhi",110067,furniture stores,4.8,106,0,0,1,0,,6,OPERATIONAL
Avian - Imported Luxury Furniture Store in Delhi,"Hauz Khas, Delhi",110030,furniture stores,4.1,103,0,1,1,0,,7,OPERATIONAL
IDUS Furniture Store,"Hauz Khas, Delhi",110015,furniture stores,4.4,761,0,1,1,0,,6,OPERATIONAL
Sogno Designs,"Hauz Khas, Delhi",110016,furniture stores,5.0,65,0,0,0,0,,6,OPERATIONAL
Windermere Best Luxury Furniture Store,"Hauz Khas, Delhi",110016,furniture stores,4.4,27,0,1,1,0,,8,OPERATIONAL
M M FOAM MATTRESS - R K FABRICS,"Hauz Khas, Delhi",110016,furniture stores,5.0,591,0,1,1,0,,6,OPERATIONAL
Pari Sofa and Chair Repair,"Hauz Khas, Delhi",110016,furniture stores,5.0,29,0,0,1,0,,9,OPERATIONAL
"Chumbak - Home, Gifts & Accessories","Hauz Khas, Delhi",110016,furniture stores,4.3,115,0,1,1,0,,4,OPERATIONAL
Kirti Nagar furniture market,"Hauz Khas, Delhi",110015,furniture stores,4.2,460,0,0,0,0,,6,OPERATIONAL
Royal Mobiles(house of mobile phones),"Hauz Khas, Delhi",110017,mobile shops,4.5,814,0,0,1,0,,6,OPERATIONAL
"Cashify Mobile Phone Shop | Kiosk in Hauz Khas Metro Station, New Delhi","Hauz Khas, Delhi",110016,mobile shops,4.7,593,0,1,1,0,,6,OPERATIONAL
Soveena Mobile Zone,"Hauz Khas, Delhi",110016,mobile shops,4.5,158,0,0,1,0,,5,OPERATIONAL
Airwave Communication,"Hauz Khas, Delhi",110016,mobile shops,4.1,168,0,1,1,0,,3,OPERATIONAL
Hotspot Mobile Store,"Hauz Khas, Delhi",110017,mobile shops,5.0,1980,0,1,1,0,,4,OPERATIONAL
Friend's Mobile Shop,"Hauz Khas, Delhi",110016,mobile shops,4.7,127,0,0,1,0,,3,OPERATIONAL
Ankit Communication,"Hauz Khas, Delhi",110019,mobile shops,4.6,993,0,1,1,0,,5,OPERATIONAL
Mobile Gallery,"Hauz Khas, Delhi",110003,mobile shops,4.5,103,0,0,1,0,,4,OPERATIONAL
Jai Sachidanand Mobile Store,"Hauz Khas, Delhi",110059,mobile shops,4.5,2290,0,0,1,0,,4,OPERATIONAL
The Gadget Next - BEST MOBILE SHOP LAXMI NAGAR,"Hauz Khas, Delhi",110092,mobile shops,4.9,182,0,0,1,0,,4,OPERATIONAL
Smart Buyer,"Hauz Khas, Delhi",110034,mobile shops,4.9,431,0,0,1,0,,4,OPERATIONAL
"Cashify Mobile Phone Store | Buy, Sell & Repair in Malviya Nagar","Hauz Khas, Delhi",110017,mobile shops,4.6,1214,0,1,1,0,,6,OPERATIONAL
Mobile House- Best Mobile Shop in Noida Sector 18,"Hauz Khas, Delhi",,mobile shops,4.8,354,0,1,1,0,,4,OPERATIONAL
Vikas Mobile,"Hauz Khas, Delhi",110016,mobile shops,3.2,127,0,0,1,0,,3,OPERATIONAL
Devender Electrical Works & Communication,"Hauz Khas, Delhi",110016,mobile shops,4.7,13,0,0,1,0,,5,OPERATIONAL
Hotspot Mobile Store,"Hauz Khas, Delhi",110053,mobile shops,5.0,2786,0,1,1,0,,4,OPERATIONAL
Phonex Gadget Guru,"Hauz Khas, Delhi",110059,mobile shops,4.8,79,0,0,0,0,,4,OPERATIONAL
Pyare Lal & Sons Jewellers,"Hauz Khas, Delhi",110016,jewellery shops,4.2,84,0,0,1,0,,4,OPERATIONAL
Swastik Ar Jewels,"Hauz Khas, Delhi",110016,jewellery shops,4.9,30,0,0,1,0,,4,OPERATIONAL
Runes Accessories,"Hauz Khas, Delhi",110016,jewellery shops,4.8,50,0,1,1,0,,4,OPERATIONAL
Reasons Semi Precious Jewellery,"Hauz Khas, Delhi",110016,jewellery shops,4.9,72,0,1,1,0,,6,OPERATIONAL
Yashpal Kothari Fine Jewellery,"Hauz Khas, Delhi",110016,jewellery shops,4.6,34,0,1,1,0,,6,OPERATIONAL
KK Jewels,"Hauz Khas, Delhi",110016,jewellery shops,4.7,12,0,1,1,0,,6,OPERATIONAL
Amarachi Silver Art Jewels,"Hauz Khas, Delhi",110016,jewellery shops,4.7,11,0,0,1,0,,6,OPERATIONAL
MADAAN JEWELLERS,"Hauz Khas, Delhi",110016,jewellery shops,4.3,20,0,0,1,0,,4,OPERATIONAL
Melt Jewellery,"Hauz Khas, Delhi",110016,jewellery shops,4.9,33,0,1,1,0,,3,OPERATIONAL
Cottage Of Arts & Jewels,"Hauz Khas, Delhi",110016,jewellery shops,3.8,17,0,0,1,0,,5,OPERATIONAL
Kasturi Fine Jewellery,"Hauz Khas, Delhi",110016,jewellery shops,4.4,8,0,1,1,0,,5,OPERATIONAL
"Gandaram Jewellers® - Trusted Jewelry Store, jewelry valuation & gold diamond gemstone jewelry store Lajpat Nagar New Delhi","Hauz Khas, Delhi",110024,jewellery shops,5.0,4990,0,1,1,0,,8,OPERATIONAL
Shrihari Diagems by Anirudh,"Hauz Khas, Delhi",110016,jewellery shops,4.2,58,0,1,1,0,,5,OPERATIONAL
Apala,"Hauz Khas, Delhi",110016,jewellery shops,3.9,14,0,1,1,0,,5,OPERATIONAL
Shilpi Goyal Jewellery,"Hauz Khas, Delhi",110016,jewellery shops,4.7,27,0,1,1,0,,5,OPERATIONAL
Jairolia Gems & Jewellery Pvt. Ltd.,"Hauz Khas, Delhi",110016,jewellery shops,3.3,6,0,0,0,0,,8,OPERATIONAL
Shri Paramani Jewels,"Hauz Khas, Delhi",110016,jewellery shops,4.7,29,0,1,1,0,,5,OPERATIONAL
Golcha Gems & Fine Jewellery,"Hauz Khas, Delhi",110016,jewellery shops,4.7,7,0,1,1,0,,5,OPERATIONAL
Ethnic Silver,"Hauz Khas, Delhi",110016,jewellery shops,4.1,9,0,0,0,0,,4,OPERATIONAL
Laxmi steel Sanitary & Hardware Store,"Hauz Khas, Delhi",110016,hardware stores,4.5,30,0,1,1,0,,8,OPERATIONAL
Elegance Hardware | Digital Smart Locks & Safes,"Hauz Khas, Delhi",110016,hardware stores,5.0,38,0,0,1,0,,5,OPERATIONAL
Royal Kitchen and Hardware,"Hauz Khas, Delhi",110016,hardware stores,5.0,135,0,0,1,0,,5,OPERATIONAL
Sargodha Paints & Hardware Store,"Hauz Khas, Delhi",110016,hardware stores,4.9,35,0,0,1,0,,5,OPERATIONAL
shiv steel & hardware store,"Hauz Khas, Delhi",110016,hardware stores,4.2,6,0,0,1,0,,5,OPERATIONAL
singh key makar hardware shop,"Hauz Khas, Delhi",110016,hardware stores,5.0,4,0,0,0,0,,5,OPERATIONAL
Shiv Sanitary Store,"Hauz Khas, Delhi",110016,hardware stores,5.0,4,0,0,1,0,,5,OPERATIONAL
"Ozone India | Ashok & Co. | Green Park Extension, Delhi","Hauz Khas, Delhi",110029,hardware stores,4.3,24,0,1,1,0,,10,OPERATIONAL
P.K. Hardware Store,"Hauz Khas, Delhi",110067,hardware stores,4.0,50,0,0,1,0,,5,OPERATIONAL
Tayal screw house-Wholesale Screws Shop,"Hauz Khas, Delhi",110006,hardware stores,4.9,819,0,1,0,0,,8,OPERATIONAL
Sohan Lal Gupta & Co,"Hauz Khas, Delhi",110006,hardware stores,4.8,3051,0,1,1,0,,5,OPERATIONAL
Narula Paints & Hardware Store,"Hauz Khas, Delhi",110017,hardware stores,4.1,158,0,1,1,0,,8,OPERATIONAL
Delhi Electrical,"Hauz Khas, Delhi",110067,hardware stores,3.8,322,0,0,1,0,,6,OPERATIONAL
Astha Hardware Sanitary & Electrical Goods,"Hauz Khas, Delhi",110029,hardware stores,4.4,10,0,0,1,0,,5,OPERATIONAL
Gupta Sanitary & Hardware Store,"Hauz Khas, Delhi",110049,hardware stores,4.5,40,0,0,1,0,,5,OPERATIONAL
Prakash Enterprises - (Etios) Importer/Exporter and wholesaler,"Hauz Khas, Delhi",110006,hardware stores,4.7,126,0,1,1,0,,12,OPERATIONAL
Jindal Hardware Studio | Hettich-Samsung Irex-Jolly-Dorset-Ozone-Dorma-Kitchen Hardware,"Hauz Khas, Delhi",110003,hardware stores,4.7,93,0,0,1,0,,5,OPERATIONAL
Mittal Hardware Store ( Paints Shop & Sanitary Shop) Ai Business,"Hauz Khas, Delhi",110059,hardware stores,4.9,749,0,1,1,0,,11,OPERATIONAL
Benzoville Hardware,"Hauz Khas, Delhi",110003,hardware stores,4.7,254,0,1,1,0,,5,OPERATIONAL
K. S. Khamba & Sons Paint,"Hauz Khas, Delhi",110016,hardware stores,5.0,2,0,0,1,0,,6,OPERATIONAL
"Sandoz Restaurant - L Block, CP","Connaught Place, New Delhi",110001,restaurants,4.2,9135,0,1,1,1,2.0,5,OPERATIONAL
Somewhere Delhi,"Connaught Place, New Delhi",110001,restaurants,4.0,1569,0,1,1,0,,6,OPERATIONAL
Connaught Place SOCIAL,"Connaught Place, New Delhi",110001,restaurants,4.8,4045,0,1,1,1,3.0,12,OPERATIONAL
The Imperial Spice,"Connaught Place, New Delhi",110001,restaurants,4.5,5567,0,1,1,1,2.0,12,OPERATIONAL
Farzi Cafe,"Connaught Place, New Delhi",110001,restaurants,4.0,10312,1,1,1,1,3.0,5,OPERATIONAL
Tamasha,"Connaught Place, New Delhi",110001,restaurants,4.0,13655,1,1,1,1,3.0,8,OPERATIONAL
Indian Republic Canteen,"Connaught Place, New Delhi",110001,restaurants,4.5,2992,0,0,1,1,2.0,6,OPERATIONAL
"Pind Balluchi Regal Building, Connaught Place, Delhi","Connaught Place, New Delhi",110001,restaurants,4.3,15044,1,1,1,1,2.0,8,OPERATIONAL
Mughlai Junction,"Connaught Place, New Delhi",110001,restaurants,4.3,2970,0,1,1,1,2.0,6,OPERATIONAL
Dasaprakash - Connaught Place,"Connaught Place, New Delhi",110001,restaurants,4.6,9797,1,1,1,0,,10,OPERATIONAL
Saravana Bhavan,"Connaught Place, New Delhi",110001,restaurants,4.4,28489,1,1,1,1,2.0,8,OPERATIONAL
Open House Cafe,"Connaught Place, New Delhi",110001,restaurants,4.1,8170,0,1,1,1,2.0,15,OPERATIONAL
QBA,"Connaught Place, New Delhi",110001,restaurants,4.5,6778,0,1,1,1,3.0,12,OPERATIONAL
The GT Road,"Connaught Place, New Delhi",110001,restaurants,4.3,10552,1,0,1,1,2.0,9,OPERATIONAL
Kwality,"Connaught Place, New Delhi",110001,restaurants,4.4,3909,0,0,1,1,3.0,9,OPERATIONAL
38 Barracks Restaurant and Bar- Connaught Place,"Connaught Place, New Delhi",110001,restaurants,4.6,27559,1,1,1,1,3.0,13,OPERATIONAL
Dr. Zombie - Restaurant and Beyond,"Connaught Place, New Delhi",110001,restaurants,4.5,3373,0,1,1,1,2.0,9,OPERATIONAL
Lazeez Affaire CP,"Connaught Place, New Delhi",110001,restaurants,4.0,3088,0,1,1,1,3.0,6,OPERATIONAL
Caffè Tonino,"Connaught Place, New Delhi",110001,restaurants,4.3,5627,0,1,1,1,3.0,12,OPERATIONAL
Kake Da Hotel,"Connaught Place, New Delhi",110001,restaurants,3.9,16953,1,1,1,1,2.0,7,OPERATIONAL
THE BIG CHILL,"Connaught Place, New Delhi",110001,cafes,4.5,9550,1,1,1,1,3.0,11,OPERATIONAL
"TAN COFFEE | Connaught Place, Delhi","Connaught Place, New Delhi",110001,cafes,4.7,4791,0,1,1,0,,7,OPERATIONAL
"Cafe Sandoz - N Block, CP","Connaught Place, New Delhi",110001,cafes,4.6,6888,0,1,1,1,2.0,4,OPERATIONAL
Indian Coffee House,"Connaught Place, New Delhi",110001,cafes,3.7,5590,0,1,1,1,1.0,9,OPERATIONAL
Chelvies Coffee | CP M Block,"Connaught Place, New Delhi",110001,cafes,4.6,2040,0,1,1,0,,8,OPERATIONAL
Warehouse Cafe,"Connaught Place, New Delhi",110001,cafes,4.1,10170,1,1,1,1,3.0,7,OPERATIONAL
Cafe Delhi Heights,"Connaught Place, New Delhi",110001,cafes,4.2,4012,0,1,1,1,3.0,14,OPERATIONAL
Oh My God Cafe,"Connaught Place, New Delhi",110001,cafes,4.0,2728,0,0,1,1,2.0,11,OPERATIONAL
Third Wave Coffee,"Connaught Place, New Delhi",110001,cafes,4.6,2541,0,1,1,1,2.0,8,OPERATIONAL
The Immigrant Café,"Connaught Place, New Delhi",110001,cafes,3.9,2377,0,0,1,1,2.0,11,OPERATIONAL
Mister Chai,"Connaught Place, New Delhi",110001,cafes,4.3,717,0,1,1,1,4.0,10,OPERATIONAL
Plum Coffee and Cocktails,"Connaught Place, New Delhi",110001,cafes,4.1,4470,0,1,1,1,3.0,7,OPERATIONAL
The Arthouse Eats,"Connaught Place, New Delhi",110001,cafes,3.9,2522,0,1,1,1,2.0,12,OPERATIONAL
Cafe Out of the Box,"Connaught Place, New Delhi",110001,cafes,3.8,825,0,1,1,0,,4,OPERATIONAL
United Coffee House,"Connaught Place, New Delhi",110001,cafes,4.2,11491,1,1,1,1,3.0,20,OPERATIONAL
"Nothing Before Coffee - Connaught Place, New Delhi","Connaught Place, New Delhi",110001,cafes,4.7,2110,0,1,1,1,2.0,16,OPERATIONAL
Xero Degrees,"Connaught Place, New Delhi",110001,cafes,4.7,7736,0,1,1,1,2.0,4,OPERATIONAL
Looks Salon,"Connaught Place, New Delhi",110001,salons,4.3,2523,0,1,1,0,,6,OPERATIONAL
Geetanjali Salon,"Connaught Place, New Delhi",110001,salons,4.3,2495,0,1,1,0,,10,OPERATIONAL
"Looks Salon, Regal Building, Connaught Place","Connaught Place, New Delhi",110001,salons,4.7,1577,0,1,1,0,,4,OPERATIONAL
"Affinity Salon, Connaught Place","Connaught Place, New Delhi",110001,salons,4.8,213,0,1,1,0,,4,OPERATIONAL
Asin Salon,"Connaught Place, New Delhi",110001,salons,4.1,714,0,1,1,0,,9,OPERATIONAL
Bharti Taneja's ALPS Beauty Salon,"Connaught Place, New Delhi",110001,salons,4.5,280,0,1,1,0,,4,OPERATIONAL
Shemrock Salon,"Connaught Place, New Delhi",110001,salons,4.5,274,0,0,1,0,,4,OPERATIONAL
Raj Beauty Saloon,"Connaught Place, New Delhi",110001,salons,3.4,304,0,0,1,0,,4,OPERATIONAL
HE & SHE Unisex Salon,"Connaught Place, New Delhi",110002,salons,4.7,390,0,1,1,0,,6,OPERATIONAL
The Vanity Affaire Salon,"Connaught Place, New Delhi",110001,salons,4.0,143,0,0,1,0,,4,OPERATIONAL
SRG UNISEX SALON since 1934,"Connaught Place, New Delhi",110001,salons,4.2,39,0,0,1,0,,5,OPERATIONAL
Make U Up Makeup Studio & Academy,"Connaught Place, New Delhi",110001,salons,4.7,246,0,1,1,0,,13,OPERATIONAL
Hair N Shanti Unisex Salon,"Connaught Place, New Delhi",110001,salons,4.9,34,0,1,1,0,,5,OPERATIONAL
The Imperial Spa & Salon,"Connaught Place, New Delhi",110001,salons,3.9,122,0,1,1,0,,9,OPERATIONAL
Blue Terra Spa CP,"Connaught Place, New Delhi",110001,salons,4.5,1088,0,1,1,0,,9,OPERATIONAL
High Looks Unisex Salon,"Connaught Place, New Delhi",110055,salons,4.9,116,0,0,0,0,,4,OPERATIONAL
Red Orchid Spa,"Connaught Place, New Delhi",110001,salons,4.9,207,0,1,1,0,,8,OPERATIONAL
She Zone,"Connaught Place, New Delhi",110001,salons,4.5,84,0,0,1,0,,4,OPERATIONAL
"Fitness First Connaught Place, Hamilton House | Best gym in Connaught Place, New Delhi","Connaught Place, New Delhi",110001,gyms,4.3,630,0,1,1,0,,9,OPERATIONAL
Anytime Fitness,"Connaught Place, New Delhi",110001,gyms,4.3,796,0,1,1,0,,6,OPERATIONAL
Alligator gym & Fitness Studio | Paharganj,"Connaught Place, New Delhi",110055,gyms,4.8,558,0,0,1,0,,5,OPERATIONAL
Sharks Gym,"Connaught Place, New Delhi",110001,gyms,4.7,543,0,1,1,0,,5,OPERATIONAL
Galactus Gym,"Connaught Place, New Delhi",110001,gyms,4.8,332,0,0,1,0,,5,OPERATIONAL
Wellness Club at Shangri-La,"Connaught Place, New Delhi",110001,gyms,4.4,89,0,1,1,0,,8,OPERATIONAL
O2 GYM,"Connaught Place, New Delhi",110001,gyms,3.1,16,0,0,0,0,,5,OPERATIONAL
Fitness Punch gym,"Connaught Place, New Delhi",110055,gyms,4.7,236,0,0,1,0,,5,OPERATIONAL
P Town Fitness Studio,"Connaught Place, New Delhi",110055,gyms,5.0,174,0,0,1,0,,5,OPERATIONAL
McDonald's,"Connaught Place, New Delhi",110001,gyms,4.2,19138,1,1,1,1,2.0,7,OPERATIONAL
The Imperial Health & Racquet,"Connaught Place, New Delhi",110001,gyms,4.3,3,0,0,1,0,,5,OPERATIONAL
H&M,"Connaught Place, New Delhi",110001,clothing stores,4.3,17641,1,1,1,1,1.0,4,OPERATIONAL
Park Avenue,"Connaught Place, New Delhi",110001,clothing stores,4.8,746,0,1,1,0,,5,OPERATIONAL
"UNIQLO Connaught Place, Delhi","Connaught Place, New Delhi",110001,clothing stores,4.3,814,0,1,1,0,,5,OPERATIONAL
Khanna Fabrics,"Connaught Place, New Delhi",110001,clothing stores,4.7,499,0,0,1,0,,5,OPERATIONAL
Planet Fashion,"Connaught Place, New Delhi",110001,clothing stores,4.1,198,0,1,1,0,,4,OPERATIONAL
Fashion Craft,"Connaught Place, New Delhi",110001,clothing stores,5.0,987,0,0,1,0,,6,OPERATIONAL
"Rare Rabbit, Connaught Place","Connaught Place, New Delhi",110001,clothing stores,4.6,383,0,1,1,0,,4,OPERATIONAL
plusS Connaught Place,"Connaught Place, New Delhi",110001,clothing stores,4.5,241,0,1,1,0,,4,OPERATIONAL
Marks and Spencer,"Connaught Place, New Delhi",110001,clothing stores,4.2,1298,0,1,1,0,,4,OPERATIONAL
Fashion Paradise,"Connaught Place, New Delhi",110001,clothing stores,4.4,70,0,0,1,0,,6,OPERATIONAL
Blackberrys,"Connaught Place, New Delhi",110001,clothing stores,4.9,1108,0,1,1,0,,4,OPERATIONAL
W For Woman,"Connaught Place, New Delhi",110001,clothing stores,4.8,71,0,1,1,0,,4,OPERATIONAL
"Van Heusen Men & Women Clothing Store, Connaught Place","Connaught Place, New Delhi",110001,clothing stores,4.2,471,0,1,1,0,,4,OPERATIONAL
"Allen Solly, CP","Connaught Place, New Delhi",110001,clothing stores,4.2,312,0,1,1,0,,5,OPERATIONAL
The Shop,"Connaught Place, New Delhi",110001,clothing stores,4.6,174,0,1,1,0,,4,OPERATIONAL
"Fabindia, Connaught Place (A Block)","Connaught Place, New Delhi",110001,clothing stores,4.3,2120,0,1,1,0,,4,OPERATIONAL
Blackberrys,"Connaught Place, New Delhi",110001,clothing stores,4.9,1143,0,1,1,0,,4,OPERATIONAL
Janpath Market,"Connaught Place, New Delhi",110001,clothing stores,4.2,73837,1,0,0,0,,4,OPERATIONAL
"Van Heusen Men & Women Clothing Store, Connaught Place","Connaught Place, New Delhi",110001,clothing stores,4.2,77,0,1,1,0,,4,OPERATIONAL
Mohan Singh Place Office cum Shopping Complex,"Connaught Place, New Delhi",110001,clothing stores,4.0,1417,0,0,0,0,,5,OPERATIONAL
Adarsh Stores,"Connaught Place, New Delhi",110001,grocery stores,4.1,94,0,0,1,0,,14,OPERATIONAL
The Oriental Fruits Mart,"Connaught Place, New Delhi",110001,grocery stores,4.5,106,0,0,1,0,,14,OPERATIONAL
"Shanker Market, Connaught Place","Connaught Place, New Delhi",110001,grocery stores,4.1,8356,0,1,0,0,,4,OPERATIONAL
Miniso Janpath,"Connaught Place, New Delhi",110001,grocery stores,4.9,331,0,0,0,0,,4,OPERATIONAL
GUPTA STORE,"Connaught Place, New Delhi",110001,grocery stores,4.3,90,0,0,0,0,,7,OPERATIONAL
Modern Bazaar,"Connaught Place, New Delhi",110024,grocery stores,4.3,311,0,1,1,0,,6,OPERATIONAL
Super Store,"Connaught Place, New Delhi",110001,grocery stores,4.3,15,0,0,1,0,,6,OPERATIONAL
Minto Road Market,"Connaught Place, New Delhi",110002,grocery stores,3.9,271,0,0,0,0,,3,OPERATIONAL
Brij Super Store,"Connaught Place, New Delhi",110001,grocery stores,4.1,135,0,0,1,0,,7,OPERATIONAL
A. S. Food Enterprises,"Connaught Place, New Delhi",110001,grocery stores,5.0,3,0,0,1,0,,6,OPERATIONAL
Geom365 Convenience Store - Connaught Place,"Connaught Place, New Delhi",110001,grocery stores,4.2,19,0,1,0,0,,6,OPERATIONAL
Reliance SMART Superstore,"Connaught Place, New Delhi",110034,grocery stores,4.1,1328,0,1,1,0,,14,OPERATIONAL
Kendriya Bhandar,"Connaught Place, New Delhi",110001,grocery stores,4.3,308,0,1,1,0,,6,OPERATIONAL
Modern Bazaar,"Connaught Place, New Delhi",110048,grocery stores,4.2,1849,0,1,1,0,,7,OPERATIONAL
Kumar Stores,"Connaught Place, New Delhi",110001,grocery stores,4.3,13,0,0,1,0,,4,OPERATIONAL
Croma - Odeon CP,"Connaught Place, New Delhi",110001,electronics shops,4.4,7630,0,1,1,0,,5,OPERATIONAL
Sony Centre- Avit Digital - CP,"Connaught Place, New Delhi",110001,electronics shops,4.7,1359,0,1,1,0,,6,OPERATIONAL
iWay Support,"Connaught Place, New Delhi",110001,electronics shops,4.3,1108,0,1,1,0,,6,OPERATIONAL
Luthra Electonics,"Connaught Place, New Delhi",110001,electronics shops,4.5,24,0,0,1,0,,7,OPERATIONAL
Greenway Electricals,"Connaught Place, New Delhi",110001,electronics shops,5.0,16,0,0,1,0,,7,OPERATIONAL
HP World - Connaught Place,"Connaught Place, New Delhi",110001,electronics shops,4.4,645,0,1,1,0,,4,OPERATIONAL
Gupta Electric Company,"Connaught Place, New Delhi",110001,electronics shops,4.7,23,0,1,1,0,,7,OPERATIONAL
Future World - Apple Authorised Reseller Authorised Service Provider,"Connaught Place, New Delhi",110001,electronics shops,4.5,4265,0,1,1,0,,6,OPERATIONAL
Electronic Repair Centre,"Connaught Place, New Delhi",110001,electronics shops,4.6,212,0,0,1,0,,3,OPERATIONAL
Future World - Apple Premium Reseller Authorised Service Provider,"Connaught Place, New Delhi",110001,electronics shops,4.8,5607,0,1,1,0,,6,OPERATIONAL
Samsung Experience Store Connaught Place,"Connaught Place, New Delhi",110001,electronics shops,4.8,2154,0,1,1,0,,6,OPERATIONAL
JMD Mart - Hardware & Electrical Store,"Connaught Place, New Delhi",110001,electronics shops,5.0,28,0,0,0,0,,9,OPERATIONAL
Canon Flagship Store,"Connaught Place, New Delhi",110001,electronics shops,4.6,1421,0,1,1,0,,6,OPERATIONAL
Dass Studios,"Connaught Place, New Delhi",110001,electronics shops,4.0,552,0,1,1,0,,6,OPERATIONAL
Samsung Experience Store Outer Circle Connaught Place,"Connaught Place, New Delhi",110001,electronics shops,4.2,308,0,1,1,0,,4,OPERATIONAL
Lenovo Exclusive Store - Gopal Narain & Sons,"Connaught Place, New Delhi",110001,electronics shops,4.9,556,0,1,1,0,,5,OPERATIONAL
Palika Bazar Underground Shopping Complex,"Connaught Place, New Delhi",110001,electronics shops,4.0,23072,1,0,0,0,,3,OPERATIONAL
The Repair Shop ( National Electricals ),"Connaught Place, New Delhi",110001,electronics shops,4.9,130,0,1,1,0,,3,OPERATIONAL
VIJAY SALES - DARYAGANJ,"Connaught Place, New Delhi",110002,electronics shops,4.8,5299,0,1,1,0,,5,OPERATIONAL
Dr Lal PathLabs - Patient Service Centre,"Connaught Place, New Delhi",110001,clinics,4.9,11156,1,1,1,0,,4,OPERATIONAL
"Sarvodaya NRCH Imaging Centre | MRI, Ultrasound & CT Scan in Delhi","Connaught Place, New Delhi",110055,clinics,4.9,2369,0,1,1,0,,7,OPERATIONAL
Doctors House -CP,"Connaught Place, New Delhi",110001,clinics,5.0,207,0,1,1,0,,7,OPERATIONAL
Apollo Pharmacy - Connaught Place,"Connaught Place, New Delhi",110001,clinics,3.9,261,0,1,1,0,,12,OPERATIONAL
Dr. Tomar's Homoeopathic Clinic,"Connaught Place, New Delhi",110001,clinics,4.9,241,0,1,1,0,,6,OPERATIONAL
Shroff Eye Centre,"Connaught Place, New Delhi",110001,clinics,5.0,4698,0,1,1,0,,7,OPERATIONAL
Dr. Vivek Mittal,"Connaught Place, New Delhi",110001,clinics,4.8,266,0,1,1,0,,8,OPERATIONAL
Dr Ankita Bali's PUSHPVEDA: #1 Homoeopathic Treatment and Research Centre,"Connaught Place, New Delhi",110001,clinics,4.9,81,0,0,1,0,,3,OPERATIONAL
Guru Harkrishan Polyclinic,"Connaught Place, New Delhi",110001,clinics,4.1,69,0,0,0,0,,4,OPERATIONAL
General Williams Masonic Polyclinic,"Connaught Place, New Delhi",110001,clinics,3.7,270,0,1,1,0,,5,OPERATIONAL
Medicine House,"Connaught Place, New Delhi",110001,clinics,1.0,1,0,0,1,0,,4,OPERATIONAL
Healing Hands Multispeciality Clinic,"Connaught Place, New Delhi",110060,clinics,4.8,60,0,1,1,0,,4,OPERATIONAL
Geetha Medical Centre,"Connaught Place, New Delhi",110001,clinics,4.8,6,0,0,0,0,,4,OPERATIONAL
"Titan Eye+ Flagship store at Connaught Place, New Delhi (Buy 1 Get 1 Free)","Connaught Place, New Delhi",110001,clinics,4.9,9322,1,1,1,0,,7,OPERATIONAL
Lady Hardinge Hospital,"Connaught Place, New Delhi",110001,clinics,3.0,648,0,1,0,0,,5,OPERATIONAL
Aam Aadmi Mohalla Clinic,"Connaught Place, New Delhi",110001,clinics,5.0,3,0,0,0,0,,4,OPERATIONAL
HEALTHIINDIA BEST CT SCAN MRI SCAN CENTER,"Connaught Place, New Delhi",110001,clinics,4.9,14,0,1,1,0,,4,OPERATIONAL
Sareen Hair Clinic,"Connaught Place, New Delhi",110001,clinics,4.2,206,0,1,1,0,,9,OPERATIONAL
Wenger's,"Connaught Place, New Delhi",110001,bakeries,4.4,15201,1,1,1,1,2.0,8,OPERATIONAL
Theobroma Bakery and Cake Shop- Connaught Place,"Connaught Place, New Delhi",110001,bakeries,4.2,3177,0,1,1,1,2.0,9,OPERATIONAL
NIK BAKER'S,"Connaught Place, New Delhi",110001,bakeries,4.2,2045,0,1,1,1,3.0,6,OPERATIONAL
Hashery - Connaught Place,"Connaught Place, New Delhi",110001,bakeries,4.4,1091,0,1,0,0,,7,OPERATIONAL
Wenger's Deli,"Connaught Place, New Delhi",110001,bakeries,4.3,85,0,0,1,0,,6,OPERATIONAL
Bangla Pastry Shop,"Connaught Place, New Delhi",110001,bakeries,4.2,403,0,0,1,1,2.0,12,OPERATIONAL
Nathu's Pastry Shop,"Connaught Place, New Delhi",110001,bakeries,3.8,269,0,0,1,0,,6,OPERATIONAL
Pink box,"Connaught Place, New Delhi",110001,bakeries,4.1,254,0,1,1,0,,12,OPERATIONAL
Creme N Crisp,"Connaught Place, New Delhi",110001,bakeries,4.1,1006,0,1,1,0,,9,OPERATIONAL
Baladi Laban,"Connaught Place, New Delhi",110001,bakeries,5.0,54,0,1,1,0,,8,OPERATIONAL
The Big Chill Cakery and Creamery,"Connaught Place, New Delhi",110001,bakeries,4.5,26,0,0,1,0,,6,OPERATIONAL
The Bakehouse 24,"Connaught Place, New Delhi",110002,bakeries,4.9,44,0,0,1,0,,6,OPERATIONAL
The Big Chill Cakery,"Connaught Place, New Delhi",110003,bakeries,4.4,1816,0,0,1,1,3.0,8,OPERATIONAL
The Baker's Oven,"Connaught Place, New Delhi",110001,bakeries,3.4,20,0,1,1,1,2.0,6,OPERATIONAL
Nath Brothers,"Connaught Place, New Delhi",110001,pharmacies,3.6,404,0,0,1,0,,5,OPERATIONAL
Chaturbhuj & Brothers,"Connaught Place, New Delhi",110001,pharmacies,4.3,119,0,0,1,0,,7,OPERATIONAL
METRO CITY PHARMACY,"Connaught Place, New Delhi",110001,pharmacies,3.8,44,0,0,1,0,,5,OPERATIONAL
Medicine House Chemist & Druggist,"Connaught Place, New Delhi",110001,pharmacies,3.8,60,0,0,1,0,,6,OPERATIONAL
Amrit Pharmacy,"Connaught Place, New Delhi",110001,pharmacies,2.8,16,0,0,0,0,,5,OPERATIONAL
Js pharmacy and cosmetics,"Connaught Place, New Delhi",110001,pharmacies,5.0,9,0,0,1,0,,5,OPERATIONAL
Popular Chemists,"Connaught Place, New Delhi",110001,pharmacies,3.3,14,0,0,1,0,,5,OPERATIONAL
Apollo Pharmacy Diz Staff Quarters,"Connaught Place, New Delhi",110001,pharmacies,3.7,98,0,1,1,0,,8,OPERATIONAL
Dr. Ram Manohar Lohia Hospital,"Connaught Place, New Delhi",110001,pharmacies,3.6,2682,0,1,1,0,,8,OPERATIONAL
Rajkamal Chemists,"Connaught Place, New Delhi",110001,pharmacies,3.8,34,0,0,1,0,,5,OPERATIONAL
Apollo Pharmacy Bhagwan Das Road,"Connaught Place, New Delhi",110001,pharmacies,3.3,47,0,1,1,0,,10,OPERATIONAL
KRISHNA CHEMISTS,"Connaught Place, New Delhi",110001,pharmacies,4.4,45,0,0,1,0,,6,OPERATIONAL
Luxmi Pharmacy,"Connaught Place, New Delhi",110001,pharmacies,3.8,4,0,0,1,0,,8,OPERATIONAL
Novelties Corner,"Connaught Place, New Delhi",110001,pharmacies,3.1,10,0,0,1,0,,5,OPERATIONAL
Lotus pharmacy,"Connaught Place, New Delhi",110055,pharmacies,5.0,41,0,0,1,0,,6,OPERATIONAL
One Bharat Pharmacy - RK Ashram Metro Station,"Connaught Place, New Delhi",110001,pharmacies,5.0,20,0,1,1,0,,6,OPERATIONAL
SABD PHARMACY,"Connaught Place, New Delhi",110001,pharmacies,4.1,14,0,0,1,0,,8,OPERATIONAL
Original Homeopathic Pharmacy,"Connaught Place, New Delhi",110001,pharmacies,4.2,33,0,0,1,0,,6,OPERATIONAL
SABD PHARMACY,"Connaught Place, New Delhi",110055,pharmacies,4.7,107,0,1,1,0,,8,OPERATIONAL
AaptPrep coaching,"Connaught Place, New Delhi",110001,tutoring centers,5.0,2268,0,1,1,0,,5,OPERATIONAL
SMAARTshala (PLAY SCHOOL & TUITION CENTRE),"Connaught Place, New Delhi",110055,tutoring centers,5.0,97,0,1,1,0,,7,OPERATIONAL
My Buddy Tutor,"Connaught Place, New Delhi",110001,tutoring centers,4.8,5,0,1,1,0,,3,OPERATIONAL
Radhe Home Tutors,"Connaught Place, New Delhi",110001,tutoring centers,4.3,32,0,1,0,0,,2,OPERATIONAL
MBAGuru CAT Coaching Delhi Connaught Place Center,"Connaught Place, New Delhi",110001,tutoring centers,4.8,3332,0,1,1,0,,2,OPERATIONAL
Ignite Classes Of Learning,"Connaught Place, New Delhi",110055,tutoring centers,5.0,132,0,1,1,0,,2,OPERATIONAL
"IMS Connaught Place - Leader in CAT, XAT, CMAT, SNAP, NMAT Entrance Prep","Connaught Place, New Delhi",110001,tutoring centers,4.5,417,0,1,1,0,,5,OPERATIONAL
LSKDM - Digital Marketing Course in Delhi,"Connaught Place, New Delhi",110001,tutoring centers,4.9,215,0,1,1,0,,3,OPERATIONAL
SPECTRA CLASSES,"Connaught Place, New Delhi",110001,tutoring centers,4.8,203,0,1,1,0,,3,OPERATIONAL
BEST TUTOR NOW,"Connaught Place, New Delhi",110001,tutoring centers,5.0,13,0,1,1,0,,3,OPERATIONAL
Connaught Place Home Tuition services,"Connaught Place, New Delhi",110001,tutoring centers,4.7,3,0,0,0,0,,3,OPERATIONAL
Y-Axis,"Connaught Place, New Delhi",110001,tutoring centers,4.7,705,0,1,1,0,,4,OPERATIONAL
"Alchemist | Best CAT Coaching Institute in Connaught Place, Delhi by IIM Alumni","Connaught Place, New Delhi",110001,tutoring centers,4.7,1113,0,1,1,0,,4,OPERATIONAL
Zenit Excelencia,"Connaught Place, New Delhi",110001,tutoring centers,4.8,152,0,1,1,0,,6,OPERATIONAL
AnkGanit | CAT Coaching | Most Elite Prep for CAT,"Connaught Place, New Delhi",110001,tutoring centers,4.8,433,0,1,1,0,,3,OPERATIONAL
MBAGuru | Best Online Coaching for CAT,"Connaught Place, New Delhi",110001,tutoring centers,4.9,426,0,1,1,0,,2,OPERATIONAL
Tutors Parliament,"Connaught Place, New Delhi",110060,tutoring centers,4.9,284,0,1,1,0,,9,OPERATIONAL
Expert Content,"Connaught Place, New Delhi",110001,tutoring centers,5.0,32,0,1,1,0,,4,OPERATIONAL
studifysuccess,"Connaught Place, New Delhi",110001,tutoring centers,4.2,3998,0,1,1,0,,3,OPERATIONAL
Pragati The N Power,"Connaught Place, New Delhi",110001,tutoring centers,4.3,97,0,1,1,0,,6,OPERATIONAL
Bobby Furnishers - Best Furniture in Delhi,"Connaught Place, New Delhi",110001,furniture stores,4.9,55,0,0,0,0,,7,OPERATIONAL
National Furniture House,"Connaught Place, New Delhi",110001,furniture stores,4.9,19,0,1,1,0,,7,OPERATIONAL
IOTA Furniture Store,"Connaught Place, New Delhi",110015,furniture stores,4.6,601,0,1,1,0,,6,OPERATIONAL
Casa Audio Video Furniture,"Connaught Place, New Delhi",110001,furniture stores,4.6,18,0,0,1,0,,6,OPERATIONAL
"Godrej Interio - Mattress & Furniture Store in Okhla, New Delhi","Connaught Place, New Delhi",110020,furniture stores,4.6,1121,0,1,1,0,,8,OPERATIONAL
Totofoam Wud & Wud,"Connaught Place, New Delhi",110001,furniture stores,2.5,47,0,0,1,0,,6,OPERATIONAL
Featherlite Delhi,"Connaught Place, New Delhi",110001,furniture stores,3.9,18,0,1,1,0,,7,OPERATIONAL
Alliance Decorators,"Connaught Place, New Delhi",110001,furniture stores,4.5,54,0,1,1,0,,6,OPERATIONAL
"Interio by Godrej - Furniture and Mattress Store in Janakpuri west, Delhi","Connaught Place, New Delhi",110058,furniture stores,4.8,2284,0,1,1,0,,8,OPERATIONAL
Mor Decor,"Connaught Place, New Delhi",110015,furniture stores,4.6,145,0,1,1,0,,6,OPERATIONAL
Goyal Trading Co.,"Connaught Place, New Delhi",110001,furniture stores,4.4,34,0,1,1,0,,7,OPERATIONAL
"Interio by Godrej - Furniture and Mattress Store in Kirti Nagar, New Delhi","Connaught Place, New Delhi",110015,furniture stores,4.8,1137,0,1,1,0,,8,OPERATIONAL
Home Centre|Furniture Store - DLF Mall of India,"Connaught Place, New Delhi",,furniture stores,4.3,3819,0,1,1,0,,8,OPERATIONAL
"Home Centre - Ambience Mall, Vasant Kunj","Connaught Place, New Delhi",110070,furniture stores,4.4,2187,0,1,1,0,,6,OPERATIONAL
"Grest Mobile Phone Store | Buy, Sell & Repair in Central Secretariat Metro","Connaught Place, New Delhi",110001,mobile shops,4.8,31,0,1,0,0,,4,OPERATIONAL
GIZMOGADGETS,"Connaught Place, New Delhi",110001,mobile shops,4.6,25,0,1,1,0,,3,OPERATIONAL
AMAN ENTERPRISE,"Connaught Place, New Delhi",110001,mobile shops,4.4,91,0,0,1,0,,4,OPERATIONAL
iGenius,"Connaught Place, New Delhi",110001,mobile shops,4.9,1677,0,1,1,0,,6,OPERATIONAL
Bindra Communication (Palm India),"Connaught Place, New Delhi",110001,mobile shops,3.8,112,0,0,0,0,,4,OPERATIONAL
rasal music Moblie accessories,"Connaught Place, New Delhi",110001,mobile shops,4.8,4,0,0,1,0,,2,OPERATIONAL
Mobile Gallery,"Connaught Place, New Delhi",110093,mobile shops,4.9,193,0,1,1,0,,7,OPERATIONAL
Hotspot Mobile Store,"Connaught Place, New Delhi",110007,mobile shops,5.0,417,0,0,1,0,,4,OPERATIONAL
Shop No A11 Mobile Repairing & Accessories,"Connaught Place, New Delhi",110001,mobile shops,5.0,1,0,0,1,0,,3,OPERATIONAL
Seniors Teleshoppe,"Connaught Place, New Delhi",110001,mobile shops,4.9,37,0,0,1,0,,3,OPERATIONAL
BR COMMUNICATION,"Connaught Place, New Delhi",110001,mobile shops,3.6,9,0,0,1,0,,4,OPERATIONAL
Sachin Mobile Repairing,"Connaught Place, New Delhi",110001,mobile shops,4.4,45,0,0,1,0,,3,OPERATIONAL
Infinity Mobile World,"Connaught Place, New Delhi",110092,mobile shops,4.8,88,0,0,1,0,,5,OPERATIONAL
Tanishq Jewellery - Delhi - Connaught Place,"Connaught Place, New Delhi",110001,jewellery shops,4.6,3575,0,1,1,0,,6,OPERATIONAL
"Mia by Tanishq - Connaught Place, New Delhi","Connaught Place, New Delhi",110001,jewellery shops,4.9,681,0,1,1,0,,5,OPERATIONAL
Silver World® Exquisite Silver Jewelry and Gifts,"Connaught Place, New Delhi",110001,jewellery shops,4.8,1170,0,1,1,0,,5,OPERATIONAL
Tribhovandas Bhimji Zaveri Jewellers,"Connaught Place, New Delhi",110001,jewellery shops,4.1,749,0,1,1,0,,5,OPERATIONAL
Krishna Sons Jewellers,"Connaught Place, New Delhi",110001,jewellery shops,3.7,526,0,0,1,0,,4,OPERATIONAL
"Indriya - Aditya Birla Jewellery - Connaught Place, Delhi","Connaught Place, New Delhi",110001,jewellery shops,5.0,11,0,1,1,0,,4,OPERATIONAL
Chaandi,"Connaught Place, New Delhi",110001,jewellery shops,4.6,142,0,0,1,0,,4,OPERATIONAL
Your choice by poonam chopra,"Connaught Place, New Delhi",110001,jewellery shops,4.9,93,0,1,1,0,,7,OPERATIONAL
The Jewellery Shop – Imperial Hotel,"Connaught Place, New Delhi",110001,jewellery shops,5.0,3,0,1,1,0,,4,OPERATIONAL
Mehta Jewels,"Connaught Place, New Delhi",110001,jewellery shops,3.8,104,0,0,1,0,,4,OPERATIONAL
Ramaya,"Connaught Place, New Delhi",110001,jewellery shops,4.9,21,0,1,1,0,,9,OPERATIONAL
Sangam Jewellery,"Connaught Place, New Delhi",110001,jewellery shops,5.0,2,0,0,1,0,,4,OPERATIONAL
Bansal & Sons Jewellers Pvt Ltd - Best Jewellers in Delhi,"Connaught Place, New Delhi",110006,jewellery shops,4.8,2783,0,1,1,0,,8,OPERATIONAL
Lovely Jewellery india,"Connaught Place, New Delhi",110001,jewellery shops,4.7,6,0,0,1,0,,4,OPERATIONAL
Mogha Jewellery Pvt. Ltd.,"Connaught Place, New Delhi",110001,jewellery shops,4.6,30,0,0,1,0,,4,OPERATIONAL
"Helios Luxe - Connaught Place, New Delhi","Connaught Place, New Delhi",110001,jewellery shops,5.0,82,0,1,1,0,,4,OPERATIONAL
Santosh Kumar And Sons,"Connaught Place, New Delhi",110001,jewellery shops,4.8,9,0,0,1,0,,4,OPERATIONAL
Kakoo Shah Uttam Chand,"Connaught Place, New Delhi",110006,jewellery shops,4.9,346,0,1,1,0,,4,OPERATIONAL
Sam Jewellers,"Connaught Place, New Delhi",110001,jewellery shops,5.0,94,0,1,1,0,,6,OPERATIONAL
Your choice by poonam chopra,"Connaught Place, New Delhi",110001,jewellery shops,4.9,48,0,1,1,0,,4,OPERATIONAL
Shakti Tools and Hardware Store regd.,"Connaught Place, New Delhi",110006,hardware stores,4.8,841,0,1,1,0,,11,OPERATIONAL
Konzept Hardware - HETTICH DISTRIBUTAR AND PREMIUM DEALER - GODREJ - HARDWYN - OZONE,"Connaught Place, New Delhi",110055,hardware stores,4.8,120,0,0,1,0,,6,OPERATIONAL
Khurana Hardware & Paints,"Connaught Place, New Delhi",110001,hardware stores,4.4,18,0,0,1,0,,9,OPERATIONAL
CHAWRI BAZAR,"Connaught Place, New Delhi",110006,hardware stores,4.1,1439,0,0,0,0,,5,OPERATIONAL
Mangalam Hardware,"Connaught Place, New Delhi",110055,hardware stores,4.3,59,0,0,1,0,,5,OPERATIONAL
Vinayak Hardware,"Connaught Place, New Delhi",110006,hardware stores,4.1,118,0,1,1,0,,5,OPERATIONAL
Jain hardware,"Connaught Place, New Delhi",110006,hardware stores,5.0,26,0,1,1,0,,5,OPERATIONAL
BDR Hardware Collection,"Connaught Place, New Delhi",110006,hardware stores,5.0,28,0,1,1,0,,8,OPERATIONAL
Inder Hardware & Paint Shop,"Connaught Place, New Delhi",110001,hardware stores,3.8,19,0,0,1,0,,5,OPERATIONAL
Barkat Ram & Sons - Best wholesale Hardware Store in Delhi | Jolly Hinges Distributor,"Connaught Place, New Delhi",110006,hardware stores,4.6,13,0,1,1,0,,5,OPERATIONAL
Gautam Hardware and paints,"Connaught Place, New Delhi",110001,hardware stores,5.0,1,0,0,1,0,,5,OPERATIONAL
"THE Zenix Lounge, Bar & Restaurant in Pitampura","Pitampura, Delhi",110034,restaurants,4.2,1059,0,0,1,0,,7,OPERATIONAL
Atmosphere Restro & Bar,"Pitampura, Delhi",110034,restaurants,4.7,266,0,1,1,0,,6,OPERATIONAL
Pikwik (Shakti Vihar),"Pitampura, Delhi",110034,restaurants,4.1,2331,0,1,1,1,2.0,8,OPERATIONAL
The Zenix - lounge & bar | restaurant in pitampura,"Pitampura, Delhi",110034,restaurants,4.4,200,0,0,1,0,,8,OPERATIONAL
Angry Sardar Delhi,"Pitampura, Delhi",110034,restaurants,4.9,241,0,0,1,0,,4,OPERATIONAL
Magic Delight-Taste Of Happiness,"Pitampura, Delhi",110034,restaurants,4.7,420,0,0,1,0,,7,OPERATIONAL
Culinaria by Meet,"Pitampura, Delhi",110034,restaurants,4.4,287,0,1,1,0,,9,OPERATIONAL
Sagar Ratna Restaurant,"Pitampura, Delhi",110034,restaurants,4.0,2455,0,1,1,1,2.0,9,OPERATIONAL
O2 Multicuisine Restaurant & o2_the_oxygen_Lounge,"Pitampura, Delhi",110034,restaurants,4.2,810,0,0,1,1,2.0,6,OPERATIONAL
Pind Balluchi,"Pitampura, Delhi",110034,restaurants,4.0,3549,0,1,1,1,2.0,7,OPERATIONAL
Sattvik Restaurant - Proudly Vegetarian | Pitampura,"Pitampura, Delhi",110034,restaurants,4.5,272,0,1,1,0,,4,OPERATIONAL
QD,"Pitampura, Delhi",110034,restaurants,4.3,1772,0,1,1,0,,15,OPERATIONAL
The Good Food Cafe,"Pitampura, Delhi",110034,restaurants,4.1,1436,0,1,1,1,2.0,16,OPERATIONAL
Puttar Ji,"Pitampura, Delhi",110034,restaurants,4.9,217,0,1,1,0,,4,OPERATIONAL
Patiala Wale,"Pitampura, Delhi",110034,restaurants,4.8,64,0,0,0,0,,5,OPERATIONAL
Chaska Restaurant and Banquets,"Pitampura, Delhi",110034,restaurants,3.9,2844,0,0,1,1,2.0,11,OPERATIONAL
Gola Prive - Unity One Elegante Mall,"Pitampura, Delhi",110034,restaurants,4.8,138,0,1,1,0,,6,OPERATIONAL
Rion Delhi,"Pitampura, Delhi",110034,restaurants,4.1,57,0,0,1,0,,4,OPERATIONAL
Yellow Mirchi,"Pitampura, Delhi",110034,restaurants,4.2,281,0,0,1,0,,6,OPERATIONAL
The Exotic Kitchen- Pitampura,"Pitampura, Delhi",110034,restaurants,4.7,26,0,0,0,0,,6,OPERATIONAL
"Tan Coffee | Pitampura, Delhi","Pitampura, Delhi",110034,cafes,4.8,1222,0,1,1,0,,7,OPERATIONAL
"Refections Cafe, Pitampura","Pitampura, Delhi",110034,cafes,4.6,524,0,1,1,0,,4,OPERATIONAL
Cafe Maddox Pitampura,"Pitampura, Delhi",110034,cafes,3.9,889,0,0,1,1,2.0,4,OPERATIONAL
Third Wave Coffee,"Pitampura, Delhi",110034,cafes,4.7,1476,0,1,1,1,2.0,8,OPERATIONAL
Coffee Island | NSP,"Pitampura, Delhi",110034,cafes,4.8,426,0,1,1,0,,7,OPERATIONAL
Cafe Crew Brew,"Pitampura, Delhi",110034,cafes,4.8,437,0,0,1,0,,11,OPERATIONAL
Cafe' Russmunch,"Pitampura, Delhi",110034,cafes,4.4,1470,0,0,1,1,2.0,15,OPERATIONAL
Cafe Delhi Heights,"Pitampura, Delhi",110034,cafes,4.1,861,0,1,1,1,3.0,14,OPERATIONAL
Downtown Cafe,"Pitampura, Delhi",110034,cafes,4.9,39,0,0,0,0,,4,OPERATIONAL
"Cafe Sandoz - Pacific Mall, NSP","Pitampura, Delhi",110034,cafes,4.2,1912,0,1,1,0,,7,OPERATIONAL
Honey & Dough,"Pitampura, Delhi",110034,cafes,4.3,480,0,1,1,1,2.0,15,OPERATIONAL
sow.cafe,"Pitampura, Delhi",110034,cafes,4.3,60,0,0,1,0,,4,OPERATIONAL
Black moon bites,"Pitampura, Delhi",110034,cafes,4.7,13,0,0,0,0,,4,OPERATIONAL
Blue Tokai Coffee Roasters | Netaji Subhash Place,"Pitampura, Delhi",110034,cafes,4.1,91,0,1,1,1,2.0,8,OPERATIONAL
The Hazelnut Factory - Punjabi Bagh,"Pitampura, Delhi",110026,cafes,4.7,653,0,1,1,0,,5,OPERATIONAL
LUME Cafe,"Pitampura, Delhi",110034,cafes,4.6,90,0,0,1,0,,4,OPERATIONAL
Cafe 24 X 7,"Pitampura, Delhi",110034,cafes,4.2,314,0,0,1,0,,12,OPERATIONAL
The Gravity Salon & Academy,"Pitampura, Delhi",110034,salons,5.0,1114,0,1,1,0,,5,OPERATIONAL
Hair Candy Luxury Salon Pitampura,"Pitampura, Delhi",110034,salons,4.7,164,0,0,1,0,,10,OPERATIONAL
Trendz Salon and Academy in Pitampura | Hair Salon | Unisex Salon | Best Salon and Makeovers,"Pitampura, Delhi",110034,salons,4.5,1827,0,1,1,0,,13,OPERATIONAL
Geetanjali Salon,"Pitampura, Delhi",110034,salons,4.5,1155,0,1,1,0,,10,OPERATIONAL
Refyn Unisex Salon,"Pitampura, Delhi",110034,salons,4.6,1243,0,0,1,0,,6,OPERATIONAL
Hair Masters Salon Pitampura,"Pitampura, Delhi",110034,salons,4.5,340,0,0,1,0,,4,OPERATIONAL
The Glam Affair,"Pitampura, Delhi",110034,salons,4.9,333,0,1,1,0,,8,OPERATIONAL
Glam Locks Salon & Academy (Glam Locks),"Pitampura, Delhi",110034,salons,4.7,432,0,1,1,0,,10,OPERATIONAL
"N Salon- Pitampura, New Delhi","Pitampura, Delhi",110034,salons,4.5,483,0,1,1,0,,8,OPERATIONAL
"Looks Salon, Pacific Mall Netaji Subhash Place","Pitampura, Delhi",110034,salons,4.7,951,0,1,1,0,,6,OPERATIONAL
Geetanjali Salon,"Pitampura, Delhi",110034,salons,4.7,1164,0,1,1,0,,9,OPERATIONAL
Vintage luxury salon,"Pitampura, Delhi",110034,salons,4.8,363,0,0,1,0,,4,OPERATIONAL
Hair Villa,"Pitampura, Delhi",110034,salons,4.8,306,0,0,1,0,,5,OPERATIONAL
"Looks Salon, Shiva Enclave, Pitampura","Pitampura, Delhi",110034,salons,4.4,496,0,1,1,0,,5,OPERATIONAL
ABH Stores,"Pitampura, Delhi",110034,salons,4.6,797,0,0,0,0,,4,OPERATIONAL
JAZMY HAIR & BEAUTY LOUNGE,"Pitampura, Delhi",110034,salons,4.4,467,0,1,1,0,,12,OPERATIONAL
Kussh Sidana Salon,"Pitampura, Delhi",110034,salons,4.8,349,0,1,1,0,,9,OPERATIONAL
Almaya salon pitampura,"Pitampura, Delhi",110034,salons,4.9,39,0,1,1,0,,7,OPERATIONAL
Prive Salon,"Pitampura, Delhi",110034,salons,4.5,539,0,0,1,0,,5,OPERATIONAL
Sttylette Luxury Salon & Academy,"Pitampura, Delhi",110034,salons,4.7,591,0,0,1,0,,4,OPERATIONAL
FIT HARDY CLUB,"Pitampura, Delhi",110034,gyms,4.8,290,0,0,1,0,,6,OPERATIONAL
VAULT By Virat Kohli (Pitampura),"Pitampura, Delhi",110034,gyms,4.8,408,0,1,1,0,,6,OPERATIONAL
P Cube Fitness Pitampura,"Pitampura, Delhi",110034,gyms,4.5,129,0,1,1,0,,5,OPERATIONAL
XCEPTIION GYM AND YOGA,"Pitampura, Delhi",110034,gyms,4.7,112,0,1,1,0,,8,OPERATIONAL
"Cult Pitampura | Best Fitness Center in Pitampura, Delhi","Pitampura, Delhi",110085,gyms,4.4,395,0,1,1,0,,12,OPERATIONAL
"Cult Gym Pitampura | Best Gym in Pitampura, Delhi","Pitampura, Delhi",110034,gyms,4.2,141,0,1,1,0,,9,OPERATIONAL
Vajra The Gym,"Pitampura, Delhi",110034,gyms,4.8,92,0,0,1,0,,5,OPERATIONAL
Hyper The Gym,"Pitampura, Delhi",110034,gyms,4.6,229,0,0,1,0,,5,OPERATIONAL
XCEPTIION GYM AND YOGA,"Pitampura, Delhi",110034,gyms,4.4,289,0,1,1,0,,5,OPERATIONAL
Anytime Fitness,"Pitampura, Delhi",110034,gyms,4.7,76,0,1,1,0,,6,OPERATIONAL
Xceptiion Gym and Yoga,"Pitampura, Delhi",110034,gyms,4.5,151,0,1,1,0,,8,OPERATIONAL
Anytime Fitness,"Pitampura, Delhi",110034,gyms,4.0,379,0,1,1,0,,6,OPERATIONAL
Wavefit Pitampura,"Pitampura, Delhi",110034,gyms,4.4,97,0,1,1,0,,5,OPERATIONAL
THE GYM health planet,"Pitampura, Delhi",110034,gyms,4.1,215,0,1,1,0,,6,OPERATIONAL
"PRO ULTIMATE GYMS - RANIBAGH ROAD PITAMPURA, DELHI","Pitampura, Delhi",110034,gyms,4.2,126,0,0,1,0,,5,OPERATIONAL
Dynamic fitness studio|,"Pitampura, Delhi",110034,gyms,4.4,129,0,1,1,0,,5,OPERATIONAL
LA FITNESS,"Pitampura, Delhi",110034,gyms,5.0,10,0,1,1,0,,5,OPERATIONAL
Physio Flex Gym,"Pitampura, Delhi",110034,gyms,4.7,129,0,0,1,0,,5,OPERATIONAL
CultStrong Fitness,"Pitampura, Delhi",110034,gyms,4.8,257,0,0,1,0,,5,OPERATIONAL
Aphrodite Fitness,"Pitampura, Delhi",110034,gyms,4.9,55,0,1,1,0,,11,OPERATIONAL
Vastrachowk,"Pitampura, Delhi",110034,clothing stores,4.9,8060,0,1,1,0,,4,OPERATIONAL
KALKI Pitampura Delhi,"Pitampura, Delhi",110034,clothing stores,4.9,2915,0,1,1,0,,6,OPERATIONAL
Libas,"Pitampura, Delhi",110034,clothing stores,4.9,885,0,1,1,0,,5,OPERATIONAL
House of Araya,"Pitampura, Delhi",110034,clothing stores,4.8,381,0,1,1,0,,4,OPERATIONAL
Koskii,"Pitampura, Delhi",110034,clothing stores,4.9,1022,0,1,1,0,,5,OPERATIONAL
Raakhee Ohrii,"Pitampura, Delhi",110034,clothing stores,4.7,53,0,1,1,0,,7,OPERATIONAL
Creative Stop By Amit Behki,"Pitampura, Delhi",110034,clothing stores,4.4,381,0,0,1,0,,4,OPERATIONAL
Sri Ram & Son Pitampura,"Pitampura, Delhi",110034,clothing stores,5.0,303,0,1,1,0,,4,OPERATIONAL
Mauve Story Pitam Pura,"Pitampura, Delhi",110034,clothing stores,4.1,392,0,1,1,0,,5,OPERATIONAL
RAMNIYA,"Pitampura, Delhi",110034,clothing stores,4.7,109,0,0,1,0,,4,OPERATIONAL
BOYZ STREET,"Pitampura, Delhi",110034,clothing stores,3.9,898,0,0,1,0,,4,OPERATIONAL
SAMAYA,"Pitampura, Delhi",110034,clothing stores,4.8,200,0,1,1,0,,5,OPERATIONAL
"Pantaloons (Unity One Elegante Mall, New Delhi)","Pitampura, Delhi",110034,clothing stores,4.9,398,0,1,1,0,,5,OPERATIONAL
Srikriti,"Pitampura, Delhi",110034,clothing stores,4.6,1262,0,1,1,0,,6,OPERATIONAL
"Soch at Unity One Elegante, New Delhi","Pitampura, Delhi",110034,clothing stores,5.0,161,0,0,1,0,,5,OPERATIONAL
Increase Fashion,"Pitampura, Delhi",110034,clothing stores,4.7,149,0,0,1,0,,4,OPERATIONAL
M.Y.M Pitampura Delhi ( MYM ),"Pitampura, Delhi",110034,clothing stores,4.2,54,0,0,1,0,,5,OPERATIONAL
Manyavar & Mohey,"Pitampura, Delhi",110034,clothing stores,4.9,804,0,1,1,0,,5,OPERATIONAL
Phulkari By Pahnawa,"Pitampura, Delhi",110034,clothing stores,3.9,299,0,0,1,0,,7,OPERATIONAL
S Three Western Villa,"Pitampura, Delhi",110034,clothing stores,4.5,448,0,0,1,0,,7,OPERATIONAL
Kwality Bazaar,"Pitampura, Delhi",110034,grocery stores,4.0,1220,0,0,0,0,,7,OPERATIONAL
Rajmandir Hypermarket Pitampura,"Pitampura, Delhi",110034,grocery stores,4.0,1046,0,1,1,0,,8,OPERATIONAL
Vishal Mega Mart,"Pitampura, Delhi",110034,grocery stores,3.7,2291,0,1,1,0,,4,OPERATIONAL
MP Block Market,"Pitampura, Delhi",110034,grocery stores,3.9,1369,0,0,0,0,,3,OPERATIONAL
Sardaran Di Hatti | SDH | Nuts and More,"Pitampura, Delhi",110034,grocery stores,4.1,357,0,1,1,0,,6,OPERATIONAL
ND Block DDA Market.,"Pitampura, Delhi",110034,grocery stores,3.8,1776,0,0,1,0,,3,OPERATIONAL
CP Block Market,"Pitampura, Delhi",110034,grocery stores,3.8,272,0,0,0,0,,3,OPERATIONAL
Ms Departmental Store,"Pitampura, Delhi",110034,grocery stores,4.9,20,0,0,1,0,,7,OPERATIONAL
Shiva Market,"Pitampura, Delhi",110034,grocery stores,4.0,3056,0,1,0,0,,3,OPERATIONAL
Rohit Kunj Market,"Pitampura, Delhi",110034,grocery stores,3.8,1054,0,0,0,0,,3,OPERATIONAL
"Tibetan Market, Pitampura Village","Pitampura, Delhi",110034,grocery stores,3.9,701,0,1,0,0,,3,OPERATIONAL
Reliance SMART Superstore,"Pitampura, Delhi",110085,grocery stores,4.1,1429,0,1,1,0,,14,OPERATIONAL
GD Market,"Pitampura, Delhi",110034,grocery stores,4.0,48,0,0,0,0,,3,OPERATIONAL
Rajmandir Hypermarket Rani Bagh,"Pitampura, Delhi",110034,grocery stores,3.9,87,0,1,1,0,,7,OPERATIONAL
Bachat Bazaar,"Pitampura, Delhi",110085,grocery stores,4.1,517,0,0,1,0,,7,OPERATIONAL
JP Market,"Pitampura, Delhi",110034,grocery stores,3.9,967,0,0,0,0,,3,OPERATIONAL
CD Market,"Pitampura, Delhi",110034,grocery stores,3.9,658,0,0,1,0,,3,OPERATIONAL
DDA Market,"Pitampura, Delhi",110034,grocery stores,3.9,103,0,1,0,0,,3,OPERATIONAL
Electronics Mart - Pitampura,"Pitampura, Delhi",110034,electronics shops,4.6,307,0,1,1,0,,4,OPERATIONAL
VIJAY SALES - PITAM PURA,"Pitampura, Delhi",110088,electronics shops,4.6,9388,1,1,1,0,,5,OPERATIONAL
Electronic Paradise - Pitampura,"Pitampura, Delhi",110034,electronics shops,4.3,846,0,0,1,0,,4,OPERATIONAL
Vardhman Electronics | Pitampura | New Delhi,"Pitampura, Delhi",110034,electronics shops,3.9,306,0,1,1,0,,6,OPERATIONAL
SAINI ELECTRONICS,"Pitampura, Delhi",110034,electronics shops,4.7,87,0,1,1,0,,5,OPERATIONAL
LG Best Shop (Vardhman Electronics),"Pitampura, Delhi",110034,electronics shops,4.0,163,0,0,1,0,,4,OPERATIONAL
Croma - Pitampura,"Pitampura, Delhi",110034,electronics shops,4.5,2005,0,1,1,0,,5,OPERATIONAL
Reliance Digital,"Pitampura, Delhi",110034,electronics shops,4.8,6347,0,1,1,0,,4,OPERATIONAL
Nayyar Electronic World,"Pitampura, Delhi",110034,electronics shops,3.7,85,0,0,1,0,,4,OPERATIONAL
Kanchan Electronics,"Pitampura, Delhi",110034,electronics shops,4.0,43,0,1,1,0,,4,OPERATIONAL
TIWARI ELECTRONICS,"Pitampura, Delhi",110034,electronics shops,5.0,4,0,0,1,0,,4,OPERATIONAL
Mehar Electricals and Electronics,"Pitampura, Delhi",110034,electronics shops,5.0,3,0,0,1,0,,4,OPERATIONAL
Tarun Kohli Electrical Services,"Pitampura, Delhi",110034,electronics shops,4.8,36,0,0,1,0,,5,OPERATIONAL
Jain Electronics & Electricals,"Pitampura, Delhi",110034,electronics shops,3.8,6,0,0,1,0,,5,OPERATIONAL
VIJAY SALES - ROHINI,"Pitampura, Delhi",110085,electronics shops,4.6,11679,1,1,1,0,,5,OPERATIONAL
SIEMENS Brand Store-Audio Voice India (P) Ltd,"Pitampura, Delhi",110034,electronics shops,4.0,84,0,1,1,0,,4,OPERATIONAL
MBM Electrical,"Pitampura, Delhi",110034,electronics shops,4.4,19,0,0,1,0,,4,OPERATIONAL
"Shree Ganpati Electricals (Wholesale) | Wires, Switches & Fans | Pitampura Delhi","Pitampura, Delhi",110034,electronics shops,4.9,77,0,1,1,0,,4,OPERATIONAL
HP World - Pitampura,"Pitampura, Delhi",110034,electronics shops,4.2,508,0,1,1,0,,4,OPERATIONAL
Kanchan Radios,"Pitampura, Delhi",110034,electronics shops,4.4,53,0,0,1,0,,5,OPERATIONAL
Healing Touch Clinic | Best Internal Medicine Doctor in Pitampura | best infectious disease doctors in delhi,"Pitampura, Delhi",110034,clinics,5.0,24,0,0,1,0,,4,OPERATIONAL
Kaya Clinic,"Pitampura, Delhi",110034,clinics,4.8,1868,0,1,1,0,,5,OPERATIONAL
MANSHA CLINIC (Skin Specialist / Child Specialist / Dermatologist / Paediatrician),"Pitampura, Delhi",110034,clinics,4.9,146,0,1,0,0,,5,OPERATIONAL
Healthy Human Clinics,"Pitampura, Delhi",110034,clinics,4.5,114,0,1,1,0,,4,OPERATIONAL
Bbeauters beauty & wellness clinic,"Pitampura, Delhi",110034,clinics,4.9,430,0,0,0,0,,9,OPERATIONAL
Dr. Tanudeep Kaur- Best Obstetrician & Cosmetic Gynecologist and UroGynecologist Doctor in Pitampura,"Pitampura, Delhi",110034,clinics,5.0,516,0,1,1,0,,5,OPERATIONAL
Nanda Diagnostics,"Pitampura, Delhi",110034,clinics,4.6,3226,0,1,1,0,,4,OPERATIONAL
Dr Surjit Mehta - Skin & Hair Specialist,"Pitampura, Delhi",110034,clinics,4.4,190,0,1,1,0,,9,OPERATIONAL
Clinic Dermatech Pitampura,"Pitampura, Delhi",110034,clinics,4.9,356,0,1,1,0,,13,OPERATIONAL
THE SPECIALIST CLINIC,"Pitampura, Delhi",110034,clinics,4.7,27,0,1,1,0,,6,OPERATIONAL
Breathe & Balance ENT & Allergy Clinic,"Pitampura, Delhi",110034,clinics,5.0,79,0,0,1,0,,4,OPERATIONAL
Hemraj Jain Hospital,"Pitampura, Delhi",110034,clinics,4.8,661,0,0,1,0,,5,OPERATIONAL
Jagmohan Bone and Joint Clinic,"Pitampura, Delhi",110034,clinics,4.9,139,0,0,1,0,,5,OPERATIONAL
Bliss Derma Clinic Pitampura,"Pitampura, Delhi",110034,clinics,4.5,10,0,1,0,0,,4,OPERATIONAL
Vijay Clinic,"Pitampura, Delhi",110034,clinics,4.4,23,0,1,1,0,,4,OPERATIONAL
Twacha Clinic,"Pitampura, Delhi",110034,clinics,4.5,124,0,1,1,0,,11,OPERATIONAL
Dantam - Dental & Aesthetics Clinic [Dr. Shubhra's] | Best Dental Clinic Pitampura,"Pitampura, Delhi",110034,clinics,4.9,117,0,1,1,0,,12,OPERATIONAL
Prabhuved Multispeciality Clinic,"Pitampura, Delhi",110034,clinics,4.7,15,0,0,1,0,,8,OPERATIONAL
Truly Derma Clinic - Pitampura,"Pitampura, Delhi",110034,clinics,4.8,149,0,1,1,0,,11,OPERATIONAL
Sachdeva Diagnostics - Ultrasound | Doppler I NT Scan | LAB | X-RAY | Health Packages | LifeCell,"Pitampura, Delhi",110034,clinics,4.8,829,0,1,1,0,,5,OPERATIONAL
Puri Bakers,"Pitampura, Delhi",110034,bakeries,4.3,2861,0,0,1,1,2.0,6,OPERATIONAL
The Bearded Baker,"Pitampura, Delhi",110034,bakeries,4.6,105,0,0,1,0,,6,OPERATIONAL
Cake Emporium,"Pitampura, Delhi",110034,bakeries,4.8,409,0,0,1,0,,6,OPERATIONAL
Kwality baker's,"Pitampura, Delhi",110034,bakeries,4.7,136,0,0,1,0,,6,OPERATIONAL
My Butter Half Bakery-Café,"Pitampura, Delhi",110034,bakeries,4.6,183,0,0,1,0,,7,OPERATIONAL
"Premsay Bakehouse - Bakery, Fast food & Gift Hampers","Pitampura, Delhi",110034,bakeries,4.0,711,0,1,1,1,2.0,8,OPERATIONAL
The Sugar Plum,"Pitampura, Delhi",110034,bakeries,4.6,100,0,1,1,0,,6,OPERATIONAL
Breads and Moulds,"Pitampura, Delhi",110034,bakeries,4.4,111,0,1,1,0,,6,OPERATIONAL
De Bakery Junction - The cake shoppe DBJ,"Pitampura, Delhi",110034,bakeries,4.7,180,0,1,1,1,2.0,15,OPERATIONAL
"My Choice Bakery : Birthday, Wedding, Bento Cakes, Bakery shop in Pitampura Delhi","Pitampura, Delhi",110034,bakeries,4.2,103,0,0,1,0,,9,OPERATIONAL
Singh Bakery,"Pitampura, Delhi",110034,bakeries,4.2,267,0,1,1,1,2.0,6,OPERATIONAL
New Sharma Bakers & Confectioners,"Pitampura, Delhi",110034,bakeries,4.4,180,0,1,1,1,2.0,8,OPERATIONAL
Bakery Wala The Cake Shop,"Pitampura, Delhi",110085,bakeries,4.2,755,0,0,1,1,2.0,6,OPERATIONAL
Partilicious-The Bakers Hub,"Pitampura, Delhi",110034,bakeries,4.6,54,0,0,1,0,,6,OPERATIONAL
Shortcrust Bakes,"Pitampura, Delhi",110034,bakeries,4.4,74,0,1,1,0,,6,OPERATIONAL
Make My Day,"Pitampura, Delhi",110034,bakeries,4.5,141,0,1,0,1,1.0,8,OPERATIONAL
Bakerz Lodge,"Pitampura, Delhi",110034,bakeries,4.1,82,0,0,1,0,,6,OPERATIONAL
Cookies & Crumbs by Devaagya,"Pitampura, Delhi",110034,bakeries,5.0,111,0,1,1,0,,6,OPERATIONAL
SFB Cookies | Rani Bagh,"Pitampura, Delhi",110034,bakeries,4.4,286,0,1,1,1,2.0,6,OPERATIONAL
Apollo Pharmacy Pitampura SU Block,"Pitampura, Delhi",110034,pharmacies,4.6,65,0,1,1,0,,8,OPERATIONAL
Apollo Pharmacy Pitampura JP Market,"Pitampura, Delhi",110034,pharmacies,4.0,63,0,1,1,0,,8,OPERATIONAL
ZEELAB Pharmacy - Pitampura,"Pitampura, Delhi",110034,pharmacies,4.8,125,0,1,1,0,,5,OPERATIONAL
Apollo Pharmacy Pitampura,"Pitampura, Delhi",110034,pharmacies,4.5,41,0,1,1,0,,8,OPERATIONAL
Apollo Pharmacy - Saraswati Vihar,"Pitampura, Delhi",110034,pharmacies,4.3,42,0,1,1,0,,9,OPERATIONAL
Apollo Pharmacy Hauz Khas,"Pitampura, Delhi",110034,pharmacies,3.7,27,0,1,1,0,,8,OPERATIONAL
Zeelab Pharmacy - Jp Block Pitampura,"Pitampura, Delhi",110034,pharmacies,4.9,200,0,1,1,0,,5,OPERATIONAL
StayHappi Pharmacy,"Pitampura, Delhi",110034,pharmacies,4.0,46,0,0,1,0,,5,OPERATIONAL
JP Pharma,"Pitampura, Delhi",110034,pharmacies,4.7,13,0,0,1,0,,5,OPERATIONAL
LINE PHARMACY,"Pitampura, Delhi",110034,pharmacies,4.7,3,0,0,1,0,,6,OPERATIONAL
City Pharmacy chhikara and sons,"Pitampura, Delhi",110034,pharmacies,5.0,2,0,0,1,0,,5,OPERATIONAL
YASH MEDICOS,"Pitampura, Delhi",110034,pharmacies,4.7,16,0,0,1,0,,5,OPERATIONAL
Chawla Medicos,"Pitampura, Delhi",110034,pharmacies,4.8,22,0,1,1,0,,5,OPERATIONAL
Apollo Pharmacy Rishi Nagar Rani Bagh,"Pitampura, Delhi",110034,pharmacies,3.8,54,0,1,1,0,,9,OPERATIONAL
Nitin Drug & Departmental Store,"Pitampura, Delhi",110034,pharmacies,3.7,22,0,0,1,0,,5,OPERATIONAL
Aggarwal Medicos,"Pitampura, Delhi",110034,pharmacies,4.1,10,0,0,1,0,,5,OPERATIONAL
Good Health For All Chemist,"Pitampura, Delhi",110034,pharmacies,4.4,11,0,0,1,0,,6,OPERATIONAL
Pal Chemists,"Pitampura, Delhi",110034,pharmacies,4.8,9,0,0,1,0,,5,OPERATIONAL
NEW Deepali Medicos,"Pitampura, Delhi",110034,pharmacies,4.0,21,0,0,1,0,,5,OPERATIONAL
Aashish Pharmacy,"Pitampura, Delhi",110034,pharmacies,3.6,5,0,0,1,0,,5,OPERATIONAL
Simran study circle,"Pitampura, Delhi",110034,tutoring centers,4.9,371,0,1,1,0,,5,OPERATIONAL
EXCELLENT TUTORS BUREAU AND EDUCATION CONSULTANT,"Pitampura, Delhi",110034,tutoring centers,5.0,156,0,1,1,0,,3,OPERATIONAL
Singh tutorials (home tuitions),"Pitampura, Delhi",110034,tutoring centers,4.9,62,0,1,1,0,,3,OPERATIONAL
Mathematics 360° - Maths Classes & Education Center in Pitampura,"Pitampura, Delhi",110034,tutoring centers,5.0,107,0,1,1,0,,5,OPERATIONAL
Torrent Tutorials,"Pitampura, Delhi",110034,tutoring centers,5.0,39,0,0,1,0,,2,OPERATIONAL
Tuition Centre -The Lamp,"Pitampura, Delhi",110034,tutoring centers,4.9,73,0,0,1,0,,3,OPERATIONAL
R.S. Coaching (Rachit Sir Classes) Best Coaching Classes,"Pitampura, Delhi",110034,tutoring centers,5.0,70,0,1,1,0,,8,OPERATIONAL
R & R Study Point,"Pitampura, Delhi",110034,tutoring centers,4.7,149,0,1,1,0,,5,OPERATIONAL
Shiksha Tuition Centre,"Pitampura, Delhi",110034,tutoring centers,5.0,11,0,0,1,0,,2,OPERATIONAL
Just Maths (Tuition from VI to XII),"Pitampura, Delhi",110034,tutoring centers,5.0,118,0,1,1,0,,5,OPERATIONAL
EduGyani (Institutes and Home Tutors),"Pitampura, Delhi",110034,tutoring centers,4.9,15,0,1,1,0,,4,OPERATIONAL
BYJU'S Tuition Centre - Pitampura,"Pitampura, Delhi",110034,tutoring centers,4.5,32,0,1,1,0,,2,OPERATIONAL
Youth's Mind Tutorial,"Pitampura, Delhi",110034,tutoring centers,5.0,58,0,0,1,0,,2,OPERATIONAL
SS TUITION CENTER,"Pitampura, Delhi",110034,tutoring centers,5.0,14,0,0,1,0,,3,OPERATIONAL
Cuemath Center - Best Math Tuition Classes,"Pitampura, Delhi",110034,tutoring centers,5.0,20,0,1,1,0,,4,OPERATIONAL
Ujjwwal Madan's Maths Classes (A2S Institute),"Pitampura, Delhi",110034,tutoring centers,4.9,99,0,1,1,0,,2,OPERATIONAL
"MSM Institute, Pitampura","Pitampura, Delhi",110034,tutoring centers,5.0,91,0,0,1,0,,2,OPERATIONAL
Tathastu Education,"Pitampura, Delhi",110034,tutoring centers,4.9,215,0,1,1,0,,5,OPERATIONAL
Top Tutors,"Pitampura, Delhi",110034,tutoring centers,5.0,3,0,1,1,0,,3,OPERATIONAL
HOME TUTORS IN PITAMPURA,"Pitampura, Delhi",110034,tutoring centers,5.0,3,0,0,0,0,,2,OPERATIONAL
RAJESH FURNITURE,"Pitampura, Delhi",110034,furniture stores,4.2,115,0,0,1,0,,10,OPERATIONAL
Pragti Furnitures,"Pitampura, Delhi",110085,furniture stores,2.7,59,0,0,1,0,,8,OPERATIONAL
Surprise Furnishings,"Pitampura, Delhi",110034,furniture stores,3.9,155,0,1,1,0,,4,OPERATIONAL
"Godrej Interio - Modular Kitchen Gallery in Pitampura, New Delhi","Pitampura, Delhi",110034,furniture stores,5.0,19,0,1,1,0,,6,OPERATIONAL
Home Centre - Elegante Mall,"Pitampura, Delhi",110034,furniture stores,4.5,24,0,1,1,0,,8,OPERATIONAL
Bhutani Furniture,"Pitampura, Delhi",110034,furniture stores,3.8,29,0,1,1,0,,7,OPERATIONAL
Sewa Gift Palace Pvt. Ltd.,"Pitampura, Delhi",110034,furniture stores,4.7,1508,0,1,1,0,,10,OPERATIONAL
ULike Furnishings |Curtains| Bedsheets| Towels| BedCovers| Blankets| Carpet| Mattress |Home Decor| Furnitures,"Pitampura, Delhi",110034,furniture stores,4.7,75,0,1,1,0,,6,OPERATIONAL
LIVING HOME FURNISHING,"Pitampura, Delhi",110034,furniture stores,5.0,15,0,1,1,0,,7,OPERATIONAL
Greh Sajjaa - Home Furnishing Store,"Pitampura, Delhi",110034,furniture stores,4.6,124,0,1,1,0,,9,OPERATIONAL
"M.S.EMPORIUM-PITAMPURA-DELHI-GOPALMANDIR ROAD. BEDSHEETS, TOWELS,SPRINGWELL MATTRESS, CURTAINS,HOME-FURNISHINGS","Pitampura, Delhi",110034,furniture stores,4.9,56,0,1,1,0,,8,OPERATIONAL
LHF- Best Exclusive Home Furnishing Store || LIVING HOME FURNISHING- Pitampura,"Pitampura, Delhi",110034,furniture stores,5.0,5,0,1,1,0,,5,OPERATIONAL
Ram Handloom Emporium Pvt. Ltd.,"Pitampura, Delhi",110034,furniture stores,4.1,728,0,1,1,0,,9,OPERATIONAL
Tusk Salon and Spa Furniture,"Pitampura, Delhi",110034,furniture stores,4.5,45,0,0,0,0,,4,OPERATIONAL
"Home Centre - Rohini, Sector 10","Pitampura, Delhi",110085,furniture stores,4.0,89,0,1,1,0,,6,OPERATIONAL
Ram Sofa Repair Center,"Pitampura, Delhi",110034,furniture stores,4.8,154,0,1,1,0,,4,OPERATIONAL
Wow Kitchens,"Pitampura, Delhi",110034,furniture stores,4.8,131,0,1,1,0,,6,OPERATIONAL
LIVING MODULARS,"Pitampura, Delhi",110034,furniture stores,5.0,14,0,1,1,0,,6,OPERATIONAL
SLEEPWELL GALLERY PITAMPURA - Ace Comfort Gallery,"Pitampura, Delhi",110034,furniture stores,4.9,798,0,1,1,0,,6,OPERATIONAL
GUPTA MOBILE TELECOM,"Pitampura, Delhi",110034,mobile shops,5.0,814,0,0,1,0,,6,OPERATIONAL
A J RETAILS MOBILE SHOP,"Pitampura, Delhi",110034,mobile shops,4.7,166,0,1,1,0,,4,OPERATIONAL
Teleworld TechBox,"Pitampura, Delhi",110034,mobile shops,4.7,251,0,0,1,0,,5,OPERATIONAL
Mobiles And You - Doorstep Service,"Pitampura, Delhi",110034,mobile shops,4.9,528,0,0,0,0,,5,OPERATIONAL
Arora Tele Shop,"Pitampura, Delhi",110034,mobile shops,4.4,156,0,0,1,0,,5,OPERATIONAL
Tarun Mobile Shoppe,"Pitampura, Delhi",110034,mobile shops,4.6,20,0,0,1,0,,4,OPERATIONAL
Venus Mobile Zone,"Pitampura, Delhi",110034,mobile shops,5.0,52,0,0,1,0,,4,OPERATIONAL
Navkar Communication,"Pitampura, Delhi",110034,mobile shops,4.8,61,0,0,1,0,,4,OPERATIONAL
KIYANSH MOBILE HUB,"Pitampura, Delhi",110034,mobile shops,4.9,87,0,0,1,0,,4,OPERATIONAL
JJ Communication,"Pitampura, Delhi",110085,mobile shops,4.0,11077,1,0,0,0,,5,OPERATIONAL
Bansal Telecoms,"Pitampura, Delhi",110085,mobile shops,4.0,248,0,0,1,0,,5,OPERATIONAL
Wonder Mobile And Computers,"Pitampura, Delhi",110034,mobile shops,4.8,196,0,1,0,0,,6,OPERATIONAL
Bansal Telecom,"Pitampura, Delhi",110034,mobile shops,4.9,15,0,0,1,0,,3,OPERATIONAL
Tele Point - Authorised Mobile Phone Dealer.,"Pitampura, Delhi",110034,mobile shops,3.8,12,0,0,1,0,,4,OPERATIONAL
Teleworld mobile pvt. ltd.,"Pitampura, Delhi",110034,mobile shops,5.0,8,0,0,0,0,,4,OPERATIONAL
Samsung Experience Store Rani Bagh,"Pitampura, Delhi",110034,mobile shops,4.1,208,0,1,1,0,,6,OPERATIONAL
Delhi Diamonds Jeweller - Best Jewellers in Delhi,"Pitampura, Delhi",110034,jewellery shops,4.9,956,0,1,1,0,,8,OPERATIONAL
BlueStone Jewellery Pitampura,"Pitampura, Delhi",110034,jewellery shops,4.9,1585,0,1,1,0,,8,OPERATIONAL
Malabar Gold and Diamonds - Pitam Pura - Delhi,"Pitampura, Delhi",110034,jewellery shops,4.8,4021,0,1,1,0,,4,OPERATIONAL
Vasundhra Jewellers,"Pitampura, Delhi",110034,jewellery shops,4.8,547,0,1,1,0,,4,OPERATIONAL
"Mahabir Danwar Jewellers - Diamond and Gold Jewellery Shop | Jadau, Polki, Kundan Jewellery Shop | Pitam Pura, Delhi","Pitampura, Delhi",110034,jewellery shops,4.9,679,0,0,1,0,,8,OPERATIONAL
"Mia by Tanishq - Kohat Enclave, Pitampura","Pitampura, Delhi",110034,jewellery shops,5.0,332,0,1,1,0,,5,OPERATIONAL
Raghuram Jeweller - Best Jewellers in Delhi,"Pitampura, Delhi",110034,jewellery shops,4.9,734,0,1,1,0,,9,OPERATIONAL
"CaratLane Jewellery Pitampura, Delhi","Pitampura, Delhi",110034,jewellery shops,4.9,1567,0,1,1,0,,5,OPERATIONAL
Gahna Jewellers | Best Jewellers In Pitampura |,"Pitampura, Delhi",110088,jewellery shops,4.8,88,0,1,1,0,,4,OPERATIONAL
Senco Gold & Diamonds- PitamPura,"Pitampura, Delhi",110034,jewellery shops,4.8,724,0,1,1,0,,6,OPERATIONAL
Kalyan Jewellers - Pitampura,"Pitampura, Delhi",110034,jewellery shops,4.8,473,0,1,1,0,,4,OPERATIONAL
Amyra jewels,"Pitampura, Delhi",110034,jewellery shops,5.0,2666,0,1,0,0,,4,OPERATIONAL
P.P. Jewellers,"Pitampura, Delhi",110034,jewellery shops,4.4,1869,0,1,1,0,,4,OPERATIONAL
"Sirius Jewels | Diamond Jewellery in Kohat Enclave, Pitampura, Delhi","Pitampura, Delhi",110034,jewellery shops,4.9,287,0,1,1,0,,4,OPERATIONAL
Singla jewellers pvt ltd - Pitampura,"Pitampura, Delhi",110034,jewellery shops,4.3,48,0,0,1,0,,4,OPERATIONAL
SUNAAR THE JEWELLER,"Pitampura, Delhi",110034,jewellery shops,4.9,679,0,1,1,0,,4,OPERATIONAL
Tanishq Jewellery - Delhi - Pithampura,"Pitampura, Delhi",110034,jewellery shops,4.6,2291,0,1,1,0,,6,OPERATIONAL
Pyare Lal Jaggannath Saraf,"Pitampura, Delhi",110034,jewellery shops,4.9,197,0,1,1,0,,7,OPERATIONAL
Soni Sapphire,"Pitampura, Delhi",110027,jewellery shops,4.7,338,0,0,1,0,,4,OPERATIONAL
Touch925- Pure Silver Jewellery & Gifting Essentials | Pitampura,"Pitampura, Delhi",110034,jewellery shops,5.0,15,0,1,1,0,,4,OPERATIONAL
HARDWARE GALLERY | Ozone Dealer,"Pitampura, Delhi",110034,hardware stores,4.7,191,0,1,1,0,,6,OPERATIONAL
Vijay Trading Co. | Best Paints and Hardware Shop in Pitampura,"Pitampura, Delhi",110034,hardware stores,5.0,27,0,0,1,0,,10,OPERATIONAL
Sona Hardware,"Pitampura, Delhi",110034,hardware stores,4.4,70,0,1,1,0,,6,OPERATIONAL
S.R Hardware,"Pitampura, Delhi",110034,hardware stores,4.8,48,0,0,1,0,,5,OPERATIONAL
Jain Hardware Store,"Pitampura, Delhi",110034,hardware stores,4.2,55,0,0,0,0,,6,OPERATIONAL
Hardware House,"Pitampura, Delhi",110034,hardware stores,5.0,15,0,0,1,0,,5,OPERATIONAL
Bhola Hardware Store,"Pitampura, Delhi",110034,hardware stores,4.5,13,0,0,1,0,,5,OPERATIONAL
A S Hardware & Modular Kitchen,"Pitampura, Delhi",110034,hardware stores,4.9,12,0,1,1,0,,5,OPERATIONAL
BHARAT TOOLS & HARDWARE STORE,"Pitampura, Delhi",110034,hardware stores,4.2,12,0,0,1,0,,5,OPERATIONAL
Hafele Studio Partner - Hardware World,"Pitampura, Delhi",110034,hardware stores,5.0,77,0,1,1,0,,8,OPERATIONAL
Rama Market,"Pitampura, Delhi",110034,hardware stores,3.9,817,0,1,1,0,,5,OPERATIONAL
Arya Ji Plywood and Hardware,"Pitampura, Delhi",110034,hardware stores,4.3,46,0,0,1,0,,7,OPERATIONAL
Amit Hardware and Tools,"Pitampura, Delhi",110034,hardware stores,4.2,6,0,0,1,0,,5,OPERATIONAL
Master Hardware,"Pitampura, Delhi",110034,hardware stores,4.0,2,0,0,1,0,,5,OPERATIONAL
Hanuman Sanitary & Hardware Store,"Pitampura, Delhi",110034,hardware stores,3.9,18,0,0,1,0,,8,OPERATIONAL
ML hardware,"Pitampura, Delhi",110034,hardware stores,5.0,4,0,1,1,0,,5,OPERATIONAL
MPG Hardware | Kitchen | Wardrobe | Furniture,"Pitampura, Delhi",110034,hardware stores,4.1,127,0,1,1,0,,5,OPERATIONAL
Gulshan Hardware & Sanitaryware(Authorised Dealer /Wholesaler Hettich),"Pitampura, Delhi",110034,hardware stores,4.4,5,0,0,1,0,,5,OPERATIONAL
Goyal Sanitary & H/w Electric Store,"Pitampura, Delhi",110034,hardware stores,5.0,12,0,0,1,0,,8,OPERATIONAL
Kaarobaar - The मॉडर्न-Desi Bistro,"Rajendra Nagar, Delhi",110060,restaurants,4.2,1816,0,1,1,1,2.0,4,OPERATIONAL
Lanterns Kitchen & Bar,"Rajendra Nagar, Delhi",110008,restaurants,4.0,3492,0,1,1,1,2.0,11,OPERATIONAL
Temple Street – South Indian & Multi Cuisine Restaurant,"Rajendra Nagar, Delhi",110060,restaurants,4.5,5525,0,1,1,1,2.0,8,OPERATIONAL
Heaven Of Barbeque,"Rajendra Nagar, Delhi",110060,restaurants,4.9,30,0,0,1,0,,4,OPERATIONAL
Mughal Mahal Restaurant,"Rajendra Nagar, Delhi",110008,restaurants,3.9,1091,0,1,1,1,3.0,6,OPERATIONAL
PABLO’Z,"Rajendra Nagar, Delhi",110060,restaurants,4.8,83,0,0,1,0,,4,OPERATIONAL
Sorra Delhi,"Rajendra Nagar, Delhi",110005,restaurants,4.0,181,0,0,1,0,,4,OPERATIONAL
Cafe Resto,"Rajendra Nagar, Delhi",110060,restaurants,4.8,1169,0,1,1,0,,7,OPERATIONAL
The Yellow Bowl,"Rajendra Nagar, Delhi",110060,restaurants,4.6,143,0,1,1,0,,4,OPERATIONAL
chill n grill,"Rajendra Nagar, Delhi",110008,restaurants,4.3,371,0,0,1,1,2.0,5,OPERATIONAL
Flavours Of Punjab Restaurant,"Rajendra Nagar, Delhi",110060,restaurants,4.0,1132,0,0,1,1,2.0,4,OPERATIONAL
By The Wok : Your Everyday Chinese Bistro,"Rajendra Nagar, Delhi",110060,restaurants,4.7,440,0,0,1,0,,5,OPERATIONAL
The Galaxy,"Rajendra Nagar, Delhi",110060,restaurants,4.7,98,0,0,1,0,,4,OPERATIONAL
Talli Station Rajendra Place,"Rajendra Nagar, Delhi",110008,restaurants,4.1,536,0,1,1,1,2.0,9,OPERATIONAL
Our Adda,"Rajendra Nagar, Delhi",110060,restaurants,4.9,73,0,0,1,0,,4,OPERATIONAL
SUZIE WONG,"Rajendra Nagar, Delhi",110060,restaurants,4.8,286,0,1,1,0,,7,OPERATIONAL
Mama's restaurant,"Rajendra Nagar, Delhi",110060,restaurants,3.8,1263,0,1,1,1,2.0,6,OPERATIONAL
Dream of Chef,"Rajendra Nagar, Delhi",110060,restaurants,4.7,101,0,0,1,0,,4,OPERATIONAL
Food Bus Of India,"Rajendra Nagar, Delhi",110060,restaurants,4.6,4407,0,1,1,1,2.0,5,OPERATIONAL
TREE HOUSE CAFE,"Rajendra Nagar, Delhi",110060,cafes,4.7,530,0,0,1,0,,4,OPERATIONAL
Josie's Coffee House,"Rajendra Nagar, Delhi",110060,cafes,4.2,751,0,0,1,0,,4,OPERATIONAL
Chalet 33,"Rajendra Nagar, Delhi",110060,cafes,4.6,145,0,0,1,0,,4,OPERATIONAL
The SUK™,"Rajendra Nagar, Delhi",110060,cafes,4.8,203,0,1,1,0,,7,OPERATIONAL
Chérie’s,"Rajendra Nagar, Delhi",110060,cafes,4.7,89,0,0,1,0,,4,OPERATIONAL
BON TEMPS Cafe,"Rajendra Nagar, Delhi",110060,cafes,4.7,52,0,1,1,0,,7,OPERATIONAL
Koffeana,"Rajendra Nagar, Delhi",110060,cafes,4.0,168,0,0,1,0,,4,OPERATIONAL
Dilli Coffee Adda,"Rajendra Nagar, Delhi",110060,cafes,4.9,32,0,0,0,0,,7,OPERATIONAL
YORE CAFE,"Rajendra Nagar, Delhi",110060,cafes,4.8,31,0,1,0,0,,9,OPERATIONAL
Nobby's Cafe,"Rajendra Nagar, Delhi",110008,cafes,4.9,684,0,1,1,0,,4,OPERATIONAL
Letzz Coffee,"Rajendra Nagar, Delhi",110060,cafes,4.8,137,0,0,0,0,,7,OPERATIONAL
Sip Out,"Rajendra Nagar, Delhi",110060,cafes,4.7,83,0,0,1,0,,4,OPERATIONAL
Cafe Melanza,"Rajendra Nagar, Delhi",110060,cafes,5.0,29,0,0,0,0,,7,OPERATIONAL
TSP Cafe,"Rajendra Nagar, Delhi",110060,cafes,4.9,37,0,0,1,0,,5,OPERATIONAL
Chai Coffee Chili,"Rajendra Nagar, Delhi",110008,cafes,4.9,86,0,0,1,0,,4,OPERATIONAL
Coffee Leela,"Rajendra Nagar, Delhi",,cafes,4.9,202,0,1,1,0,,7,OPERATIONAL
Zuba Beauty And Hair Salon,"Rajendra Nagar, Delhi",110060,salons,4.8,1936,0,1,1,0,,4,OPERATIONAL
Zuba Men’s Salon,"Rajendra Nagar, Delhi",110060,salons,4.8,863,0,1,1,0,,5,OPERATIONAL
"Looks Salon, New Rajinder Nagar","Rajendra Nagar, Delhi",110060,salons,4.7,650,0,1,1,0,,5,OPERATIONAL
Zuba Men’s Grooming Salon,"Rajendra Nagar, Delhi",110060,salons,4.8,1062,0,1,1,0,,7,OPERATIONAL
bharti's,"Rajendra Nagar, Delhi",110060,salons,4.8,754,0,0,1,0,,5,OPERATIONAL
"Makeover Studio - Unisex Salon for Hair, Skin & Makeup","Rajendra Nagar, Delhi",110060,salons,5.0,14,0,0,1,0,,11,OPERATIONAL
Highlights Ladies Salon,"Rajendra Nagar, Delhi",110060,salons,4.5,120,0,1,1,0,,4,OPERATIONAL
Holic unisex salon,"Rajendra Nagar, Delhi",110060,salons,4.7,64,0,0,1,0,,5,OPERATIONAL
NS3 unisex salon,"Rajendra Nagar, Delhi",110060,salons,5.0,52,0,0,0,0,,4,OPERATIONAL
Hair Masters Luxury Salon,"Rajendra Nagar, Delhi",110060,salons,3.8,512,0,1,1,0,,7,OPERATIONAL
Simrann's Salon,"Rajendra Nagar, Delhi",110060,salons,4.6,142,0,1,1,0,,4,OPERATIONAL
The Beauty Hub | Beauty Parlour for Ladies in Rajender Nagar,"Rajendra Nagar, Delhi",110060,salons,4.9,50,0,1,1,0,,4,OPERATIONAL
Violet Studio,"Rajendra Nagar, Delhi",110060,salons,4.9,248,0,1,1,0,,5,OPERATIONAL
A MOI Salon,"Rajendra Nagar, Delhi",110060,salons,5.0,21,0,1,0,0,,4,OPERATIONAL
Ash Beauty Salon - Best Salon in Delhi,"Rajendra Nagar, Delhi",110060,salons,3.8,247,0,1,1,0,,4,OPERATIONAL
ADA HAIR & BEAUTY STUDIO,"Rajendra Nagar, Delhi",110060,salons,4.7,67,0,0,1,0,,4,OPERATIONAL
Elit Beauty Salon,"Rajendra Nagar, Delhi",110060,salons,4.0,82,0,0,1,0,,7,OPERATIONAL
AQUARIUX BEAUTY SALON,"Rajendra Nagar, Delhi",110060,salons,4.9,31,0,0,1,0,,4,OPERATIONAL
Ravishing Hair and Make Up Studio,"Rajendra Nagar, Delhi",110060,salons,4.9,67,0,0,1,0,,4,OPERATIONAL
The Sallure Luxury Salon,"Rajendra Nagar, Delhi",110008,salons,4.9,598,0,1,0,0,,14,OPERATIONAL
TrueFitnessClub,"Rajendra Nagar, Delhi",110060,gyms,5.0,270,0,0,1,0,,5,OPERATIONAL
The Emerald GYM,"Rajendra Nagar, Delhi",110060,gyms,4.9,160,0,0,1,0,,5,OPERATIONAL
FIT FLUENCE GYM,"Rajendra Nagar, Delhi",110060,gyms,5.0,94,0,0,1,0,,5,OPERATIONAL
Good Life Fitness,"Rajendra Nagar, Delhi",110060,gyms,4.6,441,0,1,1,0,,11,OPERATIONAL
Stay sassy fitness zone,"Rajendra Nagar, Delhi",110060,gyms,4.9,110,0,1,1,0,,6,OPERATIONAL
"Cult Gym New Rajinder Nagar, Delhi | Best Gym in Rajinder Nagar, Delhi","Rajendra Nagar, Delhi",110060,gyms,3.8,238,0,1,1,0,,13,OPERATIONAL
Your Fitness Point Gym,"Rajendra Nagar, Delhi",110060,gyms,4.9,36,0,1,1,0,,5,OPERATIONAL
Two Bulls Gym,"Rajendra Nagar, Delhi",110060,gyms,4.7,146,0,0,1,0,,6,OPERATIONAL
JK Fitness Club,"Rajendra Nagar, Delhi",110060,gyms,4.6,160,0,0,1,0,,5,OPERATIONAL
Muscle Junkie - Pusa Road,"Rajendra Nagar, Delhi",110005,gyms,4.2,107,0,0,1,0,,5,OPERATIONAL
P-Academy Gym-Love Your Body,"Rajendra Nagar, Delhi",110060,gyms,4.8,51,0,0,1,0,,5,OPERATIONAL
Two bulls gym,"Rajendra Nagar, Delhi",110060,gyms,5.0,13,0,0,0,0,,6,OPERATIONAL
Intensity Gym & Fitness Studio,"Rajendra Nagar, Delhi",110060,gyms,4.5,85,0,0,1,0,,5,OPERATIONAL
FUSION dance and fitness studio,"Rajendra Nagar, Delhi",110060,gyms,4.8,115,0,0,1,0,,16,OPERATIONAL
"Iron curls, unisex gym","Rajendra Nagar, Delhi",110060,gyms,4.8,5,0,0,1,0,,5,OPERATIONAL
Muscle officer gym,"Rajendra Nagar, Delhi",110060,gyms,5.0,2,0,0,1,0,,5,OPERATIONAL
Guys N Gals,"Rajendra Nagar, Delhi",110060,clothing stores,4.6,95,0,0,1,0,,4,OPERATIONAL
Walk In Style,"Rajendra Nagar, Delhi",110060,clothing stores,4.6,56,0,1,1,0,,5,OPERATIONAL
"Pantaloons (Pusa Road, New Delhi)","Rajendra Nagar, Delhi",110005,clothing stores,4.9,486,0,1,1,0,,5,OPERATIONAL
Brands Basement,"Rajendra Nagar, Delhi",110060,clothing stores,3.9,30,0,0,1,0,,4,OPERATIONAL
Ruchi's,"Rajendra Nagar, Delhi",110060,clothing stores,4.1,66,0,1,1,0,,5,OPERATIONAL
WAVES EXPORT & BRANDED SURPLUS,"Rajendra Nagar, Delhi",110060,clothing stores,4.8,136,0,0,1,0,,7,OPERATIONAL
Sultana Clothing,"Rajendra Nagar, Delhi",110060,clothing stores,4.7,29,0,1,1,0,,4,OPERATIONAL
Roop Vatika by Raj Arora,"Rajendra Nagar, Delhi",110060,clothing stores,4.6,1339,0,1,1,0,,4,OPERATIONAL
Jannat Couture,"Rajendra Nagar, Delhi",110060,clothing stores,3.9,15,0,0,0,0,,4,OPERATIONAL
Silver Stitch,"Rajendra Nagar, Delhi",110060,clothing stores,4.4,46,0,1,1,0,,4,OPERATIONAL
Mode Ego,"Rajendra Nagar, Delhi",110060,clothing stores,4.1,14,0,0,1,0,,4,OPERATIONAL
Heritage DdESIGN by Gagandeep kaur,"Rajendra Nagar, Delhi",110060,clothing stores,4.7,19,0,1,1,0,,5,OPERATIONAL
Sassy N Classy,"Rajendra Nagar, Delhi",110060,clothing stores,5.0,1,0,0,0,0,,4,OPERATIONAL
AVENUE115,"Rajendra Nagar, Delhi",110060,clothing stores,4.7,9,0,1,1,0,,5,OPERATIONAL
Gaurika Creations: Fashion Boutique | Women's Clothing Stores | Ladies Boutique in Rajinder Nagar,"Rajendra Nagar, Delhi",110060,clothing stores,5.0,56,0,0,1,0,,6,OPERATIONAL
dK couture by dkjoshi,"Rajendra Nagar, Delhi",110060,clothing stores,4.5,19,0,0,1,0,,4,OPERATIONAL
Nichebynishita,"Rajendra Nagar, Delhi",110060,clothing stores,5.0,3,0,0,0,0,,4,OPERATIONAL
Metro School Uniform,"Rajendra Nagar, Delhi",110060,clothing stores,3.8,116,0,0,1,0,,4,OPERATIONAL
Blazon Clothing,"Rajendra Nagar, Delhi",110060,clothing stores,4.9,12,0,1,1,0,,7,OPERATIONAL
KHADYAAN KENDRA,"Rajendra Nagar, Delhi",110060,grocery stores,4.4,68,0,0,0,0,,7,OPERATIONAL
Reliance SMART Bazaar,"Rajendra Nagar, Delhi",110085,grocery stores,3.6,200,0,1,1,0,,14,OPERATIONAL
GUDPRICE BAZAAR,"Rajendra Nagar, Delhi",110008,grocery stores,4.2,108,0,0,1,0,,6,OPERATIONAL
Double Storey Market,"Rajendra Nagar, Delhi",110060,grocery stores,3.9,476,0,0,1,0,,3,OPERATIONAL
More Supermarket - Rajendra Nagar,"Rajendra Nagar, Delhi",,grocery stores,4.0,846,0,1,1,0,,9,OPERATIONAL
DDA MARKET,"Rajendra Nagar, Delhi",110060,grocery stores,3.7,216,0,0,0,0,,3,OPERATIONAL
Dinesh Flour Mills,"Rajendra Nagar, Delhi",110060,grocery stores,4.9,3685,0,1,1,0,,10,OPERATIONAL
Ishwar Dass & Sons,"Rajendra Nagar, Delhi",110060,grocery stores,4.3,32,0,0,1,0,,10,OPERATIONAL
Storeex 24/7,"Rajendra Nagar, Delhi",110060,grocery stores,3.4,5,0,1,1,0,,6,OPERATIONAL
Safal Store,"Rajendra Nagar, Delhi",110060,grocery stores,3.3,74,0,1,0,0,,6,OPERATIONAL
Gulshan Store,"Rajendra Nagar, Delhi",110060,grocery stores,4.5,11,0,0,1,0,,7,OPERATIONAL
HARI GOKAL,"Rajendra Nagar, Delhi",110008,grocery stores,4.2,48,0,1,1,0,,6,OPERATIONAL
Wasanda Ram Ram Saran Dass Grocery Store,"Rajendra Nagar, Delhi",110055,grocery stores,4.2,18,0,1,1,0,,10,OPERATIONAL
Thursday Market (New Rajinder Nagar),"Rajendra Nagar, Delhi",110060,grocery stores,3.7,32,0,0,0,0,,9,OPERATIONAL
Ramesh namkeen old rajender nagar new delhi,"Rajendra Nagar, Delhi",110060,grocery stores,4.6,9,0,0,1,0,,7,OPERATIONAL
Yashoda Dairy,"Rajendra Nagar, Delhi",110060,grocery stores,4.1,1420,0,0,1,0,,5,OPERATIONAL
Kapoor Corner,"Rajendra Nagar, Delhi",110060,grocery stores,4.1,60,0,0,0,0,,7,OPERATIONAL
Mercury Electronics,"Rajendra Nagar, Delhi",110060,electronics shops,4.7,395,0,0,1,0,,4,OPERATIONAL
Hiba Electronics,"Rajendra Nagar, Delhi",110060,electronics shops,4.2,40,0,0,1,0,,3,OPERATIONAL
Croma - Pusa Road,"Rajendra Nagar, Delhi",110005,electronics shops,4.4,4942,0,1,1,0,,5,OPERATIONAL
ASUS Exclusive Store - Maak Electronics,"Rajendra Nagar, Delhi",110060,electronics shops,4.9,861,0,1,1,0,,5,OPERATIONAL
Lenovo Exclusive Store - Kadam Direct Laptops,"Rajendra Nagar, Delhi",110060,electronics shops,4.6,558,0,1,1,0,,5,OPERATIONAL
Verma Electronics,"Rajendra Nagar, Delhi",110008,electronics shops,3.5,21,0,0,1,0,,3,OPERATIONAL
HP World - Old Rajinder Nagar,"Rajendra Nagar, Delhi",110060,electronics shops,4.8,112,0,1,1,0,,4,OPERATIONAL
Rajiv Electronics,"Rajendra Nagar, Delhi",110005,electronics shops,3.9,12,0,0,1,0,,4,OPERATIONAL
A To Z IT Solutions,"Rajendra Nagar, Delhi",110060,electronics shops,4.2,61,0,0,1,0,,6,OPERATIONAL
Samsung Experience Store Old Rajender Nagar,"Rajendra Nagar, Delhi",110060,electronics shops,3.9,95,0,1,1,0,,6,OPERATIONAL
Romy Electronics,"Rajendra Nagar, Delhi",110060,electronics shops,4.3,9,0,0,1,0,,3,OPERATIONAL
Shri- Ram Cctv Camera Installation | Electronic Door Lock Installation | Cctv Camera Repair Service,"Rajendra Nagar, Delhi",110060,electronics shops,4.7,63,0,1,1,0,,7,OPERATIONAL
HP World - Shankar Road,"Rajendra Nagar, Delhi",110060,electronics shops,4.6,119,0,1,1,0,,4,OPERATIONAL
Rajendra Electronics,"Rajendra Nagar, Delhi",110006,electronics shops,4.6,10,0,0,1,0,,4,OPERATIONAL
GSK COMPUTER SYSTEMS,"Rajendra Nagar, Delhi",110060,electronics shops,4.6,208,0,0,1,0,,5,OPERATIONAL
Nagpal Telecom,"Rajendra Nagar, Delhi",110060,electronics shops,4.7,100,0,0,1,0,,4,OPERATIONAL
Raj Electrical,"Rajendra Nagar, Delhi",110060,electronics shops,4.0,6,0,0,1,0,,4,OPERATIONAL
Electronics Mart - Rajouri Garden,"Rajendra Nagar, Delhi",110027,electronics shops,4.5,786,0,1,1,0,,4,OPERATIONAL
Suraj Mobile,"Rajendra Nagar, Delhi",110060,electronics shops,5.0,1,0,0,1,0,,3,OPERATIONAL
Lieve Health Clinics (New Rajender Nagar),"Rajendra Nagar, Delhi",110060,clinics,4.8,33,0,1,1,0,,6,OPERATIONAL
Raj Pain Management & Health Clinic,"Rajendra Nagar, Delhi",110060,clinics,4.9,320,0,1,1,0,,7,OPERATIONAL
Sarayu Clinics,"Rajendra Nagar, Delhi",110060,clinics,4.6,342,0,0,1,0,,9,OPERATIONAL
The Caring Touch,"Rajendra Nagar, Delhi",110060,clinics,4.9,6409,0,1,1,0,,8,OPERATIONAL
"Alive Wellness Clinics - Rajinder Nagar, New Delhi","Rajendra Nagar, Delhi",110005,clinics,4.8,272,0,1,1,0,,14,OPERATIONAL
DALMIA CLINIC,"Rajendra Nagar, Delhi",110005,clinics,4.9,126,0,0,1,0,,4,OPERATIONAL
Sir Ganga Ram Hospital,"Rajendra Nagar, Delhi",110060,clinics,3.6,4442,0,1,1,0,,7,OPERATIONAL
Dr Meenakshi Rajput Clinic,"Rajendra Nagar, Delhi",110060,clinics,4.7,27,0,0,0,0,,4,OPERATIONAL
Delhi Dental & Medical centre,"Rajendra Nagar, Delhi",110060,clinics,4.2,85,0,1,1,0,,5,OPERATIONAL
Amrit Clinic,"Rajendra Nagar, Delhi",110060,clinics,4.8,1061,0,1,1,0,,5,OPERATIONAL
Wave health clinic,"Rajendra Nagar, Delhi",110060,clinics,4.9,27,0,0,0,0,,4,OPERATIONAL
Famous Physiotherapist in delhi |Dr Jayant Healing Hands,"Rajendra Nagar, Delhi",110060,clinics,4.8,513,0,1,1,0,,5,OPERATIONAL
Dr. Andleeb Sachdev Clinic,"Rajendra Nagar, Delhi",110060,clinics,5.0,83,0,0,1,0,,4,OPERATIONAL
NeoFace Clinic,"Rajendra Nagar, Delhi",110060,clinics,5.0,68,0,1,1,0,,5,OPERATIONAL
Saxena clinic,"Rajendra Nagar, Delhi",110060,clinics,4.0,1,0,0,1,0,,4,OPERATIONAL
Soormas Clinic Homoeopathy and Physiotherapy Centre,"Rajendra Nagar, Delhi",110060,clinics,4.9,112,0,0,1,0,,4,OPERATIONAL
Dent Villa,"Rajendra Nagar, Delhi",110060,clinics,4.9,132,0,0,1,0,,5,OPERATIONAL
Sunil Pathology Clinic Pvt. Ltd.,"Rajendra Nagar, Delhi",110060,clinics,4.5,26,0,1,1,0,,4,OPERATIONAL
Subs the bakery,"Rajendra Nagar, Delhi",110008,bakeries,4.8,46,0,0,0,0,,14,OPERATIONAL
Grand Bakery,"Rajendra Nagar, Delhi",110060,bakeries,4.0,46,0,1,1,0,,4,OPERATIONAL
Camdin Patisserie & Boulangerie,"Rajendra Nagar, Delhi",110060,bakeries,4.1,60,0,1,0,0,,6,OPERATIONAL
Brownie Point,"Rajendra Nagar, Delhi",110008,bakeries,4.5,868,0,1,1,1,2.0,10,OPERATIONAL
The Old Baker - Jaypee Siddharth,"Rajendra Nagar, Delhi",110060,bakeries,4.6,16,0,1,1,0,,6,OPERATIONAL
Camdin Patisserie & Boulangerie,"Rajendra Nagar, Delhi",110008,bakeries,4.1,284,0,1,1,1,2.0,9,OPERATIONAL
High On Desserts,"Rajendra Nagar, Delhi",110060,bakeries,4.3,504,0,0,1,0,,9,OPERATIONAL
AROMA TREATSS,"Rajendra Nagar, Delhi",110060,bakeries,4.6,28,0,0,1,0,,6,OPERATIONAL
Dripping Dose,"Rajendra Nagar, Delhi",110008,bakeries,4.5,855,0,0,1,0,,13,OPERATIONAL
Best Cakes in karol Bagh-The house of cakes & Bouquets,"Rajendra Nagar, Delhi",110060,bakeries,5.0,15,0,1,1,0,,9,OPERATIONAL
Lifeline Chemist,"Rajendra Nagar, Delhi",110060,pharmacies,4.3,10,0,0,1,0,,6,OPERATIONAL
The Pharmacy,"Rajendra Nagar, Delhi",110060,pharmacies,3.2,11,0,0,1,0,,6,OPERATIONAL
DISCOUNT MEDICOS,"Rajendra Nagar, Delhi",110060,pharmacies,4.5,193,0,1,1,0,,5,OPERATIONAL
Sai Pharmacy Best Pharmacy in Rajendra Place Delhi,"Rajendra Nagar, Delhi",110060,pharmacies,3.3,9,0,0,1,0,,5,OPERATIONAL
Sir Ganga Ram Pharmacy,"Rajendra Nagar, Delhi",110060,pharmacies,3.5,19,0,1,1,0,,5,OPERATIONAL
MAA JAGDAMBA PHARMACY,"Rajendra Nagar, Delhi",110060,pharmacies,4.2,21,0,0,1,0,,5,OPERATIONAL
JAN SEVA PHARMACY,"Rajendra Nagar, Delhi",110060,pharmacies,5.0,31,0,0,1,0,,5,OPERATIONAL
Anytime pharmacy,"Rajendra Nagar, Delhi",110060,pharmacies,3.2,19,0,0,1,0,,5,OPERATIONAL
New Delhi Medicos,"Rajendra Nagar, Delhi",110060,pharmacies,4.3,20,0,1,1,0,,5,OPERATIONAL
Apollo Pharmacy New Rajinder Nagar,"Rajendra Nagar, Delhi",110060,pharmacies,4.2,14,0,1,1,0,,5,OPERATIONAL
RX Medicos,"Rajendra Nagar, Delhi",110060,pharmacies,3.0,12,0,0,1,0,,8,OPERATIONAL
RANA PHARMACY,"Rajendra Nagar, Delhi",110060,pharmacies,5.0,2,0,0,0,0,,5,OPERATIONAL
Batra Medical Corner,"Rajendra Nagar, Delhi",110060,pharmacies,3.7,48,0,0,0,0,,9,OPERATIONAL
Family Care Chemists,"Rajendra Nagar, Delhi",110060,pharmacies,4.6,11,0,0,1,0,,5,OPERATIONAL
Friends Medical Store,"Rajendra Nagar, Delhi",110060,pharmacies,4.3,11,0,0,1,0,,5,OPERATIONAL
Medi Max Medicos,"Rajendra Nagar, Delhi",110060,pharmacies,3.5,12,0,0,1,0,,5,OPERATIONAL
Medicos.com,"Rajendra Nagar, Delhi",110060,pharmacies,3.4,22,0,0,1,0,,5,OPERATIONAL
Bluemoon Super Speciality,"Rajendra Nagar, Delhi",110008,pharmacies,5.0,78,0,1,1,0,,5,OPERATIONAL
VIDYA COACHING CENTRE (VICKY BHAIYA),"Rajendra Nagar, Delhi",110060,tutoring centers,4.9,277,0,1,1,0,,3,OPERATIONAL
Simrit Gyan Home Tutors,"Rajendra Nagar, Delhi",110060,tutoring centers,5.0,9,0,1,1,0,,2,OPERATIONAL
Ritu Tutorials - Education is power,"Rajendra Nagar, Delhi",110060,tutoring centers,4.8,18,0,0,1,0,,3,OPERATIONAL
Meticulous- Maths & Science Tuition Rajinder Nagar,"Rajendra Nagar, Delhi",110060,tutoring centers,5.0,6,0,1,1,0,,2,OPERATIONAL
I K HOME TUTOR,"Rajendra Nagar, Delhi",110008,tutoring centers,5.0,47,0,1,1,0,,4,OPERATIONAL
Tuition Classes by Anupriya,"Rajendra Nagar, Delhi",110060,tutoring centers,5.0,1,0,0,1,0,,3,OPERATIONAL
Yukti coaching classes,"Rajendra Nagar, Delhi",110060,tutoring centers,4.8,25,0,0,0,0,,2,OPERATIONAL
MATHS MENTOR SURUCHI,"Rajendra Nagar, Delhi",110060,tutoring centers,5.0,8,0,0,1,0,,3,OPERATIONAL
SIP abacus RAJINDER NAGAR DELHI,"Rajendra Nagar, Delhi",110060,tutoring centers,5.0,24,0,1,1,0,,3,OPERATIONAL
"Scholar's Academy - Best Coaching for Classes 1st to 12th, Science | Commerce | Humanities","Rajendra Nagar, Delhi",110060,tutoring centers,4.4,26,0,1,1,0,,3,OPERATIONAL
Cuemath Offline Tuition Center | Honey Gupta,"Rajendra Nagar, Delhi",110060,tutoring centers,4.9,14,0,1,1,0,,4,OPERATIONAL
Skillkesari Academy,"Rajendra Nagar, Delhi",110008,tutoring centers,4.9,41,0,1,1,0,,4,OPERATIONAL
Kumar Home Tutors,"Rajendra Nagar, Delhi",110015,tutoring centers,4.7,371,0,1,1,0,,5,OPERATIONAL
Dilli Home Tutors,"Rajendra Nagar, Delhi",110005,tutoring centers,5.0,5,0,0,1,0,,3,OPERATIONAL
Insight IAS Academy,"Rajendra Nagar, Delhi",110060,tutoring centers,4.4,426,0,1,1,0,,4,OPERATIONAL
StudyIQ Classroom | Rajendra Place,"Rajendra Nagar, Delhi",110005,tutoring centers,3.8,132,0,1,1,0,,3,OPERATIONAL
Deepa Lal - Maths Tuition Classes ( 11 - 12 ),"Rajendra Nagar, Delhi",110060,tutoring centers,5.0,9,0,1,1,0,,4,OPERATIONAL
Forum Learning Center by ForumIAS,"Rajendra Nagar, Delhi",110005,tutoring centers,4.7,6,0,0,0,0,,3,OPERATIONAL
Ajit Furniture House | Furniture Store in Delhi NCR,"Rajendra Nagar, Delhi",110014,furniture stores,4.7,366,0,1,1,0,,9,OPERATIONAL
Shengrila Furniture,"Rajendra Nagar, Delhi",110060,furniture stores,4.3,6,0,0,1,0,,4,OPERATIONAL
Sanjeev Furnishers Pvt Ltd,"Rajendra Nagar, Delhi",110060,furniture stores,5.0,2,0,0,0,0,,6,OPERATIONAL
SANJEEV FURNISHERS PVT. LTD.,"Rajendra Nagar, Delhi",110060,furniture stores,4.6,25,0,1,1,0,,4,OPERATIONAL
Krishna Mattress,"Rajendra Nagar, Delhi",110060,furniture stores,4.7,325,0,1,1,0,,6,OPERATIONAL
Arora Furniture,"Rajendra Nagar, Delhi",110092,furniture stores,2.8,54,0,0,1,0,,6,OPERATIONAL
Raja Furniture & Electronics,"Rajendra Nagar, Delhi",110094,furniture stores,4.6,28,0,0,1,0,,6,OPERATIONAL
Jindal Furniture Sanjay Nagar,"Rajendra Nagar, Delhi",,furniture stores,4.8,148,0,1,1,0,,9,OPERATIONAL
Furniture Market,"Rajendra Nagar, Delhi",110047,furniture stores,3.9,72,0,0,0,0,,6,OPERATIONAL
"Sleepwell Shoppe - New Rajinder Nagar, New Delhi","Rajendra Nagar, Delhi",110060,furniture stores,5.0,9,0,1,1,0,,6,OPERATIONAL
Shengrila Office Systems,"Rajendra Nagar, Delhi",110060,furniture stores,3.0,4,0,0,1,0,,7,OPERATIONAL
Phonex Mobiles,"Rajendra Nagar, Delhi",110008,mobile shops,3.9,16,0,0,1,0,,4,OPERATIONAL
"MODCOM GREEN | OPEN BOX M0BILE WHOLESALER ,VENDOR OR DEALER IN DELHI","Rajendra Nagar, Delhi",110060,mobile shops,4.8,45,0,1,1,0,,7,OPERATIONAL
Vaishno Mobiles Accessories,"Rajendra Nagar, Delhi",110092,mobile shops,4.9,1236,0,0,1,0,,2,OPERATIONAL
Mobile Hub,"Rajendra Nagar, Delhi",110024,mobile shops,4.5,137,0,1,1,0,,5,OPERATIONAL
Mobile repair shop,"Rajendra Nagar, Delhi",110008,mobile shops,3.8,20,0,0,0,0,,4,OPERATIONAL
S.S Communication,"Rajendra Nagar, Delhi",110060,mobile shops,3.3,3,0,0,1,0,,3,OPERATIONAL
Samsung Experience Store Karolbagh,"Rajendra Nagar, Delhi",110005,mobile shops,4.0,99,0,1,1,0,,6,OPERATIONAL
Mobile Phone Dealers,"Rajendra Nagar, Delhi",110005,mobile shops,3.8,4,0,0,0,0,,3,OPERATIONAL
Joyalukkas Jewellery - Pusa Road,"Rajendra Nagar, Delhi",110005,jewellery shops,4.8,6107,0,1,1,0,,4,OPERATIONAL
"BlueStone Jewellery Pusa Road, New Delhi","Rajendra Nagar, Delhi",110005,jewellery shops,4.9,536,0,1,1,0,,8,OPERATIONAL
Kataria Jewellers Pvt. Ltd.,"Rajendra Nagar, Delhi",110060,jewellery shops,4.4,93,0,0,1,0,,7,OPERATIONAL
Shri Ram Jewellers,"Rajendra Nagar, Delhi",110060,jewellery shops,4.4,19,0,0,1,0,,4,OPERATIONAL
Handa Bangles-One Gram Gold Jewellery,"Rajendra Nagar, Delhi",110008,jewellery shops,4.9,1672,0,1,1,0,,6,OPERATIONAL
SOUTHERN STAR JEWELLERY,"Rajendra Nagar, Delhi",110005,jewellery shops,5.0,11,0,1,1,0,,4,OPERATIONAL
Malabar Gold and Diamonds - Karol Bagh - Delhi,"Rajendra Nagar, Delhi",110005,jewellery shops,4.8,1956,0,1,1,0,,6,OPERATIONAL
New Kataria Jewellers,"Rajendra Nagar, Delhi",110060,jewellery shops,4.6,8,0,0,1,0,,4,OPERATIONAL
"Amba Jewellers - Gold, Silver, Diamond & Gemstone Jewelry in Karol Bagh, New Delhi","Rajendra Nagar, Delhi",110005,jewellery shops,4.8,33,0,1,1,0,,4,OPERATIONAL
Rajendra jewellers,"Rajendra Nagar, Delhi",110005,jewellery shops,4.6,46,0,0,1,0,,4,OPERATIONAL
Thea Jewellery A Nandlal D. Sons Brand,"Rajendra Nagar, Delhi",110005,jewellery shops,5.0,25,0,0,1,0,,7,OPERATIONAL
Anmol Rattan Jewels,"Rajendra Nagar, Delhi",110005,jewellery shops,4.4,23,0,0,0,0,,4,OPERATIONAL
The Bankstreet Jewellers,"Rajendra Nagar, Delhi",110005,jewellery shops,4.4,186,0,1,1,0,,4,OPERATIONAL
Aggarwal Hardware And Sanitary Store,"Rajendra Nagar, Delhi",110060,hardware stores,4.4,105,0,0,1,0,,6,OPERATIONAL
Balaji Hardware & Sanitary Store,"Rajendra Nagar, Delhi",110060,hardware stores,4.5,10,0,0,1,0,,6,OPERATIONAL
Balaji Hardware & Sanitary Store,"Rajendra Nagar, Delhi",110008,hardware stores,4.7,13,0,0,1,0,,5,OPERATIONAL
Birch By Romeo Lane Restaurant - Pacific Mall,"Netaji Subhash Place, Delhi",110034,restaurants,4.4,1583,0,0,1,0,,4,OPERATIONAL
Cafe desire,"Netaji Subhash Place, Delhi",110034,restaurants,4.0,994,0,0,1,1,2.0,6,OPERATIONAL
Spezia Bistro,"Netaji Subhash Place, Delhi",110034,restaurants,4.6,208,0,1,1,0,,4,OPERATIONAL
House of Royals NSP,"Netaji Subhash Place, Delhi",110034,restaurants,4.6,310,0,0,1,0,,4,OPERATIONAL
Neobaa,"Netaji Subhash Place, Delhi",110034,restaurants,4.1,643,0,1,1,0,,7,OPERATIONAL
Suravie Live it Up!,"Netaji Subhash Place, Delhi",110034,restaurants,4.4,916,0,1,1,0,,4,OPERATIONAL
Gola Sizzlers l Pacific Mall l NSP,"Netaji Subhash Place, Delhi",110034,restaurants,4.4,1330,0,1,1,0,,9,OPERATIONAL
Castle's Barbeque - NSP,"Netaji Subhash Place, Delhi",110034,restaurants,4.1,3911,0,1,1,0,,5,OPERATIONAL
Themis Barbecue House - NSP,"Netaji Subhash Place, Delhi",110035,restaurants,4.2,6162,0,1,1,1,2.0,10,OPERATIONAL
The Tasteland - Bubble Tea & Coffee Bar,"Netaji Subhash Place, Delhi",110034,restaurants,4.7,361,0,0,1,0,,8,OPERATIONAL
By the bay,"Netaji Subhash Place, Delhi",110034,restaurants,4.4,165,0,0,1,0,,4,OPERATIONAL
"Indus Flavour – Rooftop, NSP","Netaji Subhash Place, Delhi",110034,restaurants,4.1,1557,0,1,1,0,,6,OPERATIONAL
Kake Di Hatti,"Netaji Subhash Place, Delhi",110034,restaurants,3.9,1438,0,1,1,1,2.0,9,OPERATIONAL
"Dasaprakash - NSP, Pitampura","Netaji Subhash Place, Delhi",110034,restaurants,4.6,148,0,1,1,0,,6,OPERATIONAL
Tim Hortons,"Netaji Subhash Place, Delhi",110034,cafes,4.7,1038,0,1,1,0,,7,OPERATIONAL
Cafeteria & Co. - Unity One Elegante Mall,"Netaji Subhash Place, Delhi",110034,cafes,4.4,101,0,1,1,0,,16,OPERATIONAL
Modi Mania cafe 24X7,"Netaji Subhash Place, Delhi",110034,cafes,4.1,629,0,0,1,0,,14,OPERATIONAL
Chaayos Cafe at Netaji Subhash Place,"Netaji Subhash Place, Delhi",110034,cafes,4.1,2318,0,1,1,1,2.0,14,OPERATIONAL
"Rhinos Gym Pitampura NSP, delhi","Netaji Subhash Place, Delhi",110034,gyms,4.0,68,0,1,1,0,,12,OPERATIONAL
FITREAKS GYM NSP,"Netaji Subhash Place, Delhi",110034,gyms,4.5,128,0,0,1,0,,5,OPERATIONAL
Anytime Fitness,"Netaji Subhash Place, Delhi",110034,gyms,2.0,15,0,1,1,0,,6,OPERATIONAL
Gaurav Fitness Temple,"Netaji Subhash Place, Delhi",110034,gyms,4.6,30,0,0,1,0,,5,OPERATIONAL
"Rare Rabbit, Netaji Subhash Place","Netaji Subhash Place, Delhi",110034,clothing stores,4.6,180,0,1,1,0,,4,OPERATIONAL
Bewakoof Clothing Store - Unity One Elegante Delhi,"Netaji Subhash Place, Delhi",110034,clothing stores,4.9,326,0,1,1,0,,4,OPERATIONAL
Blackberrys,"Netaji Subhash Place, Delhi",110034,clothing stores,5.0,615,0,1,1,0,,4,OPERATIONAL
NEWME - UnityOne Elegante Mall,"Netaji Subhash Place, Delhi",110034,clothing stores,4.8,599,0,1,1,0,,4,OPERATIONAL
Raymond Ready To Wear,"Netaji Subhash Place, Delhi",110034,clothing stores,5.0,67,0,1,1,0,,6,OPERATIONAL
Meena Bazaar,"Netaji Subhash Place, Delhi",110034,clothing stores,4.9,75,0,1,0,0,,4,OPERATIONAL
"OCTAVE - Pacific Mall NSP, Pitampura","Netaji Subhash Place, Delhi",110034,clothing stores,4.9,382,0,0,1,0,,4,OPERATIONAL
Chique Clothing Company | Pacific Mall NSP,"Netaji Subhash Place, Delhi",110034,clothing stores,4.9,146,0,1,0,0,,4,OPERATIONAL
Mohanlal Sons,"Netaji Subhash Place, Delhi",110034,clothing stores,4.9,294,0,1,1,0,,4,OPERATIONAL
"RAREZ, Netaji Subhash Place","Netaji Subhash Place, Delhi",110034,clothing stores,5.0,72,0,1,1,0,,4,OPERATIONAL
MODO-NSP,"Netaji Subhash Place, Delhi",110034,clothing stores,4.2,95,0,1,1,0,,4,OPERATIONAL
Unity One Elegante,"Netaji Subhash Place, Delhi",110034,clothing stores,4.5,1019,0,1,1,0,,3,OPERATIONAL
Pacific Mall NSP Pitampura,"Netaji Subhash Place, Delhi",110034,clothing stores,4.5,24853,1,1,1,0,,3,OPERATIONAL
TRENDS,"Netaji Subhash Place, Delhi",110034,clothing stores,3.5,50,0,1,1,0,,4,OPERATIONAL
Netaji subhash place,"Netaji Subhash Place, Delhi",110034,clothing stores,4.6,16,0,0,0,0,,4,OPERATIONAL
"Fabindia, Unity One Elegante Mall, Pitampura","Netaji Subhash Place, Delhi",110034,clothing stores,4.5,36,0,1,1,0,,4,OPERATIONAL
Minizmo Unity Elegante NSP,"Netaji Subhash Place, Delhi",110034,clothing stores,5.0,22,0,1,1,0,,4,OPERATIONAL
MEENA BAZAAR,"Netaji Subhash Place, Delhi",110034,clothing stores,4.9,448,0,1,1,0,,4,OPERATIONAL
Market 99,"Netaji Subhash Place, Delhi",110034,grocery stores,3.5,27,0,1,1,0,,6,OPERATIONAL
D Mall,"Netaji Subhash Place, Delhi",110035,grocery stores,4.0,3005,0,1,1,0,,3,OPERATIONAL
Rajmandir Hypermarket Rohini,"Netaji Subhash Place, Delhi",110085,grocery stores,4.0,4436,0,1,1,0,,9,OPERATIONAL
Super Market,"Netaji Subhash Place, Delhi",110034,grocery stores,3.3,3,0,0,0,0,,6,OPERATIONAL
"DDA Market, Keshav Puram","Netaji Subhash Place, Delhi",110035,grocery stores,4.0,76,0,0,0,0,,6,OPERATIONAL
Super Store,"Netaji Subhash Place, Delhi",110088,grocery stores,4.4,21,0,0,1,0,,8,OPERATIONAL
Walk Street - Pacific Mall,"Netaji Subhash Place, Delhi",110034,grocery stores,4.3,55,0,0,0,0,,3,OPERATIONAL
Rajmandir Hypermarket Rajouri Garden,"Netaji Subhash Place, Delhi",110027,grocery stores,4.0,2717,0,1,0,0,,9,OPERATIONAL
Dayal-United,"Netaji Subhash Place, Delhi",110015,grocery stores,4.4,653,0,1,1,0,,6,OPERATIONAL
Market99,"Netaji Subhash Place, Delhi",110034,grocery stores,3.0,2,0,1,0,0,,4,OPERATIONAL
MP Store,"Netaji Subhash Place, Delhi",110034,grocery stores,4.3,15,0,0,1,0,,6,OPERATIONAL
"Dyson Store, Unity One Elegante, New Delhi","Netaji Subhash Place, Delhi",110034,electronics shops,5.0,47,0,1,1,0,,2,OPERATIONAL
TheModStore,"Netaji Subhash Place, Delhi",110034,electronics shops,5.0,26,0,1,1,0,,4,OPERATIONAL
iNvent - Apple Premium Partner,"Netaji Subhash Place, Delhi",110034,electronics shops,4.6,1952,0,1,1,0,,4,OPERATIONAL
Reliance Digital xpress Mini,"Netaji Subhash Place, Delhi",110034,electronics shops,3.7,89,0,1,1,0,,4,OPERATIONAL
shree shyam infotech,"Netaji Subhash Place, Delhi",110034,electronics shops,4.4,35,0,0,1,0,,6,OPERATIONAL
APVM Electronics Pvt. Ltd.,"Netaji Subhash Place, Delhi",110034,electronics shops,4.7,38,0,1,1,0,,5,OPERATIONAL
Tomen Electronics India Pvt Ltd,"Netaji Subhash Place, Delhi",110034,electronics shops,3.6,16,0,0,0,0,,6,OPERATIONAL
Vibrance Wellness Vista | Apollo 24|7,"Netaji Subhash Place, Delhi",110034,clinics,4.8,295,0,1,1,0,,12,OPERATIONAL
jeevni clinic,"Netaji Subhash Place, Delhi",110034,clinics,4.9,21,0,0,1,0,,4,OPERATIONAL
Stunning Dentistry,"Netaji Subhash Place, Delhi",110034,clinics,4.6,480,0,1,1,0,,6,OPERATIONAL
"Dr Rakesh Gupta General Physician • Clinic in Keshav Puram, trinagar Delhi","Netaji Subhash Place, Delhi",110035,clinics,5.0,88,0,1,1,0,,4,OPERATIONAL
ORIGYN PATH LABS,"Netaji Subhash Place, Delhi",110034,clinics,4.9,30,0,0,0,0,,4,OPERATIONAL
Vaidyaraj Anil,"Netaji Subhash Place, Delhi",110034,clinics,4.4,143,0,1,1,0,,4,OPERATIONAL
Dr. Manish Joshi,"Netaji Subhash Place, Delhi",110034,clinics,4.8,10,0,0,1,0,,4,OPERATIONAL
Cancer Healer Center,"Netaji Subhash Place, Delhi",110034,clinics,4.7,403,0,1,1,0,,5,OPERATIONAL
Fertility Dost,"Netaji Subhash Place, Delhi",110034,clinics,4.9,99,0,1,1,0,,6,OPERATIONAL
"Dr Batra’s Homeopathy, Hair & Skin Clinic","Netaji Subhash Place, Delhi",110034,clinics,4.5,1115,0,1,1,0,,6,OPERATIONAL
Kumar Clinic. Dr. Priyanka Chugh,"Netaji Subhash Place, Delhi",110034,clinics,4.0,2,0,0,0,0,,3,OPERATIONAL
Ayushman arogya mandir Indira Gandhi Polyclinic,"Netaji Subhash Place, Delhi",110034,clinics,2.5,19,0,0,0,0,,5,OPERATIONAL
Pravi Wellness Clinic | Best Nutritionist/ Dietician/ Beauty Clinic/ Skin Clinic /Laser Clinic / Hair Clinic In Pitampura,"Netaji Subhash Place, Delhi",110034,clinics,4.9,14,0,1,1,0,,14,OPERATIONAL
"Titan Eye+ at Netaji Subhash Place, New Delhi (Buy 1 Get 1 Free)","Netaji Subhash Place, Delhi",110034,clinics,4.9,613,0,1,1,0,,7,OPERATIONAL
Delhi New born Centre,"Netaji Subhash Place, Delhi",110034,clinics,4.1,104,0,1,1,0,,5,OPERATIONAL
SehatBuddy Diagnostics (Daiura Healthcare Pvt. Ltd),"Netaji Subhash Place, Delhi",110034,clinics,5.0,2,0,1,1,0,,4,OPERATIONAL
Raza Clinic,"Netaji Subhash Place, Delhi",110034,clinics,4.0,4,0,0,0,0,,4,OPERATIONAL
"Dr Vinay Singh, 28+ yrs of Exp | Best Dermatologist Near Me | Delhi | Skin & Hair Specialist","Netaji Subhash Place, Delhi",110034,clinics,3.9,9,0,1,1,0,,7,OPERATIONAL
"Theobroma Bakery and Cake Shop - Netaji Subhash Place, New Delhi","Netaji Subhash Place, Delhi",110034,bakeries,4.4,240,0,1,1,1,2.0,10,OPERATIONAL
Sugar and Spice,"Netaji Subhash Place, Delhi",110034,bakeries,3.2,120,0,1,1,0,,6,OPERATIONAL
PAUL,"Netaji Subhash Place, Delhi",110034,bakeries,4.4,190,0,1,1,0,,8,OPERATIONAL
CAKE WALKER,"Netaji Subhash Place, Delhi",110034,bakeries,4.1,19,0,0,1,0,,9,OPERATIONAL
Choco love the cake shop,"Netaji Subhash Place, Delhi",110034,bakeries,4.2,5,0,0,0,0,,9,OPERATIONAL
JAI JANAK ENTERPRISES-PHARMEASY NXT STORE,"Netaji Subhash Place, Delhi",110034,pharmacies,2.7,3,0,0,0,0,,5,OPERATIONAL
Rishaan Nutritions,"Netaji Subhash Place, Delhi",110034,pharmacies,5.0,1,0,0,0,0,,5,OPERATIONAL
Zeelab Pharmacy Pvt Ltd,"Netaji Subhash Place, Delhi",110034,pharmacies,3.8,58,0,1,1,0,,4,OPERATIONAL
Z N PHARMACY,"Netaji Subhash Place, Delhi",110034,pharmacies,5.0,17,0,0,1,0,,5,OPERATIONAL
Canmeds - Cancer Medicines In Delhi,"Netaji Subhash Place, Delhi",110034,pharmacies,5.0,1,0,1,1,0,,5,OPERATIONAL
ZEE LABORATORIES LIMITED,"Netaji Subhash Place, Delhi",110034,pharmacies,3.6,18,0,1,1,0,,5,OPERATIONAL
Zeelab Pharmacy - Lawrence Road,"Netaji Subhash Place, Delhi",110035,pharmacies,4.8,319,0,1,1,0,,5,OPERATIONAL
Jeevan Jyoti Medical Store,"Netaji Subhash Place, Delhi",110034,pharmacies,4.6,13,0,0,1,0,,5,OPERATIONAL
Apollo Pharmacy Lawrence Rd,"Netaji Subhash Place, Delhi",110035,pharmacies,4.4,52,0,1,1,0,,8,OPERATIONAL
ZEELAB Pharmacy - Shalimar Bagh,"Netaji Subhash Place, Delhi",110088,pharmacies,4.8,1191,0,1,1,0,,5,OPERATIONAL
Medlife Pharmacy,"Netaji Subhash Place, Delhi",110034,pharmacies,5.0,3,0,0,1,0,,5,OPERATIONAL
"Mark Education Hub– IELTS, PTE & OET Training in NSP Delhi","Netaji Subhash Place, Delhi",110034,tutoring centers,4.8,205,0,1,1,0,,3,OPERATIONAL
"Physics Wallah Vidyapeeth NSP Delhi | IIT JEE, NEET & Foundation Classes","Netaji Subhash Place, Delhi",110034,tutoring centers,4.7,1303,0,1,1,0,,5,OPERATIONAL
"Vidyamandir Classes NSP Delhi | IIT JEE, NEET & Foundation Classes","Netaji Subhash Place, Delhi",110034,tutoring centers,4.1,771,0,1,1,0,,2,OPERATIONAL
Bright Future Academy,"Netaji Subhash Place, Delhi",110034,tutoring centers,4.9,48,0,0,1,0,,2,OPERATIONAL
Learning Lab | Tuition centre | I- XII,"Netaji Subhash Place, Delhi",110027,tutoring centers,5.0,70,0,0,1,0,,3,OPERATIONAL
Knowledge place,"Netaji Subhash Place, Delhi",110034,tutoring centers,5.0,6,0,0,0,0,,3,OPERATIONAL
Aim Ladder | Study Abroad Consultant in NSP Pitampura,"Netaji Subhash Place, Delhi",110034,tutoring centers,4.9,68,0,1,1,0,,6,OPERATIONAL
Vidyamandir Classes Online,"Netaji Subhash Place, Delhi",110034,tutoring centers,4.9,96,0,0,0,0,,3,OPERATIONAL
Twaksha Academy,"Netaji Subhash Place, Delhi",110088,tutoring centers,4.9,113,0,0,1,0,,4,OPERATIONAL
"ALLEN Career Institute - NSP Delhi | IIT JEE, NEET & Foundation Coaching","Netaji Subhash Place, Delhi",110034,tutoring centers,4.7,351,0,1,1,0,,3,OPERATIONAL
1 ABACUS ;ABACUS OLYMPIC ASSOCIATION,"Netaji Subhash Place, Delhi",110034,tutoring centers,4.6,56,0,1,1,0,,7,OPERATIONAL
IMS Pitampura,"Netaji Subhash Place, Delhi",110034,tutoring centers,4.7,743,0,1,1,0,,2,OPERATIONAL
Tutorsvalley Music Academy,"Netaji Subhash Place, Delhi",110034,tutoring centers,4.8,18,0,1,0,0,,3,OPERATIONAL
"edZeb | Best CFA, ACCA & Investment Banking Institute in Delhi, Pitampura","Netaji Subhash Place, Delhi",110034,tutoring centers,5.0,41,0,1,1,0,,3,OPERATIONAL
N Singh Tutors,"Netaji Subhash Place, Delhi",110009,tutoring centers,5.0,88,0,0,1,0,,2,OPERATIONAL
Sharma Furniture,"Netaji Subhash Place, Delhi",110034,furniture stores,5.0,25,0,0,1,0,,8,OPERATIONAL
Daksh International,"Netaji Subhash Place, Delhi",110034,furniture stores,4.0,213,0,1,0,0,,3,OPERATIONAL
Deep Furniture,"Netaji Subhash Place, Delhi",110034,furniture stores,4.0,2,0,0,1,0,,6,OPERATIONAL
Sparsh Mattress- Supreme Petro Foam Industry,"Netaji Subhash Place, Delhi",110034,furniture stores,4.8,133,0,1,1,0,,7,OPERATIONAL
Meenakshi Designs,"Netaji Subhash Place, Delhi",110034,furniture stores,5.0,23,0,1,1,0,,7,OPERATIONAL
Deluxe carpenter services,"Netaji Subhash Place, Delhi",110034,furniture stores,5.0,11,0,0,1,0,,4,OPERATIONAL
Rk furniture work new delhi panjabi bagh,"Netaji Subhash Place, Delhi",110034,furniture stores,5.0,2,0,0,1,0,,4,OPERATIONAL
"Wooden Street- Furniture Shop/Store in Dwarka, Delhi","Netaji Subhash Place, Delhi",110078,furniture stores,4.6,252,0,1,1,0,,9,OPERATIONAL
Glazonoid HQ | Best Led Mirror Manufacturer,"Netaji Subhash Place, Delhi",110034,furniture stores,4.2,146,0,1,1,0,,8,OPERATIONAL
Reecan Interiors,"Netaji Subhash Place, Delhi",110034,furniture stores,4.9,79,0,1,1,0,,4,OPERATIONAL
HomiGo Studio | Furnitures & Carpenters,"Netaji Subhash Place, Delhi",110034,furniture stores,5.0,1,0,0,0,0,,11,OPERATIONAL
Samsung Experience Store Pitampura,"Netaji Subhash Place, Delhi",110034,mobile shops,5.0,36,0,1,1,0,,4,OPERATIONAL
Phixman,"Netaji Subhash Place, Delhi",110034,mobile shops,4.8,43,0,1,1,0,,5,OPERATIONAL
Gadgets Duniya,"Netaji Subhash Place, Delhi",110034,mobile shops,4.6,46,0,0,1,0,,3,OPERATIONAL
Vi - Vodafone Idea Store,"Netaji Subhash Place, Delhi",110034,mobile shops,4.6,1589,0,1,1,0,,4,OPERATIONAL
Ruvido Caso (Elegante NSP) Delhi,"Netaji Subhash Place, Delhi",110034,mobile shops,5.0,1,0,1,0,0,,2,OPERATIONAL
Dudes Communication,"Netaji Subhash Place, Delhi",110034,mobile shops,4.0,2,0,0,1,0,,4,OPERATIONAL
Raju Mobile Shop,"Netaji Subhash Place, Delhi",110034,mobile shops,5.0,13,0,0,1,0,,3,OPERATIONAL
Phones 4 U,"Netaji Subhash Place, Delhi",110034,mobile shops,3.0,1,0,0,1,0,,4,OPERATIONAL
"GIVA Silver & Gold Jewellery Store | Unity One Elegante, New Delhi","Netaji Subhash Place, Delhi",110034,jewellery shops,4.9,149,0,1,1,0,,7,OPERATIONAL
Zever jewellers,"Netaji Subhash Place, Delhi",110034,jewellery shops,4.6,120,0,1,1,0,,4,OPERATIONAL
"BlueStone Jewellery Elegante Mall, Pitampura","Netaji Subhash Place, Delhi",110034,jewellery shops,4.9,171,0,1,1,0,,8,OPERATIONAL
SANA JEWELS,"Netaji Subhash Place, Delhi",110034,jewellery shops,4.9,28,0,0,1,0,,4,OPERATIONAL
Arihant Jewellers,"Netaji Subhash Place, Delhi",110034,jewellery shops,4.7,14,0,0,1,0,,4,OPERATIONAL
Arayma jewels -Best diamond jewellers in Delhi,"Netaji Subhash Place, Delhi",110034,jewellery shops,4.9,62,0,1,1,0,,7,OPERATIONAL
"Mia by Tanishq - Pacific Mall, New Delhi","Netaji Subhash Place, Delhi",110034,jewellery shops,4.9,580,0,1,1,0,,5,OPERATIONAL
CaratLane Jewellery Unity One Elegante Mall,"Netaji Subhash Place, Delhi",110034,jewellery shops,5.0,344,0,1,1,0,,5,OPERATIONAL
Estele Jewellery - Pacific.NSP,"Netaji Subhash Place, Delhi",110034,jewellery shops,4.9,52,0,1,1,0,,4,OPERATIONAL
Nirakara Jewels,"Netaji Subhash Place, Delhi",110034,jewellery shops,4.1,46,0,1,1,0,,8,OPERATIONAL
Diamond Jewel,"Netaji Subhash Place, Delhi",110034,jewellery shops,5.0,48,0,1,1,0,,4,OPERATIONAL
"Aukera Lab Grown Diamond Jewellery - Pitampura, New Delhi","Netaji Subhash Place, Delhi",110034,jewellery shops,4.9,80,0,1,1,0,,5,OPERATIONAL
Beliram Elegance,"Netaji Subhash Place, Delhi",110034,jewellery shops,4.8,149,0,1,1,0,,8,OPERATIONAL
Diamond Constellation,"Netaji Subhash Place, Delhi",110034,jewellery shops,4.9,178,0,1,1,0,,6,OPERATIONAL
Aalishan Diamonds & Jewellers,"Netaji Subhash Place, Delhi",110034,jewellery shops,4.3,11,0,1,1,0,,4,OPERATIONAL
Insta Hardware,"Netaji Subhash Place, Delhi",110034,hardware stores,4.4,7,0,1,1,0,,5,OPERATIONAL
"Shyam hardware and paint | Asian Paint Color World | Authorized dealer for Pidilite, Berger, Birla, JK tools, Welding Tools","Netaji Subhash Place, Delhi",110034,hardware stores,5.0,48,0,0,1,0,,10,OPERATIONAL
hardware market,"Netaji Subhash Place, Delhi",110035,hardware stores,4.2,17,0,0,0,0,,5,OPERATIONAL
Sanjay Paints & Hardware Store,"Netaji Subhash Place, Delhi",110035,hardware stores,4.5,26,0,0,1,0,,6,OPERATIONAL
The Sial Kitchen - Family Restaurant,"Rohini, Delhi",110085,restaurants,4.2,1726,0,1,1,0,,5,OPERATIONAL
Pind Balluchi,"Rohini, Delhi",110085,restaurants,4.1,2296,0,1,1,1,2.0,7,OPERATIONAL
Seventh Sense - All Day Dining Restaurant,"Rohini, Delhi",110085,restaurants,4.3,1938,0,0,1,1,2.0,5,OPERATIONAL
Matchis Restaurant,"Rohini, Delhi",110085,restaurants,4.7,777,0,0,1,0,,14,OPERATIONAL
Metro Grill Restobar Rohini,"Rohini, Delhi",110085,restaurants,4.2,2084,0,1,1,1,2.0,11,OPERATIONAL
Dilli Darbar Restaurant & Bar,"Rohini, Delhi",110085,restaurants,4.3,276,0,0,1,0,,7,OPERATIONAL
Pikwik Restaurant,"Rohini, Delhi",110085,restaurants,4.1,1352,0,1,1,1,2.0,8,OPERATIONAL
Cafe DEM Restaurant & Bar,"Rohini, Delhi",110085,restaurants,4.3,453,0,0,1,0,,8,OPERATIONAL
Dine House by Eleven Course,"Rohini, Delhi",110085,restaurants,3.8,1099,0,1,1,1,2.0,5,OPERATIONAL
Spice Era Pure Veg Restaurant,"Rohini, Delhi",110085,restaurants,4.2,98,0,1,1,0,,6,OPERATIONAL
Spice Art,"Rohini, Delhi",110085,restaurants,4.6,1136,0,1,1,0,,9,OPERATIONAL
Punjabi Rasoi Rohini,"Rohini, Delhi",110085,restaurants,4.0,4496,0,0,1,1,2.0,10,OPERATIONAL
Oh! Village Restaurant,"Rohini, Delhi",110042,restaurants,4.3,263,0,0,1,0,,7,OPERATIONAL
Lotus leaf Restaurant,"Rohini, Delhi",110085,restaurants,4.2,1051,0,1,1,1,3.0,10,OPERATIONAL
Xero degrees rohini,"Rohini, Delhi",110085,restaurants,4.5,1532,0,0,1,1,2.0,5,OPERATIONAL
The Spicy Pinch-Best foods in delhi,"Rohini, Delhi",110086,restaurants,4.8,217,0,0,1,0,,13,OPERATIONAL
Mosaic - Crowne Plaza,"Rohini, Delhi",110085,restaurants,4.4,1294,0,1,1,1,3.0,16,OPERATIONAL
Bikanervala | Sector 10 Rohini Delhi,"Rohini, Delhi",110085,restaurants,4.3,5102,0,1,1,1,2.0,16,OPERATIONAL
Runway 1 Delhi,"Rohini, Delhi",110085,restaurants,4.2,5875,0,0,1,0,,8,OPERATIONAL
The Pavitra - Pure Veg Restaurant,"Rohini, Delhi",110085,restaurants,4.2,424,0,1,1,0,,15,OPERATIONAL
cafe bistro 57,"Rohini, Delhi",110085,cafes,4.6,3083,0,1,1,1,2.0,4,OPERATIONAL
Urban Cafe15,"Rohini, Delhi",110086,cafes,4.9,554,0,0,1,0,,4,OPERATIONAL
Roslyn Coffee,"Rohini, Delhi",110085,cafes,4.0,375,0,0,1,0,,4,OPERATIONAL
The Bun - Chai Cafe,"Rohini, Delhi",110085,cafes,4.7,264,0,1,1,0,,4,OPERATIONAL
THE PIT CAFE,"Rohini, Delhi",110089,cafes,4.6,140,0,1,1,0,,4,OPERATIONAL
"Tan Coffee | Prashant Vihar, Delhi","Rohini, Delhi",110085,cafes,4.5,655,0,1,1,0,,7,OPERATIONAL
Platora fine dine cafe,"Rohini, Delhi",110089,cafes,4.7,90,0,0,0,0,,7,OPERATIONAL
Chaiholic Rohini – Best Cafe & Chai Spot,"Rohini, Delhi",110085,cafes,4.7,240,0,1,1,0,,12,OPERATIONAL
chai garam pocket cafe - rohini,"Rohini, Delhi",110085,cafes,4.6,102,0,0,1,0,,4,OPERATIONAL
Cafe Twenty One,"Rohini, Delhi",110085,cafes,4.9,57,0,0,1,0,,4,OPERATIONAL
Cha hut,"Rohini, Delhi",110085,cafes,4.6,129,0,0,1,0,,4,OPERATIONAL
Cafe Rigo,"Rohini, Delhi",110089,cafes,4.5,126,0,0,1,0,,7,OPERATIONAL
Onkar Cafe,"Rohini, Delhi",110089,cafes,4.3,709,0,0,1,0,,7,OPERATIONAL
Blue Tokai Coffee Roasters | Rohini Sector 11,"Rohini, Delhi",110085,cafes,4.4,37,0,1,1,0,,8,OPERATIONAL
Kenangan Coffee,"Rohini, Delhi",110085,cafes,5.0,131,0,1,1,0,,4,OPERATIONAL
Taprii The Chaibar,"Rohini, Delhi",110089,cafes,3.9,874,0,0,1,0,,8,OPERATIONAL
Blue Tokai Coffee Roasters | Rohini Sector 14,"Rohini, Delhi",110085,cafes,4.0,69,0,1,1,1,2.0,8,OPERATIONAL
Cafe Honeyman,"Rohini, Delhi",110085,cafes,4.9,66,0,1,1,0,,4,OPERATIONAL
The Lost Kitchen,"Rohini, Delhi",110085,cafes,4.6,56,0,0,0,0,,4,OPERATIONAL
Cafe DTU 2.0,"Rohini, Delhi",110089,cafes,4.6,279,0,1,1,0,,12,OPERATIONAL
Kapils Salon,"Rohini, Delhi",110085,salons,4.8,3550,0,1,1,0,,4,OPERATIONAL
MAK luxury salon,"Rohini, Delhi",110085,salons,4.7,1577,0,1,1,0,,8,OPERATIONAL
Dear Donna Salon,"Rohini, Delhi",110085,salons,4.8,1106,0,0,1,0,,7,OPERATIONAL
"Lakme Salon For Him and Her in Rohini, Sector 8","Rohini, Delhi",110085,salons,4.8,351,0,1,1,0,,4,OPERATIONAL
Glamour Lounge unisex salon & academy,"Rohini, Delhi",110085,salons,4.8,350,0,1,1,0,,13,OPERATIONAL
Richa Makeover Makeup Artist Beauty Parlour Salon & nail Extensions,"Rohini, Delhi",110085,salons,4.9,781,0,1,1,0,,6,OPERATIONAL
Queens Makeovers,"Rohini, Delhi",110085,salons,4.8,759,0,1,1,0,,5,OPERATIONAL
Blushh unisex salon,"Rohini, Delhi",110085,salons,4.9,248,0,1,1,0,,4,OPERATIONAL
Glossy luxury salon,"Rohini, Delhi",110085,salons,4.8,301,0,0,1,0,,8,OPERATIONAL
"Looks Salon, Unity One Rohini","Rohini, Delhi",110085,salons,4.8,182,0,1,1,0,,4,OPERATIONAL
Engaging Unisex Salon,"Rohini, Delhi",110085,salons,4.9,508,0,0,1,0,,4,OPERATIONAL
Hair Expert Salon,"Rohini, Delhi",110085,salons,4.9,235,0,1,1,0,,5,OPERATIONAL
Manju's the world of glamour,"Rohini, Delhi",110085,salons,4.9,1325,0,0,1,0,,13,OPERATIONAL
The Bellissimo Unisex Salon .,"Rohini, Delhi",110085,salons,4.7,279,0,1,1,0,,15,OPERATIONAL
Geetanjali Studio,"Rohini, Delhi",110085,salons,4.7,825,0,0,1,0,,5,OPERATIONAL
Jasmine Makeover & Academy Family Unisex Salon | Hair Services In Rohini,"Rohini, Delhi",110089,salons,4.8,176,0,1,1,0,,6,OPERATIONAL
Air Luxury Salon,"Rohini, Delhi",110085,salons,4.7,402,0,1,1,0,,4,OPERATIONAL
"Jawed Habib Salon , prashant vihar","Rohini, Delhi",110085,salons,4.7,1552,0,1,1,0,,8,OPERATIONAL
STUDIO 936 Luxury Salon Hair Beauty Makeup Nails & Academy Sector-24 Rohini,"Rohini, Delhi",110085,salons,4.7,220,0,1,1,0,,13,OPERATIONAL
AFFINITY LUXE SALON,"Rohini, Delhi",110085,salons,4.8,84,0,1,1,0,,4,OPERATIONAL
My Fitness Destination,"Rohini, Delhi",110085,gyms,4.9,1173,0,0,1,0,,5,OPERATIONAL
VYOM LUXURY GYM AND WELLNESS,"Rohini, Delhi",110089,gyms,4.9,108,0,1,1,0,,7,OPERATIONAL
Anytime Fitness,"Rohini, Delhi",110085,gyms,4.6,677,0,1,1,0,,6,OPERATIONAL
FLEX FITNESS GYM,"Rohini, Delhi",110085,gyms,5.0,109,0,0,1,0,,5,OPERATIONAL
Q3 Fitness,"Rohini, Delhi",110089,gyms,4.9,237,0,0,1,0,,5,OPERATIONAL
VibRation Gym & fitness centre,"Rohini, Delhi",110085,gyms,4.9,221,0,1,0,0,,13,OPERATIONAL
"Champ Fitshala Gym (Train Like Champions), The Best Gym Near You In Rohini","Rohini, Delhi",110099,gyms,4.9,650,0,0,1,0,,6,OPERATIONAL
VIVAAN FITNESS CLUB GYM,"Rohini, Delhi",110085,gyms,4.9,187,0,0,1,0,,5,OPERATIONAL
Anytime Fitness,"Rohini, Delhi",110085,gyms,4.4,127,0,1,1,0,,6,OPERATIONAL
Anytime Fitness,"Rohini, Delhi",110085,gyms,4.5,69,0,1,1,0,,6,OPERATIONAL
Red Zone Fitness,"Rohini, Delhi",110085,gyms,4.8,351,0,0,1,0,,5,OPERATIONAL
Swag Fit Gym and Studio,"Rohini, Delhi",110089,gyms,5.0,368,0,0,1,0,,6,OPERATIONAL
Infinity Gym Rohini,"Rohini, Delhi",110085,gyms,5.0,25,0,1,0,0,,5,OPERATIONAL
MOKSH FITNESS,"Rohini, Delhi",110085,gyms,5.0,149,0,1,1,0,,5,OPERATIONAL
DARK SWEAT HEALTH CLUB,"Rohini, Delhi",110085,gyms,4.8,298,0,0,1,0,,6,OPERATIONAL
Anytime Fitness,"Rohini, Delhi",110085,gyms,4.6,249,0,1,1,0,,6,OPERATIONAL
The Core Fitness Club,"Rohini, Delhi",110085,gyms,4.8,128,0,0,1,0,,5,OPERATIONAL
"Oak Fitness (Sector-24, Rohini)","Rohini, Delhi",110085,gyms,4.5,127,0,1,0,0,,5,OPERATIONAL
XTREAM FITNESS CENTRE,"Rohini, Delhi",110089,gyms,4.9,82,0,1,1,0,,5,OPERATIONAL
FEMINA FITNESS,"Rohini, Delhi",110085,gyms,4.9,172,0,0,1,0,,5,OPERATIONAL
"Kiaasa - Rohini, New Delhi","Rohini, Delhi",110085,clothing stores,4.9,423,0,1,1,0,,5,OPERATIONAL
Modish Wear,"Rohini, Delhi",110085,clothing stores,4.8,1005,0,0,1,0,,4,OPERATIONAL
Goyal Fashion Mart,"Rohini, Delhi",110089,clothing stores,4.6,212,0,1,1,0,,6,OPERATIONAL
"Pantaloons (Rohini, New Delhi)","Rohini, Delhi",110085,clothing stores,4.0,628,0,1,1,0,,5,OPERATIONAL
Lifestyle Stores,"Rohini, Delhi",110085,clothing stores,4.3,4103,0,1,1,0,,8,OPERATIONAL
Goel Garments Private Limited - Designer garment shop in Rohini,"Rohini, Delhi",110085,clothing stores,4.0,1600,0,1,1,0,,4,OPERATIONAL
Aggarwal Garments,"Rohini, Delhi",110089,clothing stores,4.7,381,0,1,1,0,,4,OPERATIONAL
Shoppers Stop Ltd - Rohini,"Rohini, Delhi",110085,clothing stores,4.2,4778,0,1,1,0,,4,OPERATIONAL
Libas,"Rohini, Delhi",110085,clothing stores,4.9,419,0,1,1,0,,5,OPERATIONAL
"Pantaloons (Unity One Rohini, New Delhi)","Rohini, Delhi",110085,clothing stores,4.5,173,0,1,1,0,,5,OPERATIONAL
PlusS Rohini,"Rohini, Delhi",110085,clothing stores,5.0,243,0,1,1,0,,4,OPERATIONAL
Taneja Vastra Sangam | Best Garment Store In Rohini |,"Rohini, Delhi",110085,clothing stores,4.8,754,0,1,1,0,,4,OPERATIONAL
City Centre Rohini,"Rohini, Delhi",110085,clothing stores,4.3,11814,1,0,0,0,,3,OPERATIONAL
Dhoom Fashion Planet,"Rohini, Delhi",110085,clothing stores,3.6,67,0,0,1,0,,4,OPERATIONAL
Fashion King By Urvashi,"Rohini, Delhi",110085,clothing stores,5.0,365,0,1,1,0,,6,OPERATIONAL
Judgement The Fashion Studio,"Rohini, Delhi",110085,clothing stores,4.1,638,0,0,1,0,,4,OPERATIONAL
Fashion Age,"Rohini, Delhi",110085,clothing stores,4.9,501,0,0,1,0,,6,OPERATIONAL
Chunmun Store Rohini,"Rohini, Delhi",110085,clothing stores,3.8,626,0,0,1,0,,4,OPERATIONAL
Girl's Aura,"Rohini, Delhi",110085,clothing stores,5.0,22,0,0,1,0,,6,OPERATIONAL
Unity One Rohini,"Rohini, Delhi",110085,clothing stores,4.4,16049,1,1,0,0,,3,OPERATIONAL
Naharpur Wholesale Market,"Rohini, Delhi",110085,grocery stores,4.1,10887,1,1,0,0,,3,OPERATIONAL
Vishal Mega Mart,"Rohini, Delhi",110085,grocery stores,3.9,1312,0,1,1,0,,8,OPERATIONAL
RAJMANDIR HYPERMARKET PRASHANT VIHAR,"Rohini, Delhi",110085,grocery stores,4.0,1212,0,1,1,0,,8,OPERATIONAL
Centre Market Traders Associates,"Rohini, Delhi",110006,grocery stores,4.0,6639,0,0,1,0,,3,OPERATIONAL
Rajmandir Hypermarket Budh Vihar,"Rohini, Delhi",110085,grocery stores,4.1,1415,0,1,1,0,,8,OPERATIONAL
Rohini Bazar/ shubh ENTERPRISES,"Rohini, Delhi",110085,grocery stores,4.1,492,0,1,1,0,,6,OPERATIONAL
DC Chowk Market Rohini,"Rohini, Delhi",110085,grocery stores,4.2,957,0,0,0,0,,3,OPERATIONAL
Puneet Retails,"Rohini, Delhi",110085,grocery stores,4.2,963,0,0,1,0,,7,OPERATIONAL
Pandey Di Hatti,"Rohini, Delhi",110085,grocery stores,4.3,91,0,0,1,0,,6,OPERATIONAL
"Ambience Mall, Rohini","Rohini, Delhi",110085,grocery stores,4.1,2960,0,1,0,0,,3,OPERATIONAL
Vishal Mega Mart,"Rohini, Delhi",110085,grocery stores,4.5,109,0,1,1,0,,10,OPERATIONAL
V4M The Super Market ( Sector - 24 ),"Rohini, Delhi",110085,grocery stores,4.0,108,0,0,1,0,,6,OPERATIONAL
Dmart Rohini sector 10,"Rohini, Delhi",110086,grocery stores,4.8,24,0,1,0,0,,8,OPERATIONAL
Market99,"Rohini, Delhi",110085,grocery stores,3.9,418,0,1,1,0,,9,OPERATIONAL
Number 1 HyperMarket,"Rohini, Delhi",110085,grocery stores,5.0,30,0,0,0,0,,6,OPERATIONAL
Electronics Mart - Rohini,"Rohini, Delhi",110085,electronics shops,4.7,606,0,1,1,0,,4,OPERATIONAL
Krishna Electronics | ROHINI,"Rohini, Delhi",110085,electronics shops,4.8,658,0,1,1,0,,4,OPERATIONAL
Hariom Electronics - Rohini,"Rohini, Delhi",110085,electronics shops,4.6,4202,0,1,1,0,,3,OPERATIONAL
Anugrah Electronics & Appliances,"Rohini, Delhi",110085,electronics shops,4.5,171,0,0,1,0,,5,OPERATIONAL
Varun Electronics,"Rohini, Delhi",110085,electronics shops,4.3,78,0,0,1,0,,4,OPERATIONAL
Vardhman Electronics | Rohini Sector-16 | New Delhi,"Rohini, Delhi",110089,electronics shops,3.4,28,0,1,1,0,,6,OPERATIONAL
Electronic Paradise - Rohini,"Rohini, Delhi",110085,electronics shops,4.0,69,0,0,1,0,,4,OPERATIONAL
Aman Electronics,"Rohini, Delhi",110085,electronics shops,4.3,27,0,0,1,0,,5,OPERATIONAL
Croma - M2K Rohini,"Rohini, Delhi",110085,electronics shops,4.3,5184,0,1,1,0,,5,OPERATIONAL
"Om Electronics | Authorised Carysil, KAFF, Sunflame, Padmini & Kent Distributor","Rohini, Delhi",110085,electronics shops,4.0,100,0,0,1,0,,7,OPERATIONAL
Sahu Electronics,"Rohini, Delhi",110089,electronics shops,3.7,209,0,1,1,0,,4,OPERATIONAL
Hariom Electronics - Rohini Sector 17,"Rohini, Delhi",110089,electronics shops,4.6,613,0,1,1,0,,3,OPERATIONAL
Vardhman Electronics,"Rohini, Delhi",110085,electronics shops,4.0,222,0,1,1,0,,4,OPERATIONAL
Toni Electronics,"Rohini, Delhi",110089,electronics shops,4.1,30,0,0,1,0,,7,OPERATIONAL
Electronics Mart - Avantika,"Rohini, Delhi",110085,electronics shops,4.6,112,0,1,0,0,,4,OPERATIONAL
Electronic Point,"Rohini, Delhi",110081,electronics shops,4.1,45,0,0,1,0,,5,OPERATIONAL
Vijay Electronics,"Rohini, Delhi",110085,electronics shops,4.8,57,0,0,1,0,,4,OPERATIONAL
Harish Electronics,"Rohini, Delhi",110089,electronics shops,4.5,24,0,0,1,0,,5,OPERATIONAL
Electronics World,"Rohini, Delhi",110085,electronics shops,4.4,10,0,0,1,0,,4,OPERATIONAL
Elite Clinic,"Rohini, Delhi",110085,clinics,4.9,931,0,1,1,0,,6,OPERATIONAL
Rohini ENT Clinic| Dr.Abhishek Mittal| Ear| Nose | Throat | Allergy and Immunotherapy Clinic| Hearing Lab| Sector 24,"Rohini, Delhi",110085,clinics,4.8,1260,0,1,1,0,,5,OPERATIONAL
Vardaan Clinic,"Rohini, Delhi",110085,clinics,4.7,860,0,1,1,0,,10,OPERATIONAL
"Dr B K Dubey(MD, FCCP )PHYSICIAN","Rohini, Delhi",110089,clinics,4.9,299,0,0,1,0,,4,OPERATIONAL
Vihaan Health Care,"Rohini, Delhi",110085,clinics,4.5,125,0,0,1,0,,7,OPERATIONAL
Rohini Health Care Clinic,"Rohini, Delhi",110085,clinics,5.0,9,0,0,1,0,,4,OPERATIONAL
Dr. Kiran's Clinic,"Rohini, Delhi",110085,clinics,4.7,12,0,0,1,0,,4,OPERATIONAL
Arihant Jain Clinic,"Rohini, Delhi",110085,clinics,4.7,67,0,0,1,0,,4,OPERATIONAL
Rohini Poly Clinic,"Rohini, Delhi",110085,clinics,4.7,20,0,0,1,0,,4,OPERATIONAL
"Goyal Clinic - Turkey Hair Transplant Clinic in Delhi NCR, India","Rohini, Delhi",110085,clinics,4.7,518,0,1,1,0,,8,OPERATIONAL
Santom Hospital Rohini Sector 24,"Rohini, Delhi",110085,clinics,4.7,654,0,1,1,0,,6,OPERATIONAL
Bela clinic (best gynaecologist clinic Rohini),"Rohini, Delhi",110085,clinics,5.0,85,0,0,1,0,,4,OPERATIONAL
Synergy clinic sector 8 Rohini,"Rohini, Delhi",110085,clinics,5.0,5,0,1,1,0,,4,OPERATIONAL
Taneja ENT & Eye Clinic/Dr.Anuj Taneja/Ear nose throat Eye doctor in rohini sector-24/Allergy test & Immunotherapy,"Rohini, Delhi",110085,clinics,5.0,404,0,1,1,0,,4,OPERATIONAL
"Dr. Shilpi Khare - Best Gynaecologist, Infertility and Ultrasound center in Rohini, Delhi","Rohini, Delhi",110082,clinics,4.7,162,0,1,1,0,,8,OPERATIONAL
Sanjeevani Child & Mother Care Clinic-best Child Clinic In Rohini,"Rohini, Delhi",110085,clinics,4.6,53,0,0,1,0,,4,OPERATIONAL
Diabetes and Kidney Care Clinic,"Rohini, Delhi",110085,clinics,5.0,83,0,0,1,0,,4,OPERATIONAL
RS skin and hair clinic |Transplant and Best Hair Fall Treatment Clinic in Delhi,"Rohini, Delhi",110085,clinics,4.9,408,0,1,1,0,,10,OPERATIONAL
Suryam child development clinic Rohini - Speech & Occupational Therapy,"Rohini, Delhi",110085,clinics,5.0,28,0,1,1,0,,4,OPERATIONAL
Dreams Child Clinic- Dr Ajay Gupta (Child specialist),"Rohini, Delhi",110085,clinics,4.9,60,0,0,1,0,,4,OPERATIONAL
American Bakery House - The Best Bakery in Rohini,"Rohini, Delhi",110085,bakeries,4.6,100,0,0,1,0,,6,OPERATIONAL
"CAKE ‘O’ CLOCKS -ROHINI BEST BAKERY, DESIGNER CAKE SHOP WITH FREE HOME DELIVERY & DISCOUNT ON STORE PICKUP","Rohini, Delhi",110085,bakeries,4.7,181,0,1,1,0,,14,OPERATIONAL
Puri Bakers – Top Bakery in Rohini | Affordable bakery and cafe in Delhi | Rohini,"Rohini, Delhi",110085,bakeries,4.1,1039,0,0,1,1,2.0,6,OPERATIONAL
Demould Bakery| Best Cakes & Hampers in West Delhi,"Rohini, Delhi",110085,bakeries,4.2,376,0,1,1,0,,16,OPERATIONAL
Gaurav Pastry Palace,"Rohini, Delhi",110085,bakeries,4.2,3698,0,0,1,1,2.0,6,OPERATIONAL
Theobroma Bakery and Cake Shop - Rohini Sec-11,"Rohini, Delhi",110085,bakeries,4.8,128,0,1,1,0,,13,OPERATIONAL
Garhwal Bakery,"Rohini, Delhi",110085,bakeries,4.3,638,0,0,1,1,2.0,6,OPERATIONAL
Garhwal Bakers Sector_21 Rohini,"Rohini, Delhi",110086,bakeries,4.4,673,0,0,1,0,,6,OPERATIONAL
"Rich bake Cakes | Best Cakes In Rohini, Pitampura, Delhi","Rohini, Delhi",110089,bakeries,4.9,223,0,0,1,0,,6,OPERATIONAL
Pavitra Bakers,"Rohini, Delhi",110089,bakeries,4.1,592,0,0,1,1,2.0,6,OPERATIONAL
Sia Bakes,"Rohini, Delhi",110085,bakeries,5.0,104,0,1,1,0,,9,OPERATIONAL
Cakestudio_by_guruh,"Rohini, Delhi",110085,bakeries,4.7,203,0,1,1,0,,12,OPERATIONAL
Garhwal Bakers Sector_04 Rohini,"Rohini, Delhi",110085,bakeries,4.4,349,0,1,1,0,,6,OPERATIONAL
"Theobroma Bakery and Cake Shop - Rohini, New Delhi","Rohini, Delhi",110085,bakeries,4.1,213,0,1,1,1,2.0,13,OPERATIONAL
Queen's Bakery,"Rohini, Delhi",110085,bakeries,4.7,165,0,0,1,0,,6,OPERATIONAL
Garhwal Bakery,"Rohini, Delhi",110085,bakeries,4.2,643,0,0,1,1,1.0,9,OPERATIONAL
De Creamy Cakery,"Rohini, Delhi",110085,bakeries,4.9,114,0,1,0,0,,9,OPERATIONAL
Gauranga Bakers,"Rohini, Delhi",110085,bakeries,4.8,36,0,0,1,0,,11,OPERATIONAL
The Bakexcuse,"Rohini, Delhi",110085,bakeries,5.0,102,0,1,1,0,,6,OPERATIONAL
Apollo Pharmacy - Rohini,"Rohini, Delhi",110089,pharmacies,4.5,121,0,1,1,0,,8,OPERATIONAL
Zeelab Pharmacy - Rohini Sec-16,"Rohini, Delhi",110089,pharmacies,4.9,1145,0,1,1,0,,5,OPERATIONAL
ZEELAB Pharmacy - Sector 15 Rohini,"Rohini, Delhi",110089,pharmacies,4.9,1344,0,1,1,0,,5,OPERATIONAL
"Apollo Pharmacy Rohini, Sector 9","Rohini, Delhi",110085,pharmacies,4.2,85,0,1,1,0,,8,OPERATIONAL
ZEELAB Pharmacy - Sector-17 Rohini,"Rohini, Delhi",110089,pharmacies,4.9,1059,0,1,1,0,,5,OPERATIONAL
"Apollo Pharmacy Rohini, Sector 18","Rohini, Delhi",110089,pharmacies,4.4,97,0,1,1,0,,8,OPERATIONAL
"Apollo Pharmacy Rohini, Sector 3","Rohini, Delhi",110085,pharmacies,3.4,64,0,1,1,0,,8,OPERATIONAL
Apollo Pharmacy Sector 13,"Rohini, Delhi",110085,pharmacies,4.4,90,0,1,1,0,,8,OPERATIONAL
ZEELAB Pharmacy - Sector-6 Rohini,"Rohini, Delhi",110085,pharmacies,4.9,263,0,1,1,0,,5,OPERATIONAL
"Apollo Pharmacy Rohini, Sector 15","Rohini, Delhi",110089,pharmacies,3.8,44,0,1,1,0,,8,OPERATIONAL
ZEELAB Pharmacy - Rohini Sector 8,"Rohini, Delhi",110085,pharmacies,5.0,18,0,1,1,0,,5,OPERATIONAL
"MAHADEV PHARMACY | MEDICINE AVAILABLE IN ROHINI,NEW DELHI |","Rohini, Delhi",110085,pharmacies,5.0,194,0,0,1,0,,7,OPERATIONAL
Zeelab Pharmacy - Sector 2 Rohini,"Rohini, Delhi",110085,pharmacies,4.8,213,0,1,1,0,,5,OPERATIONAL
ZEELAB Pharmacy - Avantika (up to 90% off),"Rohini, Delhi",110085,pharmacies,5.0,267,0,1,1,0,,5,OPERATIONAL
Sai ram pharmacy,"Rohini, Delhi",110085,pharmacies,5.0,20,0,0,1,0,,5,OPERATIONAL
HEALTHY MEDICOS,"Rohini, Delhi",110085,pharmacies,5.0,85,0,0,1,0,,6,OPERATIONAL
Zeelab Pharmacy - Sector 3 Rohini,"Rohini, Delhi",110085,pharmacies,5.0,197,0,1,1,0,,5,OPERATIONAL
davaindia GENERIC PHARMACY,"Rohini, Delhi",110085,pharmacies,4.9,38,0,1,1,0,,10,OPERATIONAL
Shiv Shakti Medicos,"Rohini, Delhi",110085,pharmacies,4.8,128,0,0,1,0,,5,OPERATIONAL
Soul pharmacy,"Rohini, Delhi",110085,pharmacies,5.0,8,0,0,1,0,,5,OPERATIONAL
Home Tuition in Delhi | Home Tutors in Rohini Delhi,"Rohini, Delhi",110085,tutoring centers,4.9,501,0,1,1,0,,5,OPERATIONAL
A1 HOME TUTORS & A1 INSTITUTE & A1 PLAY SCHOOL,"Rohini, Delhi",110086,tutoring centers,4.9,1781,0,1,1,0,,10,OPERATIONAL
EduGyani (Institutes and Home Tutors),"Rohini, Delhi",110086,tutoring centers,5.0,287,0,1,1,0,,3,OPERATIONAL
Home Tutor Delhi | Home Tutors in Rohini - MuskanTutor,"Rohini, Delhi",110085,tutoring centers,4.9,146,0,1,1,0,,8,OPERATIONAL
A.K. Tutorials,"Rohini, Delhi",110089,tutoring centers,4.9,158,0,1,1,0,,2,OPERATIONAL
Perfect Tutor - Rohini,"Rohini, Delhi",110085,tutoring centers,4.9,27,0,1,1,0,,2,OPERATIONAL
"ATP ACADEMY, CBSE Tuition","Rohini, Delhi",110085,tutoring centers,4.9,113,0,1,1,0,,5,OPERATIONAL
J.M. Education Point | Tuition classes | Computer Classes in Rohini,"Rohini, Delhi",110089,tutoring centers,4.8,443,0,1,1,0,,6,OPERATIONAL
Home Tutors in Rohini,"Rohini, Delhi",110085,tutoring centers,5.0,2,0,1,0,0,,3,OPERATIONAL
EDUCRAFTER,"Rohini, Delhi",110086,tutoring centers,5.0,28,0,1,0,0,,7,OPERATIONAL
"Pro Concept Education Centre, Applied Math Tuition, Home Tuitions, Rohini, sec 3..","Rohini, Delhi",110085,tutoring centers,4.9,38,0,1,1,0,,5,OPERATIONAL
Vishal Institute,"Rohini, Delhi",110085,tutoring centers,5.0,522,0,1,1,0,,5,OPERATIONAL
Moral Coaching Institute and coaching centre,"Rohini, Delhi",110085,tutoring centers,5.0,339,0,1,1,0,,2,OPERATIONAL
Level Up Academy - Maths Masters of Rohini & Pitampura,"Rohini, Delhi",110085,tutoring centers,4.9,309,0,1,1,0,,2,OPERATIONAL
Edu-Maths (Coaching Centre Rohini Sec 18 ),"Rohini, Delhi",110089,tutoring centers,5.0,215,0,0,1,0,,4,OPERATIONAL
Study Hub Educations,"Rohini, Delhi",110085,tutoring centers,4.7,59,0,1,1,0,,8,OPERATIONAL
Ultimate Mathematics: By Ajay Mittal (A Specialized Institute of Mathematics),"Rohini, Delhi",110085,tutoring centers,4.8,568,0,1,1,0,,4,OPERATIONAL
Tuition Point (Classes By Deepak Sir),"Rohini, Delhi",110089,tutoring centers,5.0,144,0,0,1,0,,2,OPERATIONAL
Shreya home tutor,"Rohini, Delhi",110085,tutoring centers,5.0,46,0,1,1,0,,2,OPERATIONAL
Ace Institute - Best Home Tuition in Delhi,"Rohini, Delhi",110089,tutoring centers,4.7,84,0,1,1,0,,4,OPERATIONAL
Home Paradise,"Rohini, Delhi",110089,furniture stores,4.8,211,0,1,1,0,,14,OPERATIONAL
Wakefit - Furniture Store in Rohini,"Rohini, Delhi",110085,furniture stores,4.9,1192,0,1,1,0,,7,OPERATIONAL
Furniture Buddy | Best Furniture Shop in Delhi | Cheapest Furniture Store in Rohini,"Rohini, Delhi",110089,furniture stores,3.7,29,0,0,0,0,,8,OPERATIONAL
Furniture Market,"Rohini, Delhi",110085,furniture stores,4.0,1161,0,0,1,0,,3,OPERATIONAL
NR FURNITURE CO,"Rohini, Delhi",110086,furniture stores,4.9,19,0,0,1,0,,7,OPERATIONAL
Balaji Furniture & Decorators | Mangolpuri Furniture Market,"Rohini, Delhi",110085,furniture stores,4.5,24,0,1,0,0,,8,OPERATIONAL
"Maanya Furniture - Rohini, New Delhi","Rohini, Delhi",110083,furniture stores,3.8,13,0,0,1,0,,6,OPERATIONAL
Mohit Furniture,"Rohini, Delhi",110085,furniture stores,5.0,27,0,0,1,0,,5,OPERATIONAL
N.k Sofa repair,"Rohini, Delhi",110089,furniture stores,4.9,41,0,0,1,0,,6,OPERATIONAL
Sharma furniture,"Rohini, Delhi",110085,furniture stores,4.7,32,0,1,1,0,,10,OPERATIONAL
Strega Modular Furniture,"Rohini, Delhi",110089,furniture stores,2.9,15,0,0,1,0,,3,OPERATIONAL
HN Furniture & Decoraters,"Rohini, Delhi",110085,furniture stores,4.6,10,0,1,1,0,,11,OPERATIONAL
Amar Furniture,"Rohini, Delhi",110089,furniture stores,3.9,7,0,0,1,0,,6,OPERATIONAL
GURU KIRPA HANDLOOM EMPORIUM,"Rohini, Delhi",110085,furniture stores,4.8,368,0,0,1,0,,10,OPERATIONAL
Khanna Furniture,"Rohini, Delhi",110086,furniture stores,4.9,12,0,0,1,0,,6,OPERATIONAL
Durotech Furniture,"Rohini, Delhi",110085,furniture stores,2.6,22,0,0,1,0,,7,OPERATIONAL
"V.R. Steel Furniture ( Mfg. of : Wall Fixing Almirah , Domestic Steel Almirah, Office Almirah)","Rohini, Delhi",110085,furniture stores,4.6,60,0,0,1,0,,10,OPERATIONAL
Cell Smart Cafe,"Rohini, Delhi",110085,mobile shops,4.9,3307,0,1,1,0,,6,OPERATIONAL
Hotspot Mobile Store,"Rohini, Delhi",110089,mobile shops,5.0,540,0,1,1,0,,4,OPERATIONAL
Gupta Telecom,"Rohini, Delhi",110085,mobile shops,4.8,164,0,0,1,0,,4,OPERATIONAL
Mobile Master,"Rohini, Delhi",110089,mobile shops,4.4,114,0,0,1,0,,4,OPERATIONAL
Soham Retails,"Rohini, Delhi",110085,mobile shops,3.8,644,0,1,1,0,,5,OPERATIONAL
"Mi Home- M2K Rohini, Delhi","Rohini, Delhi",110085,mobile shops,4.5,2445,0,1,1,0,,5,OPERATIONAL
Telecomalohic,"Rohini, Delhi",110085,mobile shops,4.4,199,0,1,1,0,,4,OPERATIONAL
"Cashify Mobile Phone Shop | Buy, Sell and Repair in Rohini","Rohini, Delhi",110089,mobile shops,4.7,1211,0,1,1,0,,6,OPERATIONAL
Ganpati Enterprises,"Rohini, Delhi",110085,mobile shops,4.6,41,0,0,1,0,,5,OPERATIONAL
MOBILE CAFE,"Rohini, Delhi",110085,mobile shops,5.0,245,0,0,1,0,,5,OPERATIONAL
"Somwati Laptop Solutions | Laptop & Mobile Repair Services & Accessories | Rohini, Delhi/NCR","Rohini, Delhi",110085,mobile shops,5.0,31,0,0,1,0,,4,OPERATIONAL
JMD ENTERPRISES M2K ROHINI,"Rohini, Delhi",110085,mobile shops,4.8,113,0,0,1,0,,5,OPERATIONAL
Rohini Telecom,"Rohini, Delhi",110085,mobile shops,4.5,24,0,0,1,0,,4,OPERATIONAL
The Phone Store,"Rohini, Delhi",110085,mobile shops,4.0,10,0,0,1,0,,4,OPERATIONAL
Aggarwal Telecom,"Rohini, Delhi",110089,mobile shops,4.0,216,0,0,1,0,,4,OPERATIONAL
RETAIL MOBILE ZONE,"Rohini, Delhi",110085,mobile shops,4.2,5,0,0,0,0,,4,OPERATIONAL
Prem Telecom,"Rohini, Delhi",110099,mobile shops,4.9,372,0,0,1,0,,4,OPERATIONAL
Samsung Experience Store Sector 7 Rohini,"Rohini, Delhi",110085,mobile shops,4.7,277,0,1,1,0,,6,OPERATIONAL
Kapil Jewellers Pvt Ltd,"Rohini, Delhi",110085,jewellery shops,4.9,5109,0,0,1,0,,4,OPERATIONAL
Aggarwal Abhushan Pvt Ltd,"Rohini, Delhi",110085,jewellery shops,4.9,2499,0,1,1,0,,4,OPERATIONAL
Shahi Jewellers Rohini - Best Jeweller In Rohini,"Rohini, Delhi",110085,jewellery shops,4.9,1201,0,0,1,0,,6,OPERATIONAL
A.P. Jaiswal Jewellers - BEST JEWELLERY SHOWROOM In Rohini Delhi,"Rohini, Delhi",110085,jewellery shops,4.8,502,0,1,1,0,,7,OPERATIONAL
Tanishq Jewellery - Delhi - Rohini,"Rohini, Delhi",110085,jewellery shops,4.8,5261,0,1,1,0,,6,OPERATIONAL
MB JEWELLERS,"Rohini, Delhi",110085,jewellery shops,4.8,747,0,1,1,0,,4,OPERATIONAL
Ishansh Jewellers - One Gram Gold Jewellery,"Rohini, Delhi",110085,jewellery shops,4.9,55,0,1,0,0,,4,OPERATIONAL
"Kalyan Jewellers - Sector 7, Rohini","Rohini, Delhi",110085,jewellery shops,4.9,376,0,1,1,0,,8,OPERATIONAL
"BlueStone Jewellery Rohini Flagship, New Delhi","Rohini, Delhi",110085,jewellery shops,4.8,919,0,1,1,0,,8,OPERATIONAL
"CaratLane Jewellery Rohini, Delhi","Rohini, Delhi",110085,jewellery shops,4.9,2061,0,1,1,0,,5,OPERATIONAL
Malabar Gold and Diamonds - Rohini - Delhi,"Rohini, Delhi",110085,jewellery shops,4.9,1523,0,1,1,0,,4,OPERATIONAL
Om Shiv Jewellers (SINCE 1995) | Best Jewellers In Rohini,"Rohini, Delhi",110085,jewellery shops,4.9,65,0,1,1,0,,7,OPERATIONAL
"Vaishnavi Arts best bridal jewellery on rent in delhi Rohini, kundan, American diamond, antique rajwada jewelry","Rohini, Delhi",110085,jewellery shops,4.7,455,0,1,1,0,,7,OPERATIONAL
"Aukera Lab Grown Diamond Jewellery - Rohini, New Delhi","Rohini, Delhi",110085,jewellery shops,5.0,110,0,1,1,0,,5,OPERATIONAL
"Diamondiary Jewellery - Rohini Sector 7, Delhi","Rohini, Delhi",110085,jewellery shops,5.0,24,0,1,1,0,,4,OPERATIONAL
Gehna Store(A.G. artificial jewellery store),"Rohini, Delhi",110085,jewellery shops,4.8,275,0,0,1,0,,8,OPERATIONAL
"Limelight Lab Grown Diamonds - Rohini, Delhi","Rohini, Delhi",110085,jewellery shops,5.0,121,0,1,1,0,,4,OPERATIONAL
Onkar Jewellers Pvt Ltd,"Rohini, Delhi",110085,jewellery shops,4.2,190,0,1,1,0,,6,OPERATIONAL
Bansal Jewellers & Diamond,"Rohini, Delhi",110085,jewellery shops,5.0,22,0,1,1,0,,4,OPERATIONAL
"Eclat Diamonds - Lab-Grown Diamond Jewellery - Rohini, Delhi","Rohini, Delhi",110085,jewellery shops,4.9,52,0,1,1,0,,4,OPERATIONAL
Ahuja Hardware Store - Hardware Interior In Rohini - Modular Kitchen Manufacture In Rohini Delhi,"Rohini, Delhi",110085,hardware stores,3.9,50,0,0,1,0,,5,OPERATIONAL
shri krishna hardware,"Rohini, Delhi",110089,hardware stores,4.9,18,0,0,0,0,,5,OPERATIONAL
Suri Paints & Hardware Store in Rohini - Asian Paints Store in Rohini,"Rohini, Delhi",110089,hardware stores,4.9,128,0,1,1,0,,8,OPERATIONAL
Bansal Plywood & Hardware | Best Plywood and Hardware Shop in Rohini,"Rohini, Delhi",110089,hardware stores,4.9,191,0,1,1,0,,7,OPERATIONAL
Arora Paints & Hardware Store,"Rohini, Delhi",110085,hardware stores,4.9,13,0,0,1,0,,6,OPERATIONAL
Sangam Hardware Store,"Rohini, Delhi",110042,hardware stores,4.3,19,0,0,1,0,,5,OPERATIONAL
Bhatia Sales Corporation,"Rohini, Delhi",110085,hardware stores,3.3,29,0,0,1,0,,5,OPERATIONAL
Bansal Hardware,"Rohini, Delhi",110085,hardware stores,4.0,5,0,0,1,0,,5,OPERATIONAL
Garg Hardware & Sanitary Store,"Rohini, Delhi",110089,hardware stores,3.5,6,0,0,1,0,,6,OPERATIONAL
Hare Krishna Paints and Hardware,"Rohini, Delhi",110089,hardware stores,5.0,24,0,0,1,0,,6,OPERATIONAL
Laxmi hardware sanitary & paint store,"Rohini, Delhi",110085,hardware stores,4.1,10,0,0,1,0,,5,OPERATIONAL
Krishna Hardware Paints & Electricals,"Rohini, Delhi",110085,hardware stores,4.9,13,0,0,1,0,,7,OPERATIONAL
Shri Balaji Hardware & Sanetry Store,"Rohini, Delhi",110081,hardware stores,5.0,10,0,0,1,0,,5,OPERATIONAL
Virender Store,"Rohini, Delhi",110085,hardware stores,5.0,21,0,0,1,0,,5,OPERATIONAL
Jagdamba Hardware wale,"Rohini, Delhi",110099,hardware stores,5.0,12,0,0,1,0,,6,OPERATIONAL
Maa Bimla Trading,"Rohini, Delhi",110099,hardware stores,5.0,12,0,0,1,0,,5,OPERATIONAL
Ozone,"Rohini, Delhi",110089,hardware stores,4.3,84,0,1,1,0,,5,OPERATIONAL
Yaduvanshi Hardware,"Rohini, Delhi",110086,hardware stores,5.0,43,0,0,1,0,,5,OPERATIONAL
DWARKA SYD,"Dwarka, Delhi",110078,restaurants,4.4,2671,0,1,1,0,,11,OPERATIONAL
Pinch of Spice Dwarka,"Dwarka, Delhi",110075,restaurants,4.5,1731,0,0,1,1,2.0,5,OPERATIONAL
MardiGras by Uncover,"Dwarka, Delhi",110077,restaurants,4.3,1150,0,0,1,0,,6,OPERATIONAL
Kake Da Hotel Dwarka,"Dwarka, Delhi",110075,restaurants,4.7,1768,0,1,1,0,,6,OPERATIONAL
बिहार से…By the panache,"Dwarka, Delhi",110075,restaurants,4.5,934,0,0,1,0,,5,OPERATIONAL
VERTIGO ROOFTOP RESTRO BAR,"Dwarka, Delhi",110078,restaurants,4.5,874,0,1,1,0,,4,OPERATIONAL
Dwarka SOCIAL,"Dwarka, Delhi",110029,restaurants,4.1,2456,0,1,1,1,3.0,12,OPERATIONAL
Singh Sahib | Best Restaurant in Dwarka,"Dwarka, Delhi",110078,restaurants,4.4,3451,0,1,1,1,2.0,4,OPERATIONAL
Drooling by The Shang : Best Restaurants in Dwarka | Roof Top Restaurant In Dwarka,"Dwarka, Delhi",110077,restaurants,4.7,615,0,1,1,0,,4,OPERATIONAL
The Big Tree Delhi,"Dwarka, Delhi",110075,restaurants,4.6,1510,0,0,1,0,,5,OPERATIONAL
Drool Kitchen,"Dwarka, Delhi",110075,restaurants,4.0,4717,0,0,1,1,2.0,10,OPERATIONAL
Sandoz Restaurant - Dwarka,"Dwarka, Delhi",110078,restaurants,4.2,717,0,1,1,0,,6,OPERATIONAL
Cafe Uncover,"Dwarka, Delhi",110078,restaurants,4.6,7957,0,1,1,1,2.0,9,OPERATIONAL
Mayfair Resto Bar,"Dwarka, Delhi",110078,restaurants,4.1,858,0,1,1,0,,6,OPERATIONAL
Brew House By Drool,"Dwarka, Delhi",110078,restaurants,4.9,2292,0,1,1,0,,16,OPERATIONAL
Dilli Darbar Restaurant,"Dwarka, Delhi",110075,restaurants,4.1,294,0,1,1,0,,6,OPERATIONAL
Pavilion 75,"Dwarka, Delhi",110075,restaurants,4.2,908,0,1,1,1,3.0,10,OPERATIONAL
Cafe After Hours,"Dwarka, Delhi",110078,restaurants,4.2,5875,0,1,1,1,3.0,13,OPERATIONAL
Courtyard Revibe - Cafe & Restaurant | Dwarka,"Dwarka, Delhi",110078,restaurants,4.5,2254,0,1,1,1,2.0,17,OPERATIONAL
Matram Dwarka,"Dwarka, Delhi",110078,restaurants,4.1,367,0,1,1,0,,6,OPERATIONAL
Cafe Di Milano,"Dwarka, Delhi",110078,cafes,4.2,5268,0,1,1,1,2.0,9,OPERATIONAL
Elito Coffee Eatery,"Dwarka, Delhi",110075,cafes,4.5,521,0,0,0,0,,11,OPERATIONAL
Old School Family Restaurant,"Dwarka, Delhi",110077,cafes,4.8,794,0,0,1,0,,5,OPERATIONAL
Big Yellow Door Dwarka (Pure Veg),"Dwarka, Delhi",110075,cafes,4.1,1722,0,0,1,1,2.0,4,OPERATIONAL
Forest House Cafe,"Dwarka, Delhi",110078,cafes,4.3,862,0,0,1,1,2.0,6,OPERATIONAL
Unbound Cafe,"Dwarka, Delhi",110078,cafes,4.8,1799,0,1,1,0,,10,OPERATIONAL
Roastery Coffee House | Dwarka,"Dwarka, Delhi",110078,cafes,4.6,1166,0,1,1,1,2.0,8,OPERATIONAL
Breeze 7 Open Air Cafe,"Dwarka, Delhi",110075,cafes,4.8,726,0,1,1,0,,11,OPERATIONAL
Xero Degrees Dwarka,"Dwarka, Delhi",110077,cafes,4.5,778,0,1,1,1,2.0,4,OPERATIONAL
Cafe 7 Hues,"Dwarka, Delhi",110078,cafes,4.7,374,0,1,1,0,,14,OPERATIONAL
Cafe Kuvo,"Dwarka, Delhi",110075,cafes,4.6,161,0,1,1,0,,4,OPERATIONAL
Cafe Beyond Eyes,"Dwarka, Delhi",110075,cafes,4.9,319,0,1,1,0,,4,OPERATIONAL
Fairytales,"Dwarka, Delhi",110075,cafes,4.5,1324,0,1,1,0,,4,OPERATIONAL
Echoes Cafe,"Dwarka, Delhi",110078,cafes,4.5,83,0,0,1,0,,4,OPERATIONAL
Blue Tokai Coffee Roasters | Dwarka Sector 12,"Dwarka, Delhi",110078,cafes,4.3,257,0,1,1,1,2.0,4,OPERATIONAL
SCISSOR & STYLE,"Dwarka, Delhi",110077,salons,4.8,1650,0,1,1,0,,10,OPERATIONAL
MANGO Salon,"Dwarka, Delhi",110075,salons,4.8,2456,0,1,1,0,,10,OPERATIONAL
Glitz and Bliss Unisex Salon| Best Salon in Dwarka,"Dwarka, Delhi",110077,salons,4.8,614,0,1,1,0,,11,OPERATIONAL
𝐕𝐚𝐢𝐫𝐚 𝐔𝐧𝐢𝐬𝐞𝐱 𝐒𝐚𝐥𝐨𝐧 - 𝐒𝐞𝐜𝐭𝐨𝐫 6 𝐃𝐰𝐚𝐫𝐤𝐚 | 𝐁𝐞𝐬𝐭 𝐒𝐚𝐥𝐨𝐧 𝐢𝐧 𝐃𝐰𝐚𝐫𝐤𝐚 | 𝐁𝐞𝐬𝐭 𝐇𝐚𝐢𝐫 𝐄𝐱𝐭𝐞𝐧𝐬𝐢𝐨𝐧𝐬 | 𝐁𝐞𝐬𝐭 𝐍𝐚𝐢𝐥 𝐄𝐱𝐭𝐞𝐧𝐬𝐢𝐨𝐧𝐬,"Dwarka, Delhi",110075,salons,4.7,1006,0,1,1,0,,8,OPERATIONAL
THE GODBARBER SALON,"Dwarka, Delhi",110059,salons,4.8,2157,0,1,1,0,,7,OPERATIONAL
Cut N Looks Unisex Salon|| Best Salon in Ramphal Chowk || Best Makeup Studio in Dwarka||,"Dwarka, Delhi",110077,salons,4.9,380,0,1,1,0,,7,OPERATIONAL
Toni & Guy Dwarka,"Dwarka, Delhi",110078,salons,4.7,603,0,1,1,0,,5,OPERATIONAL
GAURAV UNISEX SALON,"Dwarka, Delhi",110075,salons,4.8,892,0,1,1,0,,13,OPERATIONAL
"Looks Salon, Pacific Mall, Dwarka, Sector 21","Dwarka, Delhi",110077,salons,4.7,1331,0,1,1,0,,4,OPERATIONAL
"Geetanjali Salon - HL Wings, New Delhi","Dwarka, Delhi",110075,salons,4.6,2617,0,1,1,0,,10,OPERATIONAL
"Geetanjali Salon - Dwaraka Walk Mall, New Delhi","Dwarka, Delhi",110078,salons,4.8,701,0,1,1,0,,10,OPERATIONAL
Noi Tre Salon - Dwarka,"Dwarka, Delhi",110078,salons,4.8,506,0,1,1,0,,7,OPERATIONAL
Avalon Salon,"Dwarka, Delhi",110078,salons,4.8,300,0,0,1,0,,6,OPERATIONAL
Hair Masters Luxury Salon Dwarka,"Dwarka, Delhi",110078,salons,4.3,849,0,0,1,0,,5,OPERATIONAL
"Lakme Salon in Ramphal Chowk,Sec 7 Dwarka,Delhi","Dwarka, Delhi",110077,salons,4.7,1210,0,1,1,0,,4,OPERATIONAL
"Looks Salon, Vegas Mall","Dwarka, Delhi",110078,salons,4.7,2014,0,1,1,0,,5,OPERATIONAL
Looks Salon Dwarka sector 12,"Dwarka, Delhi",110078,salons,4.4,1465,0,1,1,0,,4,OPERATIONAL
"rb,s unisex hair & beauty salon - makeup salon, makeup artist dwarka, best salon in dwarka, best ,hair salon in dwarka","Dwarka, Delhi",110075,salons,4.9,133,0,0,1,0,,6,OPERATIONAL
Magic Touch Beauty Salon (Unisex Salon & Parlour),"Dwarka, Delhi",110078,salons,4.9,538,0,1,1,0,,14,OPERATIONAL
Quirk Studio - A luxury salon,"Dwarka, Delhi",110078,salons,4.9,958,0,1,1,0,,7,OPERATIONAL
Thrive Gym,"Dwarka, Delhi",110075,gyms,4.9,221,0,1,1,0,,6,OPERATIONAL
Club Forza - Best Gym in Dwarka,"Dwarka, Delhi",110075,gyms,4.8,84,0,1,1,0,,5,OPERATIONAL
Just Fitt Gym,"Dwarka, Delhi",110075,gyms,4.7,595,0,1,1,0,,5,OPERATIONAL
Dronacharya The Gym & Spa,"Dwarka, Delhi",110078,gyms,4.7,1052,0,0,1,0,,5,OPERATIONAL
Battlefield Gym,"Dwarka, Delhi",110078,gyms,4.6,630,0,1,1,0,,6,OPERATIONAL
Bberetta Fitness,"Dwarka, Delhi",110078,gyms,4.9,911,0,1,1,0,,5,OPERATIONAL
Spartans Gym Dwarka,"Dwarka, Delhi",110077,gyms,4.8,257,0,1,1,0,,10,OPERATIONAL
Enigma Fitness,"Dwarka, Delhi",110075,gyms,4.6,965,0,1,1,0,,6,OPERATIONAL
"Sehat World Green - Available on cult.fit | Best Gym in Dwarka, Delhi","Dwarka, Delhi",110075,gyms,4.6,466,0,1,1,0,,9,OPERATIONAL
3Monkey's Gym Dwarka,"Dwarka, Delhi",110078,gyms,4.9,92,0,0,1,0,,5,OPERATIONAL
Fitness Engineer Gym | Dwarka,"Dwarka, Delhi",110078,gyms,5.0,268,0,0,1,0,,5,OPERATIONAL
Studio 4 Gym – Best Fitness Centre in Dwarka Sector 4,"Dwarka, Delhi",110078,gyms,4.9,219,0,1,1,0,,5,OPERATIONAL
Sehat World – Fitness Centre & Gym in Dwarka Sector 23,"Dwarka, Delhi",110075,gyms,4.5,506,0,0,1,0,,6,OPERATIONAL
"Fitness First Platinum Dwarka | Best gym in Dwarka Sector 12, Delhi","Dwarka, Delhi",110075,gyms,4.0,195,0,1,1,0,,9,OPERATIONAL
Fitlean Fitness,"Dwarka, Delhi",110078,gyms,4.8,387,0,1,1,0,,6,OPERATIONAL
"Cult Gym Dwarka Sector 12 | Best Gym in Dwarka, New Delhi","Dwarka, Delhi",110078,gyms,4.1,512,0,1,1,0,,9,OPERATIONAL
Sparta Gym,"Dwarka, Delhi",110078,gyms,4.6,1095,0,0,1,0,,9,OPERATIONAL
Gymboxx,"Dwarka, Delhi",110075,gyms,4.6,223,0,1,1,0,,5,OPERATIONAL
RK Fitness by Rohit Khatri,"Dwarka, Delhi",110078,gyms,4.2,2757,0,1,1,0,,6,OPERATIONAL
Club Viva Dwarka Mor,"Dwarka, Delhi",110078,gyms,4.7,196,0,1,1,0,,5,OPERATIONAL
V-Mart - Delhi-Dwarka,"Dwarka, Delhi",110077,clothing stores,4.8,5817,0,1,1,0,,4,OPERATIONAL
"Kiaasa - Dwarka, New Delhi","Dwarka, Delhi",110075,clothing stores,4.9,254,0,1,1,0,,5,OPERATIONAL
"Pantaloons (Dwarka Sector 13, Radisson Hotel Soul City)","Dwarka, Delhi",110075,clothing stores,4.6,4223,0,1,1,0,,5,OPERATIONAL
Dwarkadheesh Emporium - Best Sarees and Suit Dwarka ramphal chowk),"Dwarka, Delhi",110077,clothing stores,4.9,321,0,1,1,0,,7,OPERATIONAL
SHREE - She is Special,"Dwarka, Delhi",110077,clothing stores,5.0,46,0,1,0,0,,7,OPERATIONAL
Lifestyle Stores,"Dwarka, Delhi",110078,clothing stores,4.3,1389,0,1,1,0,,8,OPERATIONAL
"NEWME - Vegas Mall, Dwarka","Dwarka, Delhi",110078,clothing stores,4.8,1335,0,1,1,0,,4,OPERATIONAL
Lakshita,"Dwarka, Delhi",110078,clothing stores,5.0,34,0,1,1,0,,4,OPERATIONAL
TRENDS,"Dwarka, Delhi",110077,clothing stores,4.0,1505,0,1,1,0,,4,OPERATIONAL
"UNIQLO Vegas Mall, Dwarka","Dwarka, Delhi",110078,clothing stores,4.3,570,0,1,1,0,,5,OPERATIONAL
"BIBA - Vegas Mall, Dwarka","Dwarka, Delhi",110078,clothing stores,4.3,309,0,1,1,0,,5,OPERATIONAL
Vegas Mall,"Dwarka, Delhi",110078,clothing stores,4.6,46140,1,1,1,0,,3,OPERATIONAL
Goyalsons Dwarka,"Dwarka, Delhi",110077,clothing stores,3.5,313,0,0,1,0,,4,OPERATIONAL
"Meraki By NK, The Fashion Studio","Dwarka, Delhi",110078,clothing stores,4.7,214,0,1,1,0,,8,OPERATIONAL
"Pantaloons (Vegas Mall, New Delhi)","Dwarka, Delhi",110078,clothing stores,4.6,451,0,1,1,0,,5,OPERATIONAL
Srida Creations,"Dwarka, Delhi",110075,clothing stores,4.7,150,0,0,0,0,,4,OPERATIONAL
Sabhyam | Best Boutique in Dwarka | Boutique on Call | Boutique at Your Door | Customized Stitching | Premium Sewing |,"Dwarka, Delhi",110075,clothing stores,5.0,22,0,1,1,0,,5,OPERATIONAL
Silversworn Boutique,"Dwarka, Delhi",110075,clothing stores,4.9,83,0,0,1,0,,4,OPERATIONAL
Destination G 5,"Dwarka, Delhi",110075,clothing stores,4.6,162,0,0,1,0,,6,OPERATIONAL
"Cult Store - Dwarka - Exclusive - | Activewear, Footwear, Treadmills & Massagers |","Dwarka, Delhi",110078,clothing stores,4.9,1117,0,1,1,0,,11,OPERATIONAL
Reliance SMART Superstore,"Dwarka, Delhi",110078,grocery stores,4.3,4269,0,1,1,0,,14,OPERATIONAL
Aap Ka Bazar - Dwarka Sector 12A,"Dwarka, Delhi",110078,grocery stores,4.7,2170,0,1,1,0,,7,OPERATIONAL
Modern Bazaar,"Dwarka, Delhi",110078,grocery stores,4.1,3987,0,1,1,0,,6,OPERATIONAL
Daily Delite,"Dwarka, Delhi",110075,grocery stores,4.0,933,0,0,1,0,,4,OPERATIONAL
Needs hub,"Dwarka, Delhi",110075,grocery stores,4.2,352,0,0,1,0,,6,OPERATIONAL
Aap Ka Bazar - Dwarka Sector 23,"Dwarka, Delhi",110077,grocery stores,4.6,2229,0,1,1,0,,6,OPERATIONAL
Aggarwal Super Mart,"Dwarka, Delhi",110058,grocery stores,4.2,1982,0,0,1,0,,8,OPERATIONAL
Aap Ka Bazar - Dwarka Sector 7,"Dwarka, Delhi",110077,grocery stores,4.2,629,0,1,1,0,,9,OPERATIONAL
Richi Rich Bazaar,"Dwarka, Delhi",110075,grocery stores,4.3,422,0,0,1,0,,6,OPERATIONAL
The Big Mart,"Dwarka, Delhi",110077,grocery stores,4.0,639,0,0,0,0,,7,OPERATIONAL
Dwarka Sector-12 Market,"Dwarka, Delhi",110078,grocery stores,4.2,3461,0,0,0,0,,3,OPERATIONAL
The Grocery Corner,"Dwarka, Delhi",110059,grocery stores,4.4,174,0,0,1,0,,6,OPERATIONAL
SHIV GANGA SUPER MARKET 3D PRIVATE LIMITED,"Dwarka, Delhi",110059,grocery stores,4.3,438,0,0,1,0,,7,OPERATIONAL
Rajdhani discount bazar,"Dwarka, Delhi",110078,grocery stores,4.0,353,0,0,1,0,,7,OPERATIONAL
Co-Mart,"Dwarka, Delhi",110077,grocery stores,4.0,796,0,0,1,0,,12,OPERATIONAL
The Vital Mart,"Dwarka, Delhi",110075,grocery stores,3.9,403,0,0,1,0,,6,OPERATIONAL
Dangi Super Market,"Dwarka, Delhi",110071,grocery stores,4.3,268,0,0,1,0,,6,OPERATIONAL
Comart,"Dwarka, Delhi",110078,grocery stores,4.2,31,0,0,1,0,,11,OPERATIONAL
Shri Ram Departmental Store,"Dwarka, Delhi",110045,grocery stores,4.1,285,0,0,1,0,,7,OPERATIONAL
Aggarwal Kiryana Store,"Dwarka, Delhi",110078,grocery stores,5.0,37,0,0,1,0,,7,OPERATIONAL
Electronics Mart - Dwarka (Ramphal Chowk),"Dwarka, Delhi",110077,electronics shops,4.6,843,0,1,1,0,,4,OPERATIONAL
"Electronic Paradise, Dwarka","Dwarka, Delhi",110059,electronics shops,4.3,556,0,0,1,0,,4,OPERATIONAL
Raj Electronics,"Dwarka, Delhi",110078,electronics shops,4.4,229,0,1,1,0,,4,OPERATIONAL
VIJAY SALES - DWARKA,"Dwarka, Delhi",110077,electronics shops,4.4,7047,0,1,1,0,,5,OPERATIONAL
Shri Mangla Electronics - ( Multi Brand Showroom ),"Dwarka, Delhi",110077,electronics shops,5.0,28,0,0,1,0,,2,OPERATIONAL
Croma - Dwarka Sector 12,"Dwarka, Delhi",110078,electronics shops,4.2,4413,0,1,1,0,,5,OPERATIONAL
LG Best Shop - (Shri Mangla Electronics),"Dwarka, Delhi",110077,electronics shops,4.4,341,0,1,1,0,,6,OPERATIONAL
Reliance Digital,"Dwarka, Delhi",110077,electronics shops,4.9,4274,0,1,1,0,,4,OPERATIONAL
Croma - Vegas Mall (Dwarka),"Dwarka, Delhi",110078,electronics shops,4.3,1527,0,1,1,0,,5,OPERATIONAL
Reliance Digital,"Dwarka, Delhi",110078,electronics shops,4.6,3648,0,1,1,0,,4,OPERATIONAL
Kumra Electronics,"Dwarka, Delhi",110077,electronics shops,4.1,61,0,1,1,0,,8,OPERATIONAL
Croma - Ramphal Chowk,"Dwarka, Delhi",110075,electronics shops,4.6,1104,0,1,1,0,,5,OPERATIONAL
TRiBE by Croma,"Dwarka, Delhi",110078,electronics shops,4.9,939,0,1,1,0,,5,OPERATIONAL
New Berco Electronics,"Dwarka, Delhi",110075,electronics shops,3.6,48,0,0,1,0,,4,OPERATIONAL
Shri balaji Electronics,"Dwarka, Delhi",110077,electronics shops,4.4,14,0,0,1,0,,4,OPERATIONAL
Sirohi ELECTRONICS,"Dwarka, Delhi",110077,electronics shops,4.4,25,0,0,0,0,,5,OPERATIONAL
PRS Electronics,"Dwarka, Delhi",110075,electronics shops,4.7,164,0,1,1,0,,5,OPERATIONAL
"Electronic Paradise - Ramphal Chowk, Dwarka Sector 7","Dwarka, Delhi",110077,electronics shops,3.5,61,0,1,1,0,,4,OPERATIONAL
Vrinda Bijlee House,"Dwarka, Delhi",110077,electronics shops,4.8,192,0,0,1,0,,4,OPERATIONAL
VIJAY SALES - NAWADA,"Dwarka, Delhi",110059,electronics shops,4.8,1541,0,1,1,0,,4,OPERATIONAL
Dwarka Health Centre Skin & Child Clinic,"Dwarka, Delhi",110077,clinics,4.9,271,0,1,1,0,,11,OPERATIONAL
Doctors Hub,"Dwarka, Delhi",110078,clinics,4.9,2395,0,1,1,0,,5,OPERATIONAL
Health First Multispeciality Clinic,"Dwarka, Delhi",110075,clinics,4.9,480,0,1,1,0,,5,OPERATIONAL
Venkateshwar Super Speciality Hospital Dwarka,"Dwarka, Delhi",110078,clinics,4.6,25075,1,1,1,0,,7,OPERATIONAL
HOPE WELLNESS CLINIC DR. TANJOT KAUR,"Dwarka, Delhi",110075,clinics,5.0,49,0,0,1,0,,4,OPERATIONAL
"Dr. Navjot Arora's Dermaheal (Skin, Hair & Aesthetic Clinic) | Dwarka Delhi","Dwarka, Delhi",110075,clinics,4.8,952,0,1,1,0,,12,OPERATIONAL
"DR. KAMAL GOYAL ENT CLINIC (Pediatric & Adult ENT , Endoscopic Ear Surgery, Vertigo Advance Expertise)","Dwarka, Delhi",110078,clinics,4.7,594,0,1,1,0,,9,OPERATIONAL
Neoveda Health Clinic Dwarka Sector23-B,"Dwarka, Delhi",110077,clinics,4.9,21,0,1,1,0,,4,OPERATIONAL
Rejuvenaids Clinic,"Dwarka, Delhi",110078,clinics,5.0,542,0,1,1,0,,6,OPERATIONAL
KALPATARU MULTISPECIALITY CLINIC,"Dwarka, Delhi",110077,clinics,4.8,76,0,1,1,0,,4,OPERATIONAL
Max Super Speciality Hospital Dwarka,"Dwarka, Delhi",110075,clinics,4.5,3522,0,1,1,0,,6,OPERATIONAL
DR.SHIVESH KUMAR :EASY MY CARE clinic,"Dwarka, Delhi",110075,clinics,4.9,33,0,1,1,0,,8,OPERATIONAL
CLINICA | Dwarka | Dental Clinic in Dwarka | Dentist in Dwarka,"Dwarka, Delhi",110078,clinics,4.9,172,0,1,1,0,,7,OPERATIONAL
Life Care Clinic,"Dwarka, Delhi",110075,clinics,5.0,94,0,0,1,0,,4,OPERATIONAL
Dr Sarwan Diagnostic Lab - Best Ultrasound 4D Dwarka Dialysis Clinic Delhi,"Dwarka, Delhi",110075,clinics,4.5,747,0,1,1,0,,4,OPERATIONAL
"HexaHealth Clinic, Dwarka Sec-19","Dwarka, Delhi",110075,clinics,4.4,28,0,1,1,0,,4,OPERATIONAL
"Dr Anu Goyal ENT Specialist in Dwarka/ ENT Doctor in Dwarka, Delhi","Dwarka, Delhi",110075,clinics,4.9,499,0,1,1,0,,5,OPERATIONAL
Manipal Hospital Delhi,"Dwarka, Delhi",110075,clinics,4.6,17756,1,1,1,0,,7,OPERATIONAL
Maple Care Hospital-Best Hospital in Dwarka | Multispeciality Hospital,"Dwarka, Delhi",110077,clinics,4.6,794,0,1,1,0,,5,OPERATIONAL
Dr. Sricha Sharma's Child Clinic & Vaccination Centre,"Dwarka, Delhi",110075,clinics,4.8,366,0,1,1,0,,7,OPERATIONAL
"Bakeman Cake & Pastry Palace - Cake Shop in Dwarka, Cake Home Delivery","Dwarka, Delhi",110075,bakeries,4.8,1551,0,1,1,0,,9,OPERATIONAL
Puffs N Cakes | Dwarka's Own Bakery,"Dwarka, Delhi",110075,bakeries,4.6,1019,0,1,1,1,2.0,6,OPERATIONAL
7th Heaven Bakery- Dwarka,"Dwarka, Delhi",110077,bakeries,4.8,301,0,0,1,0,,6,OPERATIONAL
Dwarka Bakers,"Dwarka, Delhi",110075,bakeries,4.8,366,0,1,1,0,,12,OPERATIONAL
7th Bliss,"Dwarka, Delhi",110075,bakeries,4.8,1089,0,1,1,0,,9,OPERATIONAL
Golden Bake & Cakes,"Dwarka, Delhi",110059,bakeries,4.7,2014,0,0,1,1,1.0,6,OPERATIONAL
"Amor Bakery – Custom Cakes & Desserts in Dwarka, Delhi","Dwarka, Delhi",110077,bakeries,4.9,156,0,1,1,0,,6,OPERATIONAL
Mister Gulati Bakers,"Dwarka, Delhi",110075,bakeries,4.4,734,0,1,1,1,2.0,6,OPERATIONAL
Room Of Cakes,"Dwarka, Delhi",110078,bakeries,4.9,214,0,0,1,0,,4,OPERATIONAL
Cakes 'N' Loafs,"Dwarka, Delhi",110078,bakeries,4.2,666,0,0,1,1,2.0,6,OPERATIONAL
Baker By Chance - Dwarka,"Dwarka, Delhi",110078,bakeries,4.9,72,0,1,1,0,,6,OPERATIONAL
"Sanya's Home Bakery - Dwarka, Delhi","Dwarka, Delhi",110075,bakeries,4.9,166,0,1,1,0,,6,OPERATIONAL
Shortcrust Bakes,"Dwarka, Delhi",110075,bakeries,4.5,229,0,1,0,0,,6,OPERATIONAL
Mister Gulati Bakers - Cake and bakery Shop in West Delhi,"Dwarka, Delhi",110077,bakeries,4.2,369,0,1,1,1,2.0,11,OPERATIONAL
The Bake Shop,"Dwarka, Delhi",110077,bakeries,4.3,129,0,1,1,0,,6,OPERATIONAL
New German Bakery,"Dwarka, Delhi",110045,bakeries,4.8,1179,0,0,1,1,2.0,6,OPERATIONAL
Brew House by Drool,"Dwarka, Delhi",110078,bakeries,4.2,1814,0,0,1,1,2.0,12,OPERATIONAL
Bakingo,"Dwarka, Delhi",110077,bakeries,4.0,653,0,1,1,1,2.0,6,OPERATIONAL
AS Cakes,"Dwarka, Delhi",110077,bakeries,4.9,392,0,1,1,0,,12,OPERATIONAL
Cheesecake & Co.,"Dwarka, Delhi",110078,bakeries,4.0,169,0,0,1,0,,6,OPERATIONAL
"Apollo Pharmacy Dwarka, Sector 10","Dwarka, Delhi",110075,pharmacies,4.3,144,0,1,1,0,,8,OPERATIONAL
"Apollo Pharmacy Dwarka, Sector 11","Dwarka, Delhi",110075,pharmacies,4.6,79,0,1,1,0,,8,OPERATIONAL
Apollo Pharmacy Dwarka Sector 6,"Dwarka, Delhi",110075,pharmacies,3.9,139,0,1,1,0,,8,OPERATIONAL
Medicine Hub Dwarka | Diagnostic Lab | pharmacy in palam & dwarka,"Dwarka, Delhi",110075,pharmacies,4.9,135,0,0,1,0,,9,OPERATIONAL
DWARKADHEESH PHARMACY,"Dwarka, Delhi",110075,pharmacies,4.8,37,0,1,1,0,,8,OPERATIONAL
"Apollo Pharmacy Dwarka, Sector 23","Dwarka, Delhi",110077,pharmacies,4.7,79,0,1,1,0,,8,OPERATIONAL
Prescription Pharmacy,"Dwarka, Delhi",110077,pharmacies,4.5,102,0,1,1,0,,9,OPERATIONAL
"Apollo Pharmacy Dwarka, Sector 12","Dwarka, Delhi",110078,pharmacies,4.1,103,0,1,1,0,,8,OPERATIONAL
"Apollo Pharmacy Dwarka, Sector 4","Dwarka, Delhi",110075,pharmacies,4.0,88,0,1,1,0,,8,OPERATIONAL
first care pharmacy,"Dwarka, Delhi",110078,pharmacies,4.4,148,0,0,1,0,,5,OPERATIONAL
Prescription Pharmacy,"Dwarka, Delhi",110078,pharmacies,4.9,60,0,1,1,0,,9,OPERATIONAL
"Apollo Pharmacy Dwarka, Sector 18 B","Dwarka, Delhi",110078,pharmacies,4.1,30,0,1,1,0,,8,OPERATIONAL
Prescription Pharmacy Store Sector 22 Dwarka,"Dwarka, Delhi",110077,pharmacies,5.0,119,0,1,1,0,,5,OPERATIONAL
"Apollo Pharmacy Dwarka, Sector 22","Dwarka, Delhi",110077,pharmacies,4.3,116,0,1,1,0,,8,OPERATIONAL
CITY MEDICOS,"Dwarka, Delhi",110075,pharmacies,3.9,111,0,0,1,0,,6,OPERATIONAL
Apollo Pharmacy City Centre Dwarka Sector 12,"Dwarka, Delhi",110078,pharmacies,3.7,60,0,1,1,0,,8,OPERATIONAL
DWARKA BEST CHEMIST,"Dwarka, Delhi",110059,pharmacies,4.3,23,0,1,1,0,,7,OPERATIONAL
"Apollo Pharmacy Dwarka, Sector 7","Dwarka, Delhi",110077,pharmacies,4.3,108,0,1,1,0,,8,OPERATIONAL
Uppa Pharmacy,"Dwarka, Delhi",110077,pharmacies,4.8,45,0,0,1,0,,5,OPERATIONAL
Janta Pharmacy Dwarka,"Dwarka, Delhi",110059,pharmacies,5.0,22,0,0,1,0,,5,OPERATIONAL
Bharti Tutors Bureau – Best Home Tutors in Dwarka & Delhi NCR,"Dwarka, Delhi",110077,tutoring centers,4.9,259,0,1,1,0,,7,OPERATIONAL
EXCELLENT TUTOR DWARKA (Ankur Tyagi sir &Priyanka Tyagi Ma'am),"Dwarka, Delhi",110078,tutoring centers,5.0,475,0,1,1,0,,5,OPERATIONAL
GS Home Tutors Dwarka | Expert Home Tutors by Govind Sir,"Dwarka, Delhi",110075,tutoring centers,4.9,237,0,1,1,0,,3,OPERATIONAL
𝗗𝘄𝗮𝗿𝗸𝗮 𝗵𝗼𝗺𝗲 𝘁𝘂𝗶𝘁𝗶𝗼𝗻,"Dwarka, Delhi",110078,tutoring centers,4.9,468,0,1,1,0,,3,OPERATIONAL
Dwarka Home Tutors ( Rajesh Kumar)Best Maths Home Tutors in Dwarka),"Dwarka, Delhi",110059,tutoring centers,4.9,344,0,1,1,0,,2,OPERATIONAL
Dada dev home tutors | Best home Tutors in dwarka | home Tutors in south west delhi | Best home Tutors in delhi,"Dwarka, Delhi",110077,tutoring centers,4.9,177,0,1,1,0,,6,OPERATIONAL
Maths Tutor In Dwarka,"Dwarka, Delhi",110078,tutoring centers,5.0,237,0,0,1,0,,2,OPERATIONAL
Zd academy home tutors in Dwarka Delhi NCR,"Dwarka, Delhi",110075,tutoring centers,4.8,53,0,1,1,0,,3,OPERATIONAL
NVTutors - Best CBSE Maths and Science coaching in Dwarka,"Dwarka, Delhi",110075,tutoring centers,5.0,78,0,1,1,0,,3,OPERATIONAL
Mastermath - Class 10 Online Math Tuition,"Dwarka, Delhi",110078,tutoring centers,5.0,108,0,1,1,0,,6,OPERATIONAL
Top-Notch Tutorials - CBSE Coaching Centre & Institute in Dwarka,"Dwarka, Delhi",110077,tutoring centers,4.9,406,0,1,1,0,,5,OPERATIONAL
"Expert Tutorials by Exam Expert Institute | CBSE Coaching Centre & Institute in Dwarka for Maths, Science and Social Science.","Dwarka, Delhi",110077,tutoring centers,5.0,99,0,1,1,0,,5,OPERATIONAL
SMART TUTOR ACADEMY (BEST HOME TUTIONS IN DELHI NCR),"Dwarka, Delhi",110078,tutoring centers,4.9,91,0,1,1,0,,3,OPERATIONAL
"MKS Home Tuition - Best Home Tutor Provider in Delhi-NCR, Lucknow, Kanpur","Dwarka, Delhi",110075,tutoring centers,4.8,100,0,1,1,0,,4,OPERATIONAL
"Amit Maths Academy-for JEE(Main & Advanced)|CBSE |10,11&12","Dwarka, Delhi",110075,tutoring centers,5.0,386,0,1,1,0,,3,OPERATIONAL
Pathways Home Tutors Delhi,"Dwarka, Delhi",110078,tutoring centers,4.9,25,0,1,1,0,,4,OPERATIONAL
Prudence Home Tutors In Dwarka,"Dwarka, Delhi",110078,tutoring centers,4.9,75,0,0,1,0,,3,OPERATIONAL
Devaki Home Tuition | Best Home Tutor Dwarka | Personal Tutor Maths Science Physics Chemistry English Accounts Hindi Computer,"Dwarka, Delhi",110059,tutoring centers,4.9,141,0,1,1,0,,6,OPERATIONAL
SMART TUTORIALS(Think Accounts. Think Smart Tutorials.),"Dwarka, Delhi",110075,tutoring centers,5.0,137,0,1,1,0,,6,OPERATIONAL
Home Tutors - Unique Pvt. Tutorial,"Dwarka, Delhi",110078,tutoring centers,4.8,12,0,1,1,0,,5,OPERATIONAL
Murliwala Furniture -Furniture Store in Dwarka,"Dwarka, Delhi",110059,furniture stores,4.6,882,0,0,1,0,,8,OPERATIONAL
"Interio by Godrej - Furniture and Mattress Store in Dwarka, New Delhi","Dwarka, Delhi",110059,furniture stores,4.7,485,0,1,1,0,,8,OPERATIONAL
Furniture Studio | Furniture Showroom in Dwarka | Sofa Set | Beds | Dining Table Furniture Showroom Delhi,"Dwarka, Delhi",110078,furniture stores,4.9,132,0,1,1,0,,6,OPERATIONAL
Wakefit - Furniture Store in Dwarka,"Dwarka, Delhi",110078,furniture stores,4.8,2628,0,1,1,0,,7,OPERATIONAL
"Pepperfry Dwarka - Multi Brand Furniture, Mattress & Home Furnishings Shop","Dwarka, Delhi",110078,furniture stores,4.8,1264,0,1,1,0,,8,OPERATIONAL
S.S FURNITURE HUB,"Dwarka, Delhi",110077,furniture stores,5.0,87,0,0,1,0,,6,OPERATIONAL
J K FURNISHERS - HOME FURNITURE IN DWARKA SECTOR -5 | FURNITURE SHOWROOM IN DWARKA SECTOR -5,"Dwarka, Delhi",110059,furniture stores,4.5,158,0,0,1,0,,6,OPERATIONAL
Shiv Shakti Foams & Furniture,"Dwarka, Delhi",110077,furniture stores,4.8,22,0,0,1,0,,9,OPERATIONAL
Modern Furniture,"Dwarka, Delhi",110077,furniture stores,5.0,90,0,0,1,0,,6,OPERATIONAL
Dream Furnitures,"Dwarka, Delhi",110059,furniture stores,4.8,54,0,0,1,0,,3,OPERATIONAL
Dhingra Furniture Gallery,"Dwarka, Delhi",110059,furniture stores,4.4,139,0,0,1,0,,6,OPERATIONAL
Dwarka Furniture,"Dwarka, Delhi",110059,furniture stores,2.9,62,0,0,1,0,,9,OPERATIONAL
Shiv Shakti Furniture - Customised Furniture Makers In Dwarka,"Dwarka, Delhi",110077,furniture stores,4.6,14,0,0,1,0,,9,OPERATIONAL
Shine Furniture,"Dwarka, Delhi",110077,furniture stores,5.0,50,0,1,0,0,,6,OPERATIONAL
Rajwada Furniture,"Dwarka, Delhi",110077,furniture stores,4.5,18,0,0,1,0,,6,OPERATIONAL
J K Furniture house,"Dwarka, Delhi",110059,furniture stores,3.9,177,0,1,1,0,,6,OPERATIONAL
Agroha Home Furnishings,"Dwarka, Delhi",110077,furniture stores,4.9,515,0,1,1,0,,9,OPERATIONAL
Vinod Steel Furniture,"Dwarka, Delhi",110059,furniture stores,4.6,34,0,0,1,0,,7,OPERATIONAL
Smart Mobile Store,"Dwarka, Delhi",110075,mobile shops,4.9,2842,0,0,1,0,,6,OPERATIONAL
Phone Zone 2.0,"Dwarka, Delhi",110077,mobile shops,4.8,174,0,1,1,0,,8,OPERATIONAL
Connect Mobile Shop,"Dwarka, Delhi",110077,mobile shops,5.0,292,0,0,1,0,,4,OPERATIONAL
Mobile Mart,"Dwarka, Delhi",110078,mobile shops,4.8,669,0,1,1,0,,5,OPERATIONAL
Mobile Zone,"Dwarka, Delhi",110078,mobile shops,4.8,260,0,0,1,0,,5,OPERATIONAL
"Grest Store | Buy, Sell & Repair in Dwarka","Dwarka, Delhi",110045,mobile shops,5.0,15,0,1,1,0,,4,OPERATIONAL
"Samsung Experience Store Dwarka, Sector 12","Dwarka, Delhi",110075,mobile shops,4.8,467,0,1,1,0,,6,OPERATIONAL
GADGET 4 YOU,"Dwarka, Delhi",110077,mobile shops,4.9,96,0,0,1,0,,4,OPERATIONAL
Khanna communication and mobile Repair service centre dwarka #apple#oppo#vivo#Redmi#oneplus#poco#xiaomi#moto#REALME#SAMSUNG,"Dwarka, Delhi",110077,mobile shops,4.7,474,0,0,1,0,,5,OPERATIONAL
"Advance Solution- Iphone Repair shop, Mobile Repair shop in Dwarka","Dwarka, Delhi",110075,mobile shops,4.9,25,0,0,0,0,,3,OPERATIONAL
"vivo Exclusive Store (Mobile Zone, Dwarka)","Dwarka, Delhi",110078,mobile shops,4.7,57,0,0,1,0,,4,OPERATIONAL
Shri Balaji Telecom 2,"Dwarka, Delhi",110075,mobile shops,4.9,104,0,0,1,0,,3,OPERATIONAL
TechStorm Gadgets,"Dwarka, Delhi",110059,mobile shops,4.9,260,0,1,1,0,,4,OPERATIONAL
My Jio store,"Dwarka, Delhi",110078,mobile shops,4.7,1078,0,1,1,0,,6,OPERATIONAL
Dr iphone Repair | Apple Service Center Dwarka | Apple Repair | ipad Repair | Airpods Repair | iPhone Repair In Dwarka,"Dwarka, Delhi",110077,mobile shops,4.9,367,0,1,1,0,,3,OPERATIONAL
Mr Gadgets Anime & Mobile Accessories,"Dwarka, Delhi",110078,mobile shops,5.0,11,0,1,1,0,,4,OPERATIONAL
MOBILE WORLD MOBILE & LAPTOP REPAIRE SHOP DWARKA,"Dwarka, Delhi",110075,mobile shops,4.8,54,0,0,1,0,,5,OPERATIONAL
Hotspot Mobile Store,"Dwarka, Delhi",110077,mobile shops,5.0,5,0,0,1,0,,4,OPERATIONAL
Dwarkadheesh Jewellers,"Dwarka, Delhi",110078,jewellery shops,4.9,407,0,0,1,0,,7,OPERATIONAL
BL Jewellers,"Dwarka, Delhi",110075,jewellery shops,4.8,1075,0,0,1,0,,4,OPERATIONAL
BlueStone Jewellery Dwarka,"Dwarka, Delhi",110075,jewellery shops,4.9,970,0,1,1,0,,8,OPERATIONAL
HARIT JEWELLERS - MMTC Authorised Distributor,"Dwarka, Delhi",110078,jewellery shops,4.9,1257,0,1,1,0,,7,OPERATIONAL
"Kisna Diamond & Gold Jewellery - Dwarka, New Delhi","Dwarka, Delhi",110075,jewellery shops,4.9,1422,0,1,1,0,,8,OPERATIONAL
Kasturi Jewellers Pvt. Ltd. (Dwarka),"Dwarka, Delhi",110078,jewellery shops,4.8,312,0,0,1,0,,4,OPERATIONAL
"Kalyan Jewellers - Sector 11, Dwarka","Dwarka, Delhi",110075,jewellery shops,4.5,1267,0,1,1,0,,8,OPERATIONAL
Malabar Gold and Diamonds - Dwarka - Delhi,"Dwarka, Delhi",110078,jewellery shops,4.8,1958,0,1,1,0,,4,OPERATIONAL
"CaratLane Jewellery Dwarka, Delhi","Dwarka, Delhi",110075,jewellery shops,4.8,2492,0,1,1,0,,5,OPERATIONAL
"Kalyan Jewellers - Dwarka, New Delhi","Dwarka, Delhi",110078,jewellery shops,4.7,599,0,1,1,0,,8,OPERATIONAL
"GIVA Silver & Gold Jewellery | Ramphal Chowk, Dwarka | Lab Grown Diamonds","Dwarka, Delhi",110077,jewellery shops,5.0,422,0,1,1,0,,7,OPERATIONAL
"Senco Gold & Diamonds - Sector 11, Dwarka, New Delhi","Dwarka, Delhi",110075,jewellery shops,4.7,1674,0,1,1,0,,6,OPERATIONAL
Tanishq Jewellery - Delhi - Dwarka,"Dwarka, Delhi",110075,jewellery shops,4.6,3485,0,1,1,0,,6,OPERATIONAL
"Kisna Diamond & Gold Jewellery - Vegas Mall, Dwarka","Dwarka, Delhi",110078,jewellery shops,5.0,494,0,1,1,0,,6,OPERATIONAL
Tanishq Jewellery - Dwarka Vegas mall,"Dwarka, Delhi",110078,jewellery shops,4.8,2368,0,1,1,0,,6,OPERATIONAL
"Indriya - Aditya Birla Jewellery - Vegas Mall, Dwarka, New Delhi","Dwarka, Delhi",110078,jewellery shops,4.9,1241,0,1,1,0,,4,OPERATIONAL
"BlueStone Jewellery Vegas Mall, New Delhi","Dwarka, Delhi",110078,jewellery shops,4.8,1780,0,1,1,0,,8,OPERATIONAL
Gupta Jewellers Pvt. Ltd.,"Dwarka, Delhi",110059,jewellery shops,4.6,822,0,1,1,0,,4,OPERATIONAL
"GIVA Silver & Gold Jewellery Store | Dwarka 11, Delhi","Dwarka, Delhi",110075,jewellery shops,4.9,521,0,1,1,0,,7,OPERATIONAL
"Shubhamkriti Jewels, treasures for generations since 1999","Dwarka, Delhi",110077,jewellery shops,4.9,277,0,1,1,0,,7,OPERATIONAL
Shyam Hardware,"Dwarka, Delhi",110078,hardware stores,4.9,188,0,0,1,0,,5,OPERATIONAL
M K hardware store,"Dwarka, Delhi",110077,hardware stores,4.6,81,0,0,1,0,,8,OPERATIONAL
"Gupta Sons Electrical, Paint,","Dwarka, Delhi",110075,hardware stores,4.3,96,0,0,1,0,,11,OPERATIONAL
Baba Paints Hardware & Sanitary Store,"Dwarka, Delhi",110059,hardware stores,4.8,104,0,0,0,0,,8,OPERATIONAL
Sehrawat Paints & Hardware Store,"Dwarka, Delhi",110077,hardware stores,4.2,110,0,0,1,0,,5,OPERATIONAL
Gupta Paints And Sanitary Store,"Dwarka, Delhi",110075,hardware stores,3.7,100,0,0,1,0,,8,OPERATIONAL
Vikas Hardware,"Dwarka, Delhi",110078,hardware stores,3.7,53,0,0,1,0,,5,OPERATIONAL
Jindal Hardware,"Dwarka, Delhi",110075,hardware stores,3.8,24,0,0,1,0,,5,OPERATIONAL
B.R. Hardware and sanitary,"Dwarka, Delhi",110059,hardware stores,4.7,26,0,0,1,0,,5,OPERATIONAL
Mittal Hardware & Sanitary Store,"Dwarka, Delhi",110059,hardware stores,4.5,13,0,0,1,0,,8,OPERATIONAL
"Mittal Traders- Hardware Shop in Dwarka, Delhi","Dwarka, Delhi",110059,hardware stores,4.0,23,0,0,1,0,,5,OPERATIONAL
Rohtash hardware store,"Dwarka, Delhi",110071,hardware stores,4.6,132,0,0,1,0,,5,OPERATIONAL
Nagpal Hardware Store,"Dwarka, Delhi",110059,hardware stores,4.7,21,0,0,1,0,,6,OPERATIONAL
Goyal Hardwares,"Dwarka, Delhi",110077,hardware stores,4.5,33,0,0,1,0,,5,OPERATIONAL
Krishna Hardware,"Dwarka, Delhi",110078,hardware stores,4.4,25,0,0,1,0,,9,OPERATIONAL
Shyam hardware,"Dwarka, Delhi",110077,hardware stores,3.7,10,0,0,1,0,,5,OPERATIONAL
P K HARDWARE (Distributer of hettich),"Dwarka, Delhi",110059,hardware stores,3.8,20,0,1,1,0,,5,OPERATIONAL
"BAJRANG PAINTS HARDWARE, SANITARY& ELECTRICALS STORE","Dwarka, Delhi",110077,hardware stores,4.6,36,0,0,1,0,,6,OPERATIONAL
KS Construction & Tools - Best Drill Machine in Dwarka,"Dwarka, Delhi",110059,hardware stores,5.0,40,0,0,1,0,,8,OPERATIONAL
SAMBARPOT,"Lajpat Nagar, Delhi",110024,restaurants,4.8,6312,0,1,1,0,,8,OPERATIONAL
Jawahar Restaurant,"Lajpat Nagar, Delhi",110024,restaurants,4.8,1525,0,1,1,0,,6,OPERATIONAL
Sandoz Restaurant - Lajpat Nagar,"Lajpat Nagar, Delhi",110024,restaurants,4.2,5334,0,1,1,1,2.0,4,OPERATIONAL
Pind Balluchi,"Lajpat Nagar, Delhi",110024,restaurants,4.3,5631,0,1,1,1,2.0,6,OPERATIONAL
Mazaar Restaurant,"Lajpat Nagar, Delhi",110024,restaurants,4.3,8788,0,0,1,1,2.0,9,OPERATIONAL
Afghan Darbar Restaurant,"Lajpat Nagar, Delhi",110024,restaurants,4.2,4649,0,0,1,1,2.0,5,OPERATIONAL
The Colony Bistro,"Lajpat Nagar, Delhi",110024,restaurants,4.1,1274,0,1,1,1,2.0,11,OPERATIONAL
Haldiram's - Lajpat Nagar,"Lajpat Nagar, Delhi",110024,restaurants,4.2,21104,1,1,1,1,2.0,4,OPERATIONAL
Bikanervala | Lajpat Nagar Delhi,"Lajpat Nagar, Delhi",110024,restaurants,4.1,10784,1,1,1,1,2.0,16,OPERATIONAL
QD,"Lajpat Nagar, Delhi",110024,restaurants,4.3,6059,0,1,1,1,2.0,15,OPERATIONAL
Kabul Delhi Restaurant (Original),"Lajpat Nagar, Delhi",110024,restaurants,4.1,1086,0,0,1,1,2.0,5,OPERATIONAL
Sizzling Shack,"Lajpat Nagar, Delhi",110024,restaurants,4.3,103,0,1,1,0,,4,OPERATIONAL
The Golden Dragon Bar And Restaurant,"Lajpat Nagar, Delhi",110024,restaurants,4.1,780,0,1,1,1,2.0,8,OPERATIONAL
Hunger Strike,"Lajpat Nagar, Delhi",110024,restaurants,4.1,11760,1,0,1,0,,7,OPERATIONAL
Uttar Mei Dakshin Resturant,"Lajpat Nagar, Delhi",110024,restaurants,4.9,109,0,0,0,0,,9,OPERATIONAL
The Cheesy Story,"Lajpat Nagar, Delhi",110024,restaurants,4.8,302,0,1,1,0,,10,OPERATIONAL
Hunger Cafe Amar colony,"Lajpat Nagar, Delhi",110065,restaurants,4.8,194,0,0,0,0,,4,OPERATIONAL
Driven by Flavors - Restaurant L Block Lajpat Nagar,"Lajpat Nagar, Delhi",110024,restaurants,4.9,40,0,0,1,0,,4,OPERATIONAL
Nooshe Joon,"Lajpat Nagar, Delhi",110024,restaurants,4.0,1886,0,0,1,0,,7,OPERATIONAL
Old al Lazeez,"Lajpat Nagar, Delhi",110024,restaurants,4.6,88,0,1,1,0,,6,OPERATIONAL
Fabcafe by Fabindia - Lajpat Nagar,"Lajpat Nagar, Delhi",110024,cafes,4.2,1466,0,1,1,0,,5,OPERATIONAL
"Refections Cafe, Lajpat Nagar","Lajpat Nagar, Delhi",110024,cafes,4.3,522,0,1,1,0,,4,OPERATIONAL
Cafe Diaries,"Lajpat Nagar, Delhi",110024,cafes,4.4,362,0,0,1,1,2.0,5,OPERATIONAL
Lavonne Café,"Lajpat Nagar, Delhi",110024,cafes,4.4,776,0,1,1,0,,4,OPERATIONAL
1 Oak,"Lajpat Nagar, Delhi",110024,cafes,4.1,3582,0,1,1,1,2.0,8,OPERATIONAL
No. 25 Cafe,"Lajpat Nagar, Delhi",110024,cafes,4.7,58,0,0,1,0,,4,OPERATIONAL
Brewtoast,"Lajpat Nagar, Delhi",110024,cafes,4.7,622,0,1,1,1,1.0,13,OPERATIONAL
Blooms - Cafe and Lounge,"Lajpat Nagar, Delhi",110024,cafes,4.6,23,0,0,1,0,,5,OPERATIONAL
Third Wave Coffee,"Lajpat Nagar, Delhi",110024,cafes,4.8,271,0,1,1,0,,4,OPERATIONAL
TALK ON TEA LAJPAT NAGAR,"Lajpat Nagar, Delhi",110024,cafes,4.7,277,0,0,1,0,,4,OPERATIONAL
Barista - Lajpat Nagar,"Lajpat Nagar, Delhi",110024,cafes,4.5,379,0,1,1,1,2.0,13,OPERATIONAL
BOOMBOX CAFE & RESTRO (Amar Colony),"Lajpat Nagar, Delhi",110024,cafes,4.9,77,0,0,1,0,,4,OPERATIONAL
Third Wave Coffee,"Lajpat Nagar, Delhi",110024,cafes,4.7,1955,0,1,1,1,2.0,8,OPERATIONAL
The Turkey Project,"Lajpat Nagar, Delhi",110024,cafes,4.4,1131,0,0,1,1,2.0,6,OPERATIONAL
Istanbul cafe,"Lajpat Nagar, Delhi",110024,cafes,4.1,172,0,0,1,0,,9,OPERATIONAL
Nanak Street Cafe,"Lajpat Nagar, Delhi",110024,cafes,4.6,35,0,1,1,0,,4,OPERATIONAL
Blue Tokai Coffee Roasters | Lajpat Nagar,"Lajpat Nagar, Delhi",110024,cafes,4.8,114,0,1,1,0,,8,OPERATIONAL
"Lakme Salon For Him and Her in Lajpat Nagar-II,Delhi","Lajpat Nagar, Delhi",110024,salons,4.7,1604,0,1,1,0,,4,OPERATIONAL
Reema Malhotra Unisex Salon - Lajpat Nagar,"Lajpat Nagar, Delhi",110024,salons,4.9,267,0,1,1,0,,8,OPERATIONAL
The looks like unisex salon & academy,"Lajpat Nagar, Delhi",110024,salons,4.9,614,0,0,1,0,,4,OPERATIONAL
A' La-Mode Hair & Beauty Salon since1985,"Lajpat Nagar, Delhi",110024,salons,4.8,294,0,0,0,0,,5,OPERATIONAL
Hair Lounge Salon,"Lajpat Nagar, Delhi",110024,salons,4.2,857,0,1,1,0,,7,OPERATIONAL
The Specialist Unisex Salon,"Lajpat Nagar, Delhi",110024,salons,4.7,482,0,1,1,0,,8,OPERATIONAL
"Orvella Salon | Luxury Hair & Beauty Salon | Skin, Hair & Makeup Studio","Lajpat Nagar, Delhi",110024,salons,5.0,141,0,1,1,0,,12,OPERATIONAL
Headlock Unisex Salon Lajpat Nagar,"Lajpat Nagar, Delhi",110024,salons,4.7,231,0,1,1,0,,10,OPERATIONAL
Looks Salon,"Lajpat Nagar, Delhi",110024,salons,4.2,439,0,1,1,0,,7,OPERATIONAL
Gurmeet Suri The family salon,"Lajpat Nagar, Delhi",110024,salons,4.8,126,0,0,1,0,,4,OPERATIONAL
Jawed Habib | Best salon in Lajpat Nagar 2,"Lajpat Nagar, Delhi",110024,salons,3.9,568,0,1,1,0,,6,OPERATIONAL
Studio Fix Unisex Salon & Makeup,"Lajpat Nagar, Delhi",110024,salons,4.4,264,0,0,1,0,,4,OPERATIONAL
The Glam Room by Riya Tripathi - Best unisex salon in Lajpat Nagar,"Lajpat Nagar, Delhi",110024,salons,4.7,86,0,1,1,0,,4,OPERATIONAL
Hair & Glam Salon,"Lajpat Nagar, Delhi",110024,salons,4.8,60,0,1,1,0,,4,OPERATIONAL
Glanz Studio Unisex Salon,"Lajpat Nagar, Delhi",110024,salons,4.3,455,0,1,0,0,,4,OPERATIONAL
Naseem salon and academy,"Lajpat Nagar, Delhi",110024,salons,4.7,666,0,1,1,0,,7,OPERATIONAL
King 'n' Queen Unisex Salon,"Lajpat Nagar, Delhi",110024,salons,4.7,153,0,0,1,0,,4,OPERATIONAL
Nude Makeup & Salon by Neha Makhijani,"Lajpat Nagar, Delhi",110024,salons,4.9,327,0,1,1,0,,7,OPERATIONAL
De Velvet Unisex Salon,"Lajpat Nagar, Delhi",110024,salons,4.9,44,0,0,1,0,,4,OPERATIONAL
Posh by Charms Salon,"Lajpat Nagar, Delhi",110024,salons,4.8,181,0,0,1,0,,4,OPERATIONAL
BURNOUT FITNESS CLUB,"Lajpat Nagar, Delhi",110024,gyms,4.8,450,0,0,1,0,,11,OPERATIONAL
Outwork Fitness Studio,"Lajpat Nagar, Delhi",110024,gyms,4.6,288,0,1,1,0,,6,OPERATIONAL
Anytime Fitness,"Lajpat Nagar, Delhi",110024,gyms,4.0,381,0,1,1,0,,6,OPERATIONAL
Fitness Step,"Lajpat Nagar, Delhi",110024,gyms,4.9,140,0,0,1,0,,6,OPERATIONAL
10 Reps Max Fitness and Strength,"Lajpat Nagar, Delhi",110024,gyms,4.8,170,0,1,0,0,,5,OPERATIONAL
"Cult Gym Lajapat Nagar | Best Gym in Ring Road, New Delhi","Lajpat Nagar, Delhi",110024,gyms,4.3,315,0,1,1,0,,13,OPERATIONAL
Gold's Gym Lajpat Nagar,"Lajpat Nagar, Delhi",110024,gyms,4.4,206,0,1,1,0,,6,OPERATIONAL
"FLUID Gym, Lajpat Nagar","Lajpat Nagar, Delhi",110024,gyms,4.6,63,0,0,1,0,,11,OPERATIONAL
Grip&Grab Fitness,"Lajpat Nagar, Delhi",110024,gyms,4.9,167,0,1,1,0,,6,OPERATIONAL
Total Fitness by Yash Sharma,"Lajpat Nagar, Delhi",110024,gyms,4.9,58,0,0,1,0,,8,OPERATIONAL
LIFE LINE GYM,"Lajpat Nagar, Delhi",110024,gyms,4.0,104,0,0,1,0,,5,OPERATIONAL
Attraction Fitness,"Lajpat Nagar, Delhi",110024,gyms,4.4,99,0,0,1,0,,6,OPERATIONAL
Real Steel Gym,"Lajpat Nagar, Delhi",110024,gyms,4.6,211,0,0,1,0,,5,OPERATIONAL
M R Fitness Zone,"Lajpat Nagar, Delhi",110024,gyms,4.7,216,0,1,1,0,,5,OPERATIONAL
Ultimate Endurance,"Lajpat Nagar, Delhi",110024,gyms,4.7,62,0,0,1,0,,6,OPERATIONAL
Fitness SPA | Luxury Gym in Defence Colony,"Lajpat Nagar, Delhi",110024,gyms,4.8,89,0,1,1,0,,5,OPERATIONAL
NK PRIME FITNESS,"Lajpat Nagar, Delhi",110024,gyms,5.0,6,0,0,1,0,,5,OPERATIONAL
Body Booster Gym,"Lajpat Nagar, Delhi",110024,gyms,4.7,150,0,0,1,0,,5,OPERATIONAL
A Fitness Zone,"Lajpat Nagar, Delhi",110024,gyms,4.6,31,0,0,1,0,,6,OPERATIONAL
Fitness Xpress Gym,"Lajpat Nagar, Delhi",110024,gyms,4.2,72,0,1,1,0,,5,OPERATIONAL
Lajpat Nagar Market,"Lajpat Nagar, Delhi",110024,clothing stores,4.3,15834,1,0,0,0,,5,OPERATIONAL
Libas,"Lajpat Nagar, Delhi",110024,clothing stores,4.8,2153,0,1,1,0,,5,OPERATIONAL
Libas,"Lajpat Nagar, Delhi",110024,clothing stores,4.9,2823,0,1,1,0,,5,OPERATIONAL
Sangam Fashion Couture - Best Gown / Suit / lehenga / Saree/ Sherwani / Indowestern/ Mens Kurta shop in Lajpat Nagar,"Lajpat Nagar, Delhi",110024,clothing stores,4.8,2638,0,1,1,0,,4,OPERATIONAL
NARANG GARMENTS,"Lajpat Nagar, Delhi",110024,clothing stores,4.0,2941,0,1,1,0,,4,OPERATIONAL
Maximum Outfits,"Lajpat Nagar, Delhi",110024,clothing stores,4.1,4689,0,0,1,0,,5,OPERATIONAL
Klassic The Fashion Boutique E-Commerce Clothing Manufacturers I Handwork I EmbroideryDresses | Suits | Blouse Manufacturer,"Lajpat Nagar, Delhi",110024,clothing stores,4.8,191,0,1,1,0,,8,OPERATIONAL
"Balwom Textiles | Manufacturer & Wholesaler of Suit, Saree & Indo-Western - Lajpat Nagar, Delhi | Women's Clothing Store","Lajpat Nagar, Delhi",110024,clothing stores,4.9,1066,0,1,1,0,,4,OPERATIONAL
"Usha's Etnica - Saree, Suit Fabric, Lehenga, Gown, Sharara Gharara, Indo Westorn Dress In Lajpat Nagar","Lajpat Nagar, Delhi",110024,clothing stores,4.7,253,0,1,1,0,,5,OPERATIONAL
OCTAVE - Lajpat Nagar,"Lajpat Nagar, Delhi",110024,clothing stores,4.9,491,0,0,1,0,,4,OPERATIONAL
V-Mart - Lajpat Nagar,"Lajpat Nagar, Delhi",110024,clothing stores,4.6,9925,1,1,1,0,,8,OPERATIONAL
Planet Fashion,"Lajpat Nagar, Delhi",110024,clothing stores,4.3,36,0,1,0,0,,4,OPERATIONAL
Riwaaz Sharu Garments,"Lajpat Nagar, Delhi",110024,clothing stores,4.8,482,0,0,1,0,,4,OPERATIONAL
Simran Fashions Pvt. Ltd.,"Lajpat Nagar, Delhi",110024,clothing stores,3.8,80,0,1,1,0,,5,OPERATIONAL
"BIBA - Lajpat Nagar, Delhi","Lajpat Nagar, Delhi",110024,clothing stores,4.2,316,0,1,1,0,,5,OPERATIONAL
Kashish,"Lajpat Nagar, Delhi",110024,clothing stores,3.6,129,0,0,1,0,,5,OPERATIONAL
"Lucky Silk Store by KB,Lajpat Nagar (House of KB)|Bridal |Lehengas |Sarees |Suits |Anarkalis |Readymades","Lajpat Nagar, Delhi",110024,clothing stores,4.4,367,0,1,1,0,,4,OPERATIONAL
Shehnaai The Boutique,"Lajpat Nagar, Delhi",110024,clothing stores,4.3,114,0,1,1,0,,5,OPERATIONAL
"Westside - Lajpat Nagar, Delhi","Lajpat Nagar, Delhi",110024,clothing stores,4.2,3408,0,1,1,0,,4,OPERATIONAL
Raymond Ready To Wear,"Lajpat Nagar, Delhi",110024,clothing stores,4.9,397,0,1,1,0,,6,OPERATIONAL
Bhagat Ram Om Prakash,"Lajpat Nagar, Delhi",110024,grocery stores,4.2,136,0,0,1,0,,7,OPERATIONAL
Reliance Fresh,"Lajpat Nagar, Delhi",110024,grocery stores,3.9,1454,0,1,1,0,,7,OPERATIONAL
Guru Nanak Store,"Lajpat Nagar, Delhi",110024,grocery stores,3.8,139,0,0,1,0,,5,OPERATIONAL
Roshan Super Market,"Lajpat Nagar, Delhi",110024,grocery stores,3.9,20,0,0,1,0,,6,OPERATIONAL
The Butler Hotel Supermarket,"Lajpat Nagar, Delhi",110024,grocery stores,3.9,108,0,1,1,0,,6,OPERATIONAL
Krishna store,"Lajpat Nagar, Delhi",110024,grocery stores,4.7,14,0,0,1,0,,7,OPERATIONAL
Sindhi Dry Fruits,"Lajpat Nagar, Delhi",110024,grocery stores,4.1,1050,0,1,1,0,,10,OPERATIONAL
Manoj Store,"Lajpat Nagar, Delhi",110024,grocery stores,4.1,231,0,0,1,0,,4,OPERATIONAL
Gupta Market,"Lajpat Nagar, Delhi",110024,grocery stores,4.0,2669,0,1,0,0,,3,OPERATIONAL
Nawabi tadka,"Lajpat Nagar, Delhi",110024,grocery stores,3.9,2343,0,0,0,0,,3,OPERATIONAL
Amar Colony Food Market,"Lajpat Nagar, Delhi",110024,grocery stores,4.4,2197,0,0,0,0,,3,OPERATIONAL
nd24-The Family Department Store,"Lajpat Nagar, Delhi",110024,grocery stores,4.3,58,0,0,1,0,,6,OPERATIONAL
Lajpat Nagar Store,"Lajpat Nagar, Delhi",110024,grocery stores,5.0,69,0,1,1,0,,3,OPERATIONAL
Agya Ram Departmental Store,"Lajpat Nagar, Delhi",110024,grocery stores,4.2,21,0,0,1,0,,4,OPERATIONAL
Vijay Store,"Lajpat Nagar, Delhi",110024,grocery stores,4.2,24,0,0,1,0,,6,OPERATIONAL
Max,"Lajpat Nagar, Delhi",110024,grocery stores,4.0,3368,0,1,1,0,,6,OPERATIONAL
Electronics Mart - Lajpat Nagar,"Lajpat Nagar, Delhi",110024,electronics shops,4.9,1309,0,1,1,0,,4,OPERATIONAL
Electronic Paradise - Lajpat Nagar,"Lajpat Nagar, Delhi",110024,electronics shops,4.3,558,0,0,1,0,,4,OPERATIONAL
Croma - Lajpat Nagar,"Lajpat Nagar, Delhi",110024,electronics shops,4.5,1051,0,1,1,0,,5,OPERATIONAL
Arvee Sales Electronic Store In Lajpat Nagar,"Lajpat Nagar, Delhi",110024,electronics shops,4.0,104,0,0,1,0,,5,OPERATIONAL
Great Eastern Retail Pvt Ltd: Lajpat Nagar II,"Lajpat Nagar, Delhi",110024,electronics shops,4.5,432,0,1,0,0,,4,OPERATIONAL
VIJAY SALES - LAJPAT NAGAR,"Lajpat Nagar, Delhi",110024,electronics shops,4.3,2258,0,1,1,0,,5,OPERATIONAL
LG Best Shop (Jeevanjee Refrigeration Engineers),"Lajpat Nagar, Delhi",110024,electronics shops,4.6,513,0,1,1,0,,4,OPERATIONAL
Hari Om Electronics,"Lajpat Nagar, Delhi",110024,electronics shops,3.5,155,0,1,0,0,,4,OPERATIONAL
Venus Electronics,"Lajpat Nagar, Delhi",110024,electronics shops,4.1,29,0,0,1,0,,4,OPERATIONAL
Kalra Electricals,"Lajpat Nagar, Delhi",110024,electronics shops,4.2,376,0,0,1,0,,6,OPERATIONAL
GP PRO Camera Store,"Lajpat Nagar, Delhi",110024,electronics shops,4.9,3453,0,1,1,0,,6,OPERATIONAL
Sony Centre - Avit Digital - Lajpat Ngr.,"Lajpat Nagar, Delhi",110024,electronics shops,4.9,513,0,1,1,0,,4,OPERATIONAL
Samsung SmartPlaza - Aarco One,"Lajpat Nagar, Delhi",110024,electronics shops,4.8,1396,0,1,1,0,,5,OPERATIONAL
VOLTAS EXPERIENCE ZONE _ SOUTH DELHI _ AARAV ENTERPRISES,"Lajpat Nagar, Delhi",110024,electronics shops,4.9,1404,0,1,1,0,,8,OPERATIONAL
Haier Appliances India Pvt. Ltd - Aarco One,"Lajpat Nagar, Delhi",110024,electronics shops,3.9,44,0,1,1,0,,2,OPERATIONAL
Dawar Enterprises,"Lajpat Nagar, Delhi",110024,electronics shops,4.2,19,0,0,1,0,,4,OPERATIONAL
iNvent - Apple Premium Reseller,"Lajpat Nagar, Delhi",110024,electronics shops,4.7,3536,0,1,1,0,,6,OPERATIONAL
Dawar Electrical Works,"Lajpat Nagar, Delhi",110024,electronics shops,4.5,84,0,0,1,0,,3,OPERATIONAL
Future Forward Camera Store,"Lajpat Nagar, Delhi",110024,electronics shops,4.6,2618,0,1,1,0,,6,OPERATIONAL
A.B. Pal Electricals Private Limited -Lajpat Nagar,"Lajpat Nagar, Delhi",110024,electronics shops,4.1,15,0,1,1,0,,4,OPERATIONAL
Aastha Medical Centre,"Lajpat Nagar, Delhi",110024,clinics,4.2,142,0,1,1,0,,8,OPERATIONAL
"Dr Monga Medi Clinic | Best Ayurvedic Doctors in Delhi | Gastro, Piles and Diabetes","Lajpat Nagar, Delhi",110024,clinics,4.2,338,0,1,1,0,,7,OPERATIONAL
Motherhood Clinic Dr anuradhakhurana,"Lajpat Nagar, Delhi",110024,clinics,5.0,892,0,1,1,0,,6,OPERATIONAL
Kukreja Healthcare Clinic,"Lajpat Nagar, Delhi",110024,clinics,4.7,40,0,1,1,0,,5,OPERATIONAL
Dr. Virendra Pratap Clinic,"Lajpat Nagar, Delhi",110024,clinics,4.9,39,0,0,1,0,,5,OPERATIONAL
"Alive Wellness Clinics - Lajpat Nagar, New Delhi","Lajpat Nagar, Delhi",110024,clinics,4.6,129,0,1,1,0,,9,OPERATIONAL
"Pristyn Care Elantis - Best Super Speciality Hospital in Lajpat Nagar, Delhi | NABH Accredited","Lajpat Nagar, Delhi",110024,clinics,4.5,1495,0,1,1,0,,7,OPERATIONAL
Aviral Express Clinic,"Lajpat Nagar, Delhi",110024,clinics,3.6,30,0,0,1,0,,4,OPERATIONAL
Dr. Ashwani K Sarna family clinic & diagnostic centre,"Lajpat Nagar, Delhi",110024,clinics,4.4,78,0,0,1,0,,4,OPERATIONAL
Gut Clinic - Lajpat Nagar,"Lajpat Nagar, Delhi",110024,clinics,5.0,39,0,1,1,0,,7,OPERATIONAL
Maitri Clinic,"Lajpat Nagar, Delhi",110024,clinics,4.8,31,0,1,1,0,,4,OPERATIONAL
Moolchand Hospital | Best hospital in South Delhi,"Lajpat Nagar, Delhi",110024,clinics,4.4,6556,0,1,1,0,,7,OPERATIONAL
Anmol Health Care - Super Speciality Clinic,"Lajpat Nagar, Delhi",110024,clinics,5.0,3,0,0,0,0,,6,OPERATIONAL
"Max Medcentre, Lajpat Nagar","Lajpat Nagar, Delhi",110024,clinics,4.4,854,0,1,1,0,,9,OPERATIONAL
Anmol Healthcare Clinic | Sexologist in Lajpat Nagar| Best Aesthetic Clinic in Lajpat Nagar| Best Sexologist in South Delhi,"Lajpat Nagar, Delhi",110024,clinics,5.0,9,0,1,1,0,,6,OPERATIONAL
DermaClinix,"Lajpat Nagar, Delhi",110024,clinics,4.6,450,0,1,1,0,,10,OPERATIONAL
GnR Skin and Heart Clinic,"Lajpat Nagar, Delhi",110024,clinics,4.9,258,0,1,1,0,,6,OPERATIONAL
"Habilite Clinics - Piles, Circumcision, Gallstones, Hernia and Weight Loss in Delhi","Lajpat Nagar, Delhi",110024,clinics,4.9,70,0,1,1,0,,5,OPERATIONAL
Perfect 5 clinic,"Lajpat Nagar, Delhi",110065,clinics,4.7,165,0,0,0,0,,5,OPERATIONAL
Eye7 Chaudhary Eye Centre,"Lajpat Nagar, Delhi",110024,clinics,4.8,16672,1,1,1,0,,5,OPERATIONAL
Western oven (lajpat nagar),"Lajpat Nagar, Delhi",110024,bakeries,5.0,80,0,1,1,0,,6,OPERATIONAL
Defence Bakery Since 1962 Def Col,"Lajpat Nagar, Delhi",110024,bakeries,4.3,1388,0,1,1,1,3.0,6,OPERATIONAL
The Fairy Bake,"Lajpat Nagar, Delhi",110003,bakeries,4.9,293,0,0,1,0,,6,OPERATIONAL
Blue Ribbon,"Lajpat Nagar, Delhi",110024,bakeries,4.4,220,0,1,1,0,,9,OPERATIONAL
Maxim's Bakers & Confectioners,"Lajpat Nagar, Delhi",110048,bakeries,4.5,3688,0,0,1,1,2.0,6,OPERATIONAL
Cake Palace,"Lajpat Nagar, Delhi",110024,bakeries,4.0,263,0,1,1,1,2.0,6,OPERATIONAL
Le Gourmand- Pâtisserie Boulangerie,"Lajpat Nagar, Delhi",110024,bakeries,4.7,49,0,1,1,0,,9,OPERATIONAL
Chaykala Cakes & Bakery | Online Cake Delivery in Delhi,"Lajpat Nagar, Delhi",110024,bakeries,4.9,196,0,1,1,0,,17,OPERATIONAL
Secret Behind Cakes,"Lajpat Nagar, Delhi",110024,bakeries,4.7,172,0,0,1,0,,6,OPERATIONAL
Sachdeva Bakery,"Lajpat Nagar, Delhi",110048,bakeries,4.3,360,0,0,1,1,2.0,6,OPERATIONAL
Bake House,"Lajpat Nagar, Delhi",110024,bakeries,4.1,75,0,0,1,0,,6,OPERATIONAL
Heaven of cakes bakery,"Lajpat Nagar, Delhi",110024,bakeries,5.0,30,0,0,0,0,,6,OPERATIONAL
Janta Bakery,"Lajpat Nagar, Delhi",110014,bakeries,4.3,2805,0,0,1,1,2.0,6,OPERATIONAL
NIK BAKER'S,"Lajpat Nagar, Delhi",110024,bakeries,4.2,469,0,1,1,1,3.0,7,OPERATIONAL
SugarRoom,"Lajpat Nagar, Delhi",110024,bakeries,4.9,40,0,1,1,0,,6,OPERATIONAL
Nante Cake Studio | Custom Designer Cakes Delhi NCR,"Lajpat Nagar, Delhi",110024,bakeries,5.0,154,0,1,1,0,,15,OPERATIONAL
Guffh Oven,"Lajpat Nagar, Delhi",110024,bakeries,5.0,36,0,0,0,0,,6,OPERATIONAL
Doctor Baker,"Lajpat Nagar, Delhi",110024,bakeries,5.0,15,0,1,1,0,,6,OPERATIONAL
Angels Basket The Pastry Shop,"Lajpat Nagar, Delhi",110024,bakeries,4.0,149,0,0,1,0,,6,OPERATIONAL
Apollo Pharmacy Lajpat Nagar 2,"Lajpat Nagar, Delhi",110024,pharmacies,4.0,27,0,1,1,0,,8,OPERATIONAL
Apollo Pharmacy Lajpat Nagar,"Lajpat Nagar, Delhi",110007,pharmacies,3.9,41,0,1,1,0,,8,OPERATIONAL
Apollo Pharmacy Amar Colony Lajpat Nagar,"Lajpat Nagar, Delhi",110024,pharmacies,3.9,55,0,1,1,0,,8,OPERATIONAL
ZEELAB Pharmacy - Lajpat Nagar 4,"Lajpat Nagar, Delhi",110024,pharmacies,5.0,150,0,1,1,0,,5,OPERATIONAL
ZEELAB Pharmacy - Lajpat Nagar 1,"Lajpat Nagar, Delhi",110024,pharmacies,4.9,198,0,1,1,0,,5,OPERATIONAL
SANJIVANI MEDICOS,"Lajpat Nagar, Delhi",110024,pharmacies,4.2,96,0,0,1,0,,6,OPERATIONAL
Central Pharmacy,"Lajpat Nagar, Delhi",110024,pharmacies,4.2,6,0,0,1,0,,6,OPERATIONAL
Baxico Chemist,"Lajpat Nagar, Delhi",110024,pharmacies,4.0,19,0,0,1,0,,6,OPERATIONAL
Apollo Pharmacy Guru Nanak Market Lajpat Nagar 4,"Lajpat Nagar, Delhi",110024,pharmacies,4.5,20,0,1,1,0,,8,OPERATIONAL
davaindia GENERIC PHARMACY,"Lajpat Nagar, Delhi",110024,pharmacies,4.9,69,0,1,1,0,,10,OPERATIONAL
Royal Pharmacy,"Lajpat Nagar, Delhi",110024,pharmacies,2.8,6,0,0,1,0,,5,OPERATIONAL
Suresh medicos,"Lajpat Nagar, Delhi",110024,pharmacies,4.0,17,0,0,1,0,,5,OPERATIONAL
Santosh Pharmacy,"Lajpat Nagar, Delhi",110024,pharmacies,4.9,19,0,0,1,0,,5,OPERATIONAL
IP Pharma,"Lajpat Nagar, Delhi",110024,pharmacies,4.9,32,0,1,1,0,,5,OPERATIONAL
KVF pharmacy,"Lajpat Nagar, Delhi",110024,pharmacies,5.0,1,0,0,0,0,,5,OPERATIONAL
Medicine care,"Lajpat Nagar, Delhi",110024,pharmacies,4.5,11,0,0,1,0,,6,OPERATIONAL
Pharmville Pharmacy Lajpat Nagar IV New Delhi,"Lajpat Nagar, Delhi",110024,pharmacies,5.0,4,0,1,1,0,,5,OPERATIONAL
Isha Medicos,"Lajpat Nagar, Delhi",110024,pharmacies,4.7,15,0,0,1,0,,5,OPERATIONAL
Doctors Plaza Pharmacy | Chemist Shop In Lajpat Nagar IV,"Lajpat Nagar, Delhi",110024,pharmacies,5.0,1,0,1,1,0,,5,OPERATIONAL
AMBEY MEDICAL AND OPTICALS,"Lajpat Nagar, Delhi",110024,pharmacies,5.0,11,0,0,1,0,,5,OPERATIONAL
Arose Education,"Lajpat Nagar, Delhi",110024,tutoring centers,4.9,93,0,1,1,0,,5,OPERATIONAL
"Unacademy Coaching Centre - Lajpat Nagar, Delhi | IIT JEE, NEET & Foundation Classes","Lajpat Nagar, Delhi",110024,tutoring centers,4.8,241,0,1,1,0,,5,OPERATIONAL
Kapoor Coaching Academy since 1951 (COACHING CENTER IN LAJPAT NAGAR in NEW DELHI),"Lajpat Nagar, Delhi",110024,tutoring centers,4.7,52,0,1,1,0,,6,OPERATIONAL
Infinite School of Learning,"Lajpat Nagar, Delhi",110024,tutoring centers,4.7,132,0,0,1,0,,2,OPERATIONAL
Cclarity Ccatalyst - Coaching Center in Lajpat Nagar in New Delhi,"Lajpat Nagar, Delhi",110024,tutoring centers,4.9,14,0,1,1,0,,2,OPERATIONAL
Hillary Academy,"Lajpat Nagar, Delhi",110024,tutoring centers,5.0,25,0,1,1,0,,3,OPERATIONAL
True Vision Coaching Centre,"Lajpat Nagar, Delhi",110024,tutoring centers,4.7,51,0,0,0,0,,2,OPERATIONAL
Star Tuition Classes,"Lajpat Nagar, Delhi",110024,tutoring centers,4.9,49,0,0,1,0,,3,OPERATIONAL
Paul Coaching Centres,"Lajpat Nagar, Delhi",110024,tutoring centers,4.9,194,0,1,1,0,,3,OPERATIONAL
Litera Centre,"Lajpat Nagar, Delhi",110024,tutoring centers,4.3,18,0,1,1,0,,3,OPERATIONAL
Kapoor Tutorial Centre,"Lajpat Nagar, Delhi",110024,tutoring centers,4.8,31,0,0,1,0,,3,OPERATIONAL
Origin Tutorials By Atul Kukreja,"Lajpat Nagar, Delhi",110024,tutoring centers,5.0,24,0,0,1,0,,3,OPERATIONAL
Home Tutor Delhi | ReadWithRitik,"Lajpat Nagar, Delhi",110024,tutoring centers,5.0,23,0,1,0,0,,3,OPERATIONAL
chopra coaching classes,"Lajpat Nagar, Delhi",110024,tutoring centers,4.9,20,0,0,1,0,,3,OPERATIONAL
"ALLEN Career Institute - Lajpat Nagar Campus, New Delhi | IIT JEE, NEET & Foundation Coaching","Lajpat Nagar, Delhi",110024,tutoring centers,4.3,168,0,1,1,0,,3,OPERATIONAL
PINNACLE ACADEMY SCIENCE & COMMERCE (CBSE/NEET/IIT JEE/ISC),"Lajpat Nagar, Delhi",110024,tutoring centers,4.6,35,0,1,1,0,,3,OPERATIONAL
ISL Competitive Coaching Centre,"Lajpat Nagar, Delhi",110024,tutoring centers,4.5,253,0,1,1,0,,4,OPERATIONAL
"Aakash Institute - Best NEET & IIT-JEE Coaching in New Delhi, Lajpat Nagar","Lajpat Nagar, Delhi",110024,tutoring centers,5.0,5,0,1,1,0,,4,OPERATIONAL
"PRAVINO - NEET, Biology and Maths Coaching in Lajpat Nagar","Lajpat Nagar, Delhi",110024,tutoring centers,4.6,104,0,1,1,0,,4,OPERATIONAL
AptitudeMate,"Lajpat Nagar, Delhi",110024,tutoring centers,4.8,213,0,1,1,0,,6,OPERATIONAL
Gaurav Furnishers,"Lajpat Nagar, Delhi",110024,furniture stores,4.1,67,0,0,1,0,,6,OPERATIONAL
Furniture Market Amar Colony,"Lajpat Nagar, Delhi",110024,furniture stores,4.0,430,0,0,0,0,,6,OPERATIONAL
"Wakefit - Furniture Store in Lajpat Nagar, Delhi","Lajpat Nagar, Delhi",110024,furniture stores,4.8,1724,0,1,1,0,,7,OPERATIONAL
Harrison's Furniture Lajpat Nagar,"Lajpat Nagar, Delhi",110024,furniture stores,4.6,7,0,0,0,0,,6,OPERATIONAL
Home Saaz,"Lajpat Nagar, Delhi",110024,furniture stores,3.9,858,0,0,1,0,,5,OPERATIONAL
Woods World - Furniture store,"Lajpat Nagar, Delhi",110024,furniture stores,4.6,40,0,1,1,0,,8,OPERATIONAL
LIVE N STYLE,"Lajpat Nagar, Delhi",110024,furniture stores,3.9,32,0,1,1,0,,6,OPERATIONAL
Jagdish Store,"Lajpat Nagar, Delhi",110024,furniture stores,4.2,1469,0,1,0,0,,9,OPERATIONAL
Kukreja furniture,"Lajpat Nagar, Delhi",110024,furniture stores,3.6,12,0,0,1,0,,3,OPERATIONAL
Gianiji Antiques & Furniture,"Lajpat Nagar, Delhi",110024,furniture stores,4.1,105,0,1,1,0,,6,OPERATIONAL
Lucky Steel Furniture | Manufacturers in Delhi of Steel & Wooden Furniture,"Lajpat Nagar, Delhi",110024,furniture stores,4.4,49,0,1,1,0,,7,OPERATIONAL
"Godrej Interio Mattress Shop In Lajpat Nagar, New Delhi","Lajpat Nagar, Delhi",110024,furniture stores,4.9,82,0,1,1,0,,6,OPERATIONAL
Beautifull Home Furniture Showroom,"Lajpat Nagar, Delhi",110024,furniture stores,4.3,3,0,0,1,0,,6,OPERATIONAL
Sahil Sofa Furnishing,"Lajpat Nagar, Delhi",110024,furniture stores,4.8,55,0,0,1,0,,6,OPERATIONAL
Royal Furniture /VM hardware,"Lajpat Nagar, Delhi",110024,furniture stores,3.7,3,0,0,1,0,,8,OPERATIONAL
Alvin Furnihub sofa & furniture repair,"Lajpat Nagar, Delhi",110024,furniture stores,5.0,5,0,1,1,0,,8,OPERATIONAL
Elite Furnishers,"Lajpat Nagar, Delhi",110024,furniture stores,3.8,20,0,0,1,0,,7,OPERATIONAL
"Godrej Interio - Kitchen Modular Store in Amar Colony, New Delhi","Lajpat Nagar, Delhi",110024,furniture stores,3.9,112,0,1,1,0,,8,OPERATIONAL
"CashForPhone | Buy, Sell & Repair in Lajpat Nagar","Lajpat Nagar, Delhi",110024,mobile shops,4.7,1485,0,1,1,0,,4,OPERATIONAL
Star Communication in Lajpat Nagar,"Lajpat Nagar, Delhi",110024,mobile shops,4.6,216,0,0,1,0,,5,OPERATIONAL
"Cashify Mobile Phone Store | Buy, Sell & Repair in Lajpat Nagar Metro","Lajpat Nagar, Delhi",110023,mobile shops,4.9,82,0,1,1,0,,6,OPERATIONAL
USA Telecom,"Lajpat Nagar, Delhi",110024,mobile shops,4.3,128,0,0,1,0,,4,OPERATIONAL
Mobilenmore,"Lajpat Nagar, Delhi",110024,mobile shops,3.6,61,0,1,0,0,,4,OPERATIONAL
Mr.Mobile Repair & Care,"Lajpat Nagar, Delhi",110024,mobile shops,4.9,1163,0,0,1,0,,3,OPERATIONAL
Vr Teleservices,"Lajpat Nagar, Delhi",110024,mobile shops,4.6,50,0,0,1,0,,4,OPERATIONAL
Amit Communications,"Lajpat Nagar, Delhi",110024,mobile shops,5.0,5,0,0,1,0,,5,OPERATIONAL
Second Mobi Hub,"Lajpat Nagar, Delhi",110024,mobile shops,2.9,24,0,1,1,0,,4,OPERATIONAL
Amit Provision Store & Cellular World Mobile Shop,"Lajpat Nagar, Delhi",110024,mobile shops,4.6,11,0,0,1,0,,7,OPERATIONAL
Das Telecom,"Lajpat Nagar, Delhi",110024,mobile shops,4.4,13,0,0,1,0,,4,OPERATIONAL
Hotspot Mobile Store,"Lajpat Nagar, Delhi",110019,mobile shops,5.0,1779,0,1,1,0,,4,OPERATIONAL
Mobile Fix,"Lajpat Nagar, Delhi",110024,mobile shops,5.0,26,0,1,1,0,,3,OPERATIONAL
Authorised Samsung Service Center - Aarco One,"Lajpat Nagar, Delhi",110024,mobile shops,4.7,504,0,1,1,0,,3,OPERATIONAL
Dhirsons Jewellers Private Limited,"Lajpat Nagar, Delhi",110024,jewellery shops,4.6,1922,0,1,1,0,,5,OPERATIONAL
Tanishq Jewellery - Delhi - Lajpat Nagar,"Lajpat Nagar, Delhi",110024,jewellery shops,4.9,3357,0,1,1,0,,6,OPERATIONAL
Rama Krishna Jewellers,"Lajpat Nagar, Delhi",110024,jewellery shops,4.2,4443,0,1,1,0,,5,OPERATIONAL
Palmonas - Lajpat Nagar,"Lajpat Nagar, Delhi",110024,jewellery shops,4.9,392,0,1,1,0,,7,OPERATIONAL
Amba Jewellers Pvt. Ltd. - Jewellery Shop In Lajpat Nagar,"Lajpat Nagar, Delhi",110024,jewellery shops,4.7,1216,0,0,1,0,,8,OPERATIONAL
Lalchnd Jewellers® - jewellers in lajpat nagar delhi,"Lajpat Nagar, Delhi",110024,jewellery shops,4.9,506,0,1,1,0,,7,OPERATIONAL
Shri Raghuveer Jeweller Pvt Ltd - Best jewellers in Lajpat Nagar,"Lajpat Nagar, Delhi",110024,jewellery shops,4.7,120,0,1,1,0,,4,OPERATIONAL
OSR JEWELLERS,"Lajpat Nagar, Delhi",110024,jewellery shops,4.9,3709,0,1,1,0,,7,OPERATIONAL
BlueStone Jewellery Lajpat Nagar,"Lajpat Nagar, Delhi",110024,jewellery shops,4.9,1068,0,1,1,0,,8,OPERATIONAL
"CaratLane Jewellery Lajpat Nagar, New Delhi","Lajpat Nagar, Delhi",110024,jewellery shops,4.9,1694,0,1,1,0,,5,OPERATIONAL
Kisna Diamond & Gold Jewellery - Lajpat Nagar,"Lajpat Nagar, Delhi",110024,jewellery shops,5.0,472,0,1,1,0,,6,OPERATIONAL
Silver jewellery by psj,"Lajpat Nagar, Delhi",110024,jewellery shops,5.0,414,0,1,1,0,,4,OPERATIONAL
Trilokchand Jewellers,"Lajpat Nagar, Delhi",110024,jewellery shops,4.7,220,0,0,1,0,,4,OPERATIONAL
Right Gold - Lajpat Nagar,"Lajpat Nagar, Delhi",110024,jewellery shops,4.9,325,0,1,1,0,,4,OPERATIONAL
"Mia by Tanishq - Lajpat Nagar, new delhi","Lajpat Nagar, Delhi",110024,jewellery shops,4.9,715,0,1,1,0,,5,OPERATIONAL
"Viraj Jewellers – Cash for Gold, Silver & Diamond Buyer in Lajpat Nagar","Lajpat Nagar, Delhi",110024,jewellery shops,4.9,785,0,1,1,0,,7,OPERATIONAL
JD Solitaire - Jewelleryy LLP I Diamonds I Solitaire,"Lajpat Nagar, Delhi",110024,jewellery shops,4.9,1273,0,1,1,0,,4,OPERATIONAL
"Starkle | Gold & Diamond Jewellery Store in Lajpat Nagar, Delhi","Lajpat Nagar, Delhi",110024,jewellery shops,4.4,129,0,1,1,0,,4,OPERATIONAL
Senco Gold & Diamonds- Lajpat Nagar,"Lajpat Nagar, Delhi",110024,jewellery shops,4.7,1510,0,1,1,0,,6,OPERATIONAL
New Bhola Paints & Hardware Store,"Lajpat Nagar, Delhi",110024,hardware stores,4.1,337,0,0,1,0,,6,OPERATIONAL
Kashmir paints & Hardware | Ozone Dealer,"Lajpat Nagar, Delhi",110024,hardware stores,4.5,19,0,1,1,0,,6,OPERATIONAL
Chugh Sanitary & Hardware Store,"Lajpat Nagar, Delhi",110024,hardware stores,5.0,1,0,0,1,0,,5,OPERATIONAL
Neelkanth Sanitaryware,"Lajpat Nagar, Delhi",110024,hardware stores,4.3,17,0,1,1,0,,7,OPERATIONAL
Dr. Fixit - Taneja Paints And Hardware Store,"Lajpat Nagar, Delhi",110065,hardware stores,4.1,372,0,1,1,0,,4,OPERATIONAL
Jai ganesh hardware store,"Lajpat Nagar, Delhi",110003,hardware stores,4.9,90,0,0,0,0,,8,OPERATIONAL
Amir Chand & Sons,"Lajpat Nagar, Delhi",110024,hardware stores,5.0,4,0,0,1,0,,5,OPERATIONAL
J B Gupta & Sons Pvt. Ltd.,"Lajpat Nagar, Delhi",110003,hardware stores,3.9,287,0,1,1,0,,11,OPERATIONAL
Nice Tools & Hardware Store,"Lajpat Nagar, Delhi",110006,hardware stores,4.2,29,0,0,1,0,,6,OPERATIONAL
Mittal Traders,"Lajpat Nagar, Delhi",110024,hardware stores,5.0,16,0,0,1,0,,8,OPERATIONAL
Shiv Traders,"Lajpat Nagar, Delhi",110024,hardware stores,4.8,26,0,1,1,0,,11,OPERATIONAL
Jagdamba Tools & Hardware Store,"Lajpat Nagar, Delhi",110003,hardware stores,4.3,27,0,0,1,0,,5,OPERATIONAL
Tandon Paints Hardware & Bathwares,"Lajpat Nagar, Delhi",110024,hardware stores,3.4,5,0,0,1,0,,6,OPERATIONAL
Ambey Hardware & Sanitary Store,"Lajpat Nagar, Delhi",110003,hardware stores,3.1,15,0,0,1,0,,6,OPERATIONAL
J.B.Gupta Hardware Collection Pvt. Ltd. (Since 1963),"Lajpat Nagar, Delhi",110048,hardware stores,4.5,393,0,1,1,0,,11,OPERATIONAL
Jain Hardware JHW,"Lajpat Nagar, Delhi",110003,hardware stores,5.0,21,0,0,1,0,,5,OPERATIONAL
Tayal Hardware Collection Pvt. Ltd.,"Lajpat Nagar, Delhi",110003,hardware stores,4.1,27,0,0,1,0,,5,OPERATIONAL
Havemore Restaurant,"Saket, Delhi",110017,restaurants,4.9,7084,0,1,1,0,,6,OPERATIONAL
Saket SOCIAL,"Saket, Delhi",110017,restaurants,4.2,1953,0,1,1,1,3.0,12,OPERATIONAL
Pa Pa Ya,"Saket, Delhi",110017,restaurants,4.4,1773,0,1,1,0,,5,OPERATIONAL
Anardana DLF Avenue Saket,"Saket, Delhi",110017,restaurants,4.7,1275,0,1,1,0,,4,OPERATIONAL
"Yeti - The Himalayan Kitchen, Saket","Saket, Delhi",110017,restaurants,4.5,478,0,1,1,0,,4,OPERATIONAL
The Big Chill,"Saket, Delhi",110017,restaurants,4.5,4589,0,1,1,1,3.0,6,OPERATIONAL
Harajuku Tokyo Cafe,"Saket, Delhi",110017,restaurants,4.0,1327,0,0,1,0,,5,OPERATIONAL
Zahra Restaurant & café-Saket,"Saket, Delhi",110017,restaurants,4.4,391,0,0,1,0,,4,OPERATIONAL
"Punjab Grill Select Citywalk Mall, Saket","Saket, Delhi",110017,restaurants,4.5,5470,0,1,1,1,3.0,11,OPERATIONAL
"Dhaba Estd 1986 Delhi, Saket","Saket, Delhi",110017,restaurants,4.0,645,0,1,1,1,3.0,7,OPERATIONAL
"Gola Sizzlers, Saket","Saket, Delhi",110017,restaurants,4.2,359,0,0,1,0,,7,OPERATIONAL
The B.Tech Restaurant in Saket,"Saket, Delhi",110030,restaurants,4.4,586,0,1,1,0,,4,OPERATIONAL
Flow Brew & Dine,"Saket, Delhi",110017,restaurants,4.6,752,0,1,1,0,,7,OPERATIONAL
COMMONS at Dlf Avenue,"Saket, Delhi",110017,restaurants,4.8,39,0,1,1,0,,4,OPERATIONAL
Sattvik restaurant,"Saket, Delhi",110017,restaurants,4.5,1853,0,1,1,0,,6,OPERATIONAL
Nineteen78,"Saket, Delhi",110017,restaurants,3.9,261,0,0,1,0,,7,OPERATIONAL
Mahabelly Saket,"Saket, Delhi",110017,restaurants,4.4,4024,0,1,1,1,2.0,13,OPERATIONAL
Ping's Cafe Orient,"Saket, Delhi",110017,restaurants,4.0,296,0,1,1,0,,5,OPERATIONAL
Berco's - If You Love Chinese,"Saket, Delhi",110017,restaurants,4.4,1037,0,1,1,1,2.0,7,OPERATIONAL
YouMee DLF Avenue Saket,"Saket, Delhi",110017,restaurants,4.3,278,0,1,1,0,,11,OPERATIONAL
"New Sky Coffee, Best Cafe in Chittaranjan Park Delhi","Saket, Delhi",110048,cafes,4.8,759,0,1,1,0,,4,OPERATIONAL
Laidback Cafe - DLF Avenue Saket,"Saket, Delhi",110017,cafes,4.4,1820,0,1,1,0,,4,OPERATIONAL
Third Wave Coffee,"Saket, Delhi",110017,cafes,4.9,2029,0,1,1,1,2.0,8,OPERATIONAL
CAFFIO,"Saket, Delhi",110017,cafes,4.9,166,0,1,1,0,,17,OPERATIONAL
Dream Catchers Cafe,"Saket, Delhi",110030,cafes,4.3,1398,0,1,1,0,,4,OPERATIONAL
BaariCafe,"Saket, Delhi",110030,cafes,4.0,397,0,1,1,0,,4,OPERATIONAL
Bella Vie,"Saket, Delhi",110030,cafes,4.4,1980,0,0,1,0,,4,OPERATIONAL
Blue Tokai Coffee Roasters | Saket,"Saket, Delhi",110017,cafes,4.4,442,0,1,1,1,2.0,8,OPERATIONAL
Jugmug Thela,"Saket, Delhi",110030,cafes,4.2,4688,0,1,1,1,2.0,13,OPERATIONAL
Cafe Blake,"Saket, Delhi",110030,cafes,4.7,649,0,0,1,0,,6,OPERATIONAL
ate | altogether experimental | Greens,"Saket, Delhi",110030,cafes,4.4,631,0,1,1,0,,11,OPERATIONAL
Kobys,"Saket, Delhi",110017,cafes,4.6,417,0,1,1,0,,7,OPERATIONAL
Chuckling Chatore,"Saket, Delhi",110030,cafes,4.9,289,0,0,1,0,,4,OPERATIONAL
Vaw Cafe,"Saket, Delhi",110030,cafes,4.2,456,0,0,1,1,1.0,4,OPERATIONAL
Third Wave Coffee,"Saket, Delhi",110017,cafes,4.9,527,0,1,1,0,,4,OPERATIONAL
Foresta Bistro and Cafe,"Saket, Delhi",110030,cafes,4.2,1509,0,0,1,0,,15,OPERATIONAL
Saloni Studio unisex salon,"Saket, Delhi",110017,salons,4.9,1164,0,0,1,0,,4,OPERATIONAL
Looks Salon Pvr Saket,"Saket, Delhi",110017,salons,4.7,3278,0,1,1,0,,7,OPERATIONAL
"CUT&STYLE Salon - Saket, New Delhi","Saket, Delhi",110017,salons,4.6,1339,0,1,1,0,,8,OPERATIONAL
Geetanjali Salon,"Saket, Delhi",110017,salons,4.7,331,0,1,1,0,,10,OPERATIONAL
ABC Ladies Salon,"Saket, Delhi",110017,salons,4.9,966,0,1,1,0,,4,OPERATIONAL
"Looks Salon, Select Citywalk Mall","Saket, Delhi",110017,salons,4.7,2565,0,1,1,0,,6,OPERATIONAL
"Geetanjali Salon - Select Citywalk Mall, New Delhi","Saket, Delhi",110017,salons,4.7,3449,0,1,0,0,,10,OPERATIONAL
"Tweak Salon - Saket, New Delhi","Saket, Delhi",110017,salons,4.8,669,0,1,1,0,,13,OPERATIONAL
Noi Tre Salon - Best Salon In Saket,"Saket, Delhi",110017,salons,4.8,101,0,1,1,0,,4,OPERATIONAL
V Unisex Salon,"Saket, Delhi",110017,salons,4.9,127,0,1,1,0,,8,OPERATIONAL
SMUK SALON,"Saket, Delhi",110068,salons,4.8,1415,0,0,1,0,,12,OPERATIONAL
Ayushi Unisex Salon,"Saket, Delhi",110030,salons,4.8,65,0,0,1,0,,7,OPERATIONAL
Jawed habib,"Saket, Delhi",110017,salons,4.5,1258,0,1,1,0,,7,OPERATIONAL
Bella vida salon,"Saket, Delhi",110017,salons,4.6,144,0,1,0,0,,6,OPERATIONAL
Style 'N' Shape,"Saket, Delhi",110068,salons,4.3,229,0,0,1,0,,9,OPERATIONAL
The Prince & Princess Care Corner Unisex Salon,"Saket, Delhi",110030,salons,4.9,184,0,1,1,0,,4,OPERATIONAL
Glam Up @7,"Saket, Delhi",110030,salons,4.7,84,0,1,1,0,,8,OPERATIONAL
Saundarya Unisex Salon,"Saket, Delhi",110017,salons,4.1,117,0,1,1,0,,8,OPERATIONAL
Adhunik Saloon,"Saket, Delhi",110017,salons,3.9,370,0,0,1,0,,4,OPERATIONAL
Angel Beauty Studio,"Saket, Delhi",110030,salons,5.0,71,0,0,0,0,,4,OPERATIONAL
"Pro Ultimate Gym - Saket, New Delhi","Saket, Delhi",110030,gyms,4.8,853,0,0,1,0,,5,OPERATIONAL
Anytime Fitness Saket,"Saket, Delhi",110017,gyms,4.3,287,0,1,1,0,,6,OPERATIONAL
Planet Ultrafit Gym & Fitness,"Saket, Delhi",110017,gyms,4.1,145,0,0,1,0,,5,OPERATIONAL
BARBARIAN - The Grand Fitness,"Saket, Delhi",110017,gyms,4.6,132,0,0,1,0,,8,OPERATIONAL
"Cult Saket | Best Fitness Center in Saket, New Delhi","Saket, Delhi",110017,gyms,4.6,192,0,1,1,0,,12,OPERATIONAL
"Fitness First Select City Walk | Best gym in Sector 6, New Delhi","Saket, Delhi",110017,gyms,4.3,567,0,1,1,0,,9,OPERATIONAL
Grip&Grab Fitness - Saket,"Saket, Delhi",110030,gyms,5.0,43,0,1,1,0,,6,OPERATIONAL
Next Level Gym,"Saket, Delhi",110030,gyms,4.6,102,0,0,0,0,,6,OPERATIONAL
Body First Unisex Gym,"Saket, Delhi",110017,gyms,4.5,23,0,0,1,0,,5,OPERATIONAL
Iron Vox Gym,"Saket, Delhi",110030,gyms,4.4,117,0,0,1,0,,5,OPERATIONAL
3D The Gym,"Saket, Delhi",110030,gyms,4.5,395,0,1,1,0,,6,OPERATIONAL
Gym Kaizen,"Saket, Delhi",110068,gyms,4.5,309,0,0,1,0,,5,OPERATIONAL
Titan first fitness gym,"Saket, Delhi",110068,gyms,4.9,770,0,0,1,0,,8,OPERATIONAL
SWARZ PRO FITNESS,"Saket, Delhi",110030,gyms,4.9,108,0,0,1,0,,5,OPERATIONAL
Neue Life Fitness,"Saket, Delhi",110068,gyms,4.8,200,0,0,1,0,,6,OPERATIONAL
"DDA Sports Complex, Saket","Saket, Delhi",110017,gyms,4.3,1408,0,1,1,0,,4,OPERATIONAL
SPF GYM( Sunny Pankaj fitness),"Saket, Delhi",110068,gyms,4.8,40,0,0,1,0,,5,OPERATIONAL
Gold's Gym Sainik Farms,"Saket, Delhi",110068,gyms,4.5,240,0,1,1,0,,5,OPERATIONAL
Gyans Saket,"Saket, Delhi",110017,clothing stores,4.7,185,0,1,1,0,,4,OPERATIONAL
"Pantaloons (Select City Walk Mall, Saket, New Delhi)","Saket, Delhi",110017,clothing stores,4.3,2995,0,1,1,0,,5,OPERATIONAL
DLF Avenue Saket,"Saket, Delhi",110017,clothing stores,4.5,47178,1,1,1,0,,3,OPERATIONAL
Shoppers Stop Ltd - MGF Saket,"Saket, Delhi",110017,clothing stores,4.3,5742,0,1,1,0,,4,OPERATIONAL
ONLY,"Saket, Delhi",110017,clothing stores,4.4,61,0,1,0,0,,5,OPERATIONAL
Fashion Point,"Saket, Delhi",110030,clothing stores,4.8,78,0,0,1,0,,5,OPERATIONAL
Chique Clothing Company | DLF Avenue Saket,"Saket, Delhi",110017,clothing stores,4.9,49,0,1,0,0,,4,OPERATIONAL
"Rareism, Sector 6","Saket, Delhi",110017,clothing stores,4.9,136,0,1,1,0,,5,OPERATIONAL
Louis Philippe - Select City Walk,"Saket, Delhi",110017,clothing stores,4.2,390,0,1,1,0,,4,OPERATIONAL
H&M,"Saket, Delhi",110017,clothing stores,4.2,4134,0,1,1,1,1.0,4,OPERATIONAL
KAZO,"Saket, Delhi",110017,clothing stores,4.8,235,0,1,1,0,,3,OPERATIONAL
ADDBOSS,"Saket, Delhi",110030,clothing stores,4.1,175,0,1,1,0,,4,OPERATIONAL
"UNIQLO DLF Avenue, Saket","Saket, Delhi",110017,clothing stores,4.4,859,0,1,1,0,,5,OPERATIONAL
Ritu Kumar,"Saket, Delhi",110017,clothing stores,4.3,20,0,1,1,0,,5,OPERATIONAL
"The Souled Store - Select Citywalk Mall, Saket","Saket, Delhi",110017,clothing stores,4.8,82,0,1,1,0,,4,OPERATIONAL
Nexus Select CityWalk,"Saket, Delhi",110017,clothing stores,4.6,146063,1,1,1,0,,7,OPERATIONAL
ZARA,"Saket, Delhi",110017,clothing stores,4.2,4763,0,1,1,1,2.0,4,OPERATIONAL
Tasva,"Saket, Delhi",110017,clothing stores,4.9,82,0,1,1,0,,4,OPERATIONAL
Little Tags Luxury,"Saket, Delhi",110017,clothing stores,4.6,54,0,1,1,0,,4,OPERATIONAL
Modern Bazaar,"Saket, Delhi",110017,grocery stores,4.2,3602,0,1,1,0,,7,OPERATIONAL
J Block Market Saket New Delhi,"Saket, Delhi",110017,grocery stores,4.0,9676,1,0,0,0,,3,OPERATIONAL
Anand Morning Store,"Saket, Delhi",110017,grocery stores,4.4,16,0,0,1,0,,6,OPERATIONAL
J.S.GARG & SONS,"Saket, Delhi",110030,grocery stores,4.3,133,0,0,1,0,,17,OPERATIONAL
Vishal Mega Mart,"Saket, Delhi",110068,grocery stores,3.9,3896,0,1,1,0,,8,OPERATIONAL
Nilgiri Supermart,"Saket, Delhi",110017,grocery stores,4.3,118,0,0,1,0,,8,OPERATIONAL
New Shop,"Saket, Delhi",110030,grocery stores,4.2,28,0,1,0,0,,7,OPERATIONAL
Red Grocers,"Saket, Delhi",110068,grocery stores,4.6,155,0,1,1,0,,13,OPERATIONAL
GDEES Supermart,"Saket, Delhi",110068,grocery stores,4.1,198,0,0,1,0,,7,OPERATIONAL
AA SUPER STORE,"Saket, Delhi",110068,grocery stores,4.6,28,0,0,1,0,,6,OPERATIONAL
Shopfreshmart,"Saket, Delhi",110017,grocery stores,4.9,14,0,0,1,0,,10,OPERATIONAL
Shiv General Store,"Saket, Delhi",110030,grocery stores,4.5,20,0,1,1,0,,6,OPERATIONAL
DLF MALL,"Saket, Delhi",110017,grocery stores,4.5,363,0,0,1,0,,3,OPERATIONAL
Raj Super Stores,"Saket, Delhi",110030,grocery stores,3.6,128,0,0,1,0,,6,OPERATIONAL
Croma - Saket Pvr,"Saket, Delhi",110017,grocery stores,4.3,4667,0,1,1,0,,5,OPERATIONAL
"Adrish Zero Waste Organic Store, Saket - Delhi","Saket, Delhi",110017,grocery stores,4.6,64,0,1,1,0,,3,OPERATIONAL
"Weekly Market on Monday (Monday Market), Saket, South Delhi","Saket, Delhi",110017,grocery stores,4.3,182,0,0,0,0,,3,OPERATIONAL
Unique Electronics,"Saket, Delhi",110068,electronics shops,4.7,445,0,0,1,0,,4,OPERATIONAL
Reliance Digital,"Saket, Delhi",110017,electronics shops,4.7,4040,0,1,1,0,,4,OPERATIONAL
Garg Electronics,"Saket, Delhi",110030,electronics shops,3.7,89,0,0,1,0,,5,OPERATIONAL
Allex Electronics,"Saket, Delhi",110017,electronics shops,4.7,3,0,0,1,0,,3,OPERATIONAL
Saket Electricals,"Saket, Delhi",110030,electronics shops,4.5,2,0,0,1,0,,4,OPERATIONAL
Srb Retail,"Saket, Delhi",110068,electronics shops,4.8,84,0,0,1,0,,4,OPERATIONAL
Reliance Digital,"Saket, Delhi",110017,electronics shops,4.9,4418,0,1,1,0,,4,OPERATIONAL
Future World - Apple Authorised Reseller,"Saket, Delhi",110017,electronics shops,5.0,2541,0,1,1,0,,6,OPERATIONAL
Janak Electronics,"Saket, Delhi",110017,electronics shops,4.3,46,0,0,1,0,,4,OPERATIONAL
Apple Saket,"Saket, Delhi",110017,electronics shops,4.0,2498,0,1,1,0,,5,OPERATIONAL
Sohaib Electronics,"Saket, Delhi",110030,electronics shops,5.0,2,0,0,1,0,,4,OPERATIONAL
JK ELECTRONICS & electricals,"Saket, Delhi",110030,electronics shops,5.0,15,0,0,1,0,,6,OPERATIONAL
Sonos Store Marshall Store Croma Electronics Store,"Saket, Delhi",110017,electronics shops,5.0,6,0,0,1,0,,4,OPERATIONAL
Dyson Store Select CityWalk Mall New Delhi,"Saket, Delhi",110017,electronics shops,4.1,73,0,1,1,0,,2,OPERATIONAL
Dr. Bhola's Clinic,"Saket, Delhi",110017,clinics,4.9,136,0,0,1,0,,4,OPERATIONAL
SkinQure - Skin Laser and Hair Clinic | Dr Jangid (Ex-AIIMS),"Saket, Delhi",110017,clinics,4.7,1472,0,1,1,0,,10,OPERATIONAL
Pristyn Care,"Saket, Delhi",110017,clinics,4.5,896,0,1,1,0,,5,OPERATIONAL
"Max Super Speciality Hospital, Saket (Max Saket)","Saket, Delhi",110017,clinics,4.2,9025,0,1,1,0,,6,OPERATIONAL
Angel's Hope Clinic -,"Saket, Delhi",110017,clinics,4.8,89,0,1,1,0,,6,OPERATIONAL
Life In Motion Clinic - Orthopaedic Specialists In Delhi,"Saket, Delhi",110017,clinics,4.9,111,0,1,1,0,,4,OPERATIONAL
My Care Polyclinic,"Saket, Delhi",110030,clinics,3.7,23,0,0,1,0,,4,OPERATIONAL
Kyno Health | Home Visit Doctor & General Physician in Saket,"Saket, Delhi",110017,clinics,4.9,52,0,1,1,0,,7,OPERATIONAL
Chikitsa Hospital,"Saket, Delhi",110017,clinics,3.6,127,0,0,1,0,,5,OPERATIONAL
Amar Medical Centre,"Saket, Delhi",110017,clinics,3.8,37,0,1,1,0,,5,OPERATIONAL
White willow dental clinic,"Saket, Delhi",110017,clinics,4.9,284,0,1,1,0,,5,OPERATIONAL
Dr Gupta's Clinic And Laboratory,"Saket, Delhi",110017,clinics,4.5,2,0,0,1,0,,4,OPERATIONAL
The Specialist Clinic Dental & Medical Care,"Saket, Delhi",110017,clinics,4.9,33,0,1,1,0,,6,OPERATIONAL
Tamaria Clinic,"Saket, Delhi",110017,clinics,4.9,45,0,1,1,0,,3,OPERATIONAL
"Clove Dental Clinic - Saket, Delhi","Saket, Delhi",110017,clinics,4.8,1029,0,1,1,0,,7,OPERATIONAL
Elite physiotherapy and sports injury Centre,"Saket, Delhi",110017,clinics,4.6,227,0,1,1,0,,8,OPERATIONAL
"Max Smart Super Speciality Hospital, Saket (Max Smart)","Saket, Delhi",110017,clinics,4.3,2469,0,1,1,0,,6,OPERATIONAL
"Baby & Child Kare Clinic, Saket","Saket, Delhi",110017,clinics,4.6,54,0,0,1,0,,4,OPERATIONAL
Dr. Shikha Agarwal Physiotherapy & Rehabilitation Centre,"Saket, Delhi",110017,clinics,4.9,85,0,1,0,0,,7,OPERATIONAL
Dr. V. K. Mehta - Urology and Surgery centre,"Saket, Delhi",110017,clinics,3.4,50,0,1,1,0,,4,OPERATIONAL
Rozana Bakery Shop,"Saket, Delhi",110017,bakeries,4.1,591,0,1,1,1,2.0,6,OPERATIONAL
TheBakers- Best No Fondant-Customised Cakes in Delhi,"Saket, Delhi",110017,bakeries,4.8,86,0,1,1,0,,12,OPERATIONAL
Ginger Brown Cafe & Bakehouse,"Saket, Delhi",110017,bakeries,4.3,418,0,1,1,1,2.0,13,OPERATIONAL
"Theobroma Bakery and Cake Shop - Saket, New Delhi","Saket, Delhi",110017,bakeries,4.3,619,0,1,1,1,2.0,12,OPERATIONAL
Sibang Bakery,"Saket, Delhi",110017,bakeries,3.8,96,0,0,0,0,,6,OPERATIONAL
Bakerino’s Bakehaus,"Saket, Delhi",110017,bakeries,5.0,50,0,0,1,0,,11,OPERATIONAL
Super cake Express,"Saket, Delhi",110017,bakeries,4.9,45,0,1,1,0,,6,OPERATIONAL
Choko La - Saket,"Saket, Delhi",110017,bakeries,4.9,245,0,1,1,0,,17,OPERATIONAL
Cherry on the Top,"Saket, Delhi",110017,bakeries,5.0,42,0,0,1,0,,6,OPERATIONAL
Oasis Baklawa Saket,"Saket, Delhi",110017,bakeries,4.3,581,0,1,1,0,,6,OPERATIONAL
Bread Talk,"Saket, Delhi",110017,bakeries,4.1,426,0,0,1,0,,6,OPERATIONAL
Cake By Karish (Birthday Cake/ Brownies / Cake Home Delivery in saket / malviya nagar ),"Saket, Delhi",110068,bakeries,4.9,57,0,1,1,0,,14,OPERATIONAL
New Cake Palace (saket),"Saket, Delhi",110017,bakeries,4.4,67,0,0,1,0,,22,OPERATIONAL
L'Opéra Select City Walk,"Saket, Delhi",110017,bakeries,4.0,160,0,1,1,1,3.0,11,OPERATIONAL
PAUL,"Saket, Delhi",110017,bakeries,4.3,1543,0,1,1,0,,4,OPERATIONAL
Bake My Day,"Saket, Delhi",110068,bakeries,4.8,572,0,0,1,1,1.0,6,OPERATIONAL
Cake_world,"Saket, Delhi",110017,bakeries,4.9,30,0,1,1,0,,15,OPERATIONAL
Apollo Pharmacy Saket Block J,"Saket, Delhi",110017,pharmacies,4.0,30,0,1,1,0,,8,OPERATIONAL
Paras Chemist plus,"Saket, Delhi",110017,pharmacies,4.3,16,0,0,1,0,,6,OPERATIONAL
Apollo Pharmacy Sawan Neelu Angel's Hospital,"Saket, Delhi",110017,pharmacies,3.6,22,0,1,1,0,,8,OPERATIONAL
Gogia Medicos,"Saket, Delhi",110017,pharmacies,4.9,82,0,0,1,0,,8,OPERATIONAL
Monica Chemists,"Saket, Delhi",110017,pharmacies,4.1,16,0,0,1,0,,6,OPERATIONAL
Trustmed Pharmacy,"Saket, Delhi",110017,pharmacies,5.0,11,0,0,0,0,,5,OPERATIONAL
Health Plus Pharmacy,"Saket, Delhi",110017,pharmacies,4.8,13,0,0,1,0,,5,OPERATIONAL
Mac Pharmacy,"Saket, Delhi",110017,pharmacies,3.5,16,0,0,1,0,,5,OPERATIONAL
Batra Medicos,"Saket, Delhi",110017,pharmacies,2.9,16,0,1,1,0,,8,OPERATIONAL
Mini mart saket,"Saket, Delhi",110030,pharmacies,4.0,46,0,0,1,0,,6,OPERATIONAL
WholeMed Pharmacy,"Saket, Delhi",110017,pharmacies,5.0,10,0,0,1,0,,5,OPERATIONAL
davaindia GENERIC PHARMACY,"Saket, Delhi",110017,pharmacies,4.6,31,0,1,1,0,,10,OPERATIONAL
Guardian Pharmacy,"Saket, Delhi",110017,pharmacies,4.0,34,0,0,1,0,,5,OPERATIONAL
DISCOUNT PHARMACY,"Saket, Delhi",110017,pharmacies,4.6,12,0,0,1,0,,5,OPERATIONAL
Medcart Pharmacy,"Saket, Delhi",110017,pharmacies,5.0,5,0,0,1,0,,5,OPERATIONAL
Dr Morepen Pharmacy,"Saket, Delhi",110017,pharmacies,4.9,40,0,1,1,0,,6,OPERATIONAL
D-Chemist,"Saket, Delhi",110030,pharmacies,4.1,7,0,0,1,0,,5,OPERATIONAL
Yana Medicos,"Saket, Delhi",110030,pharmacies,4.8,368,0,0,1,0,,7,OPERATIONAL
Guardian Pharmacy,"Saket, Delhi",110017,pharmacies,4.0,5,0,0,0,0,,5,OPERATIONAL
DelhiTutors.com,"Saket, Delhi",110017,tutoring centers,4.9,571,0,1,1,0,,3,OPERATIONAL
UrbanTuition,"Saket, Delhi",110068,tutoring centers,4.9,114,0,1,1,0,,4,OPERATIONAL
Asha Learnology,"Saket, Delhi",110030,tutoring centers,4.8,292,0,1,1,0,,5,OPERATIONAL
Jee Academy,"Saket, Delhi",110017,tutoring centers,5.0,294,0,1,1,0,,3,OPERATIONAL
Best Home Tuition Bureau Delhi GURU Ji Tutorial,"Saket, Delhi",110017,tutoring centers,5.0,5,0,1,1,0,,5,OPERATIONAL
Rostrum Education - IVY League - Oxford & Cambridge Consultant | Tutoring | Test Prep I Delhi,"Saket, Delhi",110030,tutoring centers,4.8,218,0,1,1,0,,6,OPERATIONAL
AIM EDUCATION : JEE | NEET | Foundation | Olympiads | CBSE Boards 10th & 12th Coaching in Delhi,"Saket, Delhi",110030,tutoring centers,4.8,92,0,1,1,0,,3,OPERATIONAL
"Physics Wallah (PW) Vidyapeeth Coaching Center Saket | IIT JEE, NEET & Foundation Classes","Saket, Delhi",110030,tutoring centers,4.6,202,0,1,0,0,,5,OPERATIONAL
Kumon Saket Math & English Classes,"Saket, Delhi",110017,tutoring centers,4.8,17,0,1,1,0,,7,OPERATIONAL
MyUrbanTutors,"Saket, Delhi",110017,tutoring centers,4.2,19,0,1,1,0,,5,OPERATIONAL
MADE EASY Delhi Centre,"Saket, Delhi",110030,tutoring centers,4.5,792,0,1,1,0,,2,OPERATIONAL
Multilingua - Best English Speaking Institute in Delhi | IELTS Coaching in Delhi | PTE Coaching in Delhi,"Saket, Delhi",110030,tutoring centers,4.8,233,0,1,1,0,,5,OPERATIONAL
Tution centre,"Saket, Delhi",110030,tutoring centers,5.0,2,0,0,1,0,,3,OPERATIONAL
CONFIDANT CLASSES,"Saket, Delhi",110030,tutoring centers,5.0,291,0,1,1,0,,7,OPERATIONAL
Nihongo Center by Nasukawa,"Saket, Delhi",110030,tutoring centers,4.4,83,0,1,1,0,,2,OPERATIONAL
"Sikho Computer Institute | Data Analytics, Python & SQL Classes South Delhi","Saket, Delhi",110030,tutoring centers,4.9,234,0,1,1,0,,6,OPERATIONAL
DDC: Best NDA CDS Written & SSB Coaching in Delhi,"Saket, Delhi",110030,tutoring centers,4.9,213,0,1,1,0,,6,OPERATIONAL
Guneet Academy,"Saket, Delhi",110080,tutoring centers,4.7,58,0,0,1,0,,3,OPERATIONAL
"Urban Ladder - Furniture and Decor Store in Saket, Delhi","Saket, Delhi",110017,furniture stores,4.8,794,0,1,1,0,,6,OPERATIONAL
Homestop,"Saket, Delhi",110017,furniture stores,4.5,1386,0,1,1,0,,7,OPERATIONAL
Radhika Furnishing Mart - Furniture Repair |Sofa Repair |Office Chair Repair |Affordable Sofa Repair Shop in New Delhi,"Saket, Delhi",110017,furniture stores,5.0,304,0,1,1,0,,10,OPERATIONAL
Charvi Interiors,"Saket, Delhi",110068,furniture stores,4.6,16,0,0,1,0,,7,OPERATIONAL
Divine Furniture Mall,"Saket, Delhi",110030,furniture stores,2.3,30,0,0,0,0,,9,OPERATIONAL
Prakash Furniture,"Saket, Delhi",110068,furniture stores,5.0,5,0,0,1,0,,6,OPERATIONAL
Complete Home Furniture (Furniture Shop in Ignou Road),"Saket, Delhi",110030,furniture stores,3.8,12,0,0,1,0,,6,OPERATIONAL
Stackit,"Saket, Delhi",110017,furniture stores,4.3,12,0,0,1,0,,9,OPERATIONAL
Hotspot Mobile Store,"Saket, Delhi",110017,mobile shops,4.9,921,0,1,1,0,,4,OPERATIONAL
Hotspot Mobile Store,"Saket, Delhi",110017,mobile shops,4.9,741,0,1,1,0,,4,OPERATIONAL
The Mobile Hub,"Saket, Delhi",110030,mobile shops,4.8,87,0,1,1,0,,4,OPERATIONAL
Samsung Experience Store Nexus Select CityWalk,"Saket, Delhi",110017,mobile shops,4.4,1052,0,1,1,0,,6,OPERATIONAL
Kukreja Telezone,"Saket, Delhi",110017,mobile shops,4.9,99,0,0,1,0,,4,OPERATIONAL
Top 10 Mobile Shop,"Saket, Delhi",110030,mobile shops,5.0,1,0,0,0,0,,4,OPERATIONAL
Fix My Phone,"Saket, Delhi",110017,mobile shops,4.8,908,0,1,1,0,,3,OPERATIONAL
Vardaan Mobile,"Saket, Delhi",110017,mobile shops,5.0,1017,0,0,1,0,,9,OPERATIONAL
Prakash Communication- Mi Authorised store,"Saket, Delhi",110017,mobile shops,4.8,151,0,0,1,0,,4,OPERATIONAL
Mobility Zone India,"Saket, Delhi",110030,mobile shops,4.9,185,0,1,1,0,,6,OPERATIONAL
"Imagine Apple Premium Reseller, Saket PVR","Saket, Delhi",110017,mobile shops,4.8,1746,0,1,1,0,,6,OPERATIONAL
Mobile Care Saket,"Saket, Delhi",110017,mobile shops,4.9,11,0,0,1,0,,4,OPERATIONAL
Om Sai Communication,"Saket, Delhi",110017,mobile shops,4.8,4,0,0,1,0,,6,OPERATIONAL
Peer Sai Communicaton,"Saket, Delhi",110030,mobile shops,4.7,19,0,0,1,0,,4,OPERATIONAL
My Jio Store,"Saket, Delhi",110017,mobile shops,4.1,213,0,1,1,0,,6,OPERATIONAL
Palmonas - DLF Avenue Saket,"Saket, Delhi",110017,jewellery shops,4.8,114,0,1,1,0,,7,OPERATIONAL
Palmonas PVR Saket,"Saket, Delhi",110017,jewellery shops,5.0,115,0,1,1,0,,7,OPERATIONAL
Tanishq Jewellery - Delhi - Saket,"Saket, Delhi",110017,jewellery shops,4.6,1155,0,1,1,0,,6,OPERATIONAL
"BlueStone Jewellery Select City, New Delhi","Saket, Delhi",110017,jewellery shops,5.0,637,0,1,1,0,,8,OPERATIONAL
Anshu Aura Jewellery,"Saket, Delhi",110017,jewellery shops,5.0,30,0,1,1,0,,4,OPERATIONAL
GIVA Silver & Gold Jewellery | PVR Anupam Saket | Lab Grown Diamonds,"Saket, Delhi",110017,jewellery shops,4.9,509,0,1,1,0,,7,OPERATIONAL
Gehna Jewellers,"Saket, Delhi",110017,jewellery shops,4.8,8,0,0,1,0,,4,OPERATIONAL
Estele Jewellery,"Saket, Delhi",110017,jewellery shops,4.9,116,0,1,1,0,,4,OPERATIONAL
"CaratLane Jewellery Select City Walk Mall Saket, New Delhi","Saket, Delhi",110017,jewellery shops,4.9,1281,0,1,1,0,,5,OPERATIONAL
"Tanishq Jewellery - Select CityWalk, Saket","Saket, Delhi",110017,jewellery shops,4.9,77,0,1,1,0,,6,OPERATIONAL
"Tribe Amrapali - Select Citywalk, Saket, New Delhi","Saket, Delhi",110017,jewellery shops,4.2,66,0,1,1,0,,4,OPERATIONAL
"Imperial Jewels, Since 1871","Saket, Delhi",110017,jewellery shops,4.5,47,0,1,1,0,,4,OPERATIONAL
Prabhu Dayal & Sons Jewellers Pvt Ltd. (Since 1967),"Saket, Delhi",110062,jewellery shops,4.9,2607,0,1,1,0,,8,OPERATIONAL
AJ RETAIL,"Saket, Delhi",110017,jewellery shops,4.6,162,0,1,1,0,,7,OPERATIONAL
KANJIMULL & SONS JEWELLERS,"Saket, Delhi",110017,jewellery shops,4.8,26,0,1,1,0,,4,OPERATIONAL
B.L & Sons Jewellers,"Saket, Delhi",110080,jewellery shops,4.9,280,0,1,1,0,,6,OPERATIONAL
Novel Jewels Ltd.,"Saket, Delhi",110017,jewellery shops,5.0,4,0,1,1,0,,4,OPERATIONAL
White & Yellow - Signature jewels by Vandana Bhargava,"Saket, Delhi",110017,jewellery shops,5.0,3,0,1,1,0,,4,OPERATIONAL
Prabhu Dayal & Sons Jewellers (Sonu Bhaiya),"Saket, Delhi",110062,jewellery shops,4.3,324,0,1,1,0,,4,OPERATIONAL
Yapusa Fashion Hub,"Saket, Delhi",110030,jewellery shops,5.0,7,0,0,1,0,,6,OPERATIONAL
Shree Balaji Paints & Hardware Store,"Saket, Delhi",110030,hardware stores,3.4,7,0,0,1,0,,5,OPERATIONAL
Shree Ganesh Enterprises,"Saket, Delhi",110030,hardware stores,4.7,11,0,0,1,0,,5,OPERATIONAL
P.B.Traders,"Saket, Delhi",110068,hardware stores,4.0,116,0,0,1,0,,6,OPERATIONAL
MR DIY,"Saket, Delhi",110017,hardware stores,4.2,138,0,0,1,0,,5,OPERATIONAL
Sardar ji key maker home service 24/7 open hardware shop,"Saket, Delhi",110017,hardware stores,5.0,3,0,1,1,0,,5,OPERATIONAL
Saif Hardware,"Saket, Delhi",110062,hardware stores,4.6,11,0,0,1,0,,5,OPERATIONAL
V.N.G Enterprises,"Saket, Delhi",110068,hardware stores,4.1,27,0,0,1,0,,9,OPERATIONAL
Kumar Hardware & Sanitary Store,"Saket, Delhi",110030,hardware stores,4.7,6,0,0,1,0,,6,OPERATIONAL
Bharti Paints & Hardware Store,"Saket, Delhi",110017,hardware stores,4.2,53,0,0,1,0,,6,OPERATIONAL
Bhagwati Electricals Sanitary & Hardware,"Saket, Delhi",110017,hardware stores,4.8,5,0,0,1,0,,11,OPERATIONAL
Deepak paint And Hardware Store,"Saket, Delhi",110080,hardware stores,4.4,14,0,0,1,0,,5,OPERATIONAL
Parmar Hardware store,"Saket, Delhi",110074,hardware stores,5.0,10,0,0,1,0,,9,OPERATIONAL
Keys Maker Sardar Ji,"Saket, Delhi",110017,hardware stores,5.0,12,0,1,0,0,,5,OPERATIONAL
Gaba Paints,"Saket, Delhi",110017,hardware stores,4.2,92,0,0,1,0,,5,OPERATIONAL
Monkey Bar,"Vasant Kunj, Delhi",110070,restaurants,4.3,4751,0,1,1,1,2.0,7,OPERATIONAL
"The Sky High, Vasant Kunj","Vasant Kunj, Delhi",110070,restaurants,4.3,1823,0,1,1,1,2.0,9,OPERATIONAL
Limitless,"Vasant Kunj, Delhi",110070,restaurants,4.4,628,0,0,1,0,,4,OPERATIONAL
Vasant Kunj SOCIAL,"Vasant Kunj, Delhi",110070,restaurants,4.3,3490,0,1,1,1,3.0,12,OPERATIONAL
Dilli Kanteen Kitchen,"Vasant Kunj, Delhi",110070,restaurants,4.6,108,0,1,1,0,,6,OPERATIONAL
Smoke House Deli Vasant Kunj,"Vasant Kunj, Delhi",110070,restaurants,4.2,2358,0,1,1,1,3.0,11,OPERATIONAL
Mala-Akbari Ambience Mall Vasant Kunj,"Vasant Kunj, Delhi",110070,restaurants,4.5,477,0,1,1,0,,6,OPERATIONAL
Mamagoto Vasant Kunj,"Vasant Kunj, Delhi",110070,restaurants,4.3,878,0,1,1,1,3.0,8,OPERATIONAL
Andrea's Bistro,"Vasant Kunj, Delhi",110070,restaurants,4.2,278,0,1,1,0,,5,OPERATIONAL
P.F. Chang's Vasant Kunj,"Vasant Kunj, Delhi",110070,restaurants,4.7,731,0,1,1,0,,11,OPERATIONAL
SAZ,"Vasant Kunj, Delhi",110070,restaurants,4.1,161,0,0,1,0,,4,OPERATIONAL
Bergamo Delhi,"Vasant Kunj, Delhi",110070,restaurants,3.8,264,0,1,1,1,4.0,4,OPERATIONAL
Nanking Chinese Restaurant,"Vasant Kunj, Delhi",110070,restaurants,4.1,1455,0,1,1,1,2.0,7,OPERATIONAL
"Gola Sizzlers,Vasant Kunj","Vasant Kunj, Delhi",110070,restaurants,4.2,493,0,1,1,0,,6,OPERATIONAL
Cafe Delhi Heights,"Vasant Kunj, Delhi",110070,restaurants,4.1,1060,0,1,1,1,3.0,14,OPERATIONAL
Coba- A Bar in the Greens,"Vasant Kunj, Delhi",110070,restaurants,3.9,338,0,0,1,0,,5,OPERATIONAL
Pirates of Grill,"Vasant Kunj, Delhi",110070,restaurants,4.2,1950,0,1,1,1,2.0,5,OPERATIONAL
Roasted by Roseate,"Vasant Kunj, Delhi",110070,restaurants,4.4,240,0,1,1,0,,15,OPERATIONAL
Dzukou Tribal Kitchen,"Vasant Kunj, Delhi",110070,restaurants,4.2,413,0,0,1,1,2.0,4,OPERATIONAL
Chili's Grill & Bar,"Vasant Kunj, Delhi",110070,restaurants,4.4,4164,0,1,1,1,3.0,6,OPERATIONAL
"Greedy's Cafe, Vasant Kunj","Vasant Kunj, Delhi",110070,cafes,4.8,554,0,1,1,0,,8,OPERATIONAL
Blue Tokai Coffee Roasters | Vasant Kunj,"Vasant Kunj, Delhi",110070,cafes,4.4,1269,0,1,1,1,2.0,8,OPERATIONAL
The Big Chill Café,"Vasant Kunj, Delhi",110070,cafes,4.5,3453,0,1,1,1,3.0,11,OPERATIONAL
Fabcafe by Fabindia - Vasant Kunj,"Vasant Kunj, Delhi",110070,cafes,4.3,1025,0,1,1,1,2.0,7,OPERATIONAL
Got Tea | Vasant Kunj,"Vasant Kunj, Delhi",110070,cafes,4.7,351,0,1,1,0,,4,OPERATIONAL
Cafe E,"Vasant Kunj, Delhi",110070,cafes,4.1,125,0,0,1,0,,5,OPERATIONAL
Cray,"Vasant Kunj, Delhi",110070,cafes,4.1,205,0,0,0,0,,4,OPERATIONAL
Cozy Spot Cafe,"Vasant Kunj, Delhi",110070,cafes,4.7,94,0,0,1,0,,4,OPERATIONAL
Blue Tokai Coffee Roasters | Vasant Kunj Sector B,"Vasant Kunj, Delhi",110070,cafes,4.5,30,0,1,1,0,,8,OPERATIONAL
Third Wave Coffee,"Vasant Kunj, Delhi",110070,cafes,4.8,701,0,1,1,1,2.0,8,OPERATIONAL
"Cafeteria & Co. - Ambience Mall, Vasant Kunj","Vasant Kunj, Delhi",110070,cafes,4.6,108,0,1,1,0,,12,OPERATIONAL
Coffee Under Palms (CUP),"Vasant Kunj, Delhi",110070,cafes,4.2,99,0,1,1,0,,4,OPERATIONAL
Blue Tokai Coffee Roasters | Ambience Mall Vasant Kunj,"Vasant Kunj, Delhi",110070,cafes,4.6,57,0,1,1,0,,4,OPERATIONAL
"Looks Salon, Ambience Mall, Vasant Kunj","Vasant Kunj, Delhi",110070,salons,4.7,2330,0,1,1,0,,6,OPERATIONAL
"Geetanjali Salon - Vasant Kunj, New Delhi","Vasant Kunj, Delhi",110070,salons,4.7,319,0,1,1,0,,10,OPERATIONAL
Geetanjali Salon,"Vasant Kunj, Delhi",110070,salons,4.1,907,0,1,1,0,,10,OPERATIONAL
"Looks Salon, C-9, Vasant Kunj","Vasant Kunj, Delhi",110070,salons,4.9,166,0,1,1,0,,4,OPERATIONAL
Cutting Edge Salon,"Vasant Kunj, Delhi",110070,salons,4.7,186,0,0,0,0,,15,OPERATIONAL
"Eleve Salon - Vasant Kunj, New Delhi","Vasant Kunj, Delhi",110070,salons,4.3,192,0,1,1,0,,9,OPERATIONAL
"Tweak Salon - Vasant Kunj, New Delhi","Vasant Kunj, Delhi",110070,salons,4.7,429,0,1,1,0,,11,OPERATIONAL
THE OPULENT LUXURY SALON,"Vasant Kunj, Delhi",110070,salons,4.5,409,0,1,1,0,,4,OPERATIONAL
Simaya Unisex Salon,"Vasant Kunj, Delhi",110070,salons,4.6,52,0,0,1,0,,4,OPERATIONAL
CUT&STYLE Salon - Silkroot,"Vasant Kunj, Delhi",110070,salons,4.7,160,0,0,1,0,,8,OPERATIONAL
"CUT&STYLE Salon - Vasant Kunj, New Delhi","Vasant Kunj, Delhi",110070,salons,4.2,307,0,1,1,0,,8,OPERATIONAL
Five Points,"Vasant Kunj, Delhi",110070,salons,4.8,234,0,0,1,0,,6,OPERATIONAL
T Hair Craft Unisex Salon,"Vasant Kunj, Delhi",110070,salons,4.9,77,0,0,1,0,,5,OPERATIONAL
Glowfix salon,"Vasant Kunj, Delhi",110070,salons,4.9,80,0,1,1,0,,4,OPERATIONAL
Famous Salon,"Vasant Kunj, Delhi",110070,salons,4.0,154,0,0,1,0,,4,OPERATIONAL
Sunnyyhairlounge Salon,"Vasant Kunj, Delhi",110070,salons,4.4,176,0,1,1,0,,7,OPERATIONAL
Lilli Beauty Salon,"Vasant Kunj, Delhi",110037,salons,4.9,1167,0,0,1,0,,4,OPERATIONAL
E&S Salon,"Vasant Kunj, Delhi",110070,salons,4.7,61,0,0,1,0,,4,OPERATIONAL
Pixie Studio l Best Unisex salon l Hair Extensions Service Delhi,"Vasant Kunj, Delhi",110070,salons,4.8,36,0,0,1,0,,10,OPERATIONAL
Fabulous Unisex Salon,"Vasant Kunj, Delhi",110037,salons,4.9,140,0,0,1,0,,6,OPERATIONAL
FIT STUDIO GYM VASANT KUNJ,"Vasant Kunj, Delhi",110070,gyms,4.9,515,0,0,1,0,,9,OPERATIONAL
"21 Fitness, Vasant Kunj","Vasant Kunj, Delhi",110070,gyms,4.5,229,0,1,1,0,,5,OPERATIONAL
"Cult Gym Vasant Kunj | Best Gym in Vasant Kunj, Delhi","Vasant Kunj, Delhi",110070,gyms,4.5,168,0,1,1,0,,11,OPERATIONAL
"Cult Gym Fitnest Prime, Vasant Kunj | Best Gym in Vasant Kunj, New Delhi","Vasant Kunj, Delhi",110070,gyms,4.2,320,0,1,1,0,,9,OPERATIONAL
Level Up x Getfitwithkish,"Vasant Kunj, Delhi",110070,gyms,4.9,277,0,1,1,0,,5,OPERATIONAL
Jetts Fitness Vasant Kunj,"Vasant Kunj, Delhi",110070,gyms,4.3,55,0,1,1,0,,5,OPERATIONAL
Crunch Fitness,"Vasant Kunj, Delhi",110070,gyms,4.8,106,0,1,1,0,,5,OPERATIONAL
Anytime Fitness,"Vasant Kunj, Delhi",110070,gyms,4.3,273,0,1,1,0,,6,OPERATIONAL
The Bodyfit Gym,"Vasant Kunj, Delhi",110070,gyms,4.9,228,0,0,1,0,,5,OPERATIONAL
Viva Fitness Gym Vasant Kunj,"Vasant Kunj, Delhi",110070,gyms,4.7,147,0,1,1,0,,11,OPERATIONAL
"Fitness One Gym - Available on cult.fit | Best Gym in Vasant Kunj, Delhi","Vasant Kunj, Delhi",110070,gyms,4.4,121,0,1,1,0,,9,OPERATIONAL
HQ FITNESS,"Vasant Kunj, Delhi",110070,gyms,4.9,28,0,0,0,0,,5,OPERATIONAL
Calvin Fitness Studio (Gym & Fitness Centre),"Vasant Kunj, Delhi",110070,gyms,4.1,109,0,1,1,0,,5,OPERATIONAL
KL27 Gym,"Vasant Kunj, Delhi",110070,gyms,4.3,75,0,1,1,0,,5,OPERATIONAL
FITNESS ZONE,"Vasant Kunj, Delhi",110070,gyms,4.6,155,0,1,1,0,,5,OPERATIONAL
GK Fitness By Gagan kohli,"Vasant Kunj, Delhi",110070,gyms,4.7,85,0,1,1,0,,11,OPERATIONAL
Gold's Top Fitness Gym,"Vasant Kunj, Delhi",110070,gyms,4.8,55,0,0,0,0,,5,OPERATIONAL
The Fit Tribe,"Vasant Kunj, Delhi",110070,gyms,5.0,146,0,1,1,0,,5,OPERATIONAL
Power Lift Gym,"Vasant Kunj, Delhi",110016,gyms,5.0,222,0,1,1,0,,5,OPERATIONAL
SAGARS VYAYAM STATION GYM MAHIPALPUR,"Vasant Kunj, Delhi",110037,gyms,4.9,290,0,0,1,0,,5,OPERATIONAL
"UNIQLO Ambience Mall, Vasant Kunj","Vasant Kunj, Delhi",110070,clothing stores,4.4,1706,0,1,1,0,,5,OPERATIONAL
"Ambience Mall, Vasant Kunj","Vasant Kunj, Delhi",110070,clothing stores,4.5,74949,1,1,1,0,,8,OPERATIONAL
TRENDS,"Vasant Kunj, Delhi",110070,clothing stores,4.2,1696,0,1,1,0,,4,OPERATIONAL
"Stitch Stories Ambience Mall Vasant Kunj, New Delhi","Vasant Kunj, Delhi",110070,clothing stores,4.8,98,0,1,1,0,,4,OPERATIONAL
Rio Fashion,"Vasant Kunj, Delhi",110070,clothing stores,5.0,92,0,0,1,0,,4,OPERATIONAL
Lifestyle Stores,"Vasant Kunj, Delhi",110070,clothing stores,4.3,1986,0,1,1,0,,8,OPERATIONAL
Sai garments,"Vasant Kunj, Delhi",110070,clothing stores,4.7,704,0,1,1,0,,4,OPERATIONAL
Shoppers Stop Ltd - Vasant Kunj,"Vasant Kunj, Delhi",110070,clothing stores,4.3,2977,0,1,1,0,,4,OPERATIONAL
Delhi Premium Outlet,"Vasant Kunj, Delhi",110070,clothing stores,3.3,551,0,0,1,0,,4,OPERATIONAL
Mohanlal Sons,"Vasant Kunj, Delhi",110070,clothing stores,4.9,242,0,1,1,0,,4,OPERATIONAL
LaMode Vasant Kunj,"Vasant Kunj, Delhi",110070,clothing stores,3.7,48,0,0,1,0,,4,OPERATIONAL
Fashion Point,"Vasant Kunj, Delhi",110070,clothing stores,4.8,13,0,0,1,0,,4,OPERATIONAL
"Fabindia Experience Center, Vasant Kunj","Vasant Kunj, Delhi",110070,clothing stores,4.3,1066,0,1,1,0,,7,OPERATIONAL
Coyu,"Vasant Kunj, Delhi",110070,clothing stores,4.8,82,0,1,1,0,,5,OPERATIONAL
"The Collective - Ambience Mall, New Delhi","Vasant Kunj, Delhi",110070,clothing stores,4.3,324,0,1,0,0,,5,OPERATIONAL
Vasant Square Mall,"Vasant Kunj, Delhi",110070,clothing stores,4.0,21737,1,0,1,0,,3,OPERATIONAL
Ancestry,"Vasant Kunj, Delhi",110070,clothing stores,4.5,30,0,1,1,0,,4,OPERATIONAL
DLF Emporio,"Vasant Kunj, Delhi",110070,clothing stores,4.6,11235,1,1,1,0,,3,OPERATIONAL
DLF Promenade,"Vasant Kunj, Delhi",110070,clothing stores,4.6,48298,1,1,1,0,,3,OPERATIONAL
Blackberrys,"Vasant Kunj, Delhi",110070,clothing stores,4.9,699,0,1,1,0,,4,OPERATIONAL
Vasant Mart,"Vasant Kunj, Delhi",110070,grocery stores,4.8,75,0,0,1,0,,9,OPERATIONAL
Foodstories Delhi,"Vasant Kunj, Delhi",110070,grocery stores,4.7,2553,0,1,1,0,,6,OPERATIONAL
Hariana Fresh,"Vasant Kunj, Delhi",110070,grocery stores,3.9,527,0,0,1,0,,6,OPERATIONAL
Krishna Grocery Store,"Vasant Kunj, Delhi",110070,grocery stores,4.3,138,0,0,1,0,,6,OPERATIONAL
Sanjay Store Grocery Shop,"Vasant Kunj, Delhi",110070,grocery stores,4.0,159,0,0,1,0,,6,OPERATIONAL
NutriGrocery Wholesale Departmental Store,"Vasant Kunj, Delhi",110070,grocery stores,4.2,162,0,0,1,0,,6,OPERATIONAL
Arora Departmental Store,"Vasant Kunj, Delhi",110070,grocery stores,4.5,18,0,0,0,0,,8,OPERATIONAL
Medimart - Medical | Grocery Shop In Vasant Kunj Delhi,"Vasant Kunj, Delhi",110070,grocery stores,4.0,133,0,0,1,0,,7,OPERATIONAL
Supreme Mini Mart,"Vasant Kunj, Delhi",110070,grocery stores,4.5,8,0,0,1,0,,8,OPERATIONAL
Anand Supermart,"Vasant Kunj, Delhi",110070,grocery stores,3.8,102,0,0,1,0,,6,OPERATIONAL
"Le Marche, DLF Promenade, Vasant Kunj,","Vasant Kunj, Delhi",110070,grocery stores,3.2,14,0,1,1,0,,6,OPERATIONAL
Rahul Grocery & Fruit Shop,"Vasant Kunj, Delhi",110070,grocery stores,3.9,80,0,0,0,0,,6,OPERATIONAL
Kamal Super Mart,"Vasant Kunj, Delhi",110070,grocery stores,3.2,14,0,0,1,0,,6,OPERATIONAL
"Organic India Store - Vasant Kunj, New Delhi","Vasant Kunj, Delhi",110070,grocery stores,4.9,315,0,1,1,0,,8,OPERATIONAL
Pal Super Store,"Vasant Kunj, Delhi",110057,grocery stores,4.1,197,0,0,1,0,,7,OPERATIONAL
Mr Beans mart,"Vasant Kunj, Delhi",110070,grocery stores,4.7,29,0,0,1,0,,6,OPERATIONAL
Reliance SMART Bazaar,"Vasant Kunj, Delhi",122002,grocery stores,4.1,9797,1,1,1,0,,14,OPERATIONAL
UB Electronics,"Vasant Kunj, Delhi",110070,electronics shops,4.8,118,0,0,1,0,,4,OPERATIONAL
Aas Electronics,"Vasant Kunj, Delhi",110070,electronics shops,4.0,66,0,0,1,0,,4,OPERATIONAL
Reliance Digital,"Vasant Kunj, Delhi",110070,electronics shops,4.7,7022,0,1,1,0,,4,OPERATIONAL
Sree Rama Electronics,"Vasant Kunj, Delhi",110070,electronics shops,4.1,22,0,0,1,0,,4,OPERATIONAL
MK ELECTRONICS & REFRIGERTION,"Vasant Kunj, Delhi",110037,electronics shops,4.5,230,0,0,1,0,,4,OPERATIONAL
"Dyson Store, DLF Promenade, Vasant Kunj, New Delhi","Vasant Kunj, Delhi",110067,electronics shops,4.7,352,0,1,1,0,,2,OPERATIONAL
Manvi Infotech Pvt Ltd,"Vasant Kunj, Delhi",110070,electronics shops,4.4,8,0,0,1,0,,4,OPERATIONAL
Sony Center - Deepika Enterprises,"Vasant Kunj, Delhi",110070,electronics shops,4.4,36,0,1,1,0,,4,OPERATIONAL
Vishwakarma Electronics,"Vasant Kunj, Delhi",110070,electronics shops,4.8,46,0,1,1,0,,5,OPERATIONAL
Samsung Experience Store Ambience Mall Vasant Kunj,"Vasant Kunj, Delhi",110070,electronics shops,4.9,683,0,1,1,0,,6,OPERATIONAL
"Dell Exclusive Store - Ambience Mall, Vasasnt Kunj","Vasant Kunj, Delhi",110070,electronics shops,4.8,578,0,1,1,0,,4,OPERATIONAL
Croma - Ambience Mall,"Vasant Kunj, Delhi",122002,electronics shops,4.7,7664,0,1,1,0,,5,OPERATIONAL
Satnam Electronics (SAMSUNG STORE),"Vasant Kunj, Delhi",110048,electronics shops,4.0,137,0,1,1,0,,7,OPERATIONAL
The Mobile Hub,"Vasant Kunj, Delhi",110070,electronics shops,3.9,246,0,0,1,0,,4,OPERATIONAL
Sudhir Electricals,"Vasant Kunj, Delhi",110070,electronics shops,4.3,4,0,0,1,0,,4,OPERATIONAL
Ashoka Electrical & Refrigeration,"Vasant Kunj, Delhi",110070,electronics shops,4.1,8,0,0,1,0,,4,OPERATIONAL
Samsung SmartPlaza - Mg Ezone,"Vasant Kunj, Delhi",110070,electronics shops,4.1,37,0,1,1,0,,4,OPERATIONAL
All is Well Medical Centre,"Vasant Kunj, Delhi",110070,clinics,5.0,39,0,1,1,0,,8,OPERATIONAL
Rainbow Wellness Multispeciality Clinic,"Vasant Kunj, Delhi",110070,clinics,5.0,53,0,1,1,0,,4,OPERATIONAL
Dr. Sutopa Banerjee,"Vasant Kunj, Delhi",110070,clinics,4.8,946,0,1,1,0,,9,OPERATIONAL
Dr. Chawla's Clinic-Dr. Meera Chawla | Dr Nivedita Chawla- Gynecologist in Vasant Kunj,"Vasant Kunj, Delhi",110070,clinics,4.7,82,0,1,1,0,,6,OPERATIONAL
Dr Mohini Soni- Gynecologist in vasant kunj/ gynecologist in delhi,"Vasant Kunj, Delhi",110070,clinics,4.9,120,0,1,1,0,,6,OPERATIONAL
Sidhwa Skin Clinic-Dr Jatin Sidhwa,"Vasant Kunj, Delhi",110070,clinics,4.9,265,0,1,1,0,,5,OPERATIONAL
Sanjay Clinic,"Vasant Kunj, Delhi",110070,clinics,3.8,30,0,0,0,0,,4,OPERATIONAL
The Puri Clinic,"Vasant Kunj, Delhi",110070,clinics,4.3,22,0,0,1,0,,5,OPERATIONAL
Dr Aseem Dhall,"Vasant Kunj, Delhi",110070,clinics,4.8,87,0,1,1,0,,5,OPERATIONAL
Dr Rosy Dhall - best gynecologist in vasant kunj,"Vasant Kunj, Delhi",110070,clinics,4.9,148,0,1,1,0,,6,OPERATIONAL
Dr. Shilpa Dhameja,"Vasant Kunj, Delhi",110070,clinics,4.8,694,0,1,1,0,,4,OPERATIONAL
Dr Dangs Lab - Vasant Kunj,"Vasant Kunj, Delhi",110070,clinics,5.0,105,0,1,1,0,,4,OPERATIONAL
Dr Arjun Gupta,"Vasant Kunj, Delhi",110070,clinics,5.0,91,0,1,1,0,,5,OPERATIONAL
Dr RAHUL NAGPAL'S CLINIC,"Vasant Kunj, Delhi",110070,clinics,4.3,26,0,0,0,0,,4,OPERATIONAL
Sai Sushma Marine Clinic / dg shipping approved doctor,"Vasant Kunj, Delhi",110070,clinics,4.9,2189,0,1,1,0,,7,OPERATIONAL
VASANT HOSPITAL/VASANT HEALTH CENTER,"Vasant Kunj, Delhi",110070,clinics,4.0,45,0,1,1,0,,7,OPERATIONAL
Ritesh Dental Clinic,"Vasant Kunj, Delhi",110070,clinics,4.7,91,0,0,1,0,,5,OPERATIONAL
MEDIPOINT,"Vasant Kunj, Delhi",110070,clinics,3.8,42,0,1,1,0,,6,OPERATIONAL
Dr Lalit Garg’s Vasant Physio And Ortho Clinic,"Vasant Kunj, Delhi",110070,clinics,4.0,219,0,0,1,0,,4,OPERATIONAL
"Fortis Flt Lt Rajan Dhall Hospital, Vasant Kunj - Best Hospital in New Delhi","Vasant Kunj, Delhi",110070,clinics,4.5,6540,0,1,1,0,,7,OPERATIONAL
Dessertery Bakery,"Vasant Kunj, Delhi",110070,bakeries,5.0,264,0,0,0,0,,6,OPERATIONAL
The Baking paradise,"Vasant Kunj, Delhi",110070,bakeries,4.3,119,0,1,1,0,,6,OPERATIONAL
Choko La - Vasant Kunj,"Vasant Kunj, Delhi",110057,bakeries,4.7,341,0,1,1,0,,16,OPERATIONAL
Angels in My Kitchen,"Vasant Kunj, Delhi",110070,bakeries,4.0,462,0,0,1,0,,8,OPERATIONAL
Cake House by Kavita - a Home Baker,"Vasant Kunj, Delhi",110070,bakeries,5.0,151,0,1,1,0,,9,OPERATIONAL
take a bake,"Vasant Kunj, Delhi",110070,bakeries,4.9,60,0,1,1,0,,6,OPERATIONAL
Pink Box - Cakery & Coffeehouse | Bakery and Cake Shop for Birthday Cake,"Vasant Kunj, Delhi",110070,bakeries,4.2,140,0,1,1,0,,14,OPERATIONAL
All Things Sweet Bakery - Custom Designer Cakes|Best Bakery in Vasant Kunj|Designer Cakes near me|Custom Cakes in Vasant Kunj,"Vasant Kunj, Delhi",110070,bakeries,4.9,101,0,1,1,0,,11,OPERATIONAL
Sweet Chocolaate Bakery,"Vasant Kunj, Delhi",110030,bakeries,4.8,89,0,0,1,0,,11,OPERATIONAL
"Theobroma Bakery and Cake Shop - Vasant Vihar, New Delhi","Vasant Kunj, Delhi",110057,bakeries,4.6,201,0,1,1,0,,13,OPERATIONAL
Ashianny's Pastry Shop,"Vasant Kunj, Delhi",110070,bakeries,4.1,67,0,0,0,0,,9,OPERATIONAL
New Cake Palace,"Vasant Kunj, Delhi",110070,bakeries,3.7,61,0,0,1,0,,6,OPERATIONAL
Bunnys Pastry Shop,"Vasant Kunj, Delhi",110070,bakeries,4.0,60,0,0,1,1,1.0,6,OPERATIONAL
The Cocoa Counter,"Vasant Kunj, Delhi",110070,bakeries,5.0,125,0,0,1,0,,10,OPERATIONAL
Baked By Azote,"Vasant Kunj, Delhi",110070,bakeries,4.7,21,0,0,1,0,,6,OPERATIONAL
Bread & More,"Vasant Kunj, Delhi",110057,bakeries,4.2,464,0,0,1,1,2.0,6,OPERATIONAL
DIRISHA CAKE POINT,"Vasant Kunj, Delhi",110070,bakeries,4.7,42,0,0,1,0,,4,OPERATIONAL
PAUL,"Vasant Kunj, Delhi",110070,bakeries,4.4,1651,0,1,1,0,,9,OPERATIONAL
Delifrance India- DLF Promenade,"Vasant Kunj, Delhi",110070,bakeries,4.6,140,0,1,1,0,,8,OPERATIONAL
Apollo Pharmacy Vasant Kunj,"Vasant Kunj, Delhi",110070,pharmacies,3.5,107,0,1,1,0,,8,OPERATIONAL
Apollo Pharmacy Vasant Kunj Pocket 10,"Vasant Kunj, Delhi",110070,pharmacies,4.0,86,0,1,1,0,,9,OPERATIONAL
VASANT PHARMACY,"Vasant Kunj, Delhi",110070,pharmacies,4.3,21,0,0,1,0,,5,OPERATIONAL
Vicky Pharmacy,"Vasant Kunj, Delhi",110037,pharmacies,5.0,36,0,0,1,0,,6,OPERATIONAL
Vasant Pharmacy,"Vasant Kunj, Delhi",110070,pharmacies,5.0,23,0,0,1,0,,5,OPERATIONAL
ALOK D MART,"Vasant Kunj, Delhi",110070,pharmacies,4.0,397,0,0,1,0,,5,OPERATIONAL
Dr Morepen Pharmacy,"Vasant Kunj, Delhi",110070,pharmacies,5.0,77,0,1,1,0,,6,OPERATIONAL
A - One Pharmacy,"Vasant Kunj, Delhi",110070,pharmacies,4.8,16,0,0,1,0,,6,OPERATIONAL
I.P PHARMA,"Vasant Kunj, Delhi",110070,pharmacies,5.0,14,0,0,1,0,,5,OPERATIONAL
Apollo Pharmacy Sector D,"Vasant Kunj, Delhi",110070,pharmacies,4.2,69,0,1,1,0,,8,OPERATIONAL
Apollo Pharmacy Sector C,"Vasant Kunj, Delhi",110070,pharmacies,3.9,40,0,1,1,0,,8,OPERATIONAL
Vasant Chemist,"Vasant Kunj, Delhi",110070,pharmacies,5.0,45,0,0,1,0,,6,OPERATIONAL
Arora Chemists,"Vasant Kunj, Delhi",110070,pharmacies,3.7,9,0,0,0,0,,6,OPERATIONAL
SHUBH MEDICALS,"Vasant Kunj, Delhi",110070,pharmacies,5.0,27,0,0,1,0,,5,OPERATIONAL
Guardian GNC Vasant Kunj,"Vasant Kunj, Delhi",110070,pharmacies,4.0,8,0,1,1,0,,5,OPERATIONAL
Healing Pharmacy,"Vasant Kunj, Delhi",110070,pharmacies,5.0,9,0,0,0,0,,5,OPERATIONAL
Apna Pharmacy,"Vasant Kunj, Delhi",110070,pharmacies,4.4,8,0,0,1,0,,5,OPERATIONAL
Nitin Medicos,"Vasant Kunj, Delhi",110070,pharmacies,3.9,24,0,0,1,0,,6,OPERATIONAL
Ramadha Pharmacy,"Vasant Kunj, Delhi",110070,pharmacies,4.5,13,0,0,1,0,,6,OPERATIONAL
Sanjay chemist,"Vasant Kunj, Delhi",110070,pharmacies,5.0,2,0,0,1,0,,5,OPERATIONAL
StudyMate - CBSE Coaching & Tuition Center In Vasant Kunj,"Vasant Kunj, Delhi",110070,tutoring centers,4.7,103,0,0,1,0,,2,OPERATIONAL
L.S Tuition,"Vasant Kunj, Delhi",110070,tutoring centers,5.0,64,0,0,1,0,,4,OPERATIONAL
PANDEY'S TUTORIALS,"Vasant Kunj, Delhi",110070,tutoring centers,4.7,160,0,1,1,0,,4,OPERATIONAL
Mrinal Sir’s Centre,"Vasant Kunj, Delhi",110070,tutoring centers,5.0,11,0,0,1,0,,3,OPERATIONAL
APNA CLASSES,"Vasant Kunj, Delhi",110070,tutoring centers,4.8,195,0,0,1,0,,2,OPERATIONAL
mathclasstutor,"Vasant Kunj, Delhi",110070,tutoring centers,5.0,34,0,1,1,0,,9,OPERATIONAL
"Mohanty Classes - Sector D, Math Coaching","Vasant Kunj, Delhi",110070,tutoring centers,5.0,30,0,1,1,0,,6,OPERATIONAL
Vidyology Education Institute,"Vasant Kunj, Delhi",110070,tutoring centers,5.0,90,0,0,1,0,,3,OPERATIONAL
BITA Home Tutor,"Vasant Kunj, Delhi",110070,tutoring centers,4.9,90,0,1,1,0,,4,OPERATIONAL
Pathway Education,"Vasant Kunj, Delhi",110070,tutoring centers,5.0,25,0,0,1,0,,3,OPERATIONAL
NextGen Study Vasantkunj |CHEMISTRY| PHYSICS |MATHS,"Vasant Kunj, Delhi",110070,tutoring centers,5.0,11,0,1,1,0,,3,OPERATIONAL
"Best Chemistry Tutor In South Delhi,VASANT KUNJ,VASANT VIHAR,MALVIYA NAGAR,GREEN PARK &Gurgaon | Arora Chemistry Classes","Vasant Kunj, Delhi",110070,tutoring centers,5.0,173,0,1,1,0,,3,OPERATIONAL
"Academy of excellence,tuition centre","Vasant Kunj, Delhi",110070,tutoring centers,5.0,38,0,0,1,0,,3,OPERATIONAL
BYJU'S Tuition Centre - Vasant Kunj,"Vasant Kunj, Delhi",110070,tutoring centers,3.9,40,0,1,1,0,,2,OPERATIONAL
Kumon Maths & English Classes:Best Kids Learning Centre in Vasant Kunj,"Vasant Kunj, Delhi",110070,tutoring centers,5.0,41,0,1,1,0,,7,OPERATIONAL
L.S Tuition,"Vasant Kunj, Delhi",110070,tutoring centers,5.0,22,0,0,1,0,,3,OPERATIONAL
PHYSICS PATHSEEKER (Home Tuition),"Vasant Kunj, Delhi",110070,tutoring centers,5.0,85,0,1,0,0,,2,OPERATIONAL
SUM.I.T MATHEMATICS INSTITUTE,"Vasant Kunj, Delhi",110070,tutoring centers,4.9,114,0,0,1,0,,3,OPERATIONAL
Success Point,"Vasant Kunj, Delhi",110070,tutoring centers,4.8,67,0,1,0,0,,3,OPERATIONAL
Leveret classes,"Vasant Kunj, Delhi",110070,tutoring centers,5.0,10,0,0,1,0,,2,OPERATIONAL
Pottery Barn,"Vasant Kunj, Delhi",110070,furniture stores,4.0,29,0,1,1,0,,6,OPERATIONAL
Reliance Furnishers & Interior Decorators,"Vasant Kunj, Delhi",110070,furniture stores,4.3,6,0,0,1,0,,8,OPERATIONAL
Pure Home and Living,"Vasant Kunj, Delhi",110070,furniture stores,4.9,1528,0,1,1,0,,4,OPERATIONAL
Sunday Design Experience Centre (Luxury Furniture Store),"Vasant Kunj, Delhi",110030,furniture stores,4.8,40,0,1,1,0,,7,OPERATIONAL
M.S. INTERIOR,"Vasant Kunj, Delhi",110070,furniture stores,5.0,54,0,1,1,0,,3,OPERATIONAL
MG Furniture Mall,"Vasant Kunj, Delhi",110030,furniture stores,4.7,300,0,0,1,0,,6,OPERATIONAL
SS FURNITURE'S,"Vasant Kunj, Delhi",110070,furniture stores,4.3,3,0,0,1,0,,6,OPERATIONAL
Ajay Old Furniture,"Vasant Kunj, Delhi",110070,furniture stores,4.6,7,0,0,1,0,,6,OPERATIONAL
"Home Centre - Ambience Mall, Gurugram","Vasant Kunj, Delhi",122002,furniture stores,4.6,273,0,1,1,0,,6,OPERATIONAL
Krishna Furniture Store in Ghitorni,"Vasant Kunj, Delhi",110030,furniture stores,4.7,135,0,1,1,0,,9,OPERATIONAL
SR Furniture House,"Vasant Kunj, Delhi",110070,furniture stores,3.0,2,0,0,1,0,,8,OPERATIONAL
Sharma Steel Furniture,"Vasant Kunj, Delhi",110070,furniture stores,4.3,23,0,1,1,0,,10,OPERATIONAL
World Bazaar Luxury Outdoor | Luxury Outdoor Furniture Delhi India | Garden furniture India | Branded Outdoor Furniture India,"Vasant Kunj, Delhi",110030,furniture stores,4.4,18,0,1,1,0,,6,OPERATIONAL
Azzo Modern Furniture & Home Interior Design,"Vasant Kunj, Delhi",110030,furniture stores,4.5,95,0,1,1,0,,10,OPERATIONAL
Modern Living Furniture,"Vasant Kunj, Delhi",110030,furniture stores,4.7,26,0,0,0,0,,9,OPERATIONAL
Sleepwell Gallery - SP Furnishing,"Vasant Kunj, Delhi",110070,furniture stores,4.7,143,0,1,1,0,,6,OPERATIONAL
Duggal Communication,"Vasant Kunj, Delhi",110070,mobile shops,4.7,98,0,0,0,0,,4,OPERATIONAL
Mobile Accessories Plaza,"Vasant Kunj, Delhi",110070,mobile shops,5.0,66,0,0,1,0,,2,OPERATIONAL
Samsung Experience Store DLF Promenade Mall,"Vasant Kunj, Delhi",110070,mobile shops,4.6,145,0,1,1,0,,4,OPERATIONAL
DPJ Mobile Repair Shop,"Vasant Kunj, Delhi",110070,mobile shops,4.9,11,0,0,0,0,,4,OPERATIONAL
Mobile Care,"Vasant Kunj, Delhi",110070,mobile shops,4.8,94,0,0,1,0,,3,OPERATIONAL
"Apple Premium Reseller - Aptronix - Ambience Mall, Vasant Kunj, New Delhi","Vasant Kunj, Delhi",110070,mobile shops,4.4,721,0,1,1,0,,7,OPERATIONAL
Mobiliti World,"Vasant Kunj, Delhi",110070,mobile shops,4.0,40,0,1,0,0,,4,OPERATIONAL
I FIX PRO (Juana Mobile Clinic),"Vasant Kunj, Delhi",110070,mobile shops,4.0,26,0,0,1,0,,4,OPERATIONAL
"Apple Authorised Reseller - Aptronix - Promenade Mall - Vasant Kunj, Delhi","Vasant Kunj, Delhi",110070,mobile shops,4.5,650,0,1,1,0,,7,OPERATIONAL
Ved Mobile Repairing,"Vasant Kunj, Delhi",110070,mobile shops,4.6,69,0,1,1,0,,5,OPERATIONAL
The Mobile Lounge,"Vasant Kunj, Delhi",110017,mobile shops,4.6,299,0,0,1,0,,6,OPERATIONAL
My Jio Store,"Vasant Kunj, Delhi",110070,mobile shops,3.7,748,0,1,1,0,,6,OPERATIONAL
Tanishq Jewellery - Delhi - Vasant Kunj,"Vasant Kunj, Delhi",110070,jewellery shops,4.8,1113,0,1,1,0,,6,OPERATIONAL
"BlueStone Jewellery Ambience Mall, New Delhi","Vasant Kunj, Delhi",110070,jewellery shops,4.9,1240,0,1,1,0,,8,OPERATIONAL
"Mia by Tanishq - Ambience Mall, Vasant Kunj","Vasant Kunj, Delhi",110070,jewellery shops,4.9,1273,0,1,1,0,,5,OPERATIONAL
"GIVA Silver & Gold Jewellery | Ambience Mall, Vasant Kunj | Lab Grown Diamonds","Vasant Kunj, Delhi",110070,jewellery shops,4.9,544,0,1,1,0,,7,OPERATIONAL
"CaratLane Jewellery DLF Promenade, Delhi","Vasant Kunj, Delhi",110070,jewellery shops,5.0,1133,0,1,1,0,,5,OPERATIONAL
Silver Elegance,"Vasant Kunj, Delhi",110070,jewellery shops,4.1,27,0,0,1,0,,6,OPERATIONAL
"Aukera Lab Grown Diamond Jewellery – Ambience Mall, Delhi","Vasant Kunj, Delhi",110070,jewellery shops,4.9,73,0,1,0,0,,4,OPERATIONAL
Diamondtree,"Vasant Kunj, Delhi",110070,jewellery shops,4.6,111,0,1,1,0,,6,OPERATIONAL
"Ela Rêve - Laboratory Grown Diamonds - Ambience Mall, Vasant Kunj, Delhi","Vasant Kunj, Delhi",110070,jewellery shops,4.9,80,0,1,0,0,,5,OPERATIONAL
Ramaya Jewellers – India’s Trusted Destination for Elegant & Affordable Artificial Jewellery,"Vasant Kunj, Delhi",110070,jewellery shops,5.0,22,0,1,0,0,,7,OPERATIONAL
Vipul Jewellers,"Vasant Kunj, Delhi",110070,jewellery shops,4.6,36,0,1,1,0,,4,OPERATIONAL
Vandana Jewellers,"Vasant Kunj, Delhi",110070,jewellery shops,5.0,6,0,0,1,0,,4,OPERATIONAL
Amama Jewels Store | DLF Promenade Mall Vasant Kunj,"Vasant Kunj, Delhi",110070,jewellery shops,4.2,32,0,1,1,0,,6,OPERATIONAL
Hazoorilal Jewellers,"Vasant Kunj, Delhi",110070,jewellery shops,4.6,45,0,1,1,0,,4,OPERATIONAL
CARAT We Buy Gold (Vasant Kunj),"Vasant Kunj, Delhi",110070,jewellery shops,5.0,147,0,1,1,0,,4,OPERATIONAL
Qala jewellery,"Vasant Kunj, Delhi",110070,jewellery shops,5.0,1,0,1,1,0,,4,OPERATIONAL
RajKumar jewellers,"Vasant Kunj, Delhi",110037,jewellery shops,4.6,146,0,0,1,0,,4,OPERATIONAL
Shri Hari Jewellers,"Vasant Kunj, Delhi",110037,jewellery shops,4.8,37,0,0,1,0,,4,OPERATIONAL
Rose,"Vasant Kunj, Delhi",110070,jewellery shops,4.8,18,0,1,1,0,,5,OPERATIONAL
Jai Maa Paints Hardware And Sanitary Store,"Vasant Kunj, Delhi",110070,hardware stores,3.9,102,0,1,1,0,,6,OPERATIONAL
Mahaveer Hardware Paints & Sanitary Store,"Vasant Kunj, Delhi",110070,hardware stores,4.6,35,0,0,1,0,,5,OPERATIONAL
Prashant Hardware & Sanitary Store,"Vasant Kunj, Delhi",110070,hardware stores,4.9,8,0,0,1,0,,5,OPERATIONAL
Key maker hardware Store,"Vasant Kunj, Delhi",110070,hardware stores,4.5,8,0,0,0,0,,5,OPERATIONAL
SHIVAM Paints Hardware & Sanitary Store,"Vasant Kunj, Delhi",110070,hardware stores,4.1,12,0,0,1,0,,5,OPERATIONAL
VEER JI KEY MAKER HOME SERVICE HARDWARE SHOP,"Vasant Kunj, Delhi",110070,hardware stores,5.0,3,0,1,0,0,,5,OPERATIONAL
New Jagdamba Paints & Hardware,"Vasant Kunj, Delhi",110070,hardware stores,4.4,12,0,0,1,0,,6,OPERATIONAL
ATRI Hardware & Paint Store,"Vasant Kunj, Delhi",110037,hardware stores,4.9,57,0,0,1,0,,5,OPERATIONAL
Chaudhary Paint & Hardware,"Vasant Kunj, Delhi",110070,hardware stores,5.0,1,0,0,1,0,,5,OPERATIONAL
Shsmmi Paints & Hardware,"Vasant Kunj, Delhi",110070,hardware stores,3.4,8,0,0,1,0,,6,OPERATIONAL
Khandelwal Hardware,"Vasant Kunj, Delhi",110037,hardware stores,4.1,17,0,0,1,0,,5,OPERATIONAL
Aggarwal Paint Hardware,"Vasant Kunj, Delhi",110070,hardware stores,5.0,2,0,0,1,0,,6,OPERATIONAL
Fancy Hardware,"Vasant Kunj, Delhi",110030,hardware stores,4.4,14,0,0,1,0,,5,OPERATIONAL
Narang Hardware Store,"Vasant Kunj, Delhi",110064,hardware stores,4.1,158,0,0,1,0,,5,OPERATIONAL
GK HARDWARE STORE,"Vasant Kunj, Delhi",110030,hardware stores,3.6,8,0,0,1,0,,5,OPERATIONAL
Aggarwal Hardware & Sanitary Store,"Vasant Kunj, Delhi",110037,hardware stores,4.3,6,0,0,1,0,,5,OPERATIONAL
Sandoz BBQ - Janakpuri,"Janakpuri, Delhi",110058,restaurants,4.3,2603,0,1,1,0,,5,OPERATIONAL
Talli Station Janakpuri,"Janakpuri, Delhi",110058,restaurants,4.0,684,0,1,1,1,2.0,11,OPERATIONAL
Over The Top Party Hall,"Janakpuri, Delhi",110058,restaurants,3.9,2361,0,0,1,0,,5,OPERATIONAL
Sky Rozo Delhi,"Janakpuri, Delhi",110058,restaurants,4.1,643,0,1,1,0,,8,OPERATIONAL
Kartoon Cafe Janakpuri,"Janakpuri, Delhi",110058,restaurants,4.5,420,0,1,1,0,,8,OPERATIONAL
Castle's Barbeque - Janakpuri,"Janakpuri, Delhi",110058,restaurants,4.4,3180,0,0,1,0,,5,OPERATIONAL
Berco's - If You Love Chinese,"Janakpuri, Delhi",110058,restaurants,4.2,2037,0,1,1,1,2.0,7,OPERATIONAL
"Cafe Another Day Janakpuri, Delhi","Janakpuri, Delhi",110058,restaurants,4.4,3410,0,1,1,1,2.0,13,OPERATIONAL
Dasaprakash - Janakpuri,"Janakpuri, Delhi",110058,restaurants,4.7,1781,0,1,1,0,,10,OPERATIONAL
Eatery Royale,"Janakpuri, Delhi",110058,restaurants,4.2,2438,0,1,1,1,2.0,8,OPERATIONAL
Kitchen District - Hyatt Centric Janakpuri New Delhi,"Janakpuri, Delhi",110058,restaurants,4.4,255,0,1,1,0,,6,OPERATIONAL
Sandoz Restaurant - Jail Road,"Janakpuri, Delhi",110058,restaurants,4.2,4763,0,1,1,1,2.0,11,OPERATIONAL
Bikanervala | Janakpuri Delhi,"Janakpuri, Delhi",110058,restaurants,4.4,5749,0,1,1,1,2.0,16,OPERATIONAL
Xero Degrees,"Janakpuri, Delhi",110058,restaurants,4.7,4004,0,1,1,1,2.0,7,OPERATIONAL
Omora A Legacy Of Flavours,"Janakpuri, Delhi",110058,restaurants,4.5,81,0,1,1,0,,5,OPERATIONAL
Bite Bikaner,"Janakpuri, Delhi",110058,restaurants,4.0,1791,0,0,1,1,2.0,10,OPERATIONAL
BTW,"Janakpuri, Delhi",110058,restaurants,4.1,4433,0,1,1,1,2.0,11,OPERATIONAL
Barbeque Nation,"Janakpuri, Delhi",110058,restaurants,4.3,10035,1,1,1,1,3.0,12,OPERATIONAL
Bobby's Eats & Bites,"Janakpuri, Delhi",110058,restaurants,4.7,361,0,0,1,0,,6,OPERATIONAL
Cafe Delhi Heights,"Janakpuri, Delhi",110058,restaurants,4.2,1194,0,1,1,1,3.0,14,OPERATIONAL
Cafe Indian Roots,"Janakpuri, Delhi",110058,cafes,4.9,2603,0,1,1,0,,4,OPERATIONAL
Dolci Patisserie And Cafe,"Janakpuri, Delhi",110058,cafes,4.2,275,0,0,1,0,,9,OPERATIONAL
Deja bru cafe,"Janakpuri, Delhi",110058,cafes,4.3,783,0,0,1,0,,7,OPERATIONAL
Chiagos Coffee & Co.,"Janakpuri, Delhi",110058,cafes,4.6,248,0,0,0,0,,4,OPERATIONAL
The Coffee Bean & Tea Leaf,"Janakpuri, Delhi",110058,cafes,4.8,903,0,1,1,0,,8,OPERATIONAL
"TAN COFFEE | Janakpuri, Delhi","Janakpuri, Delhi",110058,cafes,4.8,1523,0,1,1,0,,7,OPERATIONAL
Third Wave Coffee,"Janakpuri, Delhi",110058,cafes,4.7,411,0,1,1,0,,4,OPERATIONAL
"Dark Bean Coffee, Pizza & Desserts | Janakpuri","Janakpuri, Delhi",110058,cafes,4.6,180,0,1,1,0,,9,OPERATIONAL
Coffeegram,"Janakpuri, Delhi",110058,cafes,4.5,533,0,1,1,0,,9,OPERATIONAL
Roslyn Coffee Janakpuri,"Janakpuri, Delhi",110058,cafes,4.4,218,0,0,1,0,,4,OPERATIONAL
Two Pots Kitchen,"Janakpuri, Delhi",110058,cafes,4.2,663,0,1,1,1,2.0,4,OPERATIONAL
Honey & Dough,"Janakpuri, Delhi",110058,cafes,4.4,600,0,1,1,1,2.0,12,OPERATIONAL
La Brewista – Best Café & Coffee Shop | Janakpuri,"Janakpuri, Delhi",110058,cafes,5.0,32,0,1,1,0,,4,OPERATIONAL
Café Tree,"Janakpuri, Delhi",110058,cafes,3.9,228,0,0,0,0,,4,OPERATIONAL
KOFEYNOE | Best Coffee House in Delhi,"Janakpuri, Delhi",110058,cafes,4.9,87,0,1,1,0,,7,OPERATIONAL
OG STATION CAFE,"Janakpuri, Delhi",110058,cafes,4.9,100,0,1,1,0,,4,OPERATIONAL
Natty's Cafe | Best Coffee & Desserts shop in Janakpuri,"Janakpuri, Delhi",110058,cafes,4.9,329,0,0,0,0,,7,OPERATIONAL
Coffee at Friends,"Janakpuri, Delhi",110018,cafes,4.9,61,0,0,1,0,,7,OPERATIONAL
SD Luxury Salon by Sajid | Best Unisex Salon in Janakpuri | Makeup Salon | Hair Artist | Nail Art | Skin Facial,"Janakpuri, Delhi",110058,salons,4.9,573,0,1,1,0,,14,OPERATIONAL
"Lakme Salon for Him and Her in Janakpuri, Delhi","Janakpuri, Delhi",110058,salons,4.8,1017,0,1,1,0,,4,OPERATIONAL
"CUT&STYLE Salon - Janakpuri, New Delhi","Janakpuri, Delhi",110058,salons,4.8,1554,0,1,1,0,,12,OPERATIONAL
OUD LUXURY SALON & ACADEMY | Best Salon | Hair Salon | Makeup Artist In Delhi,"Janakpuri, Delhi",110058,salons,4.7,2531,0,1,1,0,,13,OPERATIONAL
Cut & Style Janakpuri block B,"Janakpuri, Delhi",110058,salons,4.8,1619,0,0,1,0,,8,OPERATIONAL
Trendz Salon - Best Bridal Makeup | Best Party Makeup | Janakpuri,"Janakpuri, Delhi",110058,salons,4.4,710,0,1,1,0,,16,OPERATIONAL
Geetanjali Salon,"Janakpuri, Delhi",110058,salons,4.6,1486,0,1,1,0,,9,OPERATIONAL
Looks Salon,"Janakpuri, Delhi",110058,salons,4.4,1004,0,1,1,0,,6,OPERATIONAL
Hair Masters Salon - Janakpuri,"Janakpuri, Delhi",110058,salons,4.8,118,0,1,1,0,,4,OPERATIONAL
The Hair Mahal Salon & Academy,"Janakpuri, Delhi",110058,salons,4.5,927,0,1,1,0,,14,OPERATIONAL
Khoobsurat Makeovers by Rubina Verma | Best Makeup Studio Academy in Janakpuri,"Janakpuri, Delhi",110058,salons,4.6,1892,0,1,1,0,,15,OPERATIONAL
THE HAIR OFFICE LUXURY SALON,"Janakpuri, Delhi",110058,salons,4.5,531,0,1,1,0,,9,OPERATIONAL
Hair Empire Unisex Salon -Best salon | Best hair style in janak puri | Janakpuri C4A Block,"Janakpuri, Delhi",110058,salons,4.8,203,0,1,1,0,,12,OPERATIONAL
HB Makeovers Luxury Unisex Salon,"Janakpuri, Delhi",110058,salons,4.9,223,0,1,1,0,,3,OPERATIONAL
"PTS Salon, Janakpuri, Delhi","Janakpuri, Delhi",110058,salons,4.8,144,0,0,1,0,,12,OPERATIONAL
Glamin Salon - Unisex salon in janakpuri | Makeup artist in Janakpuri | Nail art in Janakpuri,"Janakpuri, Delhi",110058,salons,4.8,254,0,1,1,0,,4,OPERATIONAL
Looks Salon,"Janakpuri, Delhi",110058,salons,4.0,712,0,1,1,0,,6,OPERATIONAL
IG Salon & Makeover,"Janakpuri, Delhi",110058,salons,4.8,364,0,1,1,0,,3,OPERATIONAL
"SD Luxury Salon by Sajid- C5D - Janakpuri, New Delhi","Janakpuri, Delhi",110058,salons,4.5,139,0,1,1,0,,14,OPERATIONAL
Geetanjali Studio,"Janakpuri, Delhi",110058,salons,4.2,319,0,1,1,0,,5,OPERATIONAL
Component Fitness - The Most Premium Gym of Janakpuri,"Janakpuri, Delhi",110058,gyms,4.6,467,0,1,1,0,,11,OPERATIONAL
"Gold’s Gym Janakpuri West | Best Gym in Janakpuri West, Delhi","Janakpuri, Delhi",110058,gyms,4.2,971,0,1,1,0,,9,OPERATIONAL
Anytime Fitness,"Janakpuri, Delhi",110058,gyms,4.5,51,0,1,1,0,,6,OPERATIONAL
"Cult Gym Janakpuri | Best Gym in Janakpuri, Delhi","Janakpuri, Delhi",110058,gyms,4.4,355,0,1,1,0,,13,OPERATIONAL
Revamp Fitness Studio - The Best Gym in Janakpuri,"Janakpuri, Delhi",110058,gyms,4.4,136,0,1,1,0,,9,OPERATIONAL
One Million,"Janakpuri, Delhi",110058,gyms,3.6,406,0,1,1,0,,11,OPERATIONAL
Anytime Fitness,"Janakpuri, Delhi",110058,gyms,4.1,429,0,1,1,0,,6,OPERATIONAL
Body Doctors Gym & Spa,"Janakpuri, Delhi",110058,gyms,4.9,1367,0,0,1,0,,5,OPERATIONAL
Anytime Fitness,"Janakpuri, Delhi",110058,gyms,4.4,137,0,1,1,0,,6,OPERATIONAL
"Her Fitness Janakpuri - Ladies Gym in Janakpuri, Delhi","Janakpuri, Delhi",110058,gyms,4.6,220,0,1,1,0,,6,OPERATIONAL
Train High Gym - Janakpuri,"Janakpuri, Delhi",110058,gyms,4.6,147,0,1,1,0,,10,OPERATIONAL
The Gym Health Planet,"Janakpuri, Delhi",110058,gyms,4.1,182,0,1,1,0,,6,OPERATIONAL
HellCentric Gym,"Janakpuri, Delhi",110058,gyms,4.9,51,0,1,1,0,,5,OPERATIONAL
PRO ULTIMATE GYMS -JANAKPURI DELHI,"Janakpuri, Delhi",110058,gyms,5.0,34,0,0,1,0,,6,OPERATIONAL
FITGRIT Tribe Gym,"Janakpuri, Delhi",110058,gyms,4.9,159,0,1,1,0,,10,OPERATIONAL
Star fitness janakpuri,"Janakpuri, Delhi",110058,gyms,4.7,161,0,0,1,0,,8,OPERATIONAL
Iron Arena Gym,"Janakpuri, Delhi",110058,gyms,5.0,22,0,0,0,0,,5,OPERATIONAL
Iron Athlete Gym,"Janakpuri, Delhi",110058,gyms,4.3,85,0,0,1,0,,5,OPERATIONAL
A fitness studio,"Janakpuri, Delhi",110058,gyms,4.8,70,0,1,1,0,,5,OPERATIONAL
STAMINAA GYM,"Janakpuri, Delhi",110059,gyms,4.9,126,0,1,1,0,,5,OPERATIONAL
Fashion Factory,"Janakpuri, Delhi",110058,clothing stores,4.5,1538,0,1,1,0,,7,OPERATIONAL
"Pantaloons (Janakpuri, Delhi)","Janakpuri, Delhi",110058,clothing stores,4.2,1711,0,1,1,0,,5,OPERATIONAL
Muskan Mega Mart Private Limited,"Janakpuri, Delhi",110058,clothing stores,4.0,376,0,0,1,0,,4,OPERATIONAL
plusS Janakpuri,"Janakpuri, Delhi",110058,clothing stores,4.7,276,0,1,1,0,,4,OPERATIONAL
Aavna Fashion Studio in Janakpuri Wholesale & Retail Shop,"Janakpuri, Delhi",110058,clothing stores,5.0,14,0,0,1,0,,7,OPERATIONAL
Unity One Mall - Janakpuri,"Janakpuri, Delhi",110058,clothing stores,4.3,7503,0,1,0,0,,3,OPERATIONAL
Notam,"Janakpuri, Delhi",110058,clothing stores,4.8,140,0,0,1,0,,5,OPERATIONAL
The Bear House - Janakpuri,"Janakpuri, Delhi",110058,clothing stores,4.8,93,0,1,0,0,,5,OPERATIONAL
urban fashion,"Janakpuri, Delhi",110058,clothing stores,4.0,66,0,0,1,0,,4,OPERATIONAL
Glorria The Boutique,"Janakpuri, Delhi",110058,clothing stores,4.8,137,0,0,1,0,,5,OPERATIONAL
"Kiaasa - Janakpuri, New Delhi","Janakpuri, Delhi",110058,clothing stores,4.4,42,0,1,1,0,,5,OPERATIONAL
Akarshan,"Janakpuri, Delhi",110058,clothing stores,3.6,123,0,1,1,0,,6,OPERATIONAL
SHREE - She is Special,"Janakpuri, Delhi",110058,clothing stores,4.5,29,0,1,1,0,,7,OPERATIONAL
Goyalsons Shopmax Janakpuri,"Janakpuri, Delhi",110058,clothing stores,3.8,760,0,1,1,0,,4,OPERATIONAL
Anokhi Fashion,"Janakpuri, Delhi",110058,clothing stores,4.3,26,0,0,1,0,,6,OPERATIONAL
Deepsri- Dil se Traditional,"Janakpuri, Delhi",110058,clothing stores,5.0,51,0,1,1,0,,7,OPERATIONAL
Noorani Fashion,"Janakpuri, Delhi",110058,clothing stores,4.3,10,0,0,1,0,,6,OPERATIONAL
Fashion Station (swim wear shop) Janakpuri,"Janakpuri, Delhi",110058,clothing stores,3.1,11,0,0,0,0,,4,OPERATIONAL
House Of Alams,"Janakpuri, Delhi",110058,clothing stores,4.2,116,0,0,0,0,,4,OPERATIONAL
ColorPlus,"Janakpuri, Delhi",110053,clothing stores,4.8,214,0,1,1,0,,6,OPERATIONAL
Manish Agencies,"Janakpuri, Delhi",110058,grocery stores,4.3,1420,0,0,1,0,,6,OPERATIONAL
C4 E Market,"Janakpuri, Delhi",110058,grocery stores,4.3,1775,0,1,0,0,,4,OPERATIONAL
Reliance SMART Bazaar,"Janakpuri, Delhi",110058,grocery stores,2.9,89,0,1,1,0,,14,OPERATIONAL
RAJMANDIR HYPER MARKET JANAK PURI,"Janakpuri, Delhi",110058,grocery stores,3.9,1016,0,1,1,0,,9,OPERATIONAL
Aggarwal Super Market,"Janakpuri, Delhi",110018,grocery stores,4.2,3351,0,0,1,0,,7,OPERATIONAL
Janakplace Shopping Mall,"Janakpuri, Delhi",110058,grocery stores,4.1,8149,0,0,1,0,,5,OPERATIONAL
Reliance Mall,"Janakpuri, Delhi",110018,grocery stores,4.2,8809,0,1,1,0,,11,OPERATIONAL
DDA Market,"Janakpuri, Delhi",110058,grocery stores,3.9,979,0,0,0,0,,3,OPERATIONAL
Manish Agencies,"Janakpuri, Delhi",110058,grocery stores,4.2,737,0,0,1,0,,7,OPERATIONAL
Possangipur Market,"Janakpuri, Delhi",110058,grocery stores,3.9,1341,0,0,0,0,,3,OPERATIONAL
Kadimi Market,"Janakpuri, Delhi",110058,grocery stores,3.9,2063,0,0,0,0,,3,OPERATIONAL
SINGH STORE,"Janakpuri, Delhi",110058,grocery stores,4.6,87,0,0,1,0,,6,OPERATIONAL
Rajmandir Hypermarket Tilak Nagar,"Janakpuri, Delhi",110018,grocery stores,4.1,709,0,1,1,0,,7,OPERATIONAL
Shiv Nagar Market,"Janakpuri, Delhi",110058,grocery stores,3.9,395,0,0,1,0,,3,OPERATIONAL
Sunshine Super mart,"Janakpuri, Delhi",110045,grocery stores,4.2,681,0,0,1,0,,7,OPERATIONAL
VIJAY SALES - JANAKPURI,"Janakpuri, Delhi",110058,grocery stores,4.4,14214,1,1,1,0,,5,OPERATIONAL
Chhabra 99,"Janakpuri, Delhi",110058,grocery stores,4.1,611,0,0,1,0,,8,OPERATIONAL
Guru nanak paneer bhandar,"Janakpuri, Delhi",110058,grocery stores,4.1,566,0,0,1,0,,6,OPERATIONAL
Electronic Paradise - Janakpuri,"Janakpuri, Delhi",110058,electronics shops,4.3,711,0,1,1,0,,4,OPERATIONAL
Electronics Mart - Janakpuri,"Janakpuri, Delhi",110058,electronics shops,4.8,755,0,1,1,0,,4,OPERATIONAL
LG Best Shop (Shri Mangla Electronics),"Janakpuri, Delhi",110058,electronics shops,4.8,957,0,1,1,0,,4,OPERATIONAL
Kapila Electronics,"Janakpuri, Delhi",110058,electronics shops,4.6,182,0,0,1,0,,6,OPERATIONAL
Great Eastern Retail Pvt Ltd: Janakpuri 1,"Janakpuri, Delhi",110058,electronics shops,4.8,1498,0,1,1,0,,4,OPERATIONAL
Vardhman Electronics | Janakpuri | New Delhi,"Janakpuri, Delhi",110018,electronics shops,4.4,133,0,1,1,0,,6,OPERATIONAL
Reliance Digital,"Janakpuri, Delhi",110058,electronics shops,4.6,2821,0,1,1,0,,4,OPERATIONAL
Better Deal Computers,"Janakpuri, Delhi",110058,electronics shops,4.5,951,0,1,1,0,,6,OPERATIONAL
Croma - Unity One Mall (Janakpuri),"Janakpuri, Delhi",110058,electronics shops,4.3,5497,0,1,1,0,,5,OPERATIONAL
Vijay Electronics,"Janakpuri, Delhi",110058,electronics shops,5.0,45,0,1,1,0,,5,OPERATIONAL
Fairdeal Electronics,"Janakpuri, Delhi",110045,electronics shops,4.5,393,0,1,1,0,,5,OPERATIONAL
Balaji Digital World,"Janakpuri, Delhi",110045,electronics shops,3.8,83,0,0,1,0,,4,OPERATIONAL
LG Best Shop (The Electronics Pavillion Jail Road),"Janakpuri, Delhi",110058,electronics shops,4.0,79,0,1,1,0,,4,OPERATIONAL
Shrichand Computers Pvt ltd,"Janakpuri, Delhi",110058,electronics shops,4.0,1162,0,0,1,0,,4,OPERATIONAL
Aggarwal Computers,"Janakpuri, Delhi",110058,electronics shops,4.8,593,0,0,1,0,,6,OPERATIONAL
Singh Enterprises Pvt Ltd,"Janakpuri, Delhi",110058,electronics shops,4.9,469,0,0,1,0,,5,OPERATIONAL
Electronic warehouse,"Janakpuri, Delhi",110058,electronics shops,4.6,19,0,0,1,0,,7,OPERATIONAL
Reliance Digital,"Janakpuri, Delhi",110018,electronics shops,4.7,4279,0,1,1,0,,4,OPERATIONAL
Anand Sales Corporation,"Janakpuri, Delhi",110058,electronics shops,4.2,71,0,1,1,0,,4,OPERATIONAL
Apollo Clinic Janakpuri,"Janakpuri, Delhi",110058,clinics,4.8,82,0,1,1,0,,9,OPERATIONAL
Lok Clinic & Hospital,"Janakpuri, Delhi",110058,clinics,4.3,112,0,1,1,0,,7,OPERATIONAL
AARTHI SCANS AND LABS | JANAKPURI | DIAGNOSTIC CENTER,"Janakpuri, Delhi",110058,clinics,4.6,1646,0,1,1,0,,5,OPERATIONAL
Dr Harish Neb,"Janakpuri, Delhi",110058,clinics,5.0,82,0,1,1,0,,8,OPERATIONAL
Advance Diagnostics imaging & Dental Clinic - | Best Diagnostics in Janakpuri | Best Diagnostics Centre in Janakpuri,"Janakpuri, Delhi",110058,clinics,4.6,614,0,0,0,0,,5,OPERATIONAL
"Dr Batra’s Homeopathy, Hair & Skin Clinic","Janakpuri, Delhi",110058,clinics,4.5,1153,0,1,1,0,,6,OPERATIONAL
Phoenix Health Care & Aesthetic Clinic,"Janakpuri, Delhi",110058,clinics,5.0,20,0,0,1,0,,4,OPERATIONAL
Ak Dermacare & Aesthetics,"Janakpuri, Delhi",110058,clinics,4.9,1209,0,1,1,0,,11,OPERATIONAL
"Dr Suruchi Puri - Best Dermatologist & Skin Specialist in Delhi, Skin Doctor, PRP Clinic/Acne Scar/Hair Fall Treatment Delhi","Janakpuri, Delhi",110058,clinics,4.6,1506,0,1,1,0,,9,OPERATIONAL
The Guardian Clinics (Dr Vikram Sabharwal & Dr Shivani Sabharwal),"Janakpuri, Delhi",110058,clinics,5.0,344,0,1,1,0,,8,OPERATIONAL
Dr. Tahira Derma & Cosmetology Clinic,"Janakpuri, Delhi",110058,clinics,4.9,278,0,0,1,0,,5,OPERATIONAL
Dr Abha Bhatnagar (Stay Ahead Clinic) - ENT Surgeon in janakpuri - ENT Clinic in janakpuri,"Janakpuri, Delhi",110058,clinics,4.7,89,0,1,1,0,,4,OPERATIONAL
"Dr. Manas Chopra's Skin Clinic | Best Doctor for Chemical Peel, PRP ,Wrinkle Treatment & Hyper Pigmentation Treatment","Janakpuri, Delhi",110058,clinics,4.8,254,0,0,1,0,,10,OPERATIONAL
"Maccure Hospital | Best Pregnancy, Maternity Hospital | Best Gynecologist in Janakpuri, Delhi","Janakpuri, Delhi",110058,clinics,4.7,403,0,1,1,0,,9,OPERATIONAL
The Guardian Clinics,"Janakpuri, Delhi",110058,clinics,5.0,4,0,1,1,0,,4,OPERATIONAL
First Care Clinic - Dr. Akant Arora,"Janakpuri, Delhi",110058,clinics,4.6,22,0,0,1,0,,4,OPERATIONAL
City Imaging & Clinical Labs - Janakpuri,"Janakpuri, Delhi",110058,clinics,4.8,1224,0,1,1,0,,4,OPERATIONAL
Vasu Hair and Skin Clinic/ Best Skin Care Clinic in Janakpuri/ Top Skin Care Clinic in Janakpuri,"Janakpuri, Delhi",110058,clinics,4.9,93,0,1,1,0,,8,OPERATIONAL
"Dr. Astha Sharma- Dermatologist in Delhi, Skin Clinic, Best Skin Doctor & Skin Specialist in Janakpuri","Janakpuri, Delhi",110058,clinics,4.9,196,0,0,1,0,,4,OPERATIONAL
Bhagat Hospital,"Janakpuri, Delhi",110058,clinics,3.6,399,0,1,1,0,,6,OPERATIONAL
Dough & Cream B-Block-Janakpuri,"Janakpuri, Delhi",110058,bakeries,4.4,2948,0,1,1,0,,9,OPERATIONAL
Dough & Cream C Block Janakpuri,"Janakpuri, Delhi",110058,bakeries,4.5,2117,0,1,1,0,,9,OPERATIONAL
Bakington Bakery,"Janakpuri, Delhi",110058,bakeries,4.1,1764,0,1,0,1,2.0,6,OPERATIONAL
Pastry Palace,"Janakpuri, Delhi",110018,bakeries,4.1,2745,0,0,1,1,2.0,12,OPERATIONAL
Baker by Chance - Janakpuri,"Janakpuri, Delhi",110058,bakeries,4.7,170,0,0,1,0,,6,OPERATIONAL
"Theobroma Bakery and Cake Shop - Janakpuri, New Delhi","Janakpuri, Delhi",110058,bakeries,4.2,374,0,1,1,1,2.0,10,OPERATIONAL
Creme Castle,"Janakpuri, Delhi",110058,bakeries,4.6,397,0,1,1,0,,12,OPERATIONAL
Puri Bakers – Top Bakery in Janakpuri | Affordable bakery and cafe in Delhi | Janakpuri,"Janakpuri, Delhi",110058,bakeries,4.5,199,0,0,1,0,,13,OPERATIONAL
Amit Bakery janakpuri,"Janakpuri, Delhi",110058,bakeries,4.1,746,0,0,1,1,2.0,8,OPERATIONAL
Ambrosia Patisserie - Cakes and Gift Hampers,"Janakpuri, Delhi",110058,bakeries,4.9,99,0,1,1,0,,6,OPERATIONAL
The Bakke Maison,"Janakpuri, Delhi",110058,bakeries,4.7,78,0,1,1,0,,6,OPERATIONAL
Ganesh Bakery,"Janakpuri, Delhi",110058,bakeries,4.0,489,0,1,1,1,1.0,6,OPERATIONAL
Shortcrust Bakes,"Janakpuri, Delhi",110058,bakeries,4.1,175,0,1,1,0,,6,OPERATIONAL
Polka Pastry Shop & Snacks,"Janakpuri, Delhi",110058,bakeries,4.2,500,0,0,1,1,2.0,6,OPERATIONAL
"FNP Cakes - Cake Shop in Janakpuri, Delhi","Janakpuri, Delhi",110058,bakeries,4.9,111,0,1,1,0,,6,OPERATIONAL
Lahore Bakery Sagarpur,"Janakpuri, Delhi",110046,bakeries,4.1,526,0,0,1,0,,17,OPERATIONAL
LAJWAB BAKERY,"Janakpuri, Delhi",110058,bakeries,4.3,207,0,0,1,0,,7,OPERATIONAL
Wheat & Whisk (Cafe & Bakery),"Janakpuri, Delhi",110058,bakeries,4.9,135,0,1,1,0,,12,OPERATIONAL
YASH MEDICOS,"Janakpuri, Delhi",110058,pharmacies,4.8,122,0,0,1,0,,5,OPERATIONAL
City Pharmacy,"Janakpuri, Delhi",110058,pharmacies,3.7,31,0,1,1,0,,5,OPERATIONAL
Star Chemist,"Janakpuri, Delhi",110058,pharmacies,4.2,12,0,0,1,0,,5,OPERATIONAL
Guardian Pharmacy,"Janakpuri, Delhi",110058,pharmacies,4.3,6,0,0,1,0,,5,OPERATIONAL
Get - Well Medicos,"Janakpuri, Delhi",110058,pharmacies,4.9,53,0,0,1,0,,5,OPERATIONAL
Dawailelo Pharmacy,"Janakpuri, Delhi",110046,pharmacies,4.9,74,0,1,1,0,,5,OPERATIONAL
Janak Medical Store,"Janakpuri, Delhi",110058,pharmacies,3.9,30,0,0,1,0,,5,OPERATIONAL
Standard Pharmacy,"Janakpuri, Delhi",110058,pharmacies,3.1,17,0,0,1,0,,5,OPERATIONAL
"ZEELAB Pharmacy - Block A3, Janakpuri","Janakpuri, Delhi",110058,pharmacies,4.7,130,0,1,1,0,,5,OPERATIONAL
M.D.Medical Store,"Janakpuri, Delhi",110058,pharmacies,3.9,19,0,0,1,0,,5,OPERATIONAL
Bhatia Medicare,"Janakpuri, Delhi",110058,pharmacies,3.4,30,0,0,0,0,,5,OPERATIONAL
Star Medicos,"Janakpuri, Delhi",110058,pharmacies,3.5,8,0,0,1,0,,5,OPERATIONAL
JBB MEDICAL STORE,"Janakpuri, Delhi",110058,pharmacies,4.6,57,0,0,1,0,,5,OPERATIONAL
Pradhan mantri bhartiya janaushadhi kendra,"Janakpuri, Delhi",110058,pharmacies,5.0,28,0,0,1,0,,5,OPERATIONAL
Janta medicos,"Janakpuri, Delhi",110058,pharmacies,3.7,24,0,0,1,0,,6,OPERATIONAL
SastaSundar,"Janakpuri, Delhi",110058,pharmacies,4.9,101,0,0,0,0,,6,OPERATIONAL
LIFE CARE PHARMACY,"Janakpuri, Delhi",110058,pharmacies,3.8,29,0,0,1,0,,5,OPERATIONAL
Life care Pharmacy,"Janakpuri, Delhi",110058,pharmacies,4.4,17,0,1,1,0,,5,OPERATIONAL
Pal Medicos,"Janakpuri, Delhi",110058,pharmacies,4.3,34,0,0,0,0,,6,OPERATIONAL
Sobti Medicos,"Janakpuri, Delhi",110058,pharmacies,3.2,11,0,0,0,0,,5,OPERATIONAL
Infinity Study Centre,"Janakpuri, Delhi",110058,tutoring centers,4.9,372,0,0,1,0,,3,OPERATIONAL
"Anju Maths Classes - CBSE Best Maths Science Coaching Centre Janakpuri 7th, 8th, 9th, Class 12th, 11th, 10th","Janakpuri, Delhi",110058,tutoring centers,4.9,714,0,1,1,0,,5,OPERATIONAL
Maths Tutor,"Janakpuri, Delhi",110058,tutoring centers,5.0,50,0,0,1,0,,3,OPERATIONAL
Deepa's Tutorial Tuitions,"Janakpuri, Delhi",110058,tutoring centers,5.0,76,0,1,1,0,,3,OPERATIONAL
Home Tutor in Janakpuri,"Janakpuri, Delhi",110058,tutoring centers,4.6,87,0,1,1,0,,2,OPERATIONAL
S2 Classes for school Education(9th and 10th Maths and science,"Janakpuri, Delhi",110058,tutoring centers,5.0,235,0,0,1,0,,3,OPERATIONAL
Physics Wallah Vidyapeeth Coaching Center Janakpuri | IIT JEE & NEET & Foundation Classes,"Janakpuri, Delhi",110059,tutoring centers,4.9,448,0,1,1,0,,5,OPERATIONAL
VT Home Tutors - Dwarka,"Janakpuri, Delhi",110045,tutoring centers,4.9,137,0,1,1,0,,7,OPERATIONAL
Future Education Center,"Janakpuri, Delhi",110058,tutoring centers,4.8,24,0,0,1,0,,3,OPERATIONAL
"Physics Wallah Vidyapeeth Coaching Center Janakpuri | IIT JEE, NEET & Foundation Classes","Janakpuri, Delhi",110058,tutoring centers,4.5,2375,0,1,1,0,,5,OPERATIONAL
Roots Abacus Learning School,"Janakpuri, Delhi",110058,tutoring centers,4.9,151,0,1,1,0,,5,OPERATIONAL
Unique tutorials,"Janakpuri, Delhi",110058,tutoring centers,4.9,38,0,0,1,0,,2,OPERATIONAL
A. D Tuition Bureau – Home Tutors Janakpuri & Dwarka,"Janakpuri, Delhi",110058,tutoring centers,4.7,13,0,0,1,0,,4,OPERATIONAL
J&C Language School - French Language Classes Delhi,"Janakpuri, Delhi",110058,tutoring centers,4.9,1026,0,1,1,0,,5,OPERATIONAL
Tutorpedia,"Janakpuri, Delhi",110058,tutoring centers,5.0,20,0,0,0,0,,3,OPERATIONAL
Navyug Coaching Center,"Janakpuri, Delhi",110058,tutoring centers,4.7,108,0,0,1,0,,2,OPERATIONAL
"Satish Accounts Classes, Satish Bhatt -The Educator","Janakpuri, Delhi",110058,tutoring centers,5.0,466,0,1,1,0,,3,OPERATIONAL
Lets Learn institute,"Janakpuri, Delhi",110059,tutoring centers,5.0,96,0,1,1,0,,3,OPERATIONAL
EDU Station,"Janakpuri, Delhi",110058,tutoring centers,4.8,78,0,1,1,0,,3,OPERATIONAL
TutorTrails,"Janakpuri, Delhi",110058,tutoring centers,5.0,20,0,1,1,0,,4,OPERATIONAL
Wakefit - Furniture Store in Janakpuri,"Janakpuri, Delhi",110058,furniture stores,4.8,2786,0,1,1,0,,7,OPERATIONAL
Blue Hut Furnishers,"Janakpuri, Delhi",110058,furniture stores,4.5,102,0,1,1,0,,9,OPERATIONAL
R.K Steel Furniture,"Janakpuri, Delhi",110058,furniture stores,4.9,1559,0,0,1,0,,7,OPERATIONAL
Chopra Furnishers,"Janakpuri, Delhi",110058,furniture stores,3.9,36,0,0,1,0,,6,OPERATIONAL
Batra Steel Furniture,"Janakpuri, Delhi",110058,furniture stores,4.5,829,0,1,1,0,,8,OPERATIONAL
Sharma Furniture,"Janakpuri, Delhi",110045,furniture stores,4.9,378,0,0,1,0,,10,OPERATIONAL
Newyork furniture,"Janakpuri, Delhi",110064,furniture stores,4.1,168,0,1,1,0,,8,OPERATIONAL
S.G.Furnishers,"Janakpuri, Delhi",110064,furniture stores,4.5,81,0,0,1,0,,6,OPERATIONAL
Siddharth Steel Furniture | Best Wall Fixing Almirah & Steel Almirah Manufacturer In Delhi,"Janakpuri, Delhi",110045,furniture stores,4.8,266,0,1,1,0,,10,OPERATIONAL
Wood Land Furnishers & Decorators,"Janakpuri, Delhi",110058,furniture stores,3.2,51,0,0,1,0,,6,OPERATIONAL
Chhatwal Furnishers,"Janakpuri, Delhi",110058,furniture stores,3.5,34,0,0,1,0,,6,OPERATIONAL
D.K. Furniture,"Janakpuri, Delhi",110018,furniture stores,2.6,65,0,1,1,0,,6,OPERATIONAL
GULATI FURNISHERS,"Janakpuri, Delhi",110018,furniture stores,3.7,66,0,0,1,0,,6,OPERATIONAL
Rajwada decor,"Janakpuri, Delhi",110058,furniture stores,4.0,111,0,0,1,0,,8,OPERATIONAL
R.M. Mobiles & Accessories,"Janakpuri, Delhi",110058,mobile shops,4.6,135,0,0,1,0,,5,OPERATIONAL
Luv Communication,"Janakpuri, Delhi",110058,mobile shops,4.9,429,0,1,1,0,,4,OPERATIONAL
Hotspot Mobile Store,"Janakpuri, Delhi",110058,mobile shops,4.9,513,0,1,1,0,,4,OPERATIONAL
Mobile Villa,"Janakpuri, Delhi",110058,mobile shops,4.3,73,0,0,1,0,,4,OPERATIONAL
Mobile zone,"Janakpuri, Delhi",110058,mobile shops,5.0,26,0,0,0,0,,4,OPERATIONAL
"Cashify Mobile Phone Store | Buy, Sell & Repair in Janakpuri Delhi","Janakpuri, Delhi",110058,mobile shops,4.8,1201,0,1,1,0,,6,OPERATIONAL
Mobile Phone Warehouse,"Janakpuri, Delhi",110058,mobile shops,4.0,72,0,1,1,0,,4,OPERATIONAL
Hotspot Mobile Store,"Janakpuri, Delhi",110058,mobile shops,4.9,670,0,1,1,0,,4,OPERATIONAL
Mobile Planet,"Janakpuri, Delhi",110058,mobile shops,3.2,47,0,0,1,0,,4,OPERATIONAL
"Cashify Mobile Phone Shop | Buy, Sell & Repair in Janakpuri West Metro","Janakpuri, Delhi",110058,mobile shops,4.8,385,0,1,1,0,,6,OPERATIONAL
SK Mobile,"Janakpuri, Delhi",110058,mobile shops,4.9,102,0,0,1,0,,3,OPERATIONAL
The Mobile Shoppe And Repair - Best Mobile Shop In Uttam Nagar - Mobile repair shop in Uttam nagar,"Janakpuri, Delhi",110059,mobile shops,4.9,648,0,0,1,0,,4,OPERATIONAL
Ravi Telecom,"Janakpuri, Delhi",110058,mobile shops,4.5,22,0,0,1,0,,4,OPERATIONAL
JustPhix,"Janakpuri, Delhi",110058,mobile shops,4.9,691,0,1,1,0,,3,OPERATIONAL
Mobile Zone,"Janakpuri, Delhi",110058,mobile shops,3.4,21,0,0,1,0,,4,OPERATIONAL
Samsung Experience Store Janakpuri,"Janakpuri, Delhi",110058,mobile shops,3.8,221,0,1,1,0,,6,OPERATIONAL
Tanishq Jewellery - Delhi - Janakpuri,"Janakpuri, Delhi",110058,jewellery shops,4.8,3221,0,1,1,0,,6,OPERATIONAL
"Kalyan Jewellers - Janakpuri, New Delhi","Janakpuri, Delhi",110058,jewellery shops,4.9,1283,0,1,1,0,,8,OPERATIONAL
Nagi Jewellers,"Janakpuri, Delhi",110046,jewellery shops,4.8,776,0,0,1,0,,5,OPERATIONAL
J N Jewellery House Pvt Ltd,"Janakpuri, Delhi",110058,jewellery shops,4.9,164,0,1,1,0,,4,OPERATIONAL
"CaratLane Jewellery Janakpuri, Delhi","Janakpuri, Delhi",110058,jewellery shops,4.9,1140,0,1,1,0,,5,OPERATIONAL
S P Jewellers Pvt. Ltd.,"Janakpuri, Delhi",110058,jewellery shops,4.5,170,0,1,1,0,,7,OPERATIONAL
Samaira Jewels Pvt Ltd,"Janakpuri, Delhi",110058,jewellery shops,4.7,136,0,0,1,0,,8,OPERATIONAL
Malabar Gold & Diamonds - Janakpuri - Delhi,"Janakpuri, Delhi",110058,jewellery shops,4.9,412,0,1,1,0,,4,OPERATIONAL
Alukka Gold Palace,"Janakpuri, Delhi",110058,jewellery shops,4.9,654,0,1,1,0,,4,OPERATIONAL
Chandan Jewellers Pvt Ltd,"Janakpuri, Delhi",110058,jewellery shops,4.9,126,0,0,1,0,,4,OPERATIONAL
Nishant Jewellers- MMTC PAMP Auth. Dealer,"Janakpuri, Delhi",110058,jewellery shops,4.4,66,0,1,1,0,,5,OPERATIONAL
Mayur Jewellers (Regd.),"Janakpuri, Delhi",110046,jewellery shops,4.4,271,0,1,1,0,,4,OPERATIONAL
SOUTHERN STAR JEWELLERY,"Janakpuri, Delhi",110058,jewellery shops,4.5,23,0,1,1,0,,4,OPERATIONAL
"Kisna Diamond & Gold Jewellery - Janakpuri, Delhi","Janakpuri, Delhi",110058,jewellery shops,4.9,113,0,1,1,0,,6,OPERATIONAL
Shri Raj Jewellers,"Janakpuri, Delhi",110018,jewellery shops,4.9,719,0,1,1,0,,7,OPERATIONAL
V.K Jewellers,"Janakpuri, Delhi",110058,jewellery shops,4.2,35,0,0,0,0,,4,OPERATIONAL
HARBANS JEWAR MAHAL,"Janakpuri, Delhi",110058,jewellery shops,3.9,7,0,0,1,0,,5,OPERATIONAL
"GLAMLIFE - Imitation Jewellery, Artificial Jewellry, Anti tarnish Jewellery In Janakpuri","Janakpuri, Delhi",110058,jewellery shops,5.0,31,0,1,1,0,,4,OPERATIONAL
RAJESH DIAMONDS AND JEWELS,"Janakpuri, Delhi",110058,jewellery shops,4.4,67,0,0,1,0,,4,OPERATIONAL
Rajeev Paints & Hardware Store,"Janakpuri, Delhi",110058,hardware stores,4.1,45,0,0,1,0,,6,OPERATIONAL
Guruji Hardware,"Janakpuri, Delhi",110058,hardware stores,4.6,28,0,0,1,0,,11,OPERATIONAL
Subhash hardware Store(pet & garden store)since 1960,"Janakpuri, Delhi",110018,hardware stores,4.5,87,0,0,1,0,,10,OPERATIONAL
Subhash Hardware,"Janakpuri, Delhi",110058,hardware stores,5.0,3,0,0,1,0,,5,OPERATIONAL
Jaggi Hardware Private Limited,"Janakpuri, Delhi",110018,hardware stores,3.9,342,0,0,1,0,,8,OPERATIONAL
Wadhwa Hardwares,"Janakpuri, Delhi",110018,hardware stores,3.5,38,0,0,1,0,,5,OPERATIONAL
Punjab Hardware,"Janakpuri, Delhi",110018,hardware stores,3.6,151,0,0,1,0,,5,OPERATIONAL
Ahuja Hardware and sanitary emporium,"Janakpuri, Delhi",110018,hardware stores,4.7,7,0,0,0,0,,7,OPERATIONAL
"Ozone India | Bhagwan Dass Miglani & Sons | Tilak Nagar, New Delhi","Janakpuri, Delhi",110018,hardware stores,3.6,184,0,1,1,0,,10,OPERATIONAL
New Mittal Sanitary Store(Trusted for quality Since 1966),"Janakpuri, Delhi",110018,hardware stores,4.9,185,0,0,1,0,,5,OPERATIONAL
Amit Hardware & Paint,"Janakpuri, Delhi",110059,hardware stores,4.3,37,0,0,1,0,,5,OPERATIONAL
Mishra hardware S Sanitary,"Janakpuri, Delhi",110018,hardware stores,4.3,22,0,0,1,0,,5,OPERATIONAL
Bhagwati Hardware & Tools,"Janakpuri, Delhi",110059,hardware stores,3.8,17,0,0,1,0,,5,OPERATIONAL
Aggarwal Paints & construction solutions,"Janakpuri, Delhi",110046,hardware stores,4.3,8,0,0,1,0,,8,OPERATIONAL
Bansal Hardware & Tools - Hettich Dealer,"Janakpuri, Delhi",110059,hardware stores,4.8,71,0,0,1,0,,5,OPERATIONAL
MR.DIY,"Janakpuri, Delhi",110058,hardware stores,4.3,171,0,1,1,0,,5,OPERATIONAL
Shyam Hardware | Ozone Hardware Dealer,"Janakpuri, Delhi",110046,hardware stores,4.8,22,0,1,0,0,,5,OPERATIONAL
Elia Kitchen & Bar,"Rajouri Garden, Delhi",110027,restaurants,4.4,1592,0,0,1,0,,6,OPERATIONAL
The Yellow Chilli,"Rajouri Garden, Delhi",110027,restaurants,4.8,1967,0,0,1,0,,5,OPERATIONAL
"House of Royals, Rajouri Garden","Rajouri Garden, Delhi",110027,restaurants,4.1,288,0,0,1,0,,6,OPERATIONAL
Sandoz Restaurant - Rajouri Garden,"Rajouri Garden, Delhi",110027,restaurants,4.1,5461,0,1,1,1,2.0,8,OPERATIONAL
"Copper Chimney, North Indian Restaurant in Rajouri Garden- New Delhi","Rajouri Garden, Delhi",110027,restaurants,4.7,1769,0,1,1,1,3.0,6,OPERATIONAL
Amritsar Haveli Rajouri Garden,"Rajouri Garden, Delhi",110027,restaurants,4.3,962,0,1,1,0,,7,OPERATIONAL
Rajouri Garden SOCIAL,"Rajouri Garden, Delhi",110018,restaurants,4.5,908,0,1,1,1,3.0,12,OPERATIONAL
ilios Rajouri Garden,"Rajouri Garden, Delhi",110015,restaurants,4.7,4733,0,1,1,0,,7,OPERATIONAL
The Red Door by MOETS - Pan Asian Restaurant Rajouri Garden,"Rajouri Garden, Delhi",110027,restaurants,4.4,255,0,1,1,0,,15,OPERATIONAL
Big Boyz Lounge - Rajouri Garden,"Rajouri Garden, Delhi",110027,restaurants,4.1,642,0,1,1,0,,9,OPERATIONAL
Wok In The Clouds - Rajouri Garden,"Rajouri Garden, Delhi",110027,restaurants,4.2,335,0,1,1,0,,8,OPERATIONAL
Ikk Panjab,"Rajouri Garden, Delhi",110027,restaurants,4.1,2651,0,1,1,1,2.0,7,OPERATIONAL
Dasaprakash - Rajouri Garden,"Rajouri Garden, Delhi",110027,restaurants,4.7,4370,0,1,1,0,,10,OPERATIONAL
"J U G G E R N A U T, Rajouri Garden","Rajouri Garden, Delhi",110027,restaurants,4.0,3939,0,1,1,1,2.0,7,OPERATIONAL
"Dhaba Estd. 1986 Delhi, Rajouri Garden","Rajouri Garden, Delhi",110027,restaurants,4.4,413,0,1,1,1,3.0,6,OPERATIONAL
Gola Sizzlers,"Rajouri Garden, Delhi",110027,restaurants,4.1,2327,0,1,1,1,3.0,9,OPERATIONAL
TYM (The Young Malang),"Rajouri Garden, Delhi",110027,restaurants,4.8,174,0,0,1,0,,5,OPERATIONAL
Rajouri House Cafe & Restro,"Rajouri Garden, Delhi",110027,restaurants,4.6,275,0,1,1,0,,5,OPERATIONAL
Kartoon Cafe Rajouri Garden,"Rajouri Garden, Delhi",110027,restaurants,4.8,467,0,0,1,0,,4,OPERATIONAL
Mellow Garden | Rajouri,"Rajouri Garden, Delhi",110015,restaurants,3.6,889,0,0,1,0,,13,OPERATIONAL
"Tan Coffee | Rajouri Garden, Delhi","Rajouri Garden, Delhi",110027,cafes,4.8,1056,0,1,1,0,,7,OPERATIONAL
Cafe Buddy's Espresso Rajouri Garden,"Rajouri Garden, Delhi",110027,cafes,4.8,168,0,0,1,0,,4,OPERATIONAL
Affection Cafe,"Rajouri Garden, Delhi",110027,cafes,4.1,674,0,0,1,0,,4,OPERATIONAL
The Chocolate Room Rajouri Garden,"Rajouri Garden, Delhi",110027,cafes,4.5,412,0,1,1,0,,4,OPERATIONAL
Dicha,"Rajouri Garden, Delhi",110027,cafes,4.1,738,0,0,1,0,,7,OPERATIONAL
Echoes,"Rajouri Garden, Delhi",110027,cafes,4.5,433,0,0,1,0,,11,OPERATIONAL
Cafe Delhi Heights,"Rajouri Garden, Delhi",110027,cafes,4.2,1442,0,1,1,1,3.0,14,OPERATIONAL
Qubitos The Terrace Cafe,"Rajouri Garden, Delhi",110027,cafes,3.8,2706,0,0,1,1,2.0,13,OPERATIONAL
Blue Tokai Coffee Roasters | Rajouri Garden,"Rajouri Garden, Delhi",110027,cafes,4.1,208,0,1,1,1,2.0,8,OPERATIONAL
TWC Cafe,"Rajouri Garden, Delhi",110027,cafes,4.9,83,0,1,1,0,,4,OPERATIONAL
K's KITCHEN unit of Olives & the Beans,"Rajouri Garden, Delhi",110027,cafes,4.6,212,0,0,1,0,,6,OPERATIONAL
Haru Natsu - Coffee for All Seasons,"Rajouri Garden, Delhi",110027,cafes,5.0,58,0,1,0,0,,7,OPERATIONAL
Cafe De Tasse,"Rajouri Garden, Delhi",110015,cafes,4.4,116,0,1,1,0,,4,OPERATIONAL
Third Wave Coffee,"Rajouri Garden, Delhi",110027,cafes,4.5,172,0,1,1,0,,4,OPERATIONAL
"Trendz Salon - Best Salon in Rajouri Garden for Makeup, Hair, Beauty, PMU & Nails","Rajouri Garden, Delhi",110027,salons,4.7,1840,0,1,1,0,,13,OPERATIONAL
Looks Prive Rajouri Garden,"Rajouri Garden, Delhi",110027,salons,4.9,1167,0,0,1,0,,4,OPERATIONAL
THE SALON,"Rajouri Garden, Delhi",110027,salons,4.8,2599,0,1,1,0,,8,OPERATIONAL
"Geetanjali Salon - Rajouri Garden, New Delhi","Rajouri Garden, Delhi",110027,salons,4.7,2716,0,1,1,0,,10,OPERATIONAL
SR Hair Salon & Academy,"Rajouri Garden, Delhi",110027,salons,4.9,2052,0,1,1,0,,3,OPERATIONAL
"Looks Salon, F-144 Rajouri Garden","Rajouri Garden, Delhi",110027,salons,4.5,361,0,1,1,0,,6,OPERATIONAL
"Elegantia Luxury Salon & Academy – Best Unisex Salon & Makeup Academy in Rajouri Garden, Delhi","Rajouri Garden, Delhi",110027,salons,4.6,124,0,1,1,0,,16,OPERATIONAL
Kym’s Salon,"Rajouri Garden, Delhi",110027,salons,4.7,470,0,0,1,0,,11,OPERATIONAL
Klaavee luxe salon & Laser studio | Luxury Unisex Salon In Rajouri Garden,"Rajouri Garden, Delhi",110027,salons,4.8,292,0,1,1,0,,13,OPERATIONAL
Hair Zone Salon - Rajouri Garden,"Rajouri Garden, Delhi",110027,salons,4.8,172,0,1,1,0,,5,OPERATIONAL
The Square Salon,"Rajouri Garden, Delhi",110027,salons,4.9,63,0,0,1,0,,4,OPERATIONAL
Meenu Fusion Salon,"Rajouri Garden, Delhi",110027,salons,4.7,2049,0,0,1,0,,4,OPERATIONAL
Salon City,"Rajouri Garden, Delhi",110027,salons,4.8,321,0,1,0,0,,4,OPERATIONAL
Vishal Mok Salon & Academy Makeup and Beauty,"Rajouri Garden, Delhi",110027,salons,4.8,634,0,1,1,0,,4,OPERATIONAL
Nityangi Salon- Unisex Salon in Rajouri Garden | Hair & Makeup Service,"Rajouri Garden, Delhi",110027,salons,4.8,140,0,1,1,0,,7,OPERATIONAL
"Geetanjali Salon - Vishal Mall, New Delhi","Rajouri Garden, Delhi",110027,salons,4.9,414,0,1,1,0,,10,OPERATIONAL
Sttylette Luxury Salon & Academy,"Rajouri Garden, Delhi",110027,salons,4.8,160,0,0,0,0,,3,OPERATIONAL
Hair Masters Luxury Salon,"Rajouri Garden, Delhi",110027,salons,4.2,809,0,1,1,0,,4,OPERATIONAL
Ayesha Salon Makeup Studio,"Rajouri Garden, Delhi",110027,salons,4.8,203,0,0,1,0,,16,OPERATIONAL
The Beauteous Salon,"Rajouri Garden, Delhi",110027,salons,4.7,125,0,0,1,0,,5,OPERATIONAL
Lyf Tym Fitness Gym- Top Rated Gym in Rajouri Garden,"Rajouri Garden, Delhi",110027,gyms,4.9,66,0,1,0,0,,5,OPERATIONAL
"Cult Gym Rajouri Garden, Z Block | Best Gym in Rajouri Garden, Z Block, Delhi","Rajouri Garden, Delhi",110027,gyms,4.2,436,0,1,1,0,,13,OPERATIONAL
Gold's Gym Rajouri Garden,"Rajouri Garden, Delhi",110027,gyms,4.5,253,0,1,1,0,,6,OPERATIONAL
"Her Fitness Rajouri Garden - Ladies Gym in Rajouri Garden, Delhi","Rajouri Garden, Delhi",110027,gyms,4.5,150,0,1,1,0,,6,OPERATIONAL
VAULT By Virat Kohli (Rajouri Garden),"Rajouri Garden, Delhi",110027,gyms,4.8,157,0,1,1,0,,6,OPERATIONAL
Iron culture gym,"Rajouri Garden, Delhi",110015,gyms,4.9,457,0,0,1,0,,5,OPERATIONAL
wellness club rajouri garden,"Rajouri Garden, Delhi",110027,gyms,4.8,30,0,0,0,0,,5,OPERATIONAL
Anytime Fitness,"Rajouri Garden, Delhi",110027,gyms,4.0,328,0,1,1,0,,6,OPERATIONAL
The Pumps gym,"Rajouri Garden, Delhi",110027,gyms,4.7,69,0,0,1,0,,5,OPERATIONAL
Anytime Fitness,"Rajouri Garden, Delhi",110027,gyms,4.1,27,0,1,1,0,,6,OPERATIONAL
Universal Fitness Gym,"Rajouri Garden, Delhi",110027,gyms,4.5,93,0,0,1,0,,5,OPERATIONAL
Nirvana Fitness,"Rajouri Garden, Delhi",110027,gyms,5.0,13,0,1,1,0,,6,OPERATIONAL
THE GYM health planet,"Rajouri Garden, Delhi",110027,gyms,3.5,148,0,1,1,0,,6,OPERATIONAL
Power strength fitness by jazzy,"Rajouri Garden, Delhi",110027,gyms,5.0,30,0,0,1,0,,5,OPERATIONAL
Energie Gym Rajouri Garden,"Rajouri Garden, Delhi",110027,gyms,4.0,303,0,1,1,0,,6,OPERATIONAL
Fitness 4 U (UNISEX GYM),"Rajouri Garden, Delhi",110027,gyms,4.7,27,0,0,1,0,,5,OPERATIONAL
Fit Fataang,"Rajouri Garden, Delhi",110027,gyms,4.9,136,0,1,1,0,,13,OPERATIONAL
Reform IT Pilates Studio,"Rajouri Garden, Delhi",110027,gyms,5.0,43,0,0,1,0,,9,OPERATIONAL
"Flex and Flow fitness studio |YOGA, PILATES, AERIAL YOGA, GYMNASTICS","Rajouri Garden, Delhi",110027,gyms,4.6,64,0,1,1,0,,11,OPERATIONAL
Train High Gym - Rajouri Garden,"Rajouri Garden, Delhi",110027,gyms,4.4,50,0,1,1,0,,10,OPERATIONAL
Top One,"Rajouri Garden, Delhi",110027,clothing stores,4.8,859,0,0,1,0,,4,OPERATIONAL
White Hanger - Rajouri Garden (New Delhi),"Rajouri Garden, Delhi",110027,clothing stores,4.9,577,0,1,1,0,,4,OPERATIONAL
"Shabad Originals - Women Indian Ethnic Wear Store Rajouri Garden, Delhi","Rajouri Garden, Delhi",110027,clothing stores,4.4,132,0,1,1,0,,5,OPERATIONAL
"Kiaasa - Rajouri Garden, New Delhi","Rajouri Garden, Delhi",110027,clothing stores,4.9,716,0,1,1,0,,5,OPERATIONAL
Increase Fashion,"Rajouri Garden, Delhi",110027,clothing stores,4.7,371,0,0,1,0,,5,OPERATIONAL
Libas,"Rajouri Garden, Delhi",110027,clothing stores,4.8,1098,0,1,1,0,,5,OPERATIONAL
"AND - Rajouri Garden, Delhi","Rajouri Garden, Delhi",110027,clothing stores,4.9,40,0,1,1,0,,5,OPERATIONAL
"Global Desi - Rajouri Garden, Delhi","Rajouri Garden, Delhi",110027,clothing stores,4.7,59,0,1,1,0,,5,OPERATIONAL
Kingdom of Queens (KOQ Rajouri Garden),"Rajouri Garden, Delhi",110027,clothing stores,4.9,34,0,1,1,0,,4,OPERATIONAL
plusS Rajouri Garden,"Rajouri Garden, Delhi",110027,clothing stores,4.8,306,0,1,0,0,,4,OPERATIONAL
Shades And You,"Rajouri Garden, Delhi",110027,clothing stores,4.6,597,0,1,1,0,,6,OPERATIONAL
The Family Cottage - Ladies Suit Shop | Indo Western | Designer Lehenga Shop in Rajouri Garden,"Rajouri Garden, Delhi",110027,clothing stores,4.3,123,0,1,1,0,,6,OPERATIONAL
Label Arshiya,"Rajouri Garden, Delhi",110027,clothing stores,4.6,99,0,0,1,0,,4,OPERATIONAL
OCTAVE - Rajouri Garden,"Rajouri Garden, Delhi",110027,clothing stores,4.9,799,0,0,0,0,,4,OPERATIONAL
Follow Me,"Rajouri Garden, Delhi",110027,clothing stores,4.1,249,0,0,1,0,,4,OPERATIONAL
Rajouri Garden Market,"Rajouri Garden, Delhi",110027,clothing stores,4.3,22371,1,0,0,0,,3,OPERATIONAL
Brown Munde Boom l Clothing Store - Rajouri Garden,"Rajouri Garden, Delhi",110027,clothing stores,4.9,11,0,0,1,0,,5,OPERATIONAL
Sehej Swadeshi Rajouri Garden,"Rajouri Garden, Delhi",110027,clothing stores,3.7,123,0,0,1,0,,4,OPERATIONAL
Lucky Silk Store,"Rajouri Garden, Delhi",110027,clothing stores,3.8,92,0,0,1,0,,4,OPERATIONAL
SHREE - She is Special,"Rajouri Garden, Delhi",110027,clothing stores,4.7,27,0,1,1,0,,7,OPERATIONAL
Kwality Bazaar,"Rajouri Garden, Delhi",110027,grocery stores,3.9,1385,0,0,1,0,,6,OPERATIONAL
supermarket,"Rajouri Garden, Delhi",110027,grocery stores,4.1,791,0,0,0,0,,9,OPERATIONAL
Vishal Mega Mart,"Rajouri Garden, Delhi",110027,grocery stores,3.9,2601,0,1,1,0,,8,OPERATIONAL
Pummi Grocery,"Rajouri Garden, Delhi",110027,grocery stores,4.2,661,0,0,1,0,,8,OPERATIONAL
MGM :Mega Grocery & Gift Mart,"Rajouri Garden, Delhi",110064,grocery stores,4.1,182,0,0,1,0,,7,OPERATIONAL
Grocery Store,"Rajouri Garden, Delhi",185131,grocery stores,4.8,161,0,0,1,0,,10,OPERATIONAL
FRESH STORE,"Rajouri Garden, Delhi",110064,grocery stores,4.8,19,0,0,0,0,,6,OPERATIONAL
"Organic India Store - Rajouri Garden, New Delhi","Rajouri Garden, Delhi",110027,grocery stores,4.9,315,0,1,1,0,,8,OPERATIONAL
"Baniya Ki Dukan , Rajouri Garden","Rajouri Garden, Delhi",110027,grocery stores,4.3,48,0,1,0,0,,7,OPERATIONAL
R.K Wholesale Store,"Rajouri Garden, Delhi",185131,grocery stores,4.6,27,0,0,0,0,,7,OPERATIONAL
Apna Store,"Rajouri Garden, Delhi",110063,grocery stores,4.3,407,0,0,0,0,,7,OPERATIONAL
kwality bazaar,"Rajouri Garden, Delhi",110064,grocery stores,4.0,2015,0,0,1,0,,8,OPERATIONAL
Bansal store,"Rajouri Garden, Delhi",110027,grocery stores,4.6,61,0,0,1,0,,6,OPERATIONAL
Your’s Supermart,"Rajouri Garden, Delhi",110015,grocery stores,4.3,50,0,0,1,0,,6,OPERATIONAL
Sureshi Supermarket,"Rajouri Garden, Delhi",110027,grocery stores,4.1,20,0,0,1,0,,6,OPERATIONAL
Patanjali Mega Store,"Rajouri Garden, Delhi",110027,grocery stores,4.8,64,0,0,1,0,,7,OPERATIONAL
Sindhi Namkeen And Dryfruits,"Rajouri Garden, Delhi",110027,grocery stores,4.8,36,0,0,1,0,,7,OPERATIONAL
"HealthKart - Rajouri Garden, New Delhi","Rajouri Garden, Delhi",110027,grocery stores,4.9,140,0,1,1,0,,8,OPERATIONAL
Mahajan Electronics,"Rajouri Garden, Delhi",110015,electronics shops,4.7,4880,0,1,1,0,,6,OPERATIONAL
COM COM Electronics - Apple Store | Samsung Mobile Store.,"Rajouri Garden, Delhi",110027,electronics shops,4.9,1409,0,1,1,0,,6,OPERATIONAL
Electronic Ways - Apple Store • Samsung Store • Rajouri Garden,"Rajouri Garden, Delhi",110027,electronics shops,4.7,158,0,0,1,0,,6,OPERATIONAL
VIJAY SALES - RAJOURI GARDEN,"Rajouri Garden, Delhi",110027,electronics shops,4.4,7569,0,1,1,0,,5,OPERATIONAL
Croma - Rajouri Garden,"Rajouri Garden, Delhi",110027,electronics shops,4.4,7272,0,1,1,0,,5,OPERATIONAL
Atlantic Appliances Pvt Ltd,"Rajouri Garden, Delhi",110027,electronics shops,4.8,127,0,1,1,0,,8,OPERATIONAL
Kathuria Electricals and Hardware Store,"Rajouri Garden, Delhi",110027,electronics shops,3.9,27,0,0,1,0,,4,OPERATIONAL
BABAJEE RETAILER AND DISTRIBUTOR LLP,"Rajouri Garden, Delhi",110027,electronics shops,4.1,135,0,0,1,0,,10,OPERATIONAL
Shruti Electronics,"Rajouri Garden, Delhi",110027,electronics shops,3.8,12,0,0,1,0,,6,OPERATIONAL
NAGPAL ELECTRONICS,"Rajouri Garden, Delhi",110027,electronics shops,2.4,16,0,0,0,0,,4,OPERATIONAL
Super Deals - Rajouri Garden,"Rajouri Garden, Delhi",110027,electronics shops,4.5,2,0,0,1,0,,4,OPERATIONAL
Ultrahuman Store - Smart Health Ring | Croma Rajouri Garden,"Rajouri Garden, Delhi",110027,electronics shops,5.0,6,0,0,0,0,,3,OPERATIONAL
Future World,"Rajouri Garden, Delhi",110027,electronics shops,4.7,948,0,1,1,0,,5,OPERATIONAL
Croma - Pacific Mall,"Rajouri Garden, Delhi",110018,electronics shops,4.9,5029,0,1,1,0,,5,OPERATIONAL
Guru Kirpa Electronics,"Rajouri Garden, Delhi",110008,electronics shops,3.6,284,0,1,1,0,,4,OPERATIONAL
Asian Electronics,"Rajouri Garden, Delhi",110027,electronics shops,3.6,35,0,0,1,0,,3,OPERATIONAL
Reliance Digital,"Rajouri Garden, Delhi",110026,electronics shops,4.9,573,0,1,1,0,,4,OPERATIONAL
Shah ji communication,"Rajouri Garden, Delhi",110027,electronics shops,4.7,151,0,0,1,0,,4,OPERATIONAL
Apollo Clinic - Bhartimedicare Pvt Ltd,"Rajouri Garden, Delhi",110027,clinics,4.3,1825,0,0,1,0,,4,OPERATIONAL
Dadu Medical Centre,"Rajouri Garden, Delhi",110027,clinics,4.8,5015,0,1,1,0,,12,OPERATIONAL
"Clinic Dermatech Rajouri Garden - Best Skin Clinic In Rajouri Garden , Laser Hair Removal & Hair Transplant in Delhi","Rajouri Garden, Delhi",110027,clinics,4.7,840,0,1,1,0,,12,OPERATIONAL
STARMAX CLINICS,"Rajouri Garden, Delhi",110027,clinics,4.9,3079,0,1,1,0,,5,OPERATIONAL
Dr. Minoo's,"Rajouri Garden, Delhi",110027,clinics,5.0,380,0,1,1,0,,7,OPERATIONAL
HOD Rajouri Garden - House Of Diagnostics,"Rajouri Garden, Delhi",110027,clinics,4.8,10743,1,1,1,0,,4,OPERATIONAL
"Dr. Haror’s Wellness Clinic | Laser Hair Reduction, Acne Scar, Hair Loss & Skin Specialist in Rajouri Garden Delhi","Rajouri Garden, Delhi",110027,clinics,4.9,552,0,1,1,0,,13,OPERATIONAL
Dr. Rohit Batra | Best Dermatologist & Skin Specialist in Delhi,"Rajouri Garden, Delhi",110027,clinics,4.6,925,0,1,1,0,,9,OPERATIONAL
"Kaya Clinic - Rajouri Garden, New Delhi: Laser Hair Reduction, Acne Scar, Hair Loss, Skin Lightening & Fat Loss Treatments","Rajouri Garden, Delhi",110027,clinics,4.7,1064,0,1,1,0,,6,OPERATIONAL
Synergy Clinics Rajouri Garden,"Rajouri Garden, Delhi",110027,clinics,4.4,19,0,1,1,0,,4,OPERATIONAL
Truly Derma - Rajouri Garden,"Rajouri Garden, Delhi",110027,clinics,4.8,163,0,1,1,0,,4,OPERATIONAL
Dr Seema Sharma - Recurrent Pregnancy Loss Specialist,"Rajouri Garden, Delhi",110027,clinics,4.8,612,0,1,1,0,,6,OPERATIONAL
Bbeauters – Laser Hair Removal & Weight Loss Clinic in Rajouri Garden,"Rajouri Garden, Delhi",110027,clinics,4.9,141,0,1,1,0,,10,OPERATIONAL
"Dr. Harprit Singh, Best Physician In Rajouri Garden, Best Physician In West Delhi, Respiratory Doctor","Rajouri Garden, Delhi",110027,clinics,4.8,47,0,1,1,0,,4,OPERATIONAL
DERMAWORLD SKIN & HAIR CLINICS,"Rajouri Garden, Delhi",110027,clinics,4.3,115,0,1,1,0,,6,OPERATIONAL
Kukreja Hospital and Heart Centre,"Rajouri Garden, Delhi",110027,clinics,4.4,1552,0,1,1,0,,8,OPERATIONAL
Sardana Eye Institute,"Rajouri Garden, Delhi",110027,clinics,4.9,1321,0,1,1,0,,5,OPERATIONAL
Dr Neha Batra | Best Botox and Dermal Fillers in Delhi,"Rajouri Garden, Delhi",110027,clinics,5.0,386,0,1,1,0,,8,OPERATIONAL
Klinik Morphosis,"Rajouri Garden, Delhi",110027,clinics,4.9,761,0,1,1,0,,9,OPERATIONAL
Evoke Hair Clinic - Rajouri Garden,"Rajouri Garden, Delhi",110027,clinics,4.9,75,0,1,1,0,,8,OPERATIONAL
Anjlika Pastry Shop,"Rajouri Garden, Delhi",110027,bakeries,4.2,1544,0,1,1,1,2.0,11,OPERATIONAL
Defence Bakery Since 1962 Rajouri Garden,"Rajouri Garden, Delhi",110027,bakeries,4.7,326,0,1,1,0,,6,OPERATIONAL
THEOS RAJOURI GARDEN DELHI,"Rajouri Garden, Delhi",110027,bakeries,4.3,154,0,1,1,0,,13,OPERATIONAL
Otik Cake Shop,"Rajouri Garden, Delhi",110027,bakeries,3.9,1059,0,1,1,1,2.0,11,OPERATIONAL
Mister Gulati Bakers,"Rajouri Garden, Delhi",110027,bakeries,4.3,323,0,1,1,1,2.0,9,OPERATIONAL
La Tarte Bakery,"Rajouri Garden, Delhi",110027,bakeries,4.9,122,0,1,1,0,,6,OPERATIONAL
Soni Bakers,"Rajouri Garden, Delhi",110027,bakeries,4.0,1351,0,1,1,1,2.0,8,OPERATIONAL
Theobroma Bakery and Cake Shop- Rajouri Garden,"Rajouri Garden, Delhi",110027,bakeries,4.2,167,0,1,1,1,2.0,10,OPERATIONAL
PURI BAKERS,"Rajouri Garden, Delhi",110027,bakeries,4.2,184,0,0,1,0,,6,OPERATIONAL
Cheesecake & Co.,"Rajouri Garden, Delhi",110027,bakeries,4.2,294,0,0,1,0,,6,OPERATIONAL
Brother's Bakers Subhash Nagar,"Rajouri Garden, Delhi",110027,bakeries,4.8,408,0,0,1,0,,6,OPERATIONAL
Spanish Churros,"Rajouri Garden, Delhi",110027,bakeries,4.9,272,0,0,1,0,,15,OPERATIONAL
Gayway Bakery,"Rajouri Garden, Delhi",110027,bakeries,3.7,93,0,0,1,0,,9,OPERATIONAL
Fleurons Cafetière : Coffee | Croissants | Hampers | Cakes | Brownies,"Rajouri Garden, Delhi",110027,bakeries,4.0,570,0,1,1,0,,6,OPERATIONAL
Charlotte Cake Atelier,"Rajouri Garden, Delhi",110027,bakeries,4.8,213,0,1,1,0,,9,OPERATIONAL
Paradise Bakery & Cafe,"Rajouri Garden, Delhi",110015,bakeries,4.5,51,0,0,1,0,,8,OPERATIONAL
Brother’s Bakers - Vishnu Garden l Cake Free Home Delivery | Order Cake Online | Best Cake Shop | 100% EggLess Cake,"Rajouri Garden, Delhi",110018,bakeries,4.2,2530,0,0,1,1,2.0,6,OPERATIONAL
Brother's Bakers - Tagore Garden l Cake Free Home Delivery | Order Cake Online | Best Cake Shop | 100% EggLess Cake,"Rajouri Garden, Delhi",110027,bakeries,4.3,250,0,0,1,0,,6,OPERATIONAL
Kremasino,"Rajouri Garden, Delhi",110027,bakeries,4.9,71,0,1,0,0,,9,OPERATIONAL
Raj Baker's & Conf.,"Rajouri Garden, Delhi",110027,bakeries,3.9,533,0,0,1,1,2.0,8,OPERATIONAL
Apollo Pharmacy Rajouri Garden,"Rajouri Garden, Delhi",110027,pharmacies,4.1,86,0,1,1,0,,8,OPERATIONAL
Zeelab Pharmacy - RAJOURI GARDEN DELHI,"Rajouri Garden, Delhi",110027,pharmacies,4.8,40,0,1,1,0,,5,OPERATIONAL
RAJOURI MEDICOS,"Rajouri Garden, Delhi",110027,pharmacies,4.8,22,0,0,1,0,,5,OPERATIONAL
Raj Pharmacy,"Rajouri Garden, Delhi",110027,pharmacies,3.5,13,0,0,1,0,,5,OPERATIONAL
Jan Aushadi KENDRA RAJOURI GARDEN,"Rajouri Garden, Delhi",110027,pharmacies,4.9,155,0,0,1,0,,5,OPERATIONAL
Apollo Pharmacy Rajouri Garden J Block,"Rajouri Garden, Delhi",110027,pharmacies,4.8,17,0,1,1,0,,5,OPERATIONAL
Vikas Chemist,"Rajouri Garden, Delhi",110015,pharmacies,4.0,161,0,1,1,0,,5,OPERATIONAL
Delhi Medicos,"Rajouri Garden, Delhi",110027,pharmacies,2.9,17,0,0,1,0,,5,OPERATIONAL
Rangoon Medicos,"Rajouri Garden, Delhi",110027,pharmacies,3.1,9,0,0,1,0,,5,OPERATIONAL
LIBOC DAVAMART- RAJOURI GARDEN,"Rajouri Garden, Delhi",110027,pharmacies,4.6,21,0,1,1,0,,5,OPERATIONAL
Gambhir Medicine Shop,"Rajouri Garden, Delhi",110027,pharmacies,5.0,7,0,0,0,0,,5,OPERATIONAL
The Medicine Corner,"Rajouri Garden, Delhi",110027,pharmacies,5.0,2,0,0,1,0,,5,OPERATIONAL
Life Line chemist,"Rajouri Garden, Delhi",110027,pharmacies,4.3,4,0,0,1,0,,5,OPERATIONAL
DMC Pharmacy,"Rajouri Garden, Delhi",110027,pharmacies,5.0,2,0,0,1,0,,5,OPERATIONAL
DELHI CHEMIST PVT LTD,"Rajouri Garden, Delhi",110027,pharmacies,5.0,1,0,0,1,0,,5,OPERATIONAL
"Aakash Life : Beauty , Wellness & Pharmacy Store","Rajouri Garden, Delhi",110027,pharmacies,4.8,86,0,1,1,0,,8,OPERATIONAL
Kosmedica chemist,"Rajouri Garden, Delhi",110027,pharmacies,3.6,5,0,0,0,0,,5,OPERATIONAL
ZEELAB Pharmacy - Mansrover Garden,"Rajouri Garden, Delhi",110015,pharmacies,4.9,194,0,1,1,0,,5,OPERATIONAL
JANSEVA AUSHADHI KENDRA,"Rajouri Garden, Delhi",110027,pharmacies,5.0,2,0,0,1,0,,5,OPERATIONAL
Apollo Pharmacy Mansarover Garden,"Rajouri Garden, Delhi",110015,pharmacies,4.7,77,0,1,1,0,,8,OPERATIONAL
Achievers Education Zone,"Rajouri Garden, Delhi",110027,tutoring centers,4.9,56,0,0,1,0,,3,OPERATIONAL
INSPIRATION TUTORIALS,"Rajouri Garden, Delhi",110027,tutoring centers,5.0,163,0,0,1,0,,2,OPERATIONAL
Apni Paathshaala | Mathematics Classes | Science Tuition | Coaching Classes,"Rajouri Garden, Delhi",110064,tutoring centers,5.0,43,0,1,1,0,,5,OPERATIONAL
ABACUS CLASSES- Rajouri garden Abacus Champs Academy,"Rajouri Garden, Delhi",110027,tutoring centers,4.9,44,0,1,1,0,,3,OPERATIONAL
BYJU'S Tuition Centre - Rajouri Garden,"Rajouri Garden, Delhi",110027,tutoring centers,4.3,70,0,1,1,0,,2,OPERATIONAL
Vision To Education,"Rajouri Garden, Delhi",110027,tutoring centers,4.8,25,0,1,1,0,,3,OPERATIONAL
Brilliant Minds Tuition Centre,"Rajouri Garden, Delhi",110027,tutoring centers,5.0,8,0,0,1,0,,2,OPERATIONAL
Profound Brainies,"Rajouri Garden, Delhi",110027,tutoring centers,5.0,92,0,0,1,0,,6,OPERATIONAL
Learning Seeds (Phonics English Math Abacus Summer Camp),"Rajouri Garden, Delhi",110027,tutoring centers,5.0,82,0,1,1,0,,9,OPERATIONAL
Hour of Excellence,"Rajouri Garden, Delhi",110027,tutoring centers,5.0,86,0,1,1,0,,2,OPERATIONAL
"JJ Academy, Tuition Centre At Tagore & Rajouri Garden","Rajouri Garden, Delhi",110027,tutoring centers,4.8,165,0,0,1,0,,3,OPERATIONAL
Singh Study Circle,"Rajouri Garden, Delhi",110027,tutoring centers,4.4,156,0,1,1,0,,3,OPERATIONAL
Ramanujan Maths Classes,"Rajouri Garden, Delhi",110064,tutoring centers,5.0,206,0,1,1,0,,2,OPERATIONAL
Kunal Tuition Academy,"Rajouri Garden, Delhi",110027,tutoring centers,4.9,14,0,0,1,0,,3,OPERATIONAL
SIMPLE LEARNING COACHING CENTRE,"Rajouri Garden, Delhi",110027,tutoring centers,5.0,2,0,0,0,0,,2,OPERATIONAL
ME learning,"Rajouri Garden, Delhi",110027,tutoring centers,4.3,24,0,0,1,0,,3,OPERATIONAL
Home Saaz Mansarover Garden - Best Home Decor and Home Improvement Store,"Rajouri Garden, Delhi",110015,furniture stores,4.5,430,0,1,1,0,,5,OPERATIONAL
Wood State Furniture,"Rajouri Garden, Delhi",110027,furniture stores,4.9,40,0,1,1,0,,5,OPERATIONAL
Old Furniture Buyer And Seller,"Rajouri Garden, Delhi",110025,furniture stores,4.8,1016,0,1,1,0,,8,OPERATIONAL
Earthy Home,"Rajouri Garden, Delhi",110027,furniture stores,5.0,28,0,1,1,0,,8,OPERATIONAL
"Fabindia Experience Center, Rajouri Garden","Rajouri Garden, Delhi",110027,furniture stores,4.2,746,0,1,1,0,,7,OPERATIONAL
Furnishing Kart,"Rajouri Garden, Delhi",110027,furniture stores,4.9,29,0,1,1,0,,6,OPERATIONAL
Guntier,"Rajouri Garden, Delhi",110027,furniture stores,4.2,69,0,1,1,0,,7,OPERATIONAL
R.k..Furniture store,"Rajouri Garden, Delhi",110027,furniture stores,5.0,1,0,0,1,0,,4,OPERATIONAL
Comfortsit Furniture and Interiors,"Rajouri Garden, Delhi",110059,furniture stores,4.6,57,0,1,1,0,,10,OPERATIONAL
Sofa Repairing center,"Rajouri Garden, Delhi",110027,furniture stores,5.0,30,0,1,1,0,,8,OPERATIONAL
Offurno - Office Furniture | Office Workstations | Luxury Office Furniture,"Rajouri Garden, Delhi",110027,furniture stores,5.0,16,0,1,1,0,,3,OPERATIONAL
Avian - Imported Luxury Furniture Store,"Rajouri Garden, Delhi",110030,furniture stores,4.6,33,0,1,1,0,,6,OPERATIONAL
Goel Rubber India Private Limited® (mattress store),"Rajouri Garden, Delhi",110027,furniture stores,4.6,42,0,1,1,0,,9,OPERATIONAL
New Decor Furniture,"Rajouri Garden, Delhi",110015,furniture stores,4.6,5,0,0,0,0,,3,OPERATIONAL
Vinay sofa repair,"Rajouri Garden, Delhi",110027,furniture stores,5.0,1,0,0,1,0,,6,OPERATIONAL
Samsung Experience Store Rajouri Garden,"Rajouri Garden, Delhi",110027,mobile shops,3.7,112,0,1,1,0,,6,OPERATIONAL
Mobile Gallery in,"Rajouri Garden, Delhi",110027,mobile shops,4.2,17,0,0,1,0,,4,OPERATIONAL
MOBILE SHOPPE (Multi Brand),"Rajouri Garden, Delhi",110027,mobile shops,4.2,37,0,0,1,0,,4,OPERATIONAL
MOBILE MART RAJOURI,"Rajouri Garden, Delhi",185131,mobile shops,4.4,29,0,0,1,0,,4,OPERATIONAL
Second_mobi_hub,"Rajouri Garden, Delhi",110018,mobile shops,4.7,1137,0,1,1,0,,4,OPERATIONAL
J.S Communication,"Rajouri Garden, Delhi",110027,mobile shops,4.1,50,0,0,1,0,,4,OPERATIONAL
Nagpal Telecom,"Rajouri Garden, Delhi",110027,mobile shops,3.5,8,0,0,1,0,,2,OPERATIONAL
Samsung Experience Store Punjabi Bagh,"Rajouri Garden, Delhi",110026,mobile shops,4.8,125,0,1,1,0,,6,OPERATIONAL
"CaratLane Jewellery Rajouri Garden, West Delhi","Rajouri Garden, Delhi",110027,jewellery shops,4.9,2294,0,1,1,0,,5,OPERATIONAL
Om Jewellers Rajouri Garden,"Rajouri Garden, Delhi",110027,jewellery shops,4.8,276,0,1,1,0,,4,OPERATIONAL
"BlueStone Jewellery Rajouri Garden, New Delhi","Rajouri Garden, Delhi",110027,jewellery shops,4.9,901,0,1,1,0,,8,OPERATIONAL
Soni Sapphire,"Rajouri Garden, Delhi",110027,jewellery shops,4.7,882,0,0,1,0,,4,OPERATIONAL
Muskan Jewellery | best artificial jewellery shop in delhi/bridal chura/kalira/Bridal jewellery available on rent,"Rajouri Garden, Delhi",110027,jewellery shops,4.9,371,0,1,1,0,,4,OPERATIONAL
Malabar Gold and Diamonds Rajouri Garden,"Rajouri Garden, Delhi",110027,jewellery shops,4.9,1935,0,1,1,0,,4,OPERATIONAL
Much-More (Rajouri garden),"Rajouri Garden, Delhi",110027,jewellery shops,4.9,174,0,1,1,0,,4,OPERATIONAL
Kalyan Jewellers - Rajouri Garden,"Rajouri Garden, Delhi",110027,jewellery shops,4.8,369,0,1,1,0,,8,OPERATIONAL
Tanishq Jewellery - Delhi - Rajouri Garden,"Rajouri Garden, Delhi",110027,jewellery shops,4.6,3017,0,1,1,0,,6,OPERATIONAL
"Indriya - Aditya Birla Jewellery - Rajouri Garden, New Delhi","Rajouri Garden, Delhi",110027,jewellery shops,4.9,1473,0,1,1,0,,4,OPERATIONAL
Wedding Bells Jewellery,"Rajouri Garden, Delhi",110027,jewellery shops,5.0,80,0,0,1,0,,4,OPERATIONAL
AADAMYA,"Rajouri Garden, Delhi",110027,jewellery shops,4.8,284,0,1,1,0,,4,OPERATIONAL
Champalal Jewellers Rajouri Garden,"Rajouri Garden, Delhi",110027,jewellery shops,4.9,34,0,1,1,0,,7,OPERATIONAL
Senco Gold & Diamonds- Rajouri Garden,"Rajouri Garden, Delhi",110027,jewellery shops,4.8,621,0,1,1,0,,6,OPERATIONAL
Zewrat E Noor Jewellers,"Rajouri Garden, Delhi",110027,jewellery shops,4.4,324,0,0,1,0,,7,OPERATIONAL
Fashion Bells.,"Rajouri Garden, Delhi",110027,jewellery shops,4.9,72,0,0,1,0,,5,OPERATIONAL
"Sirius Jewels - Diamond Jewellery Rajouri Garden, West Delhi","Rajouri Garden, Delhi",110027,jewellery shops,5.0,157,0,1,1,0,,4,OPERATIONAL
Nagi Sons Jewellers,"Rajouri Garden, Delhi",110027,jewellery shops,4.9,210,0,0,1,0,,4,OPERATIONAL
Reishnias Designer Imitation Jewellery,"Rajouri Garden, Delhi",110027,jewellery shops,4.7,177,0,0,1,0,,4,OPERATIONAL
Ml & Sons Jewellers,"Rajouri Garden, Delhi",110027,jewellery shops,4.8,51,0,1,1,0,,4,OPERATIONAL
Darshan Hardware,"Rajouri Garden, Delhi",110027,hardware stores,4.1,65,0,0,1,0,,5,OPERATIONAL
Max Kitchen,"Rajouri Garden, Delhi",110027,hardware stores,4.2,131,0,0,1,0,,5,OPERATIONAL
Guru Hardware,"Rajouri Garden, Delhi",110027,hardware stores,4.3,9,0,0,1,0,,5,OPERATIONAL
Rajindra Paints & Hardware Store,"Rajouri Garden, Delhi",110015,hardware stores,4.3,21,0,1,1,0,,5,OPERATIONAL
"Ozone India | AOE Hardware | Rajouri Garden, Delhi","Rajouri Garden, Delhi",110027,hardware stores,4.4,11,0,1,1,0,,11,OPERATIONAL
Harpreet Hardware,"Rajouri Garden, Delhi",110027,hardware stores,4.8,8,0,0,1,0,,7,OPERATIONAL
Rajni Hardware,"Rajouri Garden, Delhi",110027,hardware stores,4.0,4,0,1,1,0,,5,OPERATIONAL
R Aggarwal Glass & Hardware LLP,"Rajouri Garden, Delhi",110027,hardware stores,1.9,17,0,0,1,0,,5,OPERATIONAL
Pappu Electrical & Hardware,"Rajouri Garden, Delhi",110027,hardware stores,4.6,53,0,0,1,0,,4,OPERATIONAL
BirlaNu Charminar Stockist - Capital Hardware Stores,"Rajouri Garden, Delhi",110027,hardware stores,5.0,1,0,1,1,0,,4,OPERATIONAL
Rajesh Hardwares,"Rajouri Garden, Delhi",110015,hardware stores,4.6,7,0,0,1,0,,5,OPERATIONAL
Shri Devendera Hardware Paradise,"Rajouri Garden, Delhi",110015,hardware stores,4.6,98,0,1,1,0,,5,OPERATIONAL
Laposs Hardware Pvt ltd,"Rajouri Garden, Delhi",110015,hardware stores,4.0,250,0,0,1,0,,5,OPERATIONAL
Sundral's Hardware Store,"Rajouri Garden, Delhi",185131,hardware stores,4.8,25,0,0,1,0,,5,OPERATIONAL
Ludhiana Hardware,"Rajouri Garden, Delhi",110018,hardware stores,4.7,15,0,0,1,0,,5,OPERATIONAL
R.N Hardware,"Rajouri Garden, Delhi",110027,hardware stores,3.0,2,0,0,1,0,,5,OPERATIONAL
Lucky Hardware Studio,"Rajouri Garden, Delhi",110015,hardware stores,4.7,34,0,1,1,0,,5,OPERATIONAL
Chopra Sanitary & Hardware Store,"Rajouri Garden, Delhi",110015,hardware stores,4.6,29,0,0,1,0,,13,OPERATIONAL
White Oak Restaurant,"Paharganj, Delhi",110055,restaurants,4.7,1685,0,0,1,0,,6,OPERATIONAL
Fire&ice,"Paharganj, Delhi",110055,restaurants,4.8,1162,0,1,1,0,,5,OPERATIONAL
Bistro 55 Roof Top Restaurant,"Paharganj, Delhi",110055,restaurants,4.5,936,0,0,1,0,,5,OPERATIONAL
Tadka4986,"Paharganj, Delhi",110055,restaurants,4.3,2444,0,0,1,1,2.0,9,OPERATIONAL
Cafe Vagabond,"Paharganj, Delhi",110055,restaurants,4.8,6633,0,1,1,0,,12,OPERATIONAL
Leo's Restaurant & Lounge,"Paharganj, Delhi",110055,restaurants,4.2,865,0,1,1,1,2.0,9,OPERATIONAL
APKA restaurant,"Paharganj, Delhi",110055,restaurants,4.7,233,0,0,1,0,,6,OPERATIONAL
Amritsari Chur Chur Naan,"Paharganj, Delhi",110055,restaurants,4.1,4189,0,1,1,1,2.0,6,OPERATIONAL
Sita Ram Diwan Chand,"Paharganj, Delhi",110055,restaurants,4.2,18933,1,1,1,1,1.0,10,OPERATIONAL
Darbar Restaurant,"Paharganj, Delhi",110055,restaurants,4.0,3186,0,1,1,1,2.0,7,OPERATIONAL
Ramya Restaurant | Best Pure Veg Family Restaurant In Paharganj,"Paharganj, Delhi",110055,restaurants,4.6,70,0,1,1,0,,4,OPERATIONAL
Sam's Cafe,"Paharganj, Delhi",110055,restaurants,3.9,1171,0,0,1,1,2.0,9,OPERATIONAL
Gurdev Punjabi Restaurant,"Paharganj, Delhi",110055,restaurants,4.5,75,0,0,1,0,,4,OPERATIONAL
Food Dynasty,"Paharganj, Delhi",110055,restaurants,4.7,310,0,1,1,0,,6,OPERATIONAL
Krishna Rooftop Cafe,"Paharganj, Delhi",110055,restaurants,4.2,520,0,0,1,1,1.0,7,OPERATIONAL
JMVS restaurant,"Paharganj, Delhi",110055,restaurants,4.8,179,0,1,1,0,,8,OPERATIONAL
Sai ki Rasoi Pure Veg And Family restaurant,"Paharganj, Delhi",110055,restaurants,4.4,746,0,0,1,0,,8,OPERATIONAL
Diamond Restaurant,"Paharganj, Delhi",110055,restaurants,4.0,836,0,0,1,1,2.0,8,OPERATIONAL
Aggarwal Restaurant,"Paharganj, Delhi",110055,restaurants,4.4,159,0,0,1,0,,6,OPERATIONAL
Chawla De Mashoor Special Naan,"Paharganj, Delhi",110055,restaurants,4.0,2212,0,0,1,1,2.0,7,OPERATIONAL
Cloud star cafe,"Paharganj, Delhi",110055,cafes,4.7,189,0,0,1,0,,6,OPERATIONAL
Cafe Festa,"Paharganj, Delhi",110055,cafes,4.6,654,0,0,1,1,2.0,9,OPERATIONAL
Just Coffee,"Paharganj, Delhi",110055,cafes,4.9,118,0,0,0,0,,7,OPERATIONAL
Madan Cafe,"Paharganj, Delhi",110055,cafes,4.1,386,0,1,1,1,1.0,8,OPERATIONAL
Paharganj Chai Garam Cafe,"Paharganj, Delhi",110055,cafes,4.8,426,0,0,0,0,,4,OPERATIONAL
PEACE OF MIND CAFE,"Paharganj, Delhi",110055,cafes,4.9,404,0,0,1,0,,8,OPERATIONAL
Drunkyards Cafe,"Paharganj, Delhi",110055,cafes,4.0,1042,0,1,1,1,2.0,4,OPERATIONAL
IMPERIAL CAFE,"Paharganj, Delhi",110055,cafes,4.7,241,0,1,1,0,,12,OPERATIONAL
SIP THE KICK - Best coffee Shops in Delhi,"Paharganj, Delhi",110055,cafes,4.8,55,0,0,1,0,,4,OPERATIONAL
Brownie Cafe Coffee Shop Delhi,"Paharganj, Delhi",110055,cafes,4.3,208,0,1,1,0,,10,OPERATIONAL
Exotic Rooftop Cafe & Restaurant,"Paharganj, Delhi",110055,cafes,4.2,1587,0,0,1,1,1.0,13,OPERATIONAL
Everest Kitchen,"Paharganj, Delhi",110055,cafes,4.6,857,0,0,1,1,2.0,4,OPERATIONAL
Sababa cafe,"Paharganj, Delhi",110055,cafes,4.1,133,0,0,1,0,,6,OPERATIONAL
Cafe Lota,"Paharganj, Delhi",110001,cafes,4.4,4564,0,1,1,1,2.0,12,OPERATIONAL
New Royal Hair Dresser,"Paharganj, Delhi",110055,salons,4.8,341,0,0,1,0,,6,OPERATIONAL
Style Hair Unisex Salon Pahadganj,"Paharganj, Delhi",110055,salons,4.4,141,0,1,1,0,,6,OPERATIONAL
Amit Beauty Parlour,"Paharganj, Delhi",110055,salons,4.8,319,0,0,1,0,,4,OPERATIONAL
Smart Unisex Massage Spa Paharganj - Best Spa In Paharganj,"Paharganj, Delhi",110055,salons,4.7,251,0,1,1,0,,6,OPERATIONAL
Unique Shobha Artist,"Paharganj, Delhi",110055,salons,4.9,47,0,0,0,0,,4,OPERATIONAL
Big Brother Salon,"Paharganj, Delhi",110055,salons,4.0,229,0,1,1,0,,10,OPERATIONAL
Heena Spa In Paharganj - Massage Service in Paharganj | Body Spa Paharganj,"Paharganj, Delhi",110055,salons,4.9,611,0,0,1,0,,6,OPERATIONAL
Glamour Unisex Salon & Spa,"Paharganj, Delhi",110055,salons,3.6,58,0,0,1,0,,5,OPERATIONAL
Rose Unisex Salon & Spa,"Paharganj, Delhi",110055,salons,5.0,29,0,0,1,0,,4,OPERATIONAL
Hema Ajmani Makeup Studio,"Paharganj, Delhi",110055,salons,4.6,75,0,0,1,0,,7,OPERATIONAL
Grace Salon & Spa - Massage Spa in Paharganj,"Paharganj, Delhi",110055,salons,4.8,43,0,1,1,0,,6,OPERATIONAL
Rose 1 Unisex Spa,"Paharganj, Delhi",110055,salons,4.8,75,0,0,1,0,,6,OPERATIONAL
Kashish unisex Spa And Salon Paharganj,"Paharganj, Delhi",110055,salons,4.8,19,0,0,1,0,,7,OPERATIONAL
Glow Day Unisex Spa - Massage Center In Paharganj-Massage Service Parganj New Delhi,"Paharganj, Delhi",110055,salons,5.0,130,0,0,1,0,,6,OPERATIONAL
JUST 2 FIT - GYM,"Paharganj, Delhi",110055,gyms,4.8,519,0,0,1,0,,5,OPERATIONAL
Galaxy Gym,"Paharganj, Delhi",110055,gyms,4.7,42,0,0,0,0,,5,OPERATIONAL
Fitness garage pahar ganj,"Paharganj, Delhi",110055,gyms,4.4,21,0,0,1,0,,5,OPERATIONAL
Fitness Garage gym Delhi,"Paharganj, Delhi",110055,gyms,4.2,23,0,0,1,0,,5,OPERATIONAL
D CORE FITNESS,"Paharganj, Delhi",110055,gyms,4.6,92,0,0,1,0,,5,OPERATIONAL
True.Fit,"Paharganj, Delhi",110055,gyms,5.0,33,0,1,1,0,,6,OPERATIONAL
Shubhram fit,"Paharganj, Delhi",110055,gyms,4.7,36,0,1,0,0,,3,OPERATIONAL
Fitness Future Gym,"Paharganj, Delhi",110055,gyms,4.5,18,0,0,1,0,,5,OPERATIONAL
Mahadev Fitness Gym,"Paharganj, Delhi",110055,gyms,4.3,26,0,0,1,0,,5,OPERATIONAL
Stay Fitt For Life - Gym in Delhi | Best Gym in Paharganj New Delhi.,"Paharganj, Delhi",110055,gyms,5.0,3,0,0,1,0,,5,OPERATIONAL
De Oasis Gym,"Paharganj, Delhi",110055,gyms,4.0,2,0,0,0,0,,5,OPERATIONAL
Fun N Fitness Gym Katra Bariyan,"Paharganj, Delhi",110006,gyms,4.5,207,0,1,1,0,,5,OPERATIONAL
Paharganj Market,"Paharganj, Delhi",110055,clothing stores,4.1,2187,0,0,0,0,,3,OPERATIONAL
Aggarwal Agencies - Readymade Garments In Paharganj Delhi - Raymond Showroom In Paharganj Delhi,"Paharganj, Delhi",110055,clothing stores,4.3,149,0,1,1,0,,4,OPERATIONAL
Fashion King,"Paharganj, Delhi",110055,clothing stores,5.0,31,0,0,1,0,,4,OPERATIONAL
Fashion Fiesta,"Paharganj, Delhi",110055,clothing stores,5.0,2,0,0,1,0,,6,OPERATIONAL
Ram Babu & Bros.,"Paharganj, Delhi",110055,clothing stores,3.8,46,0,0,1,0,,4,OPERATIONAL
Aryan collection,"Paharganj, Delhi",110055,clothing stores,4.9,16,0,0,0,0,,4,OPERATIONAL
RIYA FASHION STORE,"Paharganj, Delhi",110055,clothing stores,5.0,1,0,1,1,0,,4,OPERATIONAL
Ultra Tribe Delhi,"Paharganj, Delhi",110055,clothing stores,5.0,19,0,1,0,0,,4,OPERATIONAL
The Paharganj.com,"Paharganj, Delhi",110055,clothing stores,5.0,2,0,1,1,0,,4,OPERATIONAL
DIXIT FASHION,"Paharganj, Delhi",110055,clothing stores,4.3,6,0,0,0,0,,5,OPERATIONAL
New fashion,"Paharganj, Delhi",110055,clothing stores,5.0,1,0,0,1,0,,4,OPERATIONAL
Mt Fashion Wear,"Paharganj, Delhi",110055,clothing stores,5.0,2,0,0,1,0,,4,OPERATIONAL
Gujral Fashion,"Paharganj, Delhi",110055,clothing stores,3.3,10,0,0,1,0,,5,OPERATIONAL
Big Boss Tailor,"Paharganj, Delhi",110055,clothing stores,4.5,48,0,0,0,0,,4,OPERATIONAL
Shagoofa Fashions,"Paharganj, Delhi",110055,clothing stores,5.0,2,0,0,1,0,,4,OPERATIONAL
Fashion Point,"Paharganj, Delhi",110055,clothing stores,5.0,2,0,0,1,0,,5,OPERATIONAL
Grover Garments,"Paharganj, Delhi",110055,clothing stores,5.0,3,0,0,1,0,,4,OPERATIONAL
Juneja's The Hosiery Shop,"Paharganj, Delhi",110055,clothing stores,5.0,2,0,0,1,0,,5,OPERATIONAL
SK. Noor & Sons,"Paharganj, Delhi",110055,clothing stores,4.6,24,0,1,1,0,,2,OPERATIONAL
Fashion Home,"Paharganj, Delhi",110055,clothing stores,4.4,51,0,0,1,0,,4,OPERATIONAL
New Shop,"Paharganj, Delhi",110055,grocery stores,3.1,68,0,1,1,0,,6,OPERATIONAL
Paharganj Main bazar,"Paharganj, Delhi",110055,grocery stores,4.1,707,0,0,0,0,,3,OPERATIONAL
New Delhi Food Mart,"Paharganj, Delhi",110055,grocery stores,3.9,10,0,0,1,0,,7,OPERATIONAL
Wow World Super Market,"Paharganj, Delhi",110055,grocery stores,4.0,6,0,0,1,0,,6,OPERATIONAL
Shanker Market,"Paharganj, Delhi",110055,grocery stores,3.9,353,0,1,0,0,,3,OPERATIONAL
New Shop,"Paharganj, Delhi",110055,grocery stores,4.8,21,0,1,1,0,,6,OPERATIONAL
Amrit Kaur Market,"Paharganj, Delhi",110055,grocery stores,3.7,77,0,0,0,0,,3,OPERATIONAL
Dua General Store,"Paharganj, Delhi",110055,grocery stores,4.2,14,0,0,1,0,,6,OPERATIONAL
M/s Om Parkash Mukesh Kumar,"Paharganj, Delhi",110055,grocery stores,4.6,5,0,0,1,0,,10,OPERATIONAL
Nathu Ram Rajender Parkash,"Paharganj, Delhi",110055,grocery stores,4.2,52,0,0,1,0,,6,OPERATIONAL
Organic India,"Paharganj, Delhi",110055,grocery stores,4.9,57,0,0,0,0,,8,OPERATIONAL
Aman Store,"Paharganj, Delhi",110055,grocery stores,4.0,8,0,1,1,0,,10,OPERATIONAL
Bikaner Sweet Corner,"Paharganj, Delhi",110055,grocery stores,4.3,1862,0,0,1,1,2.0,6,OPERATIONAL
Dhumane Store,"Paharganj, Delhi",110055,grocery stores,5.0,1,0,0,1,0,,7,OPERATIONAL
All kind bag,"Paharganj, Delhi",110055,grocery stores,4.0,600,0,0,0,0,,3,OPERATIONAL
Hamraj Electronics,"Paharganj, Delhi",110055,electronics shops,4.2,35,0,0,1,0,,7,OPERATIONAL
"Batra Electronics, Paharganj","Paharganj, Delhi",110055,electronics shops,4.0,92,0,0,1,0,,4,OPERATIONAL
Harkrishan Electronics,"Paharganj, Delhi",110055,electronics shops,5.0,133,0,1,1,0,,4,OPERATIONAL
Bindra Electronics,"Paharganj, Delhi",110055,electronics shops,3.8,24,0,0,1,0,,4,OPERATIONAL
Selection Shoppe,"Paharganj, Delhi",110055,electronics shops,4.5,22,0,0,1,0,,4,OPERATIONAL
Bakshi Television Co.,"Paharganj, Delhi",110055,electronics shops,4.0,92,0,0,1,0,,5,OPERATIONAL
"Gulshanji Batra Electronics, Shop No 59, Nehru Bazar, Paharganj","Paharganj, Delhi",110055,electronics shops,5.0,1,0,1,1,0,,4,OPERATIONAL
Madaan Electric Store,"Paharganj, Delhi",110055,electronics shops,4.2,13,0,0,1,0,,9,OPERATIONAL
Bharat electric stores,"Paharganj, Delhi",110055,electronics shops,5.0,4,0,0,1,0,,4,OPERATIONAL
Shri Balaji international,"Paharganj, Delhi",110055,electronics shops,4.8,4,0,0,1,0,,7,OPERATIONAL
Electronic Paradise - Narela,"Paharganj, Delhi",110040,electronics shops,4.9,966,0,0,1,0,,4,OPERATIONAL
SHIVAM SALES,"Paharganj, Delhi",110055,electronics shops,4.9,15,0,0,1,0,,4,OPERATIONAL
Baba Electronics,"Paharganj, Delhi",110055,electronics shops,5.0,8,0,0,1,0,,4,OPERATIONAL
Electronics Paradise - Paschim ViharBOSCH,"Paharganj, Delhi",110063,electronics shops,4.5,1202,0,0,1,0,,4,OPERATIONAL
Oberoi Electric & Steel Works,"Paharganj, Delhi",110055,electronics shops,5.0,1,0,0,1,0,,11,OPERATIONAL
New Jain Electric Works,"Paharganj, Delhi",110055,electronics shops,5.0,4,0,0,1,0,,4,OPERATIONAL
New Family Health Clinic | 24x7 Visit Available | Doctor At Hotel and Guest House | Best Doctor In Paharganj,"Paharganj, Delhi",110055,clinics,4.9,166,0,1,1,0,,8,OPERATIONAL
Madrasi clinic. Dr Raj baida,"Paharganj, Delhi",110055,clinics,4.9,1328,0,1,1,0,,4,OPERATIONAL
RAJ CLINIC & GYNECOLOGIST CLINIC & (Skin clinic),"Paharganj, Delhi",110055,clinics,4.9,151,0,1,1,0,,5,OPERATIONAL
Care Medical Centre - Dr. (SK) Sharwan Kumar Gupta,"Paharganj, Delhi",110055,clinics,4.5,46,0,1,1,0,,4,OPERATIONAL
"Dr amit mishra I General Physician I Best Doctor In India I MBBS ,MD I RAJ CLINIC","Paharganj, Delhi",110055,clinics,5.0,83,0,1,0,0,,4,OPERATIONAL
Mittra Clinic,"Paharganj, Delhi",110055,clinics,3.9,7,0,0,1,0,,4,OPERATIONAL
Life health care clinic and dental clinic,"Paharganj, Delhi",110055,clinics,4.8,21,0,0,1,0,,4,OPERATIONAL
Madrasi Clinic,"Paharganj, Delhi",110055,clinics,4.9,11,0,0,0,0,,4,OPERATIONAL
Dr. Des Raj Bhasin Clinic,"Paharganj, Delhi",110055,clinics,4.9,8,0,0,1,0,,4,OPERATIONAL
Rahman Poly Clinic,"Paharganj, Delhi",110055,clinics,5.0,8,0,0,0,0,,5,OPERATIONAL
Sakhuja Clinic,"Paharganj, Delhi",110055,clinics,4.3,6,0,0,0,0,,4,OPERATIONAL
Dr Lal PathLabs - Patient Service Centre,"Paharganj, Delhi",110055,clinics,4.7,177,0,1,1,0,,4,OPERATIONAL
Al Shifa Clinic,"Paharganj, Delhi",110055,clinics,5.0,2,0,0,0,0,,4,OPERATIONAL
Geeta Clinic,"Paharganj, Delhi",110055,clinics,4.3,4,0,0,1,0,,5,OPERATIONAL
Dr Abhinav Dental and Implant Centre,"Paharganj, Delhi",110055,clinics,4.6,93,0,0,1,0,,5,OPERATIONAL
Dr.J. Kailash,"Paharganj, Delhi",110055,clinics,4.4,7,0,0,1,0,,4,OPERATIONAL
Delhi Shukla physiotherapy clinic,"Paharganj, Delhi",110055,clinics,4.7,14,0,0,1,0,,4,OPERATIONAL
NoorTan Clinic,"Paharganj, Delhi",110055,clinics,3.0,2,0,0,1,0,,6,OPERATIONAL
Sehgal Clinic,"Paharganj, Delhi",110055,clinics,5.0,8,0,0,1,0,,4,OPERATIONAL
The Santosh Patisserie,"Paharganj, Delhi",110055,bakeries,4.9,151,0,0,1,0,,6,OPERATIONAL
New Bharat Bakery,"Paharganj, Delhi",110055,bakeries,4.4,32,0,0,1,0,,6,OPERATIONAL
Oberoi Bakers,"Paharganj, Delhi",110055,bakeries,4.3,6,0,1,1,0,,6,OPERATIONAL
Himanshu Bakery & Baking Classes,"Paharganj, Delhi",110055,bakeries,5.0,2,0,0,1,0,,6,OPERATIONAL
The Narula Bakery,"Paharganj, Delhi",110092,bakeries,4.0,1311,0,1,1,1,2.0,6,OPERATIONAL
Shan Bakery,"Paharganj, Delhi",110055,bakeries,4.1,14,0,0,1,0,,6,OPERATIONAL
Cakes & More by Sachin Narula,"Paharganj, Delhi",110092,bakeries,4.0,173,0,1,1,0,,11,OPERATIONAL
Ye Old Bakery,"Paharganj, Delhi",110011,bakeries,4.6,60,0,1,1,0,,8,OPERATIONAL
Ocean Pharmacy,"Paharganj, Delhi",110055,pharmacies,4.7,51,0,1,1,0,,5,OPERATIONAL
Heal Point Pharmacy,"Paharganj, Delhi",110055,pharmacies,5.0,30,0,0,0,0,,6,OPERATIONAL
Zeelab Pharmacy - Pahargan,"Paharganj, Delhi",110055,pharmacies,4.9,307,0,1,1,0,,4,OPERATIONAL
R.S. Medicos,"Paharganj, Delhi",110055,pharmacies,5.0,41,0,0,1,0,,8,OPERATIONAL
HAYAT PHARMACY,"Paharganj, Delhi",110055,pharmacies,4.9,15,0,0,1,0,,6,OPERATIONAL
Sethi Medicos,"Paharganj, Delhi",110055,pharmacies,4.0,3,0,0,1,0,,5,OPERATIONAL
SHIV MEDICOS,"Paharganj, Delhi",110055,pharmacies,3.7,43,0,0,1,0,,5,OPERATIONAL
Chemist Corner,"Paharganj, Delhi",110055,pharmacies,3.9,8,0,0,1,0,,5,OPERATIONAL
Right Aid medicos,"Paharganj, Delhi",110055,pharmacies,5.0,25,0,0,1,0,,5,OPERATIONAL
Amrit Medicos,"Paharganj, Delhi",110055,pharmacies,5.0,9,0,0,1,0,,7,OPERATIONAL
Tulsi Pharma,"Paharganj, Delhi",110055,pharmacies,4.6,7,0,0,1,0,,5,OPERATIONAL
Indian Medicos,"Paharganj, Delhi",110055,pharmacies,5.0,2,0,0,0,0,,5,OPERATIONAL
Gaurav Medicos,"Paharganj, Delhi",110055,pharmacies,4.6,10,0,0,1,0,,6,OPERATIONAL
Anand Mediways,"Paharganj, Delhi",110055,pharmacies,4.9,7,0,0,1,0,,5,OPERATIONAL
davaindia GENERIC PHARMACY,"Paharganj, Delhi",110055,pharmacies,3.5,4,0,1,1,0,,10,OPERATIONAL
Sidhartha Chemist,"Paharganj, Delhi",110055,pharmacies,4.4,12,0,0,1,0,,6,OPERATIONAL
TARUN TUTORIALS,"Paharganj, Delhi",110055,tutoring centers,5.0,90,0,0,1,0,,4,OPERATIONAL
Shubhena Tuition Centre,"Paharganj, Delhi",110055,tutoring centers,4.8,18,0,0,0,0,,3,OPERATIONAL
VIDYARTHI TUITION CLASSES,"Paharganj, Delhi",110055,tutoring centers,4.9,11,0,0,0,0,,4,OPERATIONAL
MOHIT GHAI CLASSES,"Paharganj, Delhi",110055,tutoring centers,5.0,48,0,0,1,0,,3,OPERATIONAL
Bhavishya Kala educational and welfare society,"Paharganj, Delhi",110055,tutoring centers,5.0,15,0,1,0,0,,4,OPERATIONAL
Anee Coaching Centre,"Paharganj, Delhi",110055,tutoring centers,5.0,23,0,1,0,0,,2,OPERATIONAL
DRS Education,"Paharganj, Delhi",110055,tutoring centers,5.0,18,0,0,1,0,,3,OPERATIONAL
"QAUMI INSTITUTE-Best institute in Pahar ganj Best institute For Class 9th, 10th, 11th & 12th - All Subjects","Paharganj, Delhi",110055,tutoring centers,4.9,85,0,0,1,0,,2,OPERATIONAL
Mehfooz Coaching Centre,"Paharganj, Delhi",110055,tutoring centers,4.8,43,0,0,1,0,,2,OPERATIONAL
Thinkshaala,"Paharganj, Delhi",110055,tutoring centers,3.0,1,0,0,1,0,,3,OPERATIONAL
AL IQRA AZEEM INSTITUTE,"Paharganj, Delhi",110055,tutoring centers,4.9,38,0,0,1,0,,3,OPERATIONAL
Verbal Hub,"Paharganj, Delhi",110055,tutoring centers,4.5,56,0,1,1,0,,3,OPERATIONAL
Mega Institute The Institute That Build Confidence,"Paharganj, Delhi",110055,tutoring centers,4.9,42,0,1,1,0,,5,OPERATIONAL
Ravi Furniture,"Paharganj, Delhi",110055,furniture stores,5.0,17,0,1,1,0,,9,OPERATIONAL
Hello Furniture,"Paharganj, Delhi",110055,furniture stores,4.7,27,0,0,1,0,,6,OPERATIONAL
"CLASSIC FURNITURE,PLASTIC FURNITURE SUPPLIER,RESTAURANT FURNITURE,HOME FURNITURE SUPPLIER,KIDS FURNITURE","Paharganj, Delhi",110055,furniture stores,4.2,22,0,1,1,0,,6,OPERATIONAL
Wani furniture boss chair wholesale in india,"Paharganj, Delhi",110055,furniture stores,4.7,374,0,1,1,0,,10,OPERATIONAL
Chopra Furniture N Hardware | CFNHR | Hardware Shop in Paharganj | Melamine Edge Banding Tape & Channel Dealers In Delhi,"Paharganj, Delhi",110055,furniture stores,4.8,8,0,1,1,0,,8,OPERATIONAL
Super Furniture,"Paharganj, Delhi",110055,furniture stores,3.8,14,0,1,1,0,,6,OPERATIONAL
M.K. Steel Furniture,"Paharganj, Delhi",110055,furniture stores,4.2,5,0,1,1,0,,6,OPERATIONAL
Citylife Furniture,"Paharganj, Delhi",110055,furniture stores,4.4,38,0,0,1,0,,10,OPERATIONAL
Amit Furniture,"Paharganj, Delhi",110055,furniture stores,4.0,8,0,0,1,0,,6,OPERATIONAL
LAXMI TRADER,"Paharganj, Delhi",110055,furniture stores,5.0,26,0,0,1,0,,10,OPERATIONAL
Nilkamal Kaushal Furniture House,"Paharganj, Delhi",110001,furniture stores,4.1,22,0,0,1,0,,9,OPERATIONAL
ASHOKA FURNITURE,"Paharganj, Delhi",110055,furniture stores,4.0,9,0,0,1,0,,6,OPERATIONAL
Crystal Furniture,"Paharganj, Delhi",110055,furniture stores,2.8,17,0,1,1,0,,9,OPERATIONAL
New Batra Furniture,"Paharganj, Delhi",110001,furniture stores,4.2,13,0,1,1,0,,5,OPERATIONAL
Wason Telecom,"Paharganj, Delhi",110055,mobile shops,4.1,103,0,0,1,0,,4,OPERATIONAL
Anand Mobiles,"Paharganj, Delhi",110055,mobile shops,5.0,18,0,1,1,0,,2,OPERATIONAL
RS Communication,"Paharganj, Delhi",110055,mobile shops,5.0,138,0,0,1,0,,4,OPERATIONAL
A One Mobile World,"Paharganj, Delhi",110055,mobile shops,3.4,10,0,0,0,0,,5,OPERATIONAL
JMD Mobile Solution,"Paharganj, Delhi",110055,mobile shops,4.7,73,0,1,1,0,,5,OPERATIONAL
MS Enterprises,"Paharganj, Delhi",110006,mobile shops,5.0,818,0,1,1,0,,6,OPERATIONAL
Saxena Mobile Repairs In Paharganj,"Paharganj, Delhi",110055,mobile shops,5.0,27,0,1,1,0,,5,OPERATIONAL
"Cashify Mobile Phone Store | Buy, Sell & Repair in RK Ashram Metro Station","Paharganj, Delhi",110001,mobile shops,4.9,98,0,1,1,0,,6,OPERATIONAL
VANDANA MOBILE STORE,"Paharganj, Delhi",110055,mobile shops,4.4,14,0,0,1,0,,3,OPERATIONAL
Jai Mata Di Telecom,"Paharganj, Delhi",110055,mobile shops,4.8,76,0,1,1,0,,4,OPERATIONAL
Google Mobile & Travels,"Paharganj, Delhi",110055,mobile shops,4.1,10,0,0,1,0,,3,OPERATIONAL
JMD MOBILE SOLUTION,"Paharganj, Delhi",110055,mobile shops,4.5,13,0,0,1,0,,6,OPERATIONAL
N.K mobile zone,"Paharganj, Delhi",110055,mobile shops,5.0,5,0,0,1,0,,3,OPERATIONAL
Ram chand harbans lal jewellers,"Paharganj, Delhi",110055,jewellery shops,4.9,86,0,0,1,0,,4,OPERATIONAL
BHARAT ARTS JEWELLERS,"Paharganj, Delhi",110055,jewellery shops,5.0,66,0,1,1,0,,4,OPERATIONAL
BHARAT JEWELLERS,"Paharganj, Delhi",110055,jewellery shops,4.0,55,0,1,1,0,,6,OPERATIONAL
Tandon Jewellers,"Paharganj, Delhi",110055,jewellery shops,4.2,15,0,0,1,0,,4,OPERATIONAL
Bharat Jewels,"Paharganj, Delhi",110055,jewellery shops,4.8,13,0,1,1,0,,4,OPERATIONAL
RD & Sons | Gems & Jewellery,"Paharganj, Delhi",110055,jewellery shops,5.0,18,0,1,1,0,,4,OPERATIONAL
General Shingar House,"Paharganj, Delhi",110006,jewellery shops,4.8,369,0,1,1,0,,8,OPERATIONAL
Neha Export House,"Paharganj, Delhi",110055,jewellery shops,5.0,24,0,0,1,0,,5,OPERATIONAL
Soul Gems,"Paharganj, Delhi",110055,jewellery shops,5.0,17,0,0,1,0,,5,OPERATIONAL
MONGA (RK Gems),"Paharganj, Delhi",110055,jewellery shops,5.0,7,0,0,1,0,,6,OPERATIONAL
M.L.Jewellers,"Paharganj, Delhi",110055,jewellery shops,3.3,10,0,0,1,0,,4,OPERATIONAL
Modern Collection,"Paharganj, Delhi",110055,jewellery shops,4.0,4,0,0,1,0,,6,OPERATIONAL
Soni Jewels,"Paharganj, Delhi",110055,jewellery shops,5.0,1,0,0,1,0,,4,OPERATIONAL
A.P. Jewellers,"Paharganj, Delhi",110055,jewellery shops,4.7,3,0,0,1,0,,6,OPERATIONAL
Vimal Jewellery House,"Paharganj, Delhi",110055,jewellery shops,4.5,6,0,0,1,0,,4,OPERATIONAL
Mahalaxmi Jewellers,"Paharganj, Delhi",110055,jewellery shops,4.0,20,0,0,1,0,,4,OPERATIONAL
Vicky Silver Exims,"Paharganj, Delhi",110055,jewellery shops,5.0,4,0,1,1,0,,5,OPERATIONAL
Singhal hardware - Furniture Hardware Shop in Paharganj | Melamine Edge Banding Tape Dealer In Delhi,"Paharganj, Delhi",110055,hardware stores,4.5,40,0,1,1,0,,8,OPERATIONAL
Dimpy Hardware Store,"Paharganj, Delhi",110055,hardware stores,4.9,7,0,0,1,0,,5,OPERATIONAL
National Hardwares,"Paharganj, Delhi",110055,hardware stores,3.6,10,0,0,1,0,,5,OPERATIONAL
Vardaan Enterprises,"Paharganj, Delhi",110055,hardware stores,4.9,16,0,0,1,0,,5,OPERATIONAL
PRAKASH HARDWARE & PAINT MERCHANTS,"Paharganj, Delhi",110055,hardware stores,4.3,11,0,1,1,1,2.0,5,OPERATIONAL
Harmeet Hardware Store,"Paharganj, Delhi",110055,hardware stores,5.0,4,0,0,1,0,,6,OPERATIONAL
Delhi Hardware,"Paharganj, Delhi",110055,hardware stores,5.0,3,0,0,1,0,,5,OPERATIONAL
Ankit Aluminium & Hardware,"Paharganj, Delhi",110055,hardware stores,4.0,7,0,1,0,0,,5,OPERATIONAL
Lakshmi Hardware,"Paharganj, Delhi",110055,hardware stores,5.0,2,0,0,1,0,,5,OPERATIONAL
Arihant Hardware Store,"Paharganj, Delhi",110055,hardware stores,4.0,3,0,0,1,0,,5,OPERATIONAL
Shree Ram Hardware,"Paharganj, Delhi",110055,hardware stores,5.0,4,0,0,1,0,,5,OPERATIONAL
OM PARKASH SATPAL HARDWARE SHOP 1955,"Paharganj, Delhi",110055,hardware stores,3.4,5,0,0,1,0,,5,OPERATIONAL
CAPITAL Enterprises (All kinds of Glass Hardware and Glass Tools) All over India Supply,"Paharganj, Delhi",110055,hardware stores,4.8,78,0,1,1,0,,5,OPERATIONAL
BALAJEE HARDWARE,"Paharganj, Delhi",110055,hardware stores,4.7,7,0,0,1,0,,5,OPERATIONAL
LUCEO®,"Paharganj, Delhi",110055,hardware stores,5.0,13,0,1,0,0,,5,OPERATIONAL
Kake Di Hatti,"Chandni Chowk, Delhi",110006,restaurants,4.1,11491,1,1,1,1,2.0,8,OPERATIONAL
Chor Bizarre,"Chandni Chowk, Delhi",110002,restaurants,4.3,2374,0,1,1,1,3.0,6,OPERATIONAL
Lakhori,"Chandni Chowk, Delhi",110006,restaurants,4.3,452,0,0,1,0,,6,OPERATIONAL
Haldiram's - Chandni Chowk,"Chandni Chowk, Delhi",110006,restaurants,4.0,18909,1,1,1,1,2.0,4,OPERATIONAL
Bhaja Govindam,"Chandni Chowk, Delhi",110002,restaurants,4.3,2976,0,0,1,1,2.0,8,OPERATIONAL
Apni Chaupaal,"Chandni Chowk, Delhi",110006,restaurants,4.5,382,0,0,1,1,2.0,10,OPERATIONAL
Shahi Mehfil Restaurant,"Chandni Chowk, Delhi",110006,restaurants,4.2,885,0,0,1,0,,6,OPERATIONAL
Old Famous Jalebi Wala,"Chandni Chowk, Delhi",110006,restaurants,4.0,8894,0,0,1,1,2.0,7,OPERATIONAL
THE CHOWK,"Chandni Chowk, Delhi",110006,restaurants,3.9,148,0,0,1,0,,4,OPERATIONAL
"Haldiram's- Omaxe Mall, Chandani Chowk","Chandni Chowk, Delhi",110006,restaurants,4.8,1083,0,1,1,1,2.0,4,OPERATIONAL
Rehmatullah Hotel,"Chandni Chowk, Delhi",110006,restaurants,4.8,6089,0,1,1,0,,7,OPERATIONAL
Al Jawahar Restaurant,"Chandni Chowk, Delhi",110006,restaurants,3.7,13924,1,1,1,1,2.0,8,OPERATIONAL
Jung Bahadur Kachori Wala,"Chandni Chowk, Delhi",110006,restaurants,4.1,3936,0,0,1,1,1.0,7,OPERATIONAL
Biryani Blues,"Chandni Chowk, Delhi",110006,restaurants,4.7,229,0,1,1,1,2.0,8,OPERATIONAL
Al Gulzar Restaurant,"Chandni Chowk, Delhi",110006,restaurants,4.3,3266,0,0,1,1,2.0,6,OPERATIONAL
Natraj Dahi Bhalla,"Chandni Chowk, Delhi",110006,restaurants,3.7,12717,1,0,1,1,1.0,5,OPERATIONAL
Haji Mohd. Hussain,"Chandni Chowk, Delhi",110006,restaurants,4.1,3194,0,0,1,1,2.0,6,OPERATIONAL
Gole Hatti,"Chandni Chowk, Delhi",110006,restaurants,4.0,893,0,0,1,1,1.0,8,OPERATIONAL
"Ghoomar Traditional Thali Restaurants - Omaxe Chowk, Chandni Chowk","Chandni Chowk, Delhi",110006,restaurants,4.6,518,0,1,1,0,,8,OPERATIONAL
Jawahar Hotel,"Chandni Chowk, Delhi",110006,restaurants,4.5,865,0,1,1,0,,6,OPERATIONAL
Gumbad cafe,"Chandni Chowk, Delhi",110006,cafes,3.6,2228,0,0,1,1,2.0,4,OPERATIONAL
Ebony Cafe,"Chandni Chowk, Delhi",110006,cafes,4.3,262,0,0,1,1,2.0,4,OPERATIONAL
Burj Cafe,"Chandni Chowk, Delhi",110006,cafes,4.5,1242,0,0,0,0,,4,OPERATIONAL
Triveni Terrace Cafe,"Chandni Chowk, Delhi",110001,cafes,4.4,6592,0,1,1,1,2.0,10,OPERATIONAL
Jain Coffee House,"Chandni Chowk, Delhi",110006,cafes,4.1,533,0,0,1,1,1.0,10,OPERATIONAL
Student's Cafe,"Chandni Chowk, Delhi",110006,cafes,4.2,360,0,0,1,0,,5,OPERATIONAL
Costa Coffee,"Chandni Chowk, Delhi",110006,cafes,4.4,65,0,1,1,0,,7,OPERATIONAL
The Dreamer's Cafe,"Chandni Chowk, Delhi",110002,cafes,4.3,16,0,0,0,0,,4,OPERATIONAL
Haji Tea Point Shahi Tukda Dessert Zone,"Chandni Chowk, Delhi",110006,cafes,3.9,291,0,0,1,0,,4,OPERATIONAL
The Beer Café,"Chandni Chowk, Delhi",110001,cafes,4.4,6492,0,1,1,0,,12,OPERATIONAL
Giani's Di Hatti,"Chandni Chowk, Delhi",110006,cafes,3.5,714,0,1,1,1,2.0,14,OPERATIONAL
Kuremal's Mohanlal Kulfi,"Chandni Chowk, Delhi",110006,cafes,4.3,2825,0,1,1,1,2.0,8,OPERATIONAL
AMA Cafe | Majnu Ka Tilla,"Chandni Chowk, Delhi",110054,cafes,4.5,30234,1,1,1,1,2.0,12,OPERATIONAL
"Looks Salon Omaxe, Chandni Chowk","Chandni Chowk, Delhi",110006,salons,4.9,295,0,0,1,0,,4,OPERATIONAL
KD Unisex Salon Omaxe ( Chandni Chowk ),"Chandni Chowk, Delhi",110006,salons,4.4,67,0,0,1,0,,5,OPERATIONAL
MacStyle Salon,"Chandni Chowk, Delhi",110006,salons,4.8,160,0,1,1,0,,7,OPERATIONAL
Sahiba's,"Chandni Chowk, Delhi",110006,salons,4.6,203,0,0,1,0,,4,OPERATIONAL
Geetanjali Salon,"Chandni Chowk, Delhi",110054,salons,4.7,796,0,1,1,0,,10,OPERATIONAL
"Shikha makeover(Make-up, Hair & Beauty Salon In Delhi)","Chandni Chowk, Delhi",110006,salons,5.0,17,0,1,1,0,,3,OPERATIONAL
Pinki Beauty Care,"Chandni Chowk, Delhi",110006,salons,4.7,54,0,0,1,0,,4,OPERATIONAL
HAMDAN HAIR STUDIO ️ ‍ ️ ‍ ️,"Chandni Chowk, Delhi",110006,salons,4.8,32,0,0,1,0,,5,OPERATIONAL
Looks Salon VishwaVidyalaya Civil Lines Delhi,"Chandni Chowk, Delhi",110054,salons,4.8,2195,0,1,1,0,,9,OPERATIONAL
M.D Unisex Saloon,"Chandni Chowk, Delhi",110006,salons,4.8,20,0,0,1,0,,4,OPERATIONAL
Aarti Beauty Parlour,"Chandni Chowk, Delhi",110006,salons,4.7,46,0,0,1,0,,4,OPERATIONAL
Manvi Artistry Studio,"Chandni Chowk, Delhi",110006,salons,4.7,28,0,0,1,0,,4,OPERATIONAL
Looks Salon,"Chandni Chowk, Delhi",110007,salons,4.5,1516,0,1,1,0,,7,OPERATIONAL
Money Cuts,"Chandni Chowk, Delhi",110006,salons,5.0,1,0,0,1,0,,4,OPERATIONAL
JUST 2 MORE - GYM,"Chandni Chowk, Delhi",110002,gyms,4.8,63,0,0,1,0,,5,OPERATIONAL
New step fitness center,"Chandni Chowk, Delhi",110006,gyms,4.7,80,0,0,1,0,,5,OPERATIONAL
i Fitness,"Chandni Chowk, Delhi",110002,gyms,4.8,172,0,0,1,0,,5,OPERATIONAL
Quads and core,"Chandni Chowk, Delhi",110006,gyms,4.8,128,0,0,1,0,,5,OPERATIONAL
Dronacharya's THE GYM,"Chandni Chowk, Delhi",110006,gyms,4.2,44,0,0,0,0,,5,OPERATIONAL
The Silver Gym,"Chandni Chowk, Delhi",110006,gyms,4.4,54,0,0,1,0,,7,OPERATIONAL
Body Tuning Gym,"Chandni Chowk, Delhi",110006,gyms,4.8,53,0,0,1,0,,5,OPERATIONAL
Oxy Gym,"Chandni Chowk, Delhi",,gyms,4.6,641,0,1,1,0,,5,OPERATIONAL
FITNESS MUSTG GYM,"Chandni Chowk, Delhi",110006,gyms,4.2,115,0,0,1,0,,5,OPERATIONAL
The Wellness Gym Daryaganj,"Chandni Chowk, Delhi",110002,gyms,4.8,108,0,1,1,0,,6,OPERATIONAL
Let’s Evolve - Redefining Fitness,"Chandni Chowk, Delhi",110006,gyms,4.8,35,0,0,1,0,,6,OPERATIONAL
MAHA TYAGI GYM,"Chandni Chowk, Delhi",110002,gyms,4.7,31,0,0,0,0,,6,OPERATIONAL
Kayi Fitness,"Chandni Chowk, Delhi",110006,gyms,4.8,8,0,1,0,0,,5,OPERATIONAL
Fitnesstack (Chandni Chowk),"Chandni Chowk, Delhi",110006,gyms,4.9,200,0,1,1,0,,4,OPERATIONAL
One Life Fitness Gym,"Chandni Chowk, Delhi",110006,gyms,4.1,20,0,0,1,0,,5,OPERATIONAL
Fat2Fit Gym,"Chandni Chowk, Delhi",110006,gyms,4.7,51,0,0,1,0,,7,OPERATIONAL
Kanchan Fashion - Bridal and Non Bridal Lehenga / Saree / Indowestern / Gowns / Suits Shop in Chandni Chowk,"Chandni Chowk, Delhi",110006,clothing stores,4.8,3808,0,1,1,0,,7,OPERATIONAL
"Siyonee Clothing | Ethnic Wear, Lehenga & Saree Shop In Chandni Chowk","Chandni Chowk, Delhi",110006,clothing stores,4.8,4956,0,0,1,0,,5,OPERATIONAL
Modern Bahu,"Chandni Chowk, Delhi",110006,clothing stores,4.8,719,0,1,1,0,,6,OPERATIONAL
Danish Collection | Best Lehenga Shop In Chandni Chowk | Best Bridal Shop In Delhi |,"Chandni Chowk, Delhi",110006,clothing stores,4.6,695,0,0,0,0,,4,OPERATIONAL
Fabdilli best shop in Chandni chowk,"Chandni Chowk, Delhi",110006,clothing stores,4.9,314,0,1,1,0,,4,OPERATIONAL
Kamal Bhai Saree Sangam - Best Bridal Store in Chandni Chowk,"Chandni Chowk, Delhi",110006,clothing stores,4.2,2291,0,1,1,0,,5,OPERATIONAL
Arun Vastra Bhandar Private Limited,"Chandni Chowk, Delhi",110006,clothing stores,3.8,19733,1,1,1,0,,5,OPERATIONAL
Tek Chand Arjit Goyal Best Bridal Lehenga shop in Chandni chowk | Suit and Best Saree Shop in Chandni Chowk Delhi,"Chandni Chowk, Delhi",110006,clothing stores,4.9,1365,0,1,1,0,,7,OPERATIONAL
Ajmera Chandni Chowk - Bridal and Non Bridal Lehenga / Saree / Indowestern / Gowns / Suits Shop in Chandni Chowk,"Chandni Chowk, Delhi",110006,clothing stores,4.6,179,0,1,1,0,,4,OPERATIONAL
Shruti Ethnic Wear unit of Mani Ram Harish Chander,"Chandni Chowk, Delhi",110006,clothing stores,4.8,83,0,1,1,0,,6,OPERATIONAL
HM Designer Studio,"Chandni Chowk, Delhi",110006,clothing stores,4.4,984,0,1,1,0,,4,OPERATIONAL
Sri Ram & Son - Chandni Chowk,"Chandni Chowk, Delhi",110006,clothing stores,4.9,6223,0,1,1,0,,4,OPERATIONAL
"Guru Nanak Textiles Ladies Suits Wholesale Shop , Factory Godown","Chandni Chowk, Delhi",110006,clothing stores,4.8,856,0,0,1,0,,6,OPERATIONAL
Lehenga House,"Chandni Chowk, Delhi",110006,clothing stores,4.3,245,0,1,1,0,,4,OPERATIONAL
Maharani Collections | Best Bridal Lehenga Sarees Suits Shop In Chandni Chowk | Best Luxury Bridal Store In Delhi |,"Chandni Chowk, Delhi",110006,clothing stores,4.8,1232,0,1,1,0,,6,OPERATIONAL
First Choice (Ladies Wear),"Chandni Chowk, Delhi",110006,clothing stores,3.6,49,0,0,1,0,,5,OPERATIONAL
Chandni Chowk Market,"Chandni Chowk, Delhi",110006,clothing stores,4.3,30813,1,1,0,0,,4,OPERATIONAL
Keshav Creations - Best Bridal Lehenga & Saree Store,"Chandni Chowk, Delhi",110006,clothing stores,4.8,2779,0,1,1,0,,8,OPERATIONAL
Aditya and Mohit - Luxury Bridal Store,"Chandni Chowk, Delhi",110006,clothing stores,3.9,556,0,1,1,0,,4,OPERATIONAL
Asiana Couture,"Chandni Chowk, Delhi",110006,clothing stores,4.0,2340,0,1,1,0,,4,OPERATIONAL
19 no Khari Baoli,"Chandni Chowk, Delhi",110006,grocery stores,4.3,285,0,1,1,0,,9,OPERATIONAL
Kucha Mahajani Market,"Chandni Chowk, Delhi",110006,grocery stores,4.0,7202,0,0,0,0,,3,OPERATIONAL
Khari Baoli Dry Fruits and Grocery,"Chandni Chowk, Delhi",110006,grocery stores,4.2,971,0,0,0,0,,8,OPERATIONAL
Nai Sarak Market,"Chandni Chowk, Delhi",110006,grocery stores,4.1,5300,0,1,0,0,,3,OPERATIONAL
Kinari Bazar,"Chandni Chowk, Delhi",110006,grocery stores,4.3,6711,0,1,1,0,,9,OPERATIONAL
Khari Bawli Market,"Chandni Chowk, Delhi",110006,grocery stores,4.1,2816,0,0,0,0,,3,OPERATIONAL
Kucha Chaudhary Camera Market,"Chandni Chowk, Delhi",110006,grocery stores,4.1,2314,0,0,0,0,,6,OPERATIONAL
Market,"Chandni Chowk, Delhi",110006,grocery stores,4.0,1537,0,0,0,0,,3,OPERATIONAL
Narayan Market,"Chandni Chowk, Delhi",110006,grocery stores,3.9,141,0,0,0,0,,3,OPERATIONAL
DilliGrocery (Ram Narain Prem Narain),"Chandni Chowk, Delhi",110006,grocery stores,4.3,147,0,1,1,0,,8,OPERATIONAL
Chor Bazar / Kabadi Market,"Chandni Chowk, Delhi",110006,grocery stores,3.8,1947,0,0,0,0,,3,OPERATIONAL
Sethi Market,"Chandni Chowk, Delhi",110006,grocery stores,3.6,173,0,0,0,0,,3,OPERATIONAL
Bhagirath Palace,"Chandni Chowk, Delhi",110006,grocery stores,4.3,2215,0,1,0,0,,3,OPERATIONAL
Shyam sweets,"Chandni Chowk, Delhi",110006,grocery stores,4.1,3606,0,0,1,0,,7,OPERATIONAL
Santosh Market,"Chandni Chowk, Delhi",110006,grocery stores,3.8,129,0,0,0,0,,3,OPERATIONAL
Shri Gujrat Namkeen Bhandar,"Chandni Chowk, Delhi",110006,grocery stores,4.0,340,0,0,0,0,,6,OPERATIONAL
Brijmohan Market,"Chandni Chowk, Delhi",110006,grocery stores,3.8,212,0,0,0,0,,3,OPERATIONAL
Everest Electronics,"Chandni Chowk, Delhi",110006,electronics shops,3.9,651,0,1,1,0,,5,OPERATIONAL
Chinese Electronic Market,"Chandni Chowk, Delhi",110006,electronics shops,4.5,39,0,0,0,0,,4,OPERATIONAL
H2R ELECTRONICS,"Chandni Chowk, Delhi",110006,electronics shops,4.7,94,0,1,1,0,,5,OPERATIONAL
RASTOGI ELECTRICALS | Bhagirath Palace Electrical Market,"Chandni Chowk, Delhi",110006,electronics shops,4.8,430,0,1,1,0,,7,OPERATIONAL
Mintu electronics,"Chandni Chowk, Delhi",110006,electronics shops,4.2,89,0,1,1,0,,5,OPERATIONAL
Muskan Electronics,"Chandni Chowk, Delhi",110006,electronics shops,4.3,30,0,0,1,0,,4,OPERATIONAL
Old lajpat Rai market chandni chowk delhi,"Chandni Chowk, Delhi",110006,electronics shops,4.3,78,0,0,0,0,,3,OPERATIONAL
Tara Electronics,"Chandni Chowk, Delhi",110006,electronics shops,4.3,22,0,0,1,0,,9,OPERATIONAL
Marshal Electronics,"Chandni Chowk, Delhi",110006,electronics shops,4.7,33,0,1,1,0,,5,OPERATIONAL
Capital Electronics,"Chandni Chowk, Delhi",110006,electronics shops,3.9,10,0,0,1,0,,4,OPERATIONAL
Pritam Electronics,"Chandni Chowk, Delhi",110006,electronics shops,3.9,26,0,0,1,0,,3,OPERATIONAL
Assure Electronics,"Chandni Chowk, Delhi",110006,electronics shops,4.1,23,0,1,1,0,,2,OPERATIONAL
STAR ELECTRONICS,"Chandni Chowk, Delhi",110006,electronics shops,4.1,11,0,0,1,0,,4,OPERATIONAL
S.S. Electronics,"Chandni Chowk, Delhi",110006,electronics shops,4.1,9,0,1,1,0,,2,OPERATIONAL
Desire Electronics,"Chandni Chowk, Delhi",110006,electronics shops,4.8,45,0,1,1,0,,3,OPERATIONAL
Manav Electricals,"Chandni Chowk, Delhi",110006,electronics shops,4.8,22,0,1,1,0,,5,OPERATIONAL
MR Dental Clinic (Maximum Regenerative) – Dr Ekhlaq Ahmed,"Chandni Chowk, Delhi",110006,clinics,5.0,333,0,1,1,0,,5,OPERATIONAL
Dr Usama Ali CURE and CARE Homoeopathic Clinic,"Chandni Chowk, Delhi",110006,clinics,4.8,125,0,0,1,0,,4,OPERATIONAL
Gupta Homeo Clinic,"Chandni Chowk, Delhi",110006,clinics,5.0,21,0,0,1,0,,4,OPERATIONAL
Dr. PB Mathur,"Chandni Chowk, Delhi",110006,clinics,4.8,47,0,0,1,0,,4,OPERATIONAL
TURFA SKIN CARE CLINIC,"Chandni Chowk, Delhi",110006,clinics,5.0,38,0,0,1,0,,5,OPERATIONAL
"Sablok Pharmacy, Chandni Chowk, Delhi - Dr.Vikram Sablok","Chandni Chowk, Delhi",110006,clinics,4.9,538,0,1,1,0,,4,OPERATIONAL
Dr Lal PathLabs - Patient Service Centre,"Chandni Chowk, Delhi",110006,clinics,4.5,167,0,1,1,0,,4,OPERATIONAL
Dr. Sanjeev Gupta,"Chandni Chowk, Delhi",110006,clinics,4.6,15,0,1,1,0,,5,OPERATIONAL
Gurunanak healthcare Centre & Dental life clinic,"Chandni Chowk, Delhi",110006,clinics,5.0,25,0,0,1,0,,7,OPERATIONAL
Dr. Talat's Clinic,"Chandni Chowk, Delhi",110006,clinics,4.8,6,0,0,0,0,,4,OPERATIONAL
Dr. A. H. Qureshi's Health & Wellness Clinic,"Chandni Chowk, Delhi",110006,clinics,5.0,15,0,0,1,0,,4,OPERATIONAL
HAKEEM BAQAI,"Chandni Chowk, Delhi",110006,clinics,4.8,61,0,0,1,0,,4,OPERATIONAL
Nulife Poly clinic,"Chandni Chowk, Delhi",110006,clinics,5.0,1,0,1,0,0,,4,OPERATIONAL
Baqai Clinic,"Chandni Chowk, Delhi",110006,clinics,4.8,5,0,0,0,0,,4,OPERATIONAL
Rizy,"Chandni Chowk, Delhi",110006,clinics,4.8,1019,0,1,1,0,,5,OPERATIONAL
"Dr. Akhlaq Ahmed Clinic ( Unani ) Ex. Hony. Physician to the President of India, 45 yrs experience","Chandni Chowk, Delhi",110006,clinics,4.8,35,0,1,1,0,,4,OPERATIONAL
Aliza Dental Care,"Chandni Chowk, Delhi",110006,clinics,5.0,22,0,0,1,0,,5,OPERATIONAL
Sarfraj Clinic,"Chandni Chowk, Delhi",110006,clinics,5.0,1,0,0,1,0,,4,OPERATIONAL
Dr. pradeep gupta,"Chandni Chowk, Delhi",110006,clinics,4.4,22,0,0,1,0,,4,OPERATIONAL
Charity Birds Hospital,"Chandni Chowk, Delhi",110006,clinics,4.4,311,0,1,1,0,,5,OPERATIONAL
Al-Haj Bakery,"Chandni Chowk, Delhi",110006,bakeries,4.0,314,0,0,1,1,1.0,6,OPERATIONAL
Blue Ribbon Bakers and Confectioners,"Chandni Chowk, Delhi",110002,bakeries,4.4,408,0,1,1,1,2.0,8,OPERATIONAL
Thakur & Company,"Chandni Chowk, Delhi",110006,bakeries,4.2,176,0,0,1,0,,9,OPERATIONAL
Taj Patisserie Hut,"Chandni Chowk, Delhi",110006,bakeries,4.7,7,0,0,0,0,,9,OPERATIONAL
Manchanda Bakery,"Chandni Chowk, Delhi",110002,bakeries,4.4,267,0,1,1,0,,6,OPERATIONAL
Meghraj Biscuit Co,"Chandni Chowk, Delhi",110006,bakeries,4.1,35,0,0,1,0,,6,OPERATIONAL
Flora Bakery,"Chandni Chowk, Delhi",110006,bakeries,3.8,54,0,1,0,0,,6,OPERATIONAL
Meghraj & sons,"Chandni Chowk, Delhi",110006,bakeries,4.0,278,0,1,1,0,,7,OPERATIONAL
All Heaven's Bakery,"Chandni Chowk, Delhi",110006,bakeries,4.2,15,0,0,1,0,,6,OPERATIONAL
Prime Bakers and Moulders,"Chandni Chowk, Delhi",110006,bakeries,4.8,62,0,1,1,0,,2,OPERATIONAL
National Bakery,"Chandni Chowk, Delhi",110006,bakeries,4.3,55,0,0,1,0,,6,OPERATIONAL
Jaspal Daulat Ki Chaat,"Chandni Chowk, Delhi",110006,bakeries,4.9,581,0,1,1,0,,7,OPERATIONAL
Prakash Medical Store,"Chandni Chowk, Delhi",110006,pharmacies,3.9,19,0,0,1,0,,5,OPERATIONAL
Reem Pharmacy,"Chandni Chowk, Delhi",110006,pharmacies,4.7,10,0,0,1,0,,5,OPERATIONAL
SHREE GOBINDAS THE PHARMACY,"Chandni Chowk, Delhi",110006,pharmacies,2.8,4,0,0,1,0,,5,OPERATIONAL
Mittal Medical Market,"Chandni Chowk, Delhi",110006,pharmacies,3.9,396,0,0,0,0,,3,OPERATIONAL
Kair Pharmacy,"Chandni Chowk, Delhi",110006,pharmacies,5.0,13,0,0,1,0,,5,OPERATIONAL
Segal's Pharmacy,"Chandni Chowk, Delhi",110006,pharmacies,4.3,103,0,0,1,0,,6,OPERATIONAL
Janta Medical Store,"Chandni Chowk, Delhi",110006,pharmacies,4.3,20,0,0,1,0,,5,OPERATIONAL
Health Care Pharmacy,"Chandni Chowk, Delhi",110006,pharmacies,5.0,8,0,1,1,0,,5,OPERATIONAL
Salamat Pharmacy,"Chandni Chowk, Delhi",110006,pharmacies,4.6,9,0,0,1,0,,6,OPERATIONAL
New Sanjeevani Chemist,"Chandni Chowk, Delhi",110006,pharmacies,3.6,17,0,0,1,0,,5,OPERATIONAL
Ravi Drug Store,"Chandni Chowk, Delhi",110006,pharmacies,4.5,11,0,0,1,0,,5,OPERATIONAL
The Pharmacy,"Chandni Chowk, Delhi",110006,pharmacies,4.6,15,0,0,1,0,,5,OPERATIONAL
AL HIKMAT MEDICOS,"Chandni Chowk, Delhi",110006,pharmacies,4.6,27,0,0,1,0,,9,OPERATIONAL
Reliance medicare,"Chandni Chowk, Delhi",110006,pharmacies,5.0,4,0,0,1,0,,5,OPERATIONAL
Lekhsons Pharmacy,"Chandni Chowk, Delhi",110006,pharmacies,4.6,9,0,0,1,0,,8,OPERATIONAL
Shamsi Dawakhana,"Chandni Chowk, Delhi",110006,pharmacies,4.1,18,0,1,1,0,,5,OPERATIONAL
Super Medicos,"Chandni Chowk, Delhi",110006,pharmacies,4.4,11,0,0,1,0,,5,OPERATIONAL
Gupta Homoeo Pharmacy Pvt. Ltd.,"Chandni Chowk, Delhi",110006,pharmacies,4.6,33,0,0,1,0,,8,OPERATIONAL
Medicines Mall Pharmacy & Clinic,"Chandni Chowk, Delhi",110006,pharmacies,5.0,14,0,1,1,0,,7,OPERATIONAL
The Pharmacy,"Chandni Chowk, Delhi",110006,pharmacies,5.0,1,0,0,1,0,,5,OPERATIONAL
Center Expert,"Chandni Chowk, Delhi",110006,tutoring centers,5.0,21,0,0,0,0,,3,OPERATIONAL
imc computer and coaching center,"Chandni Chowk, Delhi",110006,tutoring centers,4.9,109,0,0,1,0,,3,OPERATIONAL
Deep Study Circle,"Chandni Chowk, Delhi",110006,tutoring centers,4.9,40,0,0,1,0,,2,OPERATIONAL
Clear Route Academy,"Chandni Chowk, Delhi",110006,tutoring centers,4.9,37,0,1,1,0,,3,OPERATIONAL
Aspiration Coaching Class.Tuition(Center)& Home tuition. Nios Tuition Is Also Available.,"Chandni Chowk, Delhi",110006,tutoring centers,5.0,114,0,0,1,0,,3,OPERATIONAL
Anjali Coaching Center,"Chandni Chowk, Delhi",110006,tutoring centers,4.5,73,0,1,1,0,,4,OPERATIONAL
EXCELLENCE EDUCATION POINT,"Chandni Chowk, Delhi",110006,tutoring centers,4.9,77,0,0,0,0,,3,OPERATIONAL
Wise Classes,"Chandni Chowk, Delhi",110006,tutoring centers,4.8,95,0,0,1,0,,3,OPERATIONAL
A1 tuition,"Chandni Chowk, Delhi",110006,tutoring centers,5.0,14,0,0,1,0,,3,OPERATIONAL
Achievers Home tuitions|English speaking|Commerce tuitions|CUET|Entrance Exams|Compartment class|Tuition Class|Crash course,"Chandni Chowk, Delhi",110006,tutoring centers,5.0,104,0,0,1,0,,8,OPERATIONAL
"Eduverz, Lal Kuan","Chandni Chowk, Delhi",110006,tutoring centers,4.8,35,0,1,1,0,,3,OPERATIONAL
ALLIANCE ACADEMY,"Chandni Chowk, Delhi",110006,tutoring centers,4.4,47,0,1,1,0,,3,OPERATIONAL
Study Circle,"Chandni Chowk, Delhi",110002,tutoring centers,4.9,11,0,0,0,0,,3,OPERATIONAL
M S Abacus academy,"Chandni Chowk, Delhi",110006,tutoring centers,5.0,5,0,1,0,0,,3,OPERATIONAL
"VK Furnishing Wholesale Bedding Store in Chandni Chowk, Delhi – Bedsheets, Blankets, Comforters and More","Chandni Chowk, Delhi",110006,furniture stores,4.9,228,0,1,1,0,,10,OPERATIONAL
AMAR FURNISHING & AMAR ENTERPRISES (best curtain and upholstery shop),"Chandni Chowk, Delhi",110006,furniture stores,4.6,83,0,0,1,0,,7,OPERATIONAL
Shree Shyam Furnishing,"Chandni Chowk, Delhi",110006,furniture stores,4.8,28,0,1,1,0,,4,OPERATIONAL
Award Furnishing,"Chandni Chowk, Delhi",110006,furniture stores,4.1,61,0,0,1,0,,8,OPERATIONAL
"D'Decor Store ""Ram Narain Jitender Kumar""","Chandni Chowk, Delhi",110006,furniture stores,4.8,123,0,1,1,0,,8,OPERATIONAL
"VKG - V. Kishanchand Gangaram Wholesale Bedding Store in Chandni Chowk, Delhi - Bedsheets, Blankets, Comforters and more","Chandni Chowk, Delhi",110006,furniture stores,4.7,137,0,1,0,0,,9,OPERATIONAL
Amar Nath & Co. | best wholesale curtain shop in delhi | Premium curtain & sofa fabrics,"Chandni Chowk, Delhi",110006,furniture stores,4.6,14,0,0,1,0,,10,OPERATIONAL
Reliable Drapes l Wholesale Curtain shop in Delhi l Sofa fabrics in Delhi,"Chandni Chowk, Delhi",110006,furniture stores,4.6,32,0,0,1,0,,8,OPERATIONAL
Gurmeet Textiles- best curtain shop in delhi / curtain wholesale/ sofa fabric in delhi,"Chandni Chowk, Delhi",110006,furniture stores,4.0,307,0,0,1,0,,4,OPERATIONAL
RAM RICHHPAL AJAY KUMAR (since 1949),"Chandni Chowk, Delhi",110006,furniture stores,5.0,88,0,0,1,0,,4,OPERATIONAL
"Inder Singh & co, 4678/2, mahabir Bazar, cloth market fatehpuri, delhi","Chandni Chowk, Delhi",110006,furniture stores,4.3,46,0,0,1,0,,10,OPERATIONAL
Shree Krishna Tent & Furniture,"Chandni Chowk, Delhi",110006,furniture stores,4.0,51,0,1,1,0,,7,OPERATIONAL
Kanahia Stores,"Chandni Chowk, Delhi",110006,mobile shops,4.9,504,0,1,1,0,,6,OPERATIONAL
Phone O Chowk,"Chandni Chowk, Delhi",110006,mobile shops,5.0,40,0,0,1,0,,4,OPERATIONAL
Mobile shop,"Chandni Chowk, Delhi",110006,mobile shops,4.1,56,0,0,0,0,,2,OPERATIONAL
Zohan Communication House,"Chandni Chowk, Delhi",110006,mobile shops,4.7,68,0,1,1,0,,6,OPERATIONAL
A. K. Mobile Store,"Chandni Chowk, Delhi",110006,mobile shops,3.9,12,0,0,1,0,,4,OPERATIONAL
Hotspot Mobile Store,"Chandni Chowk, Delhi",110002,mobile shops,5.0,1262,0,1,1,0,,4,OPERATIONAL
Golden Mobile Shop,"Chandni Chowk, Delhi",110006,mobile shops,2.9,7,0,0,0,0,,4,OPERATIONAL
Suri,"Chandni Chowk, Delhi",110006,mobile shops,4.3,20,0,0,1,0,,5,OPERATIONAL
"Sell Phone At Gizmo Geeks Phone Shop | Sell Your Old Phones, Laptops & Tablets - Instant Cash Deals | Buy Sell & Exchange","Chandni Chowk, Delhi",110006,mobile shops,4.8,43,0,1,1,0,,4,OPERATIONAL
My Jio Store,"Chandni Chowk, Delhi",110006,mobile shops,4.3,1141,0,1,1,0,,6,OPERATIONAL
Future zone mobile showroom,"Chandni Chowk, Delhi",110002,mobile shops,5.0,83,0,0,1,0,,4,OPERATIONAL
Ashish Communication,"Chandni Chowk, Delhi",110006,mobile shops,4.0,46,0,1,1,0,,4,OPERATIONAL
BADSHAH PREMIUM GADGET AND MOBILE,"Chandni Chowk, Delhi",110002,mobile shops,3.2,21,0,0,1,0,,5,OPERATIONAL
AMBER TELE SHOPPE PRIVATE LIMITED,"Chandni Chowk, Delhi",,mobile shops,4.2,158,0,1,1,0,,8,OPERATIONAL
Padmawati Jewellers Shop No. 254,"Chandni Chowk, Delhi",110006,jewellery shops,4.8,654,0,1,1,0,,6,OPERATIONAL
Paramount Jewels (Unit of Paramount Ornaments Pvt Ltd),"Chandni Chowk, Delhi",110006,jewellery shops,4.9,1053,0,1,1,0,,7,OPERATIONAL
Swati Ornaments Private Limited - Silver Jewellery Wholesalers In Chandni Chowk,"Chandni Chowk, Delhi",110006,jewellery shops,4.8,1454,0,1,1,0,,5,OPERATIONAL
Malabar Gold and Diamonds Chandni Chowk Delhi,"Chandni Chowk, Delhi",110006,jewellery shops,4.9,1544,0,1,1,0,,4,OPERATIONAL
"Kalyan Jewellers - Chandni Chowk, New Delhi","Chandni Chowk, Delhi",110006,jewellery shops,4.9,417,0,1,1,0,,4,OPERATIONAL
Kisna Diamond & Gold Jewellery - Chandni Chowk,"Chandni Chowk, Delhi",110006,jewellery shops,4.9,663,0,1,1,0,,6,OPERATIONAL
Shweta Ornaments Silver Studio Pvt Ltd,"Chandni Chowk, Delhi",110006,jewellery shops,4.9,1798,0,1,1,0,,4,OPERATIONAL
Jain Silver Arts Jewellery,"Chandni Chowk, Delhi",110006,jewellery shops,4.8,738,0,1,1,0,,4,OPERATIONAL
Yash Ornaments,"Chandni Chowk, Delhi",110006,jewellery shops,4.6,402,0,1,1,0,,5,OPERATIONAL
Jindal Jewellers - Diamond Jewellery Shop in Chandni Chowk,"Chandni Chowk, Delhi",110006,jewellery shops,4.7,147,0,1,1,0,,6,OPERATIONAL
Neha Jewellers Pvt Ltd,"Chandni Chowk, Delhi",110006,jewellery shops,3.8,456,0,0,1,0,,8,OPERATIONAL
Kanha Craft Jewels LLP - Gold Jewellery Wholesaler In Chandni Chowk,"Chandni Chowk, Delhi",110006,jewellery shops,5.0,446,0,1,1,0,,4,OPERATIONAL
Roop Jewellery House Private Limited,"Chandni Chowk, Delhi",110006,jewellery shops,3.9,165,0,0,1,0,,7,OPERATIONAL
"Mia By Tanishq - Chandni chowk, Delhi","Chandni Chowk, Delhi",110006,jewellery shops,4.9,362,0,1,1,0,,5,OPERATIONAL
Shri Ram Hari Ram Jewellers,"Chandni Chowk, Delhi",110006,jewellery shops,4.3,807,0,1,1,0,,8,OPERATIONAL
Sanmati Ornaments Pvt Ltd,"Chandni Chowk, Delhi",110006,jewellery shops,4.6,148,0,0,1,0,,4,OPERATIONAL
Bantu Gems & jewels ( Tulsi Fashion Jewellery),"Chandni Chowk, Delhi",110006,jewellery shops,5.0,255,0,1,1,0,,4,OPERATIONAL
Karishma Jewellers,"Chandni Chowk, Delhi",110006,jewellery shops,4.9,104,0,0,1,0,,4,OPERATIONAL
Sushil Kumar and Bros,"Chandni Chowk, Delhi",110006,hardware stores,4.2,138,0,1,1,0,,6,OPERATIONAL
Misra Brothers,"Chandni Chowk, Delhi",110006,hardware stores,5.0,101,0,0,1,0,,5,OPERATIONAL
Ruby Hardware Store,"Chandni Chowk, Delhi",110006,hardware stores,4.1,22,0,0,1,0,,5,OPERATIONAL
Rudra Dev Hardware Store,"Chandni Chowk, Delhi",110006,hardware stores,5.0,18,0,1,1,0,,5,OPERATIONAL
MUNNA LAL RAM DAYAL,"Chandni Chowk, Delhi",110006,hardware stores,4.9,445,0,1,1,0,,5,OPERATIONAL
Sri Sai Enterprises - Best hardware Shop in Chawri bazar,"Chandni Chowk, Delhi",110006,hardware stores,5.0,51,0,1,1,0,,5,OPERATIONAL
M.J. Hardware Store,"Chandni Chowk, Delhi",110006,hardware stores,4.0,3,0,0,1,0,,5,OPERATIONAL
Sachin Hardware,"Chandni Chowk, Delhi",110006,hardware stores,4.5,16,0,1,0,0,,5,OPERATIONAL
S.K.HARDWARE AND SANITARY,"Chandni Chowk, Delhi",110006,hardware stores,4.5,18,0,1,1,0,,6,OPERATIONAL
Delhi Hardware Store,"Chandni Chowk, Delhi",110006,hardware stores,4.6,7,0,0,1,0,,5,OPERATIONAL
Screw House,"Chandni Chowk, Delhi",110006,hardware stores,5.0,596,0,1,1,0,,7,OPERATIONAL
Munni Lal Jagan Nath,"Chandni Chowk, Delhi",110006,hardware stores,4.9,106,0,0,1,0,,5,OPERATIONAL
United Hardware Store,"Chandni Chowk, Delhi",110006,hardware stores,4.6,10,0,0,1,0,,5,OPERATIONAL
Surkhaab,"Model Town, Delhi",110009,restaurants,4.7,236,0,0,1,0,,4,OPERATIONAL
Mishran Sweets & Restaurant,"Model Town, Delhi",110009,restaurants,4.8,373,0,0,1,0,,5,OPERATIONAL
Parra By Imperfecto,"Model Town, Delhi",110033,restaurants,3.9,435,0,0,1,0,,4,OPERATIONAL
Masson's,"Model Town, Delhi",110033,restaurants,4.6,923,0,1,1,1,2.0,4,OPERATIONAL
Dosa Coffee,"Model Town, Delhi",110033,restaurants,4.5,896,0,1,1,0,,4,OPERATIONAL
Honey & Dough,"Model Town, Delhi",110033,restaurants,4.6,254,0,1,1,1,2.0,12,OPERATIONAL
Flos Music & Bar,"Model Town, Delhi",110033,restaurants,4.4,996,0,1,1,0,,9,OPERATIONAL
Barbeque Nation - Model Town,"Model Town, Delhi",110033,restaurants,4.1,1017,0,1,1,1,3.0,6,OPERATIONAL
Kibou Skydeck Delhi,"Model Town, Delhi",110009,restaurants,4.3,371,0,0,1,0,,5,OPERATIONAL
Delish Mama - Cake Studio & Cafe,"Model Town, Delhi",110033,restaurants,4.3,416,0,1,1,0,,9,OPERATIONAL
Haldiram's - Model Town,"Model Town, Delhi",110033,restaurants,4.2,5153,0,1,1,1,2.0,4,OPERATIONAL
The Model Town Cafe,"Model Town, Delhi",110033,restaurants,4.0,45,0,0,1,0,,16,OPERATIONAL
Udupi Darshini Veg Restaurant,"Model Town, Delhi",110033,restaurants,4.1,105,0,0,1,0,,6,OPERATIONAL
Eating Corner,"Model Town, Delhi",110009,restaurants,4.1,511,0,0,1,0,,6,OPERATIONAL
Greatwall Restro-Bar,"Model Town, Delhi",110033,restaurants,3.8,386,0,0,0,0,,10,OPERATIONAL
Hostess Chinese Wagon,"Model Town, Delhi",110033,restaurants,4.4,16,0,0,1,0,,5,OPERATIONAL
Dashi,"Model Town, Delhi",110033,restaurants,4.0,74,0,0,1,0,,4,OPERATIONAL
Meltora- Artisanal Café,"Model Town, Delhi",110033,cafes,4.6,139,0,1,1,0,,4,OPERATIONAL
Blue Tokai Coffee Roasters | Model Town,"Model Town, Delhi",110009,cafes,4.6,38,0,1,1,0,,8,OPERATIONAL
Starbucks Coffee | Model Town | Delhi,"Model Town, Delhi",110033,cafes,4.9,431,0,1,1,1,3.0,7,OPERATIONAL
Barista - Model Town,"Model Town, Delhi",110033,cafes,4.5,530,0,1,1,1,2.0,13,OPERATIONAL
Ivory Brew Coffee,"Model Town, Delhi",110009,cafes,4.7,126,0,1,1,0,,7,OPERATIONAL
Wafflesome,"Model Town, Delhi",110033,cafes,5.0,23,0,1,0,0,,5,OPERATIONAL
Steam &Bean,"Model Town, Delhi",110033,cafes,5.0,18,0,1,1,0,,4,OPERATIONAL
Ammy's Coffee,"Model Town, Delhi",110009,cafes,4.2,45,0,1,1,0,,4,OPERATIONAL
Delish Mama - Gelato & Cafe,"Model Town, Delhi",110033,cafes,4.6,259,0,1,1,0,,8,OPERATIONAL
TOYO CAFE,"Model Town, Delhi",110033,cafes,4.9,217,0,0,1,0,,4,OPERATIONAL
Echoes,"Model Town, Delhi",110033,cafes,4.4,4906,0,0,1,1,2.0,12,OPERATIONAL
"Geetanjali Salon - Model Town 2, New Delhi","Model Town, Delhi",110033,salons,4.7,1722,0,1,1,0,,10,OPERATIONAL
Toni&Guy Model Town,"Model Town, Delhi",110033,salons,4.8,1073,0,1,1,0,,5,OPERATIONAL
SLAM SALON A LUXURY SALON,"Model Town, Delhi",110033,salons,4.9,568,0,0,1,0,,11,OPERATIONAL
Hair Candy Luxury Salon Model Town,"Model Town, Delhi",110009,salons,4.5,71,0,1,1,0,,4,OPERATIONAL
Beauty Station By Shikha Dua,"Model Town, Delhi",110033,salons,4.7,1387,0,1,1,0,,7,OPERATIONAL
Looks Salon - Unisex Salon | Beauty and Hair Salon,"Model Town, Delhi",110033,salons,4.2,407,0,1,1,0,,7,OPERATIONAL
Snip Stylish Salon-Best Women Salon In Model Town-Best Salon In Model Town,"Model Town, Delhi",110033,salons,4.7,107,0,0,1,0,,4,OPERATIONAL
"Hair Masters Luxury Salon, Model Town","Model Town, Delhi",110009,salons,4.4,177,0,1,1,0,,13,OPERATIONAL
The Slam by LAKSHMI Unisex Salon,"Model Town, Delhi",110033,salons,4.6,180,0,0,1,0,,13,OPERATIONAL
Style Professional By Sushil,"Model Town, Delhi",110033,salons,4.9,47,0,1,1,0,,7,OPERATIONAL
Mirror Theory Salon,"Model Town, Delhi",110009,salons,4.6,52,0,0,0,0,,3,OPERATIONAL
"Studio One Unisex Salon | Delhi, India","Model Town, Delhi",110033,salons,4.9,321,0,0,1,0,,4,OPERATIONAL
Style N More.,"Model Town, Delhi",110033,salons,4.8,225,0,0,1,0,,11,OPERATIONAL
Brij Kohli Makeovers,"Model Town, Delhi",110009,salons,4.0,102,0,0,1,0,,7,OPERATIONAL
Gauri Handa Studio,"Model Town, Delhi",110033,salons,4.9,108,0,0,1,0,,7,OPERATIONAL
Beauty Blend Salon,"Model Town, Delhi",110033,salons,4.7,100,0,1,1,0,,16,OPERATIONAL
Penaik’s Nails n lashes | Beauty Bar - Nail studio in model town - Best Nail Salon in model town,"Model Town, Delhi",110033,salons,4.9,322,0,0,1,0,,5,OPERATIONAL
as unique beauty hair and makeup studio,"Model Town, Delhi",110033,salons,4.1,47,0,1,1,0,,5,OPERATIONAL
Nothing Before Nails,"Model Town, Delhi",110009,salons,5.0,160,0,1,1,0,,5,OPERATIONAL
Anytime Fitness,"Model Town, Delhi",110009,gyms,4.7,1793,0,1,1,0,,6,OPERATIONAL
Ozone Luxury Fitness ‘n’ Spa Model Town,"Model Town, Delhi",110033,gyms,4.8,623,0,1,1,0,,5,OPERATIONAL
Muscle Junkie - Available on Cult Fit | Gym In Model Town,"Model Town, Delhi",110033,gyms,4.5,135,0,1,1,0,,6,OPERATIONAL
easyGym Model Town,"Model Town, Delhi",110033,gyms,4.4,185,0,1,1,0,,6,OPERATIONAL
Fitness Tree,"Model Town, Delhi",110009,gyms,4.9,239,0,0,1,0,,5,OPERATIONAL
P Cube Fitness | Model Town Delhi,"Model Town, Delhi",110033,gyms,4.3,171,0,1,1,0,,5,OPERATIONAL
"Cult Model Town | Best Gym in Model Town Phase 2, New Delhi","Model Town, Delhi",110033,gyms,4.3,308,0,1,1,0,,13,OPERATIONAL
Dynamic Fitness And Crossfit - Gym in Model Town,"Model Town, Delhi",110033,gyms,4.6,29,0,1,1,0,,15,OPERATIONAL
The Pit Gym,"Model Town, Delhi",110033,gyms,4.9,54,0,1,1,0,,5,OPERATIONAL
Fitnesstack - Best Supplement Store in Model Town,"Model Town, Delhi",110009,gyms,4.9,1895,0,1,1,0,,6,OPERATIONAL
NevRst,"Model Town, Delhi",110033,gyms,4.6,18,0,0,0,0,,5,OPERATIONAL
All Girls Fitness,"Model Town, Delhi",110033,gyms,3.7,19,0,1,1,0,,5,OPERATIONAL
The Fit Vibe Gym,"Model Town, Delhi",110033,gyms,4.8,16,0,0,0,0,,6,OPERATIONAL
Big Punch Health Club,"Model Town, Delhi",110033,gyms,4.3,11,0,0,0,0,,5,OPERATIONAL
Kaizen.fit,"Model Town, Delhi",110009,gyms,5.0,17,0,0,1,0,,6,OPERATIONAL
Pilates d’Luxe - Luxurious French Pilates Studio Model Town,"Model Town, Delhi",110009,gyms,5.0,36,0,1,1,0,,7,OPERATIONAL
HIT GYM,"Model Town, Delhi",110009,gyms,4.7,48,0,1,1,0,,5,OPERATIONAL
BigMuscles Nutrition Store in Model Town | Multi-Brand Outlet,"Model Town, Delhi",110033,gyms,4.9,509,0,1,1,0,,12,OPERATIONAL
Sweatnstretch - Best Fitness Classes In Model Town - Yoga Classes In Model Town,"Model Town, Delhi",110009,gyms,4.8,51,0,1,1,0,,6,OPERATIONAL
QIAH,"Model Town, Delhi",110033,clothing stores,4.7,231,0,1,1,0,,4,OPERATIONAL
Vijay Store (a complete Family Store),"Model Town, Delhi",110033,clothing stores,4.1,1018,0,0,1,0,,4,OPERATIONAL
Stanmax,"Model Town, Delhi",110033,clothing stores,4.6,976,0,1,1,0,,5,OPERATIONAL
Knock Out Styles,"Model Town, Delhi",110033,clothing stores,4.5,45,0,0,1,0,,5,OPERATIONAL
Pankh Clothing,"Model Town, Delhi",110033,clothing stores,4.3,278,0,1,1,0,,4,OPERATIONAL
Novelty Dress Emporium Pvt Ltd,"Model Town, Delhi",110009,clothing stores,3.5,33,0,0,0,0,,5,OPERATIONAL
"AND - Model Town, Delhi","Model Town, Delhi",110033,clothing stores,4.8,35,0,1,1,0,,5,OPERATIONAL
Element By Disha Saluja,"Model Town, Delhi",110033,clothing stores,4.6,48,0,1,1,0,,4,OPERATIONAL
Casmir,"Model Town, Delhi",110033,clothing stores,4.1,123,0,0,1,0,,4,OPERATIONAL
Jalwa Apparels by Nidhi Kejriwal,"Model Town, Delhi",110033,clothing stores,4.5,35,0,1,1,0,,4,OPERATIONAL
ETHNIC TOWN,"Model Town, Delhi",110009,clothing stores,3.7,10,0,0,1,0,,4,OPERATIONAL
Go Colors - Model Town | Women's Bottom Wear Store,"Model Town, Delhi",110033,clothing stores,3.9,16,0,1,1,0,,6,OPERATIONAL
Stitch and Style by Manya Chawla,"Model Town, Delhi",110033,clothing stores,4.7,28,0,0,1,0,,4,OPERATIONAL
Westside - Modal Town Delhi,"Model Town, Delhi",110009,clothing stores,3.8,15,0,1,1,0,,4,OPERATIONAL
Lakshita,"Model Town, Delhi",110033,clothing stores,3.7,11,0,1,1,0,,4,OPERATIONAL
TESORO BY SANIA,"Model Town, Delhi",110033,clothing stores,5.0,42,0,0,1,0,,3,OPERATIONAL
TPS Clothing,"Model Town, Delhi",110033,clothing stores,2.9,78,0,1,1,0,,4,OPERATIONAL
Pehnava by Divya,"Model Town, Delhi",110033,clothing stores,4.7,3,0,0,0,0,,5,OPERATIONAL
Anju Kohli Boutique,"Model Town, Delhi",110033,clothing stores,4.8,14,0,0,1,0,,4,OPERATIONAL
Sarla's Studio by Sarla Toshniwal,"Model Town, Delhi",110033,clothing stores,4.3,26,0,0,1,0,,6,OPERATIONAL
Kwality Bazaar,"Model Town, Delhi",110033,grocery stores,4.0,175,0,0,0,0,,7,OPERATIONAL
Rajmandir Hypermarket Model Town,"Model Town, Delhi",110033,grocery stores,3.7,245,0,1,1,0,,4,OPERATIONAL
Freshly Grown,"Model Town, Delhi",110033,grocery stores,4.6,172,0,1,1,0,,10,OPERATIONAL
Shri Ram Store,"Model Town, Delhi",110033,grocery stores,4.9,10,0,1,1,0,,6,OPERATIONAL
MINISO,"Model Town, Delhi",110033,grocery stores,4.1,302,0,1,1,0,,4,OPERATIONAL
"We Grocer by GANPATJEE, Model Town | Wholesale Dry Fruits , Spices, Kirana","Model Town, Delhi",110009,grocery stores,4.9,58,0,1,1,0,,10,OPERATIONAL
Puneet Departmental Store,"Model Town, Delhi",110033,grocery stores,4.2,70,0,0,1,0,,6,OPERATIONAL
Naveen Electronics,"Model Town, Delhi",110009,grocery stores,4.0,543,0,1,1,0,,4,OPERATIONAL
Sethi General Store,"Model Town, Delhi",110033,grocery stores,4.4,82,0,1,0,0,,7,OPERATIONAL
Electronics Mart - Model Town,"Model Town, Delhi",110033,grocery stores,4.9,330,0,1,1,0,,4,OPERATIONAL
Mithala Haat,"Model Town, Delhi",110033,grocery stores,3.8,76,0,0,1,0,,9,OPERATIONAL
Good To Go Store - Model Town,"Model Town, Delhi",110033,grocery stores,3.8,12,0,1,1,0,,4,OPERATIONAL
Prince Departmental Store,"Model Town, Delhi",110033,grocery stores,4.1,46,0,0,1,0,,4,OPERATIONAL
"HealthKart - Model Town, New Delhi","Model Town, Delhi",110009,grocery stores,4.5,142,0,1,1,0,,8,OPERATIONAL
Reliance Digital,"Model Town, Delhi",110033,grocery stores,4.8,5226,0,1,1,0,,4,OPERATIONAL
ELECTRONICS SALES DELHI - MBO,"Model Town, Delhi",110033,electronics shops,4.9,73,0,1,1,0,,4,OPERATIONAL
Vardhman Electronics | Adarsh Nagar | New Delhi,"Model Town, Delhi",110033,electronics shops,4.4,493,0,1,1,0,,6,OPERATIONAL
LG Best Shop- Electronic Sales Delhi,"Model Town, Delhi",110033,electronics shops,4.8,501,0,1,1,0,,6,OPERATIONAL
Long Life Electricals,"Model Town, Delhi",110033,electronics shops,4.2,19,0,0,1,0,,6,OPERATIONAL
Croma - Civil Lines,"Model Town, Delhi",110054,electronics shops,4.7,3846,0,1,1,0,,5,OPERATIONAL
Pravesh gaur electrical,"Model Town, Delhi",110009,electronics shops,4.9,51,0,0,1,0,,5,OPERATIONAL
Samsung Experience Store Model Town Iii,"Model Town, Delhi",110009,electronics shops,5.0,10,0,1,1,0,,6,OPERATIONAL
VIJAY SALES - BHAJANPURA,"Model Town, Delhi",110094,electronics shops,4.9,832,0,1,1,0,,4,OPERATIONAL
Shri Shyam Ji Electricals and Enterprises,"Model Town, Delhi",110033,electronics shops,4.7,3,0,0,1,0,,4,OPERATIONAL
R.K. Electricals,"Model Town, Delhi",110033,electronics shops,5.0,1,0,0,1,0,,4,OPERATIONAL
Prem Electricals,"Model Town, Delhi",110033,electronics shops,4.0,6,0,0,1,0,,6,OPERATIONAL
Computer Electronics,"Model Town, Delhi",110007,electronics shops,4.1,150,0,1,1,0,,4,OPERATIONAL
Dr. Renuka Tele-clinic ( best doctor in Delhi),"Model Town, Delhi",110033,clinics,4.9,112,0,1,1,0,,7,OPERATIONAL
Medical Care Clinic (Best General Physician Doctor and Diabetologist in North Delhi),"Model Town, Delhi",110009,clinics,5.0,165,0,1,0,0,,7,OPERATIONAL
"Jivisha Clinic - Dr Akriti Gupta (Best Dermatologist) Gujranwala Town, Model town","Model Town, Delhi",110033,clinics,5.0,30,0,1,1,0,,10,OPERATIONAL
North Delhi Uro & Gynae clinic - Dr Anju Bala & Dr Kumar Saurav,"Model Town, Delhi",110033,clinics,4.9,428,0,1,1,0,,5,OPERATIONAL
Clinic Dermatech Model Town II - Laser Hair Removal In Delhi | Slimming Centre | PRP Clinic | Roboderma & Photofacial,"Model Town, Delhi",110033,clinics,4.7,387,0,1,1,0,,12,OPERATIONAL
"Little Hugs HealthCare Clinic-Pediatrician, Ped. Pulmonologist, Child Lung Specialist, Allergy Specialist -Model Town","Model Town, Delhi",110009,clinics,5.0,91,0,0,1,0,,4,OPERATIONAL
SkinLush Clinic (Dr Manisha Chauhan) Best Dermatologist Specialist Doctor in Model Town,"Model Town, Delhi",110033,clinics,4.8,422,0,1,1,0,,6,OPERATIONAL
Dr Moushmi Gautam( Shashi Clinic),"Model Town, Delhi",110009,clinics,5.0,111,0,1,1,0,,4,OPERATIONAL
Skinnovation Clinics,"Model Town, Delhi",110009,clinics,4.3,177,0,1,1,0,,9,OPERATIONAL
Evoke Hair Clinic - Model Town,"Model Town, Delhi",110009,clinics,5.0,33,0,1,1,0,,11,OPERATIONAL
Dr Lal PathLabs - Patient Service Centre,"Model Town, Delhi",110033,clinics,4.8,270,0,1,1,0,,4,OPERATIONAL
Dr Pearl's Dental Studio Dental Clinic | Dentist Model Town | Braces | Root Canal Treatment | Dental Implant,"Model Town, Delhi",110033,clinics,5.0,271,0,1,1,0,,8,OPERATIONAL
Dr. Sandeep's Smile Care,"Model Town, Delhi",110033,clinics,4.7,126,0,1,1,0,,5,OPERATIONAL
Dr Lal PathLabs - Patient Service Centre,"Model Town, Delhi",110033,clinics,4.9,186,0,1,1,0,,4,OPERATIONAL
Dr. Haror's Wellness - Dermatologist Delhi | Hair Transplant & Skin Care Clinic | Laser Hair Removal & Weight Loss Treatment,"Model Town, Delhi",110033,clinics,4.8,119,0,1,1,0,,11,OPERATIONAL
Dr Pearl Bhardwaj :Dental Clinic (Dentist in Model Town),"Model Town, Delhi",110033,clinics,5.0,34,0,1,1,0,,7,OPERATIONAL
Dr Kishwar's Smile Care,"Model Town, Delhi",110009,clinics,5.0,32,0,0,1,0,,5,OPERATIONAL
Dt Dr Komal Jain ( Model town branch),"Model Town, Delhi",110033,clinics,5.0,10,0,0,1,0,,5,OPERATIONAL
Dr.Ashok Wasan ENT Specialist,"Model Town, Delhi",110033,clinics,4.1,268,0,0,1,0,,4,OPERATIONAL
Pachouli Aesthetics & Wellness Clinic,"Model Town, Delhi",110033,clinics,4.1,430,0,1,1,0,,12,OPERATIONAL
The Bakistry - Custom Cakes in Delhi NCR,"Model Town, Delhi",110033,bakeries,4.8,140,0,1,1,0,,6,OPERATIONAL
"Theobroma Bakery and Cake Shop - Model Town, New Delhi","Model Town, Delhi",110009,bakeries,4.3,242,0,1,1,0,,13,OPERATIONAL
The Master Bakers | Hudson Lane,"Model Town, Delhi",110033,bakeries,4.7,558,0,1,1,0,,15,OPERATIONAL
Otik Cake Shop,"Model Town, Delhi",110033,bakeries,4.2,196,0,1,1,0,,11,OPERATIONAL
Bakers stop,"Model Town, Delhi",110033,bakeries,4.0,48,0,0,1,0,,6,OPERATIONAL
Willys Cake | Muffins | Chocolate brownie | Birthday | Wedding | CupCakes | Bakery and Cake Shop,"Model Town, Delhi",110033,bakeries,4.9,123,0,1,1,0,,15,OPERATIONAL
Pink Apron Cakes & Desserts,"Model Town, Delhi",110033,bakeries,5.0,27,0,0,1,0,,6,OPERATIONAL
Janita's Cakes and Packs,"Model Town, Delhi",110009,bakeries,4.9,92,0,1,1,0,,6,OPERATIONAL
Samrat Bakers,"Model Town, Delhi",110033,bakeries,3.9,785,0,0,1,1,2.0,6,OPERATIONAL
CakeWalk,"Model Town, Delhi",110033,bakeries,4.4,31,0,0,1,0,,6,OPERATIONAL
Small Joys by Deepika,"Model Town, Delhi",110033,bakeries,4.9,27,0,0,0,0,,6,OPERATIONAL
Bikaner Sweet House,"Model Town, Delhi",110033,bakeries,4.0,396,0,0,1,0,,8,OPERATIONAL
For Gods Cake,"Model Town, Delhi",110033,bakeries,3.9,446,0,0,1,1,2.0,6,OPERATIONAL
"PURI BAKERS | Best Bakery in Model Town, Delhi","Model Town, Delhi",110009,bakeries,3.7,56,0,0,1,0,,13,OPERATIONAL
Mr. Crust Bakers,"Model Town, Delhi",110033,bakeries,4.3,444,0,1,1,0,,6,OPERATIONAL
Cake Bake Shake,"Model Town, Delhi",110033,bakeries,3.9,826,0,0,1,1,2.0,11,OPERATIONAL
Zeelab Pharmacy - Model Town,"Model Town, Delhi",110033,pharmacies,5.0,1615,0,1,1,0,,5,OPERATIONAL
Apollo Pharmacy Model Town,"Model Town, Delhi",110033,pharmacies,3.4,37,0,1,1,0,,8,OPERATIONAL
Bharat Pharma,"Model Town, Delhi",110033,pharmacies,4.5,14,0,0,0,0,,5,OPERATIONAL
Satnam Pharmacy,"Model Town, Delhi",110033,pharmacies,3.0,4,0,0,1,0,,5,OPERATIONAL
Robust Health Solution,"Model Town, Delhi",110033,pharmacies,4.9,13,0,0,1,0,,7,OPERATIONAL
The Chemist,"Model Town, Delhi",110033,pharmacies,3.9,8,0,0,1,0,,5,OPERATIONAL
One Bharat Pharmacy - Mukherjee Nagar,"Model Town, Delhi",110009,pharmacies,5.0,34,0,1,1,0,,6,OPERATIONAL
MEDICINE BAZZAR,"Model Town, Delhi",110033,pharmacies,4.1,11,0,0,1,0,,5,OPERATIONAL
Medicine Hub,"Model Town, Delhi",110033,pharmacies,4.8,8,0,0,1,0,,5,OPERATIONAL
Guardian Pharmacy,"Model Town, Delhi",110033,pharmacies,4.0,5,0,1,0,0,,5,OPERATIONAL
Super Chemist,"Model Town, Delhi",110033,pharmacies,5.0,3,0,0,1,0,,5,OPERATIONAL
Apollo Pharmacy Gtb Nagar,"Model Town, Delhi",110033,pharmacies,4.1,30,0,1,1,0,,8,OPERATIONAL
Narula Medical Store,"Model Town, Delhi",110009,pharmacies,5.0,7,0,0,1,0,,5,OPERATIONAL
Bala ji Pharmacy,"Model Town, Delhi",110033,pharmacies,5.0,1,0,0,1,0,,5,OPERATIONAL
Your Chemists For LIfe,"Model Town, Delhi",110033,pharmacies,2.3,7,0,0,1,0,,5,OPERATIONAL
Pride Medicos,"Model Town, Delhi",110033,pharmacies,5.0,9,0,0,1,0,,5,OPERATIONAL
Inder Medicos,"Model Town, Delhi",110033,pharmacies,4.0,2,0,0,1,0,,5,OPERATIONAL
Satyawati Drugs & Departmental Store,"Model Town, Delhi",110007,pharmacies,4.2,2084,0,0,1,0,,6,OPERATIONAL
Apollo Pharmacy Mukherjee Nagar,"Model Town, Delhi",110033,pharmacies,4.2,121,0,1,1,0,,8,OPERATIONAL
BEST TUTORS in DELHI,"Model Town, Delhi",110033,tutoring centers,4.9,137,0,1,1,0,,3,OPERATIONAL
Kumon Maths & English Classes:Best Kids Learning Centre in Model Town,"Model Town, Delhi",110033,tutoring centers,4.7,98,0,1,1,0,,7,OPERATIONAL
Aryabhatta Mathematics Class,"Model Town, Delhi",110033,tutoring centers,5.0,5,0,0,0,0,,3,OPERATIONAL
sanjay patil tuition classes,"Model Town, Delhi",110033,tutoring centers,4.8,89,0,0,1,0,,4,OPERATIONAL
Edu Temple,"Model Town, Delhi",110033,tutoring centers,4.3,11,0,0,1,0,,3,OPERATIONAL
Vineeta Malani's Classes,"Model Town, Delhi",110033,tutoring centers,5.0,243,0,0,1,0,,3,OPERATIONAL
LANGUAGE TUTOR GERMAN SPANISH FRENCH SANSKRIT,"Model Town, Delhi",110007,tutoring centers,4.9,159,0,0,0,0,,2,OPERATIONAL
Cuemath Online Tution Center,"Model Town, Delhi",110033,tutoring centers,5.0,94,0,1,1,0,,3,OPERATIONAL
Phonic Land By Kiran Singh,"Model Town, Delhi",110009,tutoring centers,5.0,117,0,1,1,0,,3,OPERATIONAL
Maths home tution,"Model Town, Delhi",110033,tutoring centers,5.0,1,0,0,0,0,,3,OPERATIONAL
Tanu Aggarwal Tuition & Hobby Classes,"Model Town, Delhi",110033,tutoring centers,5.0,11,0,0,0,0,,3,OPERATIONAL
Horizons Institute,"Model Town, Delhi",110033,tutoring centers,5.0,11,0,0,0,0,,3,OPERATIONAL
Cuemath Math Learning Center | Ms Jeevika Kataria,"Model Town, Delhi",110033,tutoring centers,5.0,4,0,0,0,0,,6,OPERATIONAL
Smart Choice Academy for IELTS PTE TOEFL Spoken English & Counselling for study abroad,"Model Town, Delhi",110033,tutoring centers,5.0,38,0,1,1,0,,3,OPERATIONAL
Home Tutors Academy,"Model Town, Delhi",110033,tutoring centers,4.8,114,0,1,1,0,,2,OPERATIONAL
BEST TUTOR NOW,"Model Town, Delhi",110009,tutoring centers,4.9,232,0,1,1,0,,3,OPERATIONAL
SHILKAPMA CLASSES (SKM CLASSES),"Model Town, Delhi",110009,tutoring centers,4.8,130,0,1,1,0,,7,OPERATIONAL
Kinder Quest | Kids Second Home | Best Preschool & Daycare in Delhi,"Model Town, Delhi",110033,tutoring centers,5.0,37,0,1,1,0,,7,OPERATIONAL
The Sleep Company Experience Store - Model Town,"Model Town, Delhi",110033,furniture stores,5.0,625,0,1,1,0,,7,OPERATIONAL
Faber Platinum Store (Model Town Delhi),"Model Town, Delhi",110009,furniture stores,4.7,23,0,1,1,0,,9,OPERATIONAL
Exzotic Bedding Hub,"Model Town, Delhi",110033,furniture stores,5.0,15,0,0,1,0,,4,OPERATIONAL
Azka enterprises sofa and chair,"Model Town, Delhi",110033,furniture stores,4.6,10,0,0,1,0,,4,OPERATIONAL
Taneja Furniture,"Model Town, Delhi",110033,furniture stores,4.9,66,0,0,1,0,,8,OPERATIONAL
KALIKA FURNITURE,"Model Town, Delhi",110033,furniture stores,4.2,6,0,0,0,0,,6,OPERATIONAL
Prakash's,"Model Town, Delhi",110009,furniture stores,5.0,1,0,0,0,0,,6,OPERATIONAL
minimoon the babyStore Model Town-2 Delhi-09,"Model Town, Delhi",110033,furniture stores,4.8,888,0,1,1,0,,6,OPERATIONAL
K K Foam Traders,"Model Town, Delhi",110033,furniture stores,4.9,816,0,0,1,0,,6,OPERATIONAL
Vagmine kitchen & furniture studio,"Model Town, Delhi",110033,furniture stores,3.1,29,0,1,1,0,,9,OPERATIONAL
PLANET MOBILE,"Model Town, Delhi",110033,mobile shops,5.0,37,0,0,1,0,,4,OPERATIONAL
VIPUL TELECOM - Cell Phones in Delhi,"Model Town, Delhi",110054,mobile shops,5.0,286,0,1,1,0,,7,OPERATIONAL
Hi Fly Infotech - Phonlo Prime Partner,"Model Town, Delhi",110033,mobile shops,4.4,476,0,1,1,0,,4,OPERATIONAL
Grover Mobile Care,"Model Town, Delhi",110033,mobile shops,3.5,21,0,0,1,0,,4,OPERATIONAL
Mobile Palace,"Model Town, Delhi",110033,mobile shops,3.7,6,0,0,0,0,,4,OPERATIONAL
"Authorized Samsung Mobiles Stores - Model Town, New Delhi","Model Town, Delhi",110009,mobile shops,1.0,1,0,1,1,0,,7,OPERATIONAL
EMIBABA,"Model Town, Delhi",110033,mobile shops,4.2,99,0,1,1,0,,4,OPERATIONAL
Wizard digitek computers pvt ltd,"Model Town, Delhi",110053,mobile shops,4.6,3465,0,0,1,0,,4,OPERATIONAL
R N Jewellers Private Ltd Model Town,"Model Town, Delhi",110009,jewellery shops,4.3,78,0,1,1,0,,4,OPERATIONAL
"BlueStone Jewellery Model Town, New Delhi","Model Town, Delhi",110009,jewellery shops,4.9,223,0,1,1,0,,8,OPERATIONAL
"CaratLane Jewellery Model Town, Delhi","Model Town, Delhi",110033,jewellery shops,5.0,1743,0,1,1,0,,5,OPERATIONAL
Chharia Jewellers,"Model Town, Delhi",110009,jewellery shops,4.6,10,0,0,1,0,,4,OPERATIONAL
Arna Jewels,"Model Town, Delhi",110009,jewellery shops,5.0,14,0,0,1,0,,4,OPERATIONAL
Cash My Gold Model Town,"Model Town, Delhi",110033,jewellery shops,4.7,58,0,0,1,0,,4,OPERATIONAL
Oswal Jewellers,"Model Town, Delhi",110033,jewellery shops,5.0,5,0,0,1,0,,4,OPERATIONAL
DITYA JEWELS,"Model Town, Delhi",110033,jewellery shops,5.0,13,0,1,1,0,,4,OPERATIONAL
The Sapphire Box,"Model Town, Delhi",110033,jewellery shops,5.0,12,0,0,1,0,,4,OPERATIONAL
The Diamond Boss,"Model Town, Delhi",110033,jewellery shops,5.0,7,0,1,1,0,,4,OPERATIONAL
R.N. Kapoor Jewellers Pvt. Ltd.-(RAJINDER KAPOOR),"Model Town, Delhi",110033,jewellery shops,4.3,17,0,0,1,0,,4,OPERATIONAL
"24Karat we buy gold (Model Town) Where to sell gold, old gold jewellery buyer","Model Town, Delhi",110033,jewellery shops,4.9,431,0,1,1,0,,7,OPERATIONAL
SEHGAL JEWELS PRIVATE LIMITED,"Model Town, Delhi",110033,jewellery shops,4.3,286,0,1,0,0,,4,OPERATIONAL
Craft Chef Gallery,"Model Town, Delhi",110033,jewellery shops,4.0,5,0,1,1,0,,8,OPERATIONAL
Nagi Jewellers,"Model Town, Delhi",110035,jewellery shops,3.8,81,0,0,1,0,,4,OPERATIONAL
Akshaj Jewels,"Model Town, Delhi",110033,jewellery shops,5.0,3,0,0,0,0,,4,OPERATIONAL
Mitra Gems,"Model Town, Delhi",110033,jewellery shops,4.7,3,0,0,0,0,,4,OPERATIONAL
New Rajdhani Sanitary Emporium,"Model Town, Delhi",110033,hardware stores,4.2,10,0,0,1,0,,6,OPERATIONAL
Parth Hardware & Sanitary Store,"Model Town, Delhi",110033,hardware stores,5.0,2,0,0,1,0,,5,OPERATIONAL
Mittar Sain & Sons,"Model Town, Delhi",110033,hardware stores,4.3,7,0,0,1,0,,5,OPERATIONAL
Balaji electric & hardware,"Model Town, Delhi",110033,hardware stores,4.8,4,0,0,1,0,,5,OPERATIONAL
Universal Hardware & Mill Store,"Model Town, Delhi",110033,hardware stores,4.7,10,0,0,0,0,,5,OPERATIONAL
Republic Sanitary & Hardware Store,"Model Town, Delhi",110033,hardware stores,4.2,6,0,0,1,0,,9,OPERATIONAL
Vinni Hardware,"Model Town, Delhi",110033,hardware stores,3.0,4,0,0,1,0,,5,OPERATIONAL
Team Kitchen & Bar,"Shahdara, Delhi",110032,restaurants,4.9,1122,0,1,1,0,,9,OPERATIONAL
Zaika E Dilli- Best veg restaurant,"Shahdara, Delhi",110032,restaurants,4.5,268,0,0,1,0,,5,OPERATIONAL
LEAP OF TASTE,"Shahdara, Delhi",110032,restaurants,4.8,1603,0,0,1,0,,5,OPERATIONAL
London Street Cafe,"Shahdara, Delhi",110032,restaurants,4.6,3396,0,1,1,1,2.0,12,OPERATIONAL
Dilli 32,"Shahdara, Delhi",110032,restaurants,4.7,1166,0,1,1,0,,7,OPERATIONAL
Mr. Jain Restaurant & Cafe,"Shahdara, Delhi",110032,restaurants,4.3,271,0,0,1,0,,4,OPERATIONAL
Eleven To Eleven,"Shahdara, Delhi",110032,restaurants,4.0,2466,0,1,1,1,2.0,14,OPERATIONAL
The Shahi Foods - Sardarji Chaap Wale,"Shahdara, Delhi",110032,restaurants,4.2,1065,0,0,1,1,2.0,8,OPERATIONAL
Dilli Darbar Food Pvt Ltd,"Shahdara, Delhi",110032,restaurants,3.8,5198,0,1,1,1,2.0,12,OPERATIONAL
Bikanervala | Jyoti Nagar Shahdara,"Shahdara, Delhi",110094,restaurants,4.5,1456,0,1,1,1,2.0,16,OPERATIONAL
Maini's Green Leaf,"Shahdara, Delhi",110032,restaurants,4.0,1172,0,1,1,0,,8,OPERATIONAL
VELOX RESTRO CAFE,"Shahdara, Delhi",110053,restaurants,4.4,1095,0,1,1,0,,5,OPERATIONAL
Promenade - Indian Restaurant,"Shahdara, Delhi",110032,restaurants,4.1,272,0,1,1,1,3.0,7,OPERATIONAL
Vinayak Restaurant,"Shahdara, Delhi",110093,restaurants,3.7,1968,0,0,1,1,2.0,7,OPERATIONAL
DineTown restro & Cafe.,"Shahdara, Delhi",110053,restaurants,4.5,80,0,0,1,0,,5,OPERATIONAL
The Hunger House,"Shahdara, Delhi",110032,restaurants,4.3,80,0,0,1,0,,5,OPERATIONAL
Janta Eating House LLP,"Shahdara, Delhi",110032,restaurants,4.1,3718,0,0,1,1,1.0,9,OPERATIONAL
Madras Cafe,"Shahdara, Delhi",110032,restaurants,4.1,893,0,0,1,1,1.0,6,OPERATIONAL
Haldiram's - Unity One Mall CBD Shahdara,"Shahdara, Delhi",110032,restaurants,4.3,1192,0,1,1,1,2.0,4,OPERATIONAL
Indus Flavour | Cross River Mall | Karkardooma,"Shahdara, Delhi",110032,restaurants,4.2,474,0,1,1,0,,6,OPERATIONAL
Bite N Brew Cafe,"Shahdara, Delhi",110093,cafes,4.7,277,0,1,1,0,,4,OPERATIONAL
Morbium Cafe,"Shahdara, Delhi",110032,cafes,4.2,126,0,1,1,0,,4,OPERATIONAL
Breakin' Brew,"Shahdara, Delhi",110092,cafes,4.7,3735,0,1,1,1,3.0,5,OPERATIONAL
Mint cafe,"Shahdara, Delhi",110032,cafes,4.3,79,0,0,1,0,,7,OPERATIONAL
Cafe Knosh,"Shahdara, Delhi",110032,cafes,4.3,690,0,1,1,0,,11,OPERATIONAL
Udaan The Cafe and Restro,"Shahdara, Delhi",110032,cafes,4.3,35,0,0,1,0,,4,OPERATIONAL
CHILL BRO,"Shahdara, Delhi",110032,cafes,4.8,20,0,0,1,0,,4,OPERATIONAL
sky2266 Rooftop Cafe,"Shahdara, Delhi",110053,cafes,4.5,85,0,0,1,0,,4,OPERATIONAL
Bellywood Cafe,"Shahdara, Delhi",110032,cafes,5.0,19,0,0,1,0,,9,OPERATIONAL
The Pizza Cafe,"Shahdara, Delhi",110032,cafes,4.5,344,0,0,1,0,,5,OPERATIONAL
Fruze cafe and lounge,"Shahdara, Delhi",110032,cafes,4.9,27,0,0,0,0,,5,OPERATIONAL
The Vintage Cafe,"Shahdara, Delhi",110051,cafes,4.8,90,0,0,0,0,,4,OPERATIONAL
Cafe Wink,"Shahdara, Delhi",110092,cafes,4.3,9447,1,0,1,1,2.0,11,OPERATIONAL
Delilah's Cafe,"Shahdara, Delhi",110092,cafes,4.2,374,0,0,1,0,,4,OPERATIONAL
Corner of Cravings,"Shahdara, Delhi",110032,cafes,4.9,67,0,0,1,0,,5,OPERATIONAL
Sardar Ji Cold Coffee,"Shahdara, Delhi",110032,cafes,4.9,51,0,0,1,0,,7,OPERATIONAL
Looks Salon -Shahdara | Best Hair salon in Shahadra | Bride & Groom Makeup,"Shahdara, Delhi",110032,salons,4.7,292,0,1,1,0,,9,OPERATIONAL
Styland Salon & Academy,"Shahdara, Delhi",110032,salons,4.9,775,0,1,1,0,,8,OPERATIONAL
Cutzy salon,"Shahdara, Delhi",110032,salons,4.9,1152,0,0,1,0,,12,OPERATIONAL
The Game Of Fingers Salon & Academy,"Shahdara, Delhi",110032,salons,4.9,133,0,1,1,0,,6,OPERATIONAL
Styling station,"Shahdara, Delhi",110051,salons,4.8,436,0,1,1,0,,4,OPERATIONAL
Blade Unisex Salon.,"Shahdara, Delhi",110032,salons,4.1,286,0,1,1,0,,13,OPERATIONAL
M.Z. unisex salon,"Shahdara, Delhi",110032,salons,4.7,130,0,0,1,0,,4,OPERATIONAL
Dream Makeover Salon and Academy,"Shahdara, Delhi",110032,salons,4.8,256,0,0,1,0,,11,OPERATIONAL
Modern Unisex Luxury Salon - Best Luxury Salon In Shahdara,"Shahdara, Delhi",110032,salons,4.9,23,0,1,0,0,,4,OPERATIONAL
Senora Beauty Salon,"Shahdara, Delhi",110032,salons,5.0,57,0,1,1,0,,4,OPERATIONAL
Crafted salon|academy,"Shahdara, Delhi",110032,salons,4.9,55,0,0,1,0,,4,OPERATIONAL
Royal Era,"Shahdara, Delhi",110032,salons,4.5,196,0,0,1,0,,5,OPERATIONAL
Sakshi Beauty Parlour & Makeup Studio,"Shahdara, Delhi",110032,salons,4.7,238,0,0,0,0,,5,OPERATIONAL
Modern Era Salon,"Shahdara, Delhi",110032,salons,3.9,346,0,1,1,0,,4,OPERATIONAL
Beauty Players,"Shahdara, Delhi",110032,salons,4.8,279,0,0,1,0,,8,OPERATIONAL
Shagun Makeup Studio,"Shahdara, Delhi",110093,salons,4.9,259,0,1,1,0,,7,OPERATIONAL
Ritu Makeup Studio,"Shahdara, Delhi",110032,salons,4.9,112,0,1,1,0,,4,OPERATIONAL
Fresh Look By Jyoti Taneja,"Shahdara, Delhi",110032,salons,4.8,517,0,0,1,0,,4,OPERATIONAL
Chhavi Makeover,"Shahdara, Delhi",110032,salons,4.8,209,0,0,1,0,,4,OPERATIONAL
Styloria Unisex Salon & Academy - Naveen Shahdara,"Shahdara, Delhi",110032,salons,4.4,32,0,1,1,0,,4,OPERATIONAL
Fitness Vibes Gym,"Shahdara, Delhi",110032,gyms,4.9,238,0,1,1,0,,12,OPERATIONAL
IMPACT GYM,"Shahdara, Delhi",110051,gyms,4.8,315,0,0,1,0,,6,OPERATIONAL
VM FITNESS SHAHDARA,"Shahdara, Delhi",110032,gyms,4.7,246,0,0,1,0,,4,OPERATIONAL
Divine Fitness,"Shahdara, Delhi",110032,gyms,4.9,86,0,0,1,0,,5,OPERATIONAL
"WTF Gym - Shahdara, New Delhi","Shahdara, Delhi",110093,gyms,4.6,24,0,1,0,0,,5,OPERATIONAL
The Wellness Club Gym Xpress,"Shahdara, Delhi",110032,gyms,4.6,166,0,0,0,0,,6,OPERATIONAL
FIT GENERATION GYM,"Shahdara, Delhi",110093,gyms,4.9,106,0,0,1,0,,5,OPERATIONAL
Delta Fitness Gym,"Shahdara, Delhi",110032,gyms,4.9,175,0,0,1,0,,5,OPERATIONAL
Club 4 gym,"Shahdara, Delhi",110032,gyms,4.3,216,0,0,1,0,,5,OPERATIONAL
TITANIUM GYM,"Shahdara, Delhi",110032,gyms,4.7,140,0,0,1,0,,6,OPERATIONAL
Team Iron Champs gym,"Shahdara, Delhi",110032,gyms,4.8,272,0,0,1,0,,5,OPERATIONAL
PERMAFLY®,"Shahdara, Delhi",110032,gyms,4.9,949,0,1,1,0,,8,OPERATIONAL
F3 GYM,"Shahdara, Delhi",110053,gyms,4.8,464,0,0,1,0,,8,OPERATIONAL
MEGA ROCK FITNESS CLUB SHAHDARA DELHI,"Shahdara, Delhi",110032,gyms,4.6,27,0,0,1,0,,6,OPERATIONAL
Sparkus Fitness,"Shahdara, Delhi",110032,gyms,4.6,103,0,1,1,0,,11,OPERATIONAL
Anytime Flex Gym Spa & Cafe,"Shahdara, Delhi",110032,gyms,4.4,24,0,0,1,0,,5,OPERATIONAL
The max muscle gym,"Shahdara, Delhi",110032,gyms,4.7,26,0,0,0,0,,5,OPERATIONAL
Refuel unisex gym : fuel up your fitness.,"Shahdara, Delhi",110032,gyms,4.8,183,0,1,1,0,,5,OPERATIONAL
M-FIT CLUB,"Shahdara, Delhi",110093,gyms,4.4,85,0,1,1,0,,11,OPERATIONAL
Fit8 gym,"Shahdara, Delhi",110032,gyms,5.0,32,0,0,1,0,,6,OPERATIONAL
Brand Station - Mens Wear Shop In Shahdara,"Shahdara, Delhi",110032,clothing stores,4.6,186,0,0,1,0,,4,OPERATIONAL
Jain Skirt Wala,"Shahdara, Delhi",110032,clothing stores,4.6,103,0,0,1,0,,5,OPERATIONAL
PEHNAWA,"Shahdara, Delhi",110032,clothing stores,4.4,395,0,1,1,0,,5,OPERATIONAL
TRENDS,"Shahdara, Delhi",110032,clothing stores,4.0,1058,0,1,1,0,,4,OPERATIONAL
VIJAY MAHAJAN SELECTION,"Shahdara, Delhi",110032,clothing stores,4.2,470,0,1,1,0,,5,OPERATIONAL
Shadab Libas Mahal,"Shahdara, Delhi",110032,clothing stores,4.9,260,0,1,1,0,,4,OPERATIONAL
"OCTAVE - Durgapuri, Shahadara","Shahdara, Delhi",110093,clothing stores,4.9,526,0,0,1,0,,4,OPERATIONAL
Bindra Collection,"Shahdara, Delhi",110032,clothing stores,4.1,170,0,0,1,0,,5,OPERATIONAL
Uma Textiles,"Shahdara, Delhi",110093,clothing stores,4.5,102,0,1,1,0,,4,OPERATIONAL
VAN HEUSEN FACTORY OUTLET DURGAPURI,"Shahdara, Delhi",110032,clothing stores,4.8,122,0,0,1,0,,4,OPERATIONAL
"Pantaloons (CBD Mall Shahdara, New Delhi)","Shahdara, Delhi",110032,clothing stores,4.8,455,0,1,1,0,,5,OPERATIONAL
ColorPlus,"Shahdara, Delhi",110032,clothing stores,5.0,85,0,1,1,0,,6,OPERATIONAL
Fancy Family Wear,"Shahdara, Delhi",110032,clothing stores,4.9,15,0,0,1,0,,4,OPERATIONAL
"Brand studio - Mens Wear, Ladies Wear, Foot Wear In Shahdara","Shahdara, Delhi",110032,clothing stores,4.7,52,0,0,1,0,,5,OPERATIONAL
Instyle Trends,"Shahdara, Delhi",110032,clothing stores,3.4,84,0,0,0,0,,4,OPERATIONAL
SPICE - A Fashion Bistro,"Shahdara, Delhi",110032,clothing stores,4.9,40,0,0,1,0,,5,OPERATIONAL
"Zudio - Kabir Nagar, Delhi","Shahdara, Delhi",110032,clothing stores,3.9,890,0,1,1,0,,4,OPERATIONAL
Jockey Exclusive Store Shahdara Final Destination,"Shahdara, Delhi",110032,clothing stores,4.7,125,0,0,1,0,,5,OPERATIONAL
Desi Libaas,"Shahdara, Delhi",110053,clothing stores,4.9,89,0,0,1,0,,4,OPERATIONAL
"Kiaasa - West Rohtash Nagar, Shahdara","Shahdara, Delhi",110032,clothing stores,4.8,99,0,1,1,0,,5,OPERATIONAL
Reliance Smart Point,"Shahdara, Delhi",110032,grocery stores,3.9,1760,0,1,1,0,,7,OPERATIONAL
Vishal Mega Mart,"Shahdara, Delhi",110032,grocery stores,3.7,4318,0,1,1,0,,10,OPERATIONAL
NEW TARUN KIRYANA,"Shahdara, Delhi",110032,grocery stores,4.7,37,0,0,1,0,,6,OPERATIONAL
Reliance Fresh store,"Shahdara, Delhi",110053,grocery stores,4.0,1263,0,1,1,0,,7,OPERATIONAL
Vishal Mega Mart,"Shahdara, Delhi",110032,grocery stores,3.8,603,0,1,1,0,,8,OPERATIONAL
SAVE MORE,"Shahdara, Delhi",110032,grocery stores,4.2,254,0,1,1,0,,6,OPERATIONAL
Mandoli Road Market,"Shahdara, Delhi",110032,grocery stores,4.1,843,0,0,0,0,,3,OPERATIONAL
Deepchand Sohanlal Anaj Wale,"Shahdara, Delhi",110032,grocery stores,4.4,138,0,0,1,0,,6,OPERATIONAL
Kia Bazaar,"Shahdara, Delhi",110032,grocery stores,4.4,395,0,1,1,0,,14,OPERATIONAL
Aman Grocery Store,"Shahdara, Delhi",110032,grocery stores,4.2,39,0,0,1,0,,6,OPERATIONAL
Easyday Club,"Shahdara, Delhi",110032,grocery stores,3.8,344,0,0,1,0,,7,OPERATIONAL
Videshwala 24x7,"Shahdara, Delhi",110094,grocery stores,4.2,108,0,1,1,0,,7,OPERATIONAL
Big Mart,"Shahdara, Delhi",110032,grocery stores,4.9,20,0,1,1,0,,11,OPERATIONAL
Jain One Supermart,"Shahdara, Delhi",110032,grocery stores,4.2,9,0,0,1,0,,8,OPERATIONAL
SUPER STORE,"Shahdara, Delhi",110032,grocery stores,4.2,48,0,0,1,0,,6,OPERATIONAL
DELHI BACHAT BAZAAR,"Shahdara, Delhi",110032,grocery stores,4.7,18,0,0,0,0,,8,OPERATIONAL
Foodmart departmental & grocery store,"Shahdara, Delhi",110053,grocery stores,4.4,69,0,0,0,0,,6,OPERATIONAL
Smart Point,"Shahdara, Delhi",110032,grocery stores,3.8,93,0,1,0,0,,7,OPERATIONAL
Jain store - Best Grocery shop in shahdara,"Shahdara, Delhi",110032,grocery stores,4.6,20,0,0,1,0,,7,OPERATIONAL
"Cross River Mall, Shahdara","Shahdara, Delhi",110032,grocery stores,3.8,21618,1,1,0,0,,3,OPERATIONAL
Electronic Paradise - Kanti Nagar,"Shahdara, Delhi",110032,electronics shops,4.7,405,0,0,1,0,,4,OPERATIONAL
Unique Electronics,"Shahdara, Delhi",110032,electronics shops,4.7,616,0,1,1,0,,6,OPERATIONAL
Gupta Electro World(Formerly Gupta Electronics),"Shahdara, Delhi",110032,electronics shops,3.5,121,0,0,1,0,,4,OPERATIONAL
"Bhagwan Electronics - Watch Shop, Sewing Machine and Home Appliances in Shahdara","Shahdara, Delhi",110032,electronics shops,4.3,137,0,0,1,0,,4,OPERATIONAL
VIJAY SALES - DURGAPURI,"Shahdara, Delhi",110093,electronics shops,4.5,820,0,1,1,0,,4,OPERATIONAL
Jain Electronics,"Shahdara, Delhi",110032,electronics shops,4.1,210,0,0,1,0,,4,OPERATIONAL
LG Best Shop (RYS Enterprises),"Shahdara, Delhi",110032,electronics shops,4.4,163,0,1,1,0,,5,OPERATIONAL
Anuj Electronics Pvt. Ltd.,"Shahdara, Delhi",110032,electronics shops,4.6,71,0,0,1,0,,6,OPERATIONAL
Croma - Shahdara,"Shahdara, Delhi",110094,electronics shops,4.7,5026,0,1,1,0,,5,OPERATIONAL
Discount Factory ( shiv Shakti trading co ),"Shahdara, Delhi",110032,electronics shops,4.9,17,0,1,1,0,,7,OPERATIONAL
Walia Electronics,"Shahdara, Delhi",110032,electronics shops,3.5,14,0,0,1,0,,4,OPERATIONAL
ELECTRONICS VILLA,"Shahdara, Delhi",110051,electronics shops,4.8,69,0,1,0,0,,4,OPERATIONAL
Nutan electronics,"Shahdara, Delhi",110093,electronics shops,3.9,140,0,0,1,0,,4,OPERATIONAL
New Shree Balaji Electronics,"Shahdara, Delhi",110053,electronics shops,4.7,25,0,0,1,0,,4,OPERATIONAL
Reliance Digital,"Shahdara, Delhi",110032,electronics shops,4.9,16800,1,1,1,0,,4,OPERATIONAL
Tachiyo Electronics,"Shahdara, Delhi",110032,electronics shops,4.9,18,0,0,0,0,,4,OPERATIONAL
Anil Electronics,"Shahdara, Delhi",110032,electronics shops,4.7,25,0,0,1,0,,4,OPERATIONAL
VIJAY SALES - DILSHAD GARDEN,"Shahdara, Delhi",110095,electronics shops,4.6,7183,0,1,1,0,,5,OPERATIONAL
LG Best Shop (Yamuna Electronics),"Shahdara, Delhi",110053,electronics shops,4.9,550,0,1,1,0,,4,OPERATIONAL
KBM ELECTRONICS,"Shahdara, Delhi",110093,electronics shops,4.0,92,0,0,1,0,,4,OPERATIONAL
Medis Hospital® (24x7) Best Hospital In Shahdara,"Shahdara, Delhi",110032,clinics,4.8,1689,0,1,1,0,,7,OPERATIONAL
East Delhi Medical Centre,"Shahdara, Delhi",110032,clinics,4.6,1607,0,1,1,0,,5,OPERATIONAL
"DIABETES, SKIN & HAIR CLINIC(Dr Ritesh Bansal & Dr Candy Garg)","Shahdara, Delhi",110032,clinics,5.0,214,0,0,1,0,,9,OPERATIONAL
Family Clinics,"Shahdara, Delhi",110032,clinics,4.6,8,0,0,1,0,,4,OPERATIONAL
RAKSHA CLINIC,"Shahdara, Delhi",110093,clinics,5.0,11,0,0,0,0,,4,OPERATIONAL
DR. MANISH KUMAR CLINIC (M.B.B.S.),"Shahdara, Delhi",110093,clinics,4.8,30,0,0,1,0,,4,OPERATIONAL
Medis Clinic | General Physician | MD Medicine | Diabetes & Heart Specialist,"Shahdara, Delhi",110032,clinics,4.9,113,0,1,1,0,,7,OPERATIONAL
TB clinic,"Shahdara, Delhi",110094,clinics,4.9,1373,0,1,1,0,,6,OPERATIONAL
Jivisha Clinic (Best Skin and Child Care) Dr Ankit and Dr Akriti Gupta,"Shahdara, Delhi",110053,clinics,4.8,464,0,1,1,0,,13,OPERATIONAL
Good one family clinic,"Shahdara, Delhi",110032,clinics,5.0,3,0,0,1,0,,4,OPERATIONAL
"DR. TUSHAR ULTRASOUND CLINIC, Shahdara, New Delhi","Shahdara, Delhi",110053,clinics,4.9,768,0,0,1,0,,4,OPERATIONAL
Rejuve Skin Hair & Surgical Care Centre (Dr Aakanksha Singh & Dr Vipin Choudhary) | Best dermatologist in shahdara,"Shahdara, Delhi",110032,clinics,4.9,140,0,0,1,0,,4,OPERATIONAL
Wellness Clinic ( LADY PHYSICIAN),"Shahdara, Delhi",110032,clinics,4.8,5,0,0,1,0,,9,OPERATIONAL
"Dr. Chaudhry’s Moral Hospital – Multispeciality Care in Dental, Gynaecology, Pediatrics | Yamuna Vihar, Delhi","Shahdara, Delhi",110053,clinics,4.7,2122,0,1,1,0,,7,OPERATIONAL
"Dr Ragini Gupta(best gynaecologist in shahdara, top gynaecologist in shahdara, gynae near shahdara)","Shahdara, Delhi",110032,clinics,4.9,116,0,1,1,0,,4,OPERATIONAL
YourClinic,"Shahdara, Delhi",110053,clinics,5.0,58,0,0,1,0,,5,OPERATIONAL
"Dr. Madhur Gupta (Best Child Specialist in Shahdara, child clinic near me, child specialist doctor)","Shahdara, Delhi",110032,clinics,4.8,116,0,1,1,0,,4,OPERATIONAL
DR.RANA’S HOMEOPATHIC CLINIC NAVEEN SHAHDARA(BEST HOMOEOPATHIC CLINIC IN NAVEEN SHAHDARA),"Shahdara, Delhi",110093,clinics,5.0,18,0,0,1,0,,5,OPERATIONAL
Medis Gynecologist Clinic & Maternity Centre,"Shahdara, Delhi",110032,clinics,4.9,91,0,1,1,0,,6,OPERATIONAL
"Jiva Ayurveda Clinic and Panchakarma Centre, Shahdara, New Delhi","Shahdara, Delhi",110032,clinics,4.6,193,0,1,1,0,,3,OPERATIONAL
Monginis Cake Shop,"Shahdara, Delhi",110032,bakeries,4.9,471,0,1,1,1,2.0,13,OPERATIONAL
Amar Bakery,"Shahdara, Delhi",110032,bakeries,4.2,1895,0,1,1,1,2.0,11,OPERATIONAL
Fantasy Pastry Shop.,"Shahdara, Delhi",110032,bakeries,4.6,271,0,1,1,0,,6,OPERATIONAL
Pastry Palace Uncle Cake 'n' Bake,"Shahdara, Delhi",110032,bakeries,4.2,563,0,0,1,1,2.0,6,OPERATIONAL
Bákebook Bakery,"Shahdara, Delhi",110092,bakeries,4.5,1992,0,1,1,1,2.0,14,OPERATIONAL
LAL BAKERY,"Shahdara, Delhi",110032,bakeries,4.1,253,0,1,1,1,2.0,6,OPERATIONAL
Aggarwal Petha Store and Bakers,"Shahdara, Delhi",110032,bakeries,4.0,1221,0,1,1,1,2.0,15,OPERATIONAL
AMAR BAKERY,"Shahdara, Delhi",110032,bakeries,3.9,345,0,1,1,1,2.0,9,OPERATIONAL
Motu Bakers,"Shahdara, Delhi",110053,bakeries,4.8,46,0,0,1,0,,6,OPERATIONAL
Arpit Bakery,"Shahdara, Delhi",110053,bakeries,4.1,1774,0,0,1,1,2.0,6,OPERATIONAL
Eiffiel's bakery.,"Shahdara, Delhi",110032,bakeries,4.0,160,0,0,1,0,,6,OPERATIONAL
Precious & Delicious,"Shahdara, Delhi",110032,bakeries,4.7,19,0,0,1,0,,6,OPERATIONAL
Kamla Bakery.,"Shahdara, Delhi",110053,bakeries,4.9,276,0,0,0,0,,6,OPERATIONAL
LAALU BAKERY,"Shahdara, Delhi",110053,bakeries,4.9,33,0,0,0,0,,10,OPERATIONAL
The cake house Bake up artist,"Shahdara, Delhi",110053,bakeries,5.0,163,0,0,1,0,,18,OPERATIONAL
"Theobroma Bakery and Cake Shop - Shahdara, Delhi","Shahdara, Delhi",110032,bakeries,3.9,59,0,1,1,0,,12,OPERATIONAL
Mayur's Bakery,"Shahdara, Delhi",110053,bakeries,4.1,137,0,0,0,1,1.0,6,OPERATIONAL
Cake Plaza,"Shahdara, Delhi",110053,bakeries,4.9,76,0,1,1,0,,6,OPERATIONAL
SVM Bakester,"Shahdara, Delhi",110032,bakeries,4.9,97,0,0,0,0,,6,OPERATIONAL
Famous bakery,"Shahdara, Delhi",110053,bakeries,4.6,28,0,0,1,0,,6,OPERATIONAL
Zeelab pharmacy - shahdara,"Shahdara, Delhi",110032,pharmacies,5.0,18,0,0,1,0,,5,OPERATIONAL
Apollo Pharmacy Vishwas Nagar,"Shahdara, Delhi",110032,pharmacies,3.9,89,0,1,1,0,,8,OPERATIONAL
VIVO CHEMIST,"Shahdara, Delhi",110032,pharmacies,4.8,144,0,1,1,0,,6,OPERATIONAL
Goyal Medicos,"Shahdara, Delhi",110032,pharmacies,4.9,146,0,0,1,0,,5,OPERATIONAL
Soami Medical & Homeopathic Store,"Shahdara, Delhi",110032,pharmacies,4.4,51,0,0,1,0,,5,OPERATIONAL
Sunder Medical and General Store,"Shahdara, Delhi",110032,pharmacies,4.5,23,0,0,1,0,,4,OPERATIONAL
Zeelab Pharmacy - Jyoti Colony,"Shahdara, Delhi",110032,pharmacies,4.7,249,0,1,1,0,,5,OPERATIONAL
J D Pharmacy,"Shahdara, Delhi",110032,pharmacies,4.3,8,0,0,1,0,,6,OPERATIONAL
Deepali Medical Store,"Shahdara, Delhi",110053,pharmacies,4.2,83,0,0,1,0,,5,OPERATIONAL
MEDGRO PHARMACY,"Shahdara, Delhi",110032,pharmacies,5.0,2,0,0,1,0,,5,OPERATIONAL
Sharma Medicines,"Shahdara, Delhi",110032,pharmacies,5.0,1,0,0,0,0,,5,OPERATIONAL
AtoZ Pharmacy,"Shahdara, Delhi",110093,pharmacies,4.3,23,0,0,1,0,,5,OPERATIONAL
Sanjeevani Pharmacy,"Shahdara, Delhi",110032,pharmacies,4.8,5,0,0,1,0,,5,OPERATIONAL
Dass Medical Store,"Shahdara, Delhi",110032,pharmacies,4.7,3,0,0,1,0,,6,OPERATIONAL
Gupta Ji Dawai Ghar,"Shahdara, Delhi",110032,pharmacies,3.6,21,0,0,1,0,,5,OPERATIONAL
24x7 Pharmacy & General Store,"Shahdara, Delhi",110093,pharmacies,3.7,27,0,0,1,0,,5,OPERATIONAL
Anuj Medicose,"Shahdara, Delhi",110093,pharmacies,4.6,16,0,0,1,0,,5,OPERATIONAL
Anand Medical Store,"Shahdara, Delhi",110032,pharmacies,4.3,9,0,0,1,0,,6,OPERATIONAL
Naveen Pharmacy,"Shahdara, Delhi",110032,pharmacies,4.3,6,0,0,1,0,,6,OPERATIONAL
Kwatra Pharmacy,"Shahdara, Delhi",110032,pharmacies,5.0,36,0,1,1,0,,5,OPERATIONAL
Bhawna Tuition Classes,"Shahdara, Delhi",110032,tutoring centers,4.9,83,0,1,1,0,,4,OPERATIONAL
Gyan Kunj,"Shahdara, Delhi",110032,tutoring centers,4.9,90,0,0,1,0,,3,OPERATIONAL
Brilliant Mind Tutorials (Home Tutor Service),"Shahdara, Delhi",110032,tutoring centers,5.0,18,0,0,1,0,,4,OPERATIONAL
"A&S GENIUS INSTITUTE - Best Coaching Centre in Shahdara, Delhi","Shahdara, Delhi",110032,tutoring centers,5.0,40,0,0,1,0,,3,OPERATIONAL
Tyagi Education Point,"Shahdara, Delhi",110032,tutoring centers,4.8,37,0,0,1,0,,3,OPERATIONAL
Nextep Classes,"Shahdara, Delhi",110032,tutoring centers,4.9,150,0,1,1,0,,3,OPERATIONAL
BRIGHTER FUTURE TUITION CENTRE,"Shahdara, Delhi",110032,tutoring centers,4.8,32,0,0,1,0,,3,OPERATIONAL
Tiwari Institute Of Studies (TIS),"Shahdara, Delhi",110032,tutoring centers,5.0,139,0,0,1,0,,3,OPERATIONAL
Best Home Tuition In Shahdara | Sri Sai Classes,"Shahdara, Delhi",110032,tutoring centers,5.0,15,0,0,1,0,,2,OPERATIONAL
Knowledge Tree Academy,"Shahdara, Delhi",110032,tutoring centers,5.0,28,0,0,1,0,,5,OPERATIONAL
Aspire Accademy,"Shahdara, Delhi",110032,tutoring centers,5.0,86,0,0,0,0,,6,OPERATIONAL
BACK TO BASICS EDUCATION CENTER,"Shahdara, Delhi",110093,tutoring centers,5.0,88,0,0,1,0,,2,OPERATIONAL
Punjabi Language Online Coaching Centre,"Shahdara, Delhi",110032,tutoring centers,5.0,95,0,1,1,0,,3,OPERATIONAL
Best Home Tutors,"Shahdara, Delhi",110090,tutoring centers,5.0,82,0,0,1,0,,2,OPERATIONAL
Math & Science tutor ( Contact for home tuition) Dinesh Singh,"Shahdara, Delhi",110051,tutoring centers,5.0,28,0,1,1,0,,3,OPERATIONAL
Abacus and vedic math classes : for brighter brain and mind by Jaya(aristokids),"Shahdara, Delhi",110032,tutoring centers,5.0,51,0,1,1,0,,3,OPERATIONAL
Math Simplified by Aishani Jain - Professional Maths tuition classes,"Shahdara, Delhi",110032,tutoring centers,4.9,17,0,1,1,0,,4,OPERATIONAL
Unique Classes CA Govinda Bhattarai sir,"Shahdara, Delhi",110032,tutoring centers,4.9,125,0,0,0,0,,8,OPERATIONAL
Top Home Tutors,"Shahdara, Delhi",110053,tutoring centers,4.8,25,0,1,0,0,,2,OPERATIONAL
Avit Mittal's Classes,"Shahdara, Delhi",110032,tutoring centers,5.0,73,0,0,1,0,,3,OPERATIONAL
Om Shri Ganesh Furniture,"Shahdara, Delhi",110032,furniture stores,4.4,184,0,0,1,0,,9,OPERATIONAL
"NEW UTTAM FURNITURE - Best furniture shop in shadhara , mattress shop , furnishing shop, home decor","Shahdara, Delhi",110032,furniture stores,5.0,310,0,1,1,0,,8,OPERATIONAL
"Kaka Furnitures & Home Decor - Sleepwell, Furniture And Mattress Shop","Shahdara, Delhi",110032,furniture stores,4.6,75,0,1,1,0,,7,OPERATIONAL
Pradhan Furniture and Trunk House,"Shahdara, Delhi",110032,furniture stores,5.0,31,0,0,1,0,,3,OPERATIONAL
Prince Furnitures and furnishers,"Shahdara, Delhi",110032,furniture stores,4.1,113,0,0,1,0,,6,OPERATIONAL
Goel Furniture Company - A Unit of Goel Gadde Wale,"Shahdara, Delhi",110032,furniture stores,4.4,105,0,0,1,0,,8,OPERATIONAL
Wakefit - Furniture Store in Durgapuri,"Shahdara, Delhi",110032,furniture stores,4.9,958,0,1,1,0,,7,OPERATIONAL
Om Shri Ganesh Furniture,"Shahdara, Delhi",110032,furniture stores,4.3,47,0,0,1,0,,8,OPERATIONAL
L I V I N Furniture,"Shahdara, Delhi",110032,furniture stores,3.7,16,0,1,1,0,,8,OPERATIONAL
Shri Balaji Furniture House,"Shahdara, Delhi",110032,furniture stores,5.0,23,0,0,1,0,,3,OPERATIONAL
Modern Furniture,"Shahdara, Delhi",110032,furniture stores,4.3,6,0,0,1,0,,6,OPERATIONAL
Shri Shivay Sofa Repairing,"Shahdara, Delhi",110032,furniture stores,4.9,168,0,0,1,0,,7,OPERATIONAL
Dasmesh crafts Outdoor furniture |wicker furniture |Patio|Customise furniture|Cafe furniture|Swing|wrought iron furniture,"Shahdara, Delhi",110032,furniture stores,4.8,100,0,0,1,0,,10,OPERATIONAL
Narula Furniture & Interiors,"Shahdara, Delhi",110032,furniture stores,3.8,55,0,0,1,0,,6,OPERATIONAL
Big Shop Furniture,"Shahdara, Delhi",110031,furniture stores,4.0,171,0,1,1,0,,11,OPERATIONAL
JAIN FURNITURE,"Shahdara, Delhi",110053,furniture stores,4.7,41,0,0,1,0,,6,OPERATIONAL
Fabregal Interiors & Modular Furniture Pvt. ltd,"Shahdara, Delhi",110093,furniture stores,5.0,119,0,1,1,0,,6,OPERATIONAL
Shah Furniture,"Shahdara, Delhi",110053,furniture stores,3.6,110,0,0,1,0,,4,OPERATIONAL
Jai Vardhman Furniture,"Shahdara, Delhi",110053,furniture stores,3.9,80,0,0,1,0,,6,OPERATIONAL
Shri Shivansh Sofa Repairing,"Shahdara, Delhi",110032,furniture stores,5.0,26,0,0,1,0,,6,OPERATIONAL
Dotcom gadgets (mobile shop ),"Shahdara, Delhi",110032,mobile shops,4.4,280,0,1,1,0,,4,OPERATIONAL
MOBILE ADDICTION - BEST MOBILE SHOP DELHI,"Shahdara, Delhi",110032,mobile shops,5.0,407,0,0,1,0,,4,OPERATIONAL
Smart Mobile Gallery,"Shahdara, Delhi",110032,mobile shops,4.9,652,0,1,1,0,,4,OPERATIONAL
"Cashify Mobile Phone Store | Buy, Sell & Repair in Yamuna Vihar Delhi","Shahdara, Delhi",110053,mobile shops,4.9,349,0,1,1,0,,6,OPERATIONAL
MOBILE ADDICTION - BEST MOBILE SHOP DELHI,"Shahdara, Delhi",110032,mobile shops,4.9,588,0,0,1,0,,5,OPERATIONAL
Hotspot Mobile Store,"Shahdara, Delhi",110032,mobile shops,5.0,1186,0,1,1,0,,4,OPERATIONAL
Arora Mobile Store,"Shahdara, Delhi",110032,mobile shops,4.8,18,0,0,1,0,,4,OPERATIONAL
"Cashify Buy, Sell and Repair Mobile Store in Durgapuri, Shahdara","Shahdara, Delhi",110093,mobile shops,4.7,126,0,1,1,0,,6,OPERATIONAL
Jain mobile store,"Shahdara, Delhi",110032,mobile shops,4.6,49,0,1,1,0,,4,OPERATIONAL
Hotspot Mobile Store,"Shahdara, Delhi",110032,mobile shops,4.9,1404,0,1,1,0,,4,OPERATIONAL
Logica Mobile Store - Shahdara,"Shahdara, Delhi",110032,mobile shops,5.0,5,0,0,0,0,,4,OPERATIONAL
"Cashify store Mobile Phone Store | Buy Sell & Repair in Geeta Colony, Delhi","Shahdara, Delhi",110032,mobile shops,5.0,165,0,1,1,0,,6,OPERATIONAL
Star Mobile,"Shahdara, Delhi",110053,mobile shops,4.3,77,0,0,1,0,,4,OPERATIONAL
Gadgets Phix,"Shahdara, Delhi",110032,mobile shops,4.9,645,0,1,1,0,,8,OPERATIONAL
Samsung Experience Store Shahdara,"Shahdara, Delhi",110032,mobile shops,4.3,237,0,1,1,0,,6,OPERATIONAL
A.W Mobile Shop,"Shahdara, Delhi",110094,mobile shops,4.0,33,0,0,1,0,,2,OPERATIONAL
Aman Communication East Delhi,"Shahdara, Delhi",110032,mobile shops,5.0,38,0,0,1,0,,4,OPERATIONAL
ATR Mobile Shop,"Shahdara, Delhi",110093,mobile shops,4.9,14,0,0,1,0,,4,OPERATIONAL
Mobile & PC Repair and Service by Unique Electronics,"Shahdara, Delhi",110032,mobile shops,4.8,339,0,1,1,0,,7,OPERATIONAL
Tanishq Jewellery - Delhi - Shahdara,"Shahdara, Delhi",110094,jewellery shops,4.8,1893,0,1,1,0,,6,OPERATIONAL
"Kisna Diamond & Gold Jewellery - Delhi, Shahdara","Shahdara, Delhi",110032,jewellery shops,4.9,398,0,1,1,0,,6,OPERATIONAL
BlueStone Jewellery Shahdara New Delhi,"Shahdara, Delhi",110032,jewellery shops,5.0,346,0,1,1,0,,8,OPERATIONAL
Kalyan Jewellers India Limited,"Shahdara, Delhi",110094,jewellery shops,4.8,492,0,1,1,0,,4,OPERATIONAL
Ganga Jewellers,"Shahdara, Delhi",110032,jewellery shops,4.3,411,0,1,1,0,,9,OPERATIONAL
Ratan Jewellers,"Shahdara, Delhi",110032,jewellery shops,4.7,51,0,0,1,0,,4,OPERATIONAL
Tritiya Gold & Diamond Jewels Pvt Ltd,"Shahdara, Delhi",110032,jewellery shops,4.9,310,0,1,1,0,,4,OPERATIONAL
Urmil Jewellers,"Shahdara, Delhi",110032,jewellery shops,4.0,636,0,1,0,0,,6,OPERATIONAL
GIVA Silver & Gold Jewellery | Shahdara | Lab Grown Diamonds,"Shahdara, Delhi",110032,jewellery shops,4.9,850,0,1,1,0,,7,OPERATIONAL
"CaratLane Jewellery Shahdara, Delhi","Shahdara, Delhi",110032,jewellery shops,4.9,738,0,1,1,0,,5,OPERATIONAL
Radhe shyam art jewellers,"Shahdara, Delhi",110032,jewellery shops,5.0,27,0,1,1,0,,7,OPERATIONAL
"Ganga jewellers, Durgapuri","Shahdara, Delhi",110032,jewellery shops,4.6,144,0,0,1,0,,4,OPERATIONAL
Pritam Jewellers,"Shahdara, Delhi",110053,jewellery shops,5.0,434,0,1,1,0,,4,OPERATIONAL
Shri Ganga Jewellers,"Shahdara, Delhi",110032,jewellery shops,4.8,36,0,0,1,0,,4,OPERATIONAL
"My Kalyan Mini Store - Shahdara, Delhi","Shahdara, Delhi",110032,jewellery shops,4.8,13,0,1,1,0,,8,OPERATIONAL
Krishna Collection,"Shahdara, Delhi",110032,jewellery shops,4.8,72,0,0,1,0,,4,OPERATIONAL
Naveen Jewellers Private Limited,"Shahdara, Delhi",110032,jewellery shops,4.7,65,0,0,1,0,,4,OPERATIONAL
Bhola Bhai Jewellers,"Shahdara, Delhi",110032,jewellery shops,4.7,26,0,1,1,0,,4,OPERATIONAL
SATYAM JEWELLERS,"Shahdara, Delhi",110032,jewellery shops,4.2,14,0,0,1,0,,4,OPERATIONAL
Anil Abhushan Bhandar,"Shahdara, Delhi",110032,jewellery shops,4.8,28,0,1,1,0,,4,OPERATIONAL
Dhingra Hardware Store,"Shahdara, Delhi",110032,hardware stores,4.1,210,0,0,1,0,,5,OPERATIONAL
Tirupati Hardware store,"Shahdara, Delhi",110032,hardware stores,4.4,74,0,0,0,0,,5,OPERATIONAL
SHRI RAM ENTERPRISES ( quality hardware shop ),"Shahdara, Delhi",110032,hardware stores,4.9,106,0,0,1,0,,6,OPERATIONAL
Shree Aadi Traders (HARDWARE WALA),"Shahdara, Delhi",110032,hardware stores,4.7,113,0,0,1,0,,5,OPERATIONAL
Dhingra Traders Hardware Shop,"Shahdara, Delhi",110032,hardware stores,4.1,31,0,0,1,0,,5,OPERATIONAL
Lovely Hardware,"Shahdara, Delhi",110032,hardware stores,4.1,78,0,0,1,0,,5,OPERATIONAL
Verma Hardware Store,"Shahdara, Delhi",110032,hardware stores,4.5,10,0,0,1,0,,5,OPERATIONAL
VR Gupta Electric & H/W Pvt Ltd,"Shahdara, Delhi",110032,hardware stores,4.0,23,0,1,1,0,,7,OPERATIONAL
Delhi Tools & Hardware Store,"Shahdara, Delhi",110053,hardware stores,5.0,2,0,0,1,0,,5,OPERATIONAL
Makka Hardware Store,"Shahdara, Delhi",110053,hardware stores,4.8,25,0,0,1,0,,5,OPERATIONAL
CITY PAINTS HARDWARE WALLPAPERS,"Shahdara, Delhi",110032,hardware stores,4.2,147,0,0,1,0,,9,OPERATIONAL
Shree Ji Hardware,"Shahdara, Delhi",110032,hardware stores,5.0,3,0,0,1,0,,5,OPERATIONAL
Arora Paint & Hardware Store,"Shahdara, Delhi",110032,hardware stores,4.1,10,0,0,1,0,,5,OPERATIONAL
Durgesh Paints Hardware & Sanitary Store,"Shahdara, Delhi",110093,hardware stores,3.8,26,0,0,1,0,,8,OPERATIONAL
Vijay Sanitary Store,"Shahdara, Delhi",110032,hardware stores,4.3,19,0,0,1,0,,5,OPERATIONAL
Singhal Sanitary Store,"Shahdara, Delhi",110032,hardware stores,4.6,24,0,0,1,0,,6,OPERATIONAL
Upkar Hardware,"Shahdara, Delhi",110032,hardware stores,5.0,1,0,0,1,0,,5,OPERATIONAL
Shiv shakti hardware store,"Shahdara, Delhi",110032,hardware stores,5.0,1,0,0,1,0,,5,OPERATIONAL
Shahdara Hardware & paint store,"Shahdara, Delhi",110032,hardware stores,3.7,10,0,0,1,0,,5,OPERATIONAL
Asian Sanitary Store,"Shahdara, Delhi",110032,hardware stores,4.5,10,0,1,1,0,,5,OPERATIONAL
La cielo cafe,"Mayur Vihar, Delhi",110091,restaurants,4.4,392,0,1,1,0,,4,OPERATIONAL
ROAST 'N' CURRIE - Best Family Restaurant in Mayur Vihar 1 New Delhi,"Mayur Vihar, Delhi",110091,restaurants,4.8,600,0,1,1,0,,4,OPERATIONAL
The Noble House at Holiday Inn Mayur Vihar,"Mayur Vihar, Delhi",110091,restaurants,4.9,182,0,1,1,0,,4,OPERATIONAL
Annie's Kerala Kitchen,"Mayur Vihar, Delhi",110091,restaurants,4.5,328,0,1,1,0,,7,OPERATIONAL
Cafe On 3 at Holiday Inn Mayur Vihar,"Mayur Vihar, Delhi",110091,restaurants,4.4,1678,0,1,1,1,3.0,9,OPERATIONAL
Angithi,"Mayur Vihar, Delhi",110091,restaurants,3.8,1415,0,1,1,1,2.0,13,OPERATIONAL
King Casanova Lounge,"Mayur Vihar, Delhi",110091,restaurants,4.3,637,0,1,1,0,,8,OPERATIONAL
Udupi Darshini,"Mayur Vihar, Delhi",110091,restaurants,4.1,1700,0,0,1,1,2.0,7,OPERATIONAL
DCX | DAL CHINI XPRESS,"Mayur Vihar, Delhi",110091,restaurants,4.8,320,0,0,1,0,,6,OPERATIONAL
APS DOWNTOWN FAMILY RESTRO AND BAR,"Mayur Vihar, Delhi",110096,restaurants,4.1,673,0,0,1,1,2.0,18,OPERATIONAL
Celebration,"Mayur Vihar, Delhi",110091,restaurants,4.1,900,0,0,1,1,2.0,6,OPERATIONAL
Bikanervala | Mayur Vihar Delhi,"Mayur Vihar, Delhi",110091,restaurants,4.0,890,0,1,1,1,2.0,16,OPERATIONAL
Infinity - Crowne Plaza Mayur Vihar,"Mayur Vihar, Delhi",110096,restaurants,4.3,403,0,1,1,0,,5,OPERATIONAL
Xero Degrees,"Mayur Vihar, Delhi",110091,restaurants,4.7,2369,0,0,1,1,2.0,5,OPERATIONAL
Village- The House Of Food,"Mayur Vihar, Delhi",110091,restaurants,3.9,862,0,1,1,1,2.0,6,OPERATIONAL
Mahajan's kitchen,"Mayur Vihar, Delhi",110091,restaurants,4.8,82,0,1,1,0,,6,OPERATIONAL
The Biryani & Cheesecake Houz,"Mayur Vihar, Delhi",110091,restaurants,4.9,83,0,1,0,0,,4,OPERATIONAL
The organic dhaba,"Mayur Vihar, Delhi",110091,restaurants,4.9,219,0,1,1,0,,9,OPERATIONAL
Zahra Restaurant & Café,"Mayur Vihar, Delhi",110091,restaurants,4.4,116,0,1,1,0,,5,OPERATIONAL
Baa Bistro,"Mayur Vihar, Delhi",110096,restaurants,3.9,441,0,1,1,1,2.0,5,OPERATIONAL
BrewIQ Coffee Co.,"Mayur Vihar, Delhi",110091,cafes,4.8,221,0,1,1,0,,7,OPERATIONAL
Books and Beans Cafe,"Mayur Vihar, Delhi",110091,cafes,4.1,624,0,1,1,1,2.0,4,OPERATIONAL
Absolute Cafe & Co.,"Mayur Vihar, Delhi",110096,cafes,4.8,242,0,1,1,0,,8,OPERATIONAL
Chai Bay,"Mayur Vihar, Delhi",110091,cafes,4.3,607,0,1,0,1,2.0,4,OPERATIONAL
Tea Steam Cafe,"Mayur Vihar, Delhi",110091,cafes,4.7,211,0,1,1,0,,12,OPERATIONAL
Freakin' Beans,"Mayur Vihar, Delhi",110091,cafes,4.2,1533,0,0,1,1,1.0,9,OPERATIONAL
Scorpio Café | Best Cafe In Mayur Vihar,"Mayur Vihar, Delhi",110091,cafes,4.0,1614,0,0,1,1,2.0,12,OPERATIONAL
Melture,"Mayur Vihar, Delhi",110091,cafes,4.8,25,0,0,1,0,,4,OPERATIONAL
JustEeat Cafe,"Mayur Vihar, Delhi",110096,cafes,4.9,75,0,1,1,0,,5,OPERATIONAL
NAVYA'S CAFE,"Mayur Vihar, Delhi",110091,cafes,4.9,14,0,0,0,0,,4,OPERATIONAL
Cafe Junk Delhi,"Mayur Vihar, Delhi",110091,cafes,4.3,305,0,0,1,1,1.0,10,OPERATIONAL
36 Lebzelter,"Mayur Vihar, Delhi",110091,cafes,4.6,176,0,1,1,0,,12,OPERATIONAL
Chaayos Cafe At Mayur Vihar Extension,"Mayur Vihar, Delhi",110091,cafes,4.6,21,0,1,0,0,,4,OPERATIONAL
TITO'Z CAFE .com,"Mayur Vihar, Delhi",110091,cafes,4.9,14,0,0,0,0,,11,OPERATIONAL
Jawed Habib Hair and Beauty: The Best Salon in Mayur Vihar Phase I,"Mayur Vihar, Delhi",110091,salons,4.7,4123,0,1,1,0,,13,OPERATIONAL
KANCHAN UNISEX SALON,"Mayur Vihar, Delhi",110091,salons,4.9,90,0,1,1,0,,7,OPERATIONAL
Glam Studios Mayur Vihar Phase 1,"Mayur Vihar, Delhi",110091,salons,4.5,326,0,1,1,0,,14,OPERATIONAL
Diva hair/ beauty/makeup,"Mayur Vihar, Delhi",110091,salons,4.9,713,0,0,1,0,,4,OPERATIONAL
"Looks Salon, Acharya Niketan, Mayur Vihar- Best Salon in Mayur Vihar New Delhi","Mayur Vihar, Delhi",110091,salons,4.4,938,0,1,1,0,,8,OPERATIONAL
Best Salon in Mayur Vihar | Hair Society Unisex Salon Mayur Vihar | Best Bridal Makeup in Mayur Vihar,"Mayur Vihar, Delhi",110091,salons,4.7,183,0,1,1,0,,14,OPERATIONAL
ADONIZE UNISEX SALON HAIR COLOR ARTIST,"Mayur Vihar, Delhi",110091,salons,4.7,271,0,1,1,0,,9,OPERATIONAL
A Big Boss Unisex Salon,"Mayur Vihar, Delhi",110091,salons,4.9,101,0,1,1,0,,4,OPERATIONAL
The Mannat Unisex luxury Salon - Bridal Makeup in Mayur Vihar,"Mayur Vihar, Delhi",110091,salons,4.6,133,0,1,1,0,,9,OPERATIONAL
Studio99 Salon,"Mayur Vihar, Delhi",110091,salons,4.6,209,0,1,1,0,,5,OPERATIONAL
"Lumi Unisex Salon | Salon in mayur vihar , Unisex Saloon near me |","Mayur Vihar, Delhi",110091,salons,4.9,35,0,0,0,0,,4,OPERATIONAL
The glam zone salon,"Mayur Vihar, Delhi",110091,salons,4.9,187,0,0,1,0,,4,OPERATIONAL
Aura By MJ.,"Mayur Vihar, Delhi",110091,salons,4.4,249,0,1,1,0,,13,OPERATIONAL
"Mayur Vihar Phase 1 Hair, Skin & Bridal Studio","Mayur Vihar, Delhi",110091,salons,4.8,26,0,0,0,0,,4,OPERATIONAL
Affinity Express,"Mayur Vihar, Delhi",110091,salons,4.7,575,0,0,1,0,,4,OPERATIONAL
Manya Makeovers - Bridal & party makeup Artist,"Mayur Vihar, Delhi",110091,salons,4.8,282,0,1,1,0,,13,OPERATIONAL
Black Head Unisex Salon,"Mayur Vihar, Delhi",110096,salons,4.9,247,0,1,1,0,,7,OPERATIONAL
Avalon Unisex Salon,"Mayur Vihar, Delhi",110091,salons,4.0,181,0,0,1,0,,4,OPERATIONAL
Maple Salon,"Mayur Vihar, Delhi",110091,salons,4.4,191,0,0,1,0,,6,OPERATIONAL
Kripa's makeovers and salon,"Mayur Vihar, Delhi",110091,salons,4.9,90,0,1,1,0,,3,OPERATIONAL
Anytime Fitness,"Mayur Vihar, Delhi",110091,gyms,4.7,45,0,1,1,0,,6,OPERATIONAL
Fitness Trap gym,"Mayur Vihar, Delhi",110091,gyms,4.6,234,0,1,1,0,,6,OPERATIONAL
The Beast Factory,"Mayur Vihar, Delhi",110091,gyms,4.9,179,0,0,1,0,,7,OPERATIONAL
Anytime Fitness,"Mayur Vihar, Delhi",110091,gyms,4.6,933,0,1,1,0,,6,OPERATIONAL
POL FITNESS GYM,"Mayur Vihar, Delhi",110091,gyms,5.0,111,0,0,1,0,,6,OPERATIONAL
Moltom The Fitness Lounge ODF Mayur Vihar Phase 1,"Mayur Vihar, Delhi",110091,gyms,4.5,524,0,1,1,0,,5,OPERATIONAL
The Wellness Club Gym Xpress Mayur Vihar Phase -1,"Mayur Vihar, Delhi",110091,gyms,4.9,194,0,1,0,0,,6,OPERATIONAL
Rethink Fitness | Best Gym in Mayur Vihar Phase 1,"Mayur Vihar, Delhi",110091,gyms,5.0,34,0,1,1,0,,6,OPERATIONAL
"The Iron Pumpers Gym - Available on Cult.fit | Gym in Mayur Vihar, Delhi","Mayur Vihar, Delhi",110091,gyms,4.2,196,0,1,1,0,,9,OPERATIONAL
"Cult Gym Mayur Vihar | Best Gym in Mayur Vihar, Delhi","Mayur Vihar, Delhi",110091,gyms,3.9,19,0,1,1,0,,13,OPERATIONAL
Lords Of Fitness,"Mayur Vihar, Delhi",110091,gyms,4.9,45,0,0,1,0,,5,OPERATIONAL
Fitness Zone,"Mayur Vihar, Delhi",110091,gyms,4.8,217,0,0,1,0,,5,OPERATIONAL
F4Fitness club,"Mayur Vihar, Delhi",110096,gyms,5.0,67,0,0,0,0,,5,OPERATIONAL
Cardio Prime Gym Mayur Vihar Ph2,"Mayur Vihar, Delhi",110091,gyms,4.0,91,0,0,1,0,,5,OPERATIONAL
Rgee fitness,"Mayur Vihar, Delhi",110091,gyms,4.8,296,0,1,1,0,,5,OPERATIONAL
World Iron Champ Gym Delhi,"Mayur Vihar, Delhi",110091,gyms,4.7,94,0,0,1,0,,6,OPERATIONAL
AR FITNESS HUB (Gym),"Mayur Vihar, Delhi",110091,gyms,4.8,95,0,0,1,0,,5,OPERATIONAL
Absolute Fit,"Mayur Vihar, Delhi",110096,gyms,4.9,210,0,1,1,0,,6,OPERATIONAL
Galactus Gym,"Mayur Vihar, Delhi",110091,gyms,4.9,59,0,0,0,0,,5,OPERATIONAL
Cardio Prime Gym Mayur Vihar Ph1,"Mayur Vihar, Delhi",110091,gyms,4.0,228,0,0,1,0,,6,OPERATIONAL
VM Mart a multi-brand garment STORE MAYUR VIHAR,"Mayur Vihar, Delhi",110091,clothing stores,4.7,157,0,0,1,0,,4,OPERATIONAL
Praja Fashion Mart - Premium Women's Clothing Store,"Mayur Vihar, Delhi",110091,clothing stores,5.0,63,0,1,1,0,,8,OPERATIONAL
Sutram Curation - Branded Women's Clothing Store,"Mayur Vihar, Delhi",110091,clothing stores,5.0,34,0,1,1,0,,8,OPERATIONAL
Trendy Buy Store,"Mayur Vihar, Delhi",110091,clothing stores,4.5,12,0,0,1,0,,4,OPERATIONAL
DHARMA FASHION SALE,"Mayur Vihar, Delhi",110091,clothing stores,4.7,31,0,0,1,0,,4,OPERATIONAL
Xzizt,"Mayur Vihar, Delhi",110091,clothing stores,4.3,2838,0,0,1,0,,7,OPERATIONAL
Our Shop,"Mayur Vihar, Delhi",110091,clothing stores,4.9,34,0,0,1,0,,4,OPERATIONAL
Sanjay Fashion Collection,"Mayur Vihar, Delhi",110096,clothing stores,4.8,133,0,1,1,0,,7,OPERATIONAL
Urban Fashion Outfit,"Mayur Vihar, Delhi",110096,clothing stores,4.6,59,0,0,1,0,,4,OPERATIONAL
New Pink City Collection mayur vihar ph-1,"Mayur Vihar, Delhi",110091,clothing stores,4.3,19,0,0,1,0,,5,OPERATIONAL
Cantabil,"Mayur Vihar, Delhi",110091,clothing stores,4.8,413,0,1,1,0,,3,OPERATIONAL
Deep Garments,"Mayur Vihar, Delhi",110096,clothing stores,4.7,29,0,0,1,0,,4,OPERATIONAL
R.K Garments,"Mayur Vihar, Delhi",110096,clothing stores,4.9,27,0,0,1,0,,4,OPERATIONAL
Laxmi Fashion,"Mayur Vihar, Delhi",110091,clothing stores,3.7,3,0,0,0,0,,7,OPERATIONAL
Jain Group Sale,"Mayur Vihar, Delhi",110091,clothing stores,3.7,540,0,0,1,0,,4,OPERATIONAL
KALAKRITI,"Mayur Vihar, Delhi",110091,clothing stores,4.3,33,0,0,1,0,,5,OPERATIONAL
VYBZ Store,"Mayur Vihar, Delhi",110091,clothing stores,4.8,25,0,0,0,0,,4,OPERATIONAL
Zai Fashion Pvt Ltd,"Mayur Vihar, Delhi",110091,clothing stores,4.8,16,0,1,1,0,,4,OPERATIONAL
Ishita Fashion,"Mayur Vihar, Delhi",110091,clothing stores,4.1,12,0,0,0,0,,4,OPERATIONAL
Jockey Exclusive Store,"Mayur Vihar, Delhi",110091,clothing stores,4.9,1444,0,1,1,0,,7,OPERATIONAL
BIG HYPER MART,"Mayur Vihar, Delhi",110091,grocery stores,5.0,160,0,1,1,0,,11,OPERATIONAL
Jain Ki Dukan,"Mayur Vihar, Delhi",110091,grocery stores,4.2,296,0,1,1,0,,6,OPERATIONAL
Reliance Fresh,"Mayur Vihar, Delhi",110091,grocery stores,3.8,1462,0,1,1,0,,7,OPERATIONAL
Acharya Niketan Market,"Mayur Vihar, Delhi",110091,grocery stores,4.1,3288,0,0,0,0,,3,OPERATIONAL
Ganga Market - DDA Shopping Center,"Mayur Vihar, Delhi",110091,grocery stores,3.9,1434,0,0,0,0,,3,OPERATIONAL
Jain Store,"Mayur Vihar, Delhi",110091,grocery stores,4.3,82,0,0,1,0,,6,OPERATIONAL
Suresh store,"Mayur Vihar, Delhi",110091,grocery stores,4.3,200,0,0,1,0,,7,OPERATIONAL
Mayur Vihar Phase 2 Shopping Complex,"Mayur Vihar, Delhi",110091,grocery stores,4.0,8496,0,0,1,0,,3,OPERATIONAL
Sunday Market,"Mayur Vihar, Delhi",110091,grocery stores,4.0,608,0,0,0,0,,3,OPERATIONAL
Home Needs Supermarket,"Mayur Vihar, Delhi",110091,grocery stores,4.3,16,0,0,1,0,,7,OPERATIONAL
Shree Krishna Departmental Store,"Mayur Vihar, Delhi",110091,grocery stores,4.0,26,0,0,1,0,,6,OPERATIONAL
Diwakar Grocery Store,"Mayur Vihar, Delhi",110091,grocery stores,4.1,10,0,0,1,0,,6,OPERATIONAL
Dely Mart Mayur Vihar,"Mayur Vihar, Delhi",110091,grocery stores,5.0,4,0,0,0,0,,4,OPERATIONAL
E-Store India,"Mayur Vihar, Delhi",110091,grocery stores,3.9,55,0,0,0,0,,6,OPERATIONAL
Safal Store,"Mayur Vihar, Delhi",110091,grocery stores,3.8,54,0,1,0,0,,6,OPERATIONAL
Triveni Store,"Mayur Vihar, Delhi",110091,grocery stores,4.0,63,0,1,1,0,,7,OPERATIONAL
Gulshan Store,"Mayur Vihar, Delhi",110091,grocery stores,4.2,44,0,0,0,0,,6,OPERATIONAL
Chik Plaza,"Mayur Vihar, Delhi",110091,grocery stores,4.6,105,0,1,1,0,,6,OPERATIONAL
Haryana Traders,"Mayur Vihar, Delhi",110091,grocery stores,4.3,117,0,1,1,0,,7,OPERATIONAL
New Pankaj Electronics,"Mayur Vihar, Delhi",110091,electronics shops,3.4,124,0,1,1,0,,6,OPERATIONAL
Kbm Electronics,"Mayur Vihar, Delhi",110091,electronics shops,3.8,670,0,0,1,0,,4,OPERATIONAL
Jain Electro World,"Mayur Vihar, Delhi",110096,electronics shops,4.7,366,0,0,1,0,,7,OPERATIONAL
NEW PANKAJ ELECTRONICS,"Mayur Vihar, Delhi",110096,electronics shops,4.6,195,0,1,1,0,,7,OPERATIONAL
Tirupati Electricals | Best AC & Electrical Shop in Mayur Vihar,"Mayur Vihar, Delhi",110091,electronics shops,4.8,166,0,1,1,0,,8,OPERATIONAL
"Panasonic Store: New Pankaj Electronics, Mayur Vihar","Mayur Vihar, Delhi",110091,electronics shops,4.7,52,0,0,1,0,,4,OPERATIONAL
Great Eastern Retail Pvt Ltd: Mayur Vihar,"Mayur Vihar, Delhi",110091,electronics shops,4.6,341,0,1,1,0,,4,OPERATIONAL
Rana Enterprises,"Mayur Vihar, Delhi",110091,electronics shops,4.7,23,0,0,1,0,,4,OPERATIONAL
Krishna Electronics,"Mayur Vihar, Delhi",110091,electronics shops,3.8,70,0,0,1,0,,4,OPERATIONAL
Star Electronics,"Mayur Vihar, Delhi",110096,electronics shops,3.3,40,0,0,1,0,,4,OPERATIONAL
Advanced Electronics Systems,"Mayur Vihar, Delhi",110091,electronics shops,4.3,15,0,0,1,0,,4,OPERATIONAL
Bhan Computers Limited (HPWORLD),"Mayur Vihar, Delhi",110091,electronics shops,4.5,130,0,0,1,0,,4,OPERATIONAL
Syscom Computers Private Limited,"Mayur Vihar, Delhi",110091,electronics shops,3.8,91,0,1,1,0,,5,OPERATIONAL
Schneider Electric - Aashirwad Electricals,"Mayur Vihar, Delhi",110091,electronics shops,4.5,17,0,0,1,0,,4,OPERATIONAL
Singhal Electricals,"Mayur Vihar, Delhi",110091,electronics shops,4.8,5,0,0,1,0,,4,OPERATIONAL
Spacelift - Verma sales corporation (Since 1986),"Mayur Vihar, Delhi",110091,electronics shops,4.7,658,0,0,1,0,,8,OPERATIONAL
"Pigeon Exclusive Store - Mayur Vihar, New Delhi | Chimneys, Hobs, Cast Iron Cookware & More","Mayur Vihar, Delhi",110091,electronics shops,4.9,435,0,1,1,0,,7,OPERATIONAL
Krishna Electricals & Sons,"Mayur Vihar, Delhi",110091,electronics shops,3.6,8,0,0,1,0,,4,OPERATIONAL
Siscom Computers,"Mayur Vihar, Delhi",110091,electronics shops,4.3,20,0,0,1,0,,5,OPERATIONAL
MAYUR ELECTRONICS,"Mayur Vihar, Delhi",110091,electronics shops,4.0,4,0,0,0,0,,4,OPERATIONAL
"Medical Zone Clinic - Physician, Urologist,Physiotherapist","Mayur Vihar, Delhi",110091,clinics,4.9,131,0,1,1,0,,6,OPERATIONAL
Dr. Kavita Jain - The Wow Clinic,"Mayur Vihar, Delhi",110091,clinics,4.8,210,0,0,1,0,,6,OPERATIONAL
Life Clinic,"Mayur Vihar, Delhi",110091,clinics,5.0,9,0,0,1,0,,8,OPERATIONAL
Sharda Clinic | Dr. Neerja Varshney,"Mayur Vihar, Delhi",110091,clinics,5.0,55,0,0,1,0,,9,OPERATIONAL
Madhumeha Clinic - Best Diabetologist Doctor | Thyroid Obesity Clinic in Mayur Vihar East Delhi NCR,"Mayur Vihar, Delhi",110091,clinics,4.7,216,0,1,1,0,,4,OPERATIONAL
Dr. Dk's Clinic (By Dr. Dibbendu Singh-AIIMS) | Best Dermatologist In Mayur Vihar | Skin Specialist | Skin_Hair_And_Nails,"Mayur Vihar, Delhi",110091,clinics,4.9,410,0,1,1,0,,8,OPERATIONAL
Dr. Renu Garg's Clinics,"Mayur Vihar, Delhi",110091,clinics,4.8,238,0,0,1,0,,11,OPERATIONAL
Family Health Clinic⚕️,"Mayur Vihar, Delhi",110091,clinics,5.0,2,0,0,1,0,,4,OPERATIONAL
"Dr Vandana Sood's Clinic | General Physician in Mayur Vihar, Delhi","Mayur Vihar, Delhi",110091,clinics,4.9,34,0,0,1,0,,4,OPERATIONAL
View Care - Eye Centre (By Dr. Gaurav Garg - AIIMS),"Mayur Vihar, Delhi",110091,clinics,4.9,1420,0,1,1,0,,5,OPERATIONAL
Dr. Manju Gupta,"Mayur Vihar, Delhi",110091,clinics,4.7,272,0,1,1,0,,7,OPERATIONAL
Jeevan Anmol Hospital,"Mayur Vihar, Delhi",110091,clinics,3.3,510,0,1,1,0,,6,OPERATIONAL
Ojas Skin and dental care | Best Dermatologist/Dental Clinic in Mayur Vihar East Delhi/Noida,"Mayur Vihar, Delhi",110091,clinics,4.8,327,0,1,1,0,,10,OPERATIONAL
Dr Rajeev’s Dental Clinic,"Mayur Vihar, Delhi",110091,clinics,4.9,385,0,1,1,0,,6,OPERATIONAL
Advanced ENT & Neuropsychiatry Clinic { Dr Ashish Narvariya(MD Psychiatry)-,"Mayur Vihar, Delhi",110091,clinics,4.9,155,0,1,1,0,,7,OPERATIONAL
Sanjeevni diagnostics & medical centre,"Mayur Vihar, Delhi",110091,clinics,4.4,12,0,0,1,0,,6,OPERATIONAL
Urogynae Care Clinic,"Mayur Vihar, Delhi",110091,clinics,4.9,192,0,1,1,0,,4,OPERATIONAL
SWASTHYA MULTISPECIALITY PEDIATRIC & NEW BORN CLINIC (ALL VACCINATIONS / Ex LADY HARDINGE/ MAMC/LNJP FACULTY),"Mayur Vihar, Delhi",110091,clinics,4.7,82,0,0,1,0,,8,OPERATIONAL
"Aarogya Physiotherapy & Wellness Clinic by Dr Usha– Shoulder, Back & Knee Pain Specialist, Mayur Vihar 1","Mayur Vihar, Delhi",110091,clinics,5.0,99,0,1,1,0,,8,OPERATIONAL
Dr. Tushar Opneja – Dermatologist in Mayur Vihar Phase 1,"Mayur Vihar, Delhi",110091,clinics,4.7,93,0,0,1,0,,9,OPERATIONAL
Bakingham - The Bake Town,"Mayur Vihar, Delhi",110091,bakeries,5.0,679,0,0,1,0,,6,OPERATIONAL
"FNP Cakes Shop In MAYUR VIHAR PHASE-1, DELHI","Mayur Vihar, Delhi",110091,bakeries,4.6,90,0,1,1,0,,13,OPERATIONAL
Mr Baker's The Cake shop,"Mayur Vihar, Delhi",110091,bakeries,4.0,276,0,1,1,1,2.0,6,OPERATIONAL
"Theobroma Bakery and Cake Shop - Mayur Vihar, New Delhi","Mayur Vihar, Delhi",110091,bakeries,4.7,121,0,1,1,0,,13,OPERATIONAL
Mr. Bakers,"Mayur Vihar, Delhi",110091,bakeries,4.1,288,0,0,1,0,,6,OPERATIONAL
Bake Bank,"Mayur Vihar, Delhi",110091,bakeries,4.6,167,0,0,1,1,2.0,9,OPERATIONAL
Thakur Ji Bakers 100% Eggless,"Mayur Vihar, Delhi",110092,bakeries,4.8,1067,0,0,1,0,,4,OPERATIONAL
Sakshi Bakehouse | Customize Cakes | Free Delivery | Bento Cake | Brownies | Cupcakes | Hampers | Plum Cakes | Best Bakery,"Mayur Vihar, Delhi",110091,bakeries,5.0,39,0,1,1,0,,9,OPERATIONAL
EverGreen Pastry,"Mayur Vihar, Delhi",110091,bakeries,4.0,517,0,0,1,1,2.0,9,OPERATIONAL
"Keuchen Paradise – Best Cake Shop In Mayur Vihar Phase 1, Designer Cakes & Online Cake Delivery in Delhi NCR","Mayur Vihar, Delhi",110091,bakeries,4.3,145,0,1,1,0,,12,OPERATIONAL
The World of Cakez,"Mayur Vihar, Delhi",110091,bakeries,5.0,86,0,1,1,0,,6,OPERATIONAL
Royal bakery,"Mayur Vihar, Delhi",110096,bakeries,4.9,208,0,1,1,0,,6,OPERATIONAL
Amar Bakery,"Mayur Vihar, Delhi",110091,bakeries,3.9,270,0,1,1,0,,8,OPERATIONAL
Shiv Pastry Shop,"Mayur Vihar, Delhi",110091,bakeries,4.3,521,0,0,1,1,2.0,9,OPERATIONAL
"CAKE ‘O’ CLOCKS - MAYUR VIHAR BEST BAKERY, DESIGNER CAKE SHOP WITH FREE HOME DELIVERY & DISCOUNT ON STORE PICKUP","Mayur Vihar, Delhi",110096,bakeries,4.5,268,0,1,1,0,,12,OPERATIONAL
LAL JI BAKERY (100% EGGLESS),"Mayur Vihar, Delhi",110091,bakeries,4.8,33,0,0,1,0,,6,OPERATIONAL
Breadz,"Mayur Vihar, Delhi",110091,bakeries,4.0,83,0,1,1,0,,6,OPERATIONAL
Eggless Cake Shop (Hashtag Bakery),"Mayur Vihar, Delhi",110096,bakeries,4.5,99,0,1,1,0,,6,OPERATIONAL
Cake Baker’s,"Mayur Vihar, Delhi",110096,bakeries,5.0,30,0,0,1,0,,6,OPERATIONAL
Apollo Pharmacy Mayur Vihar Phase 1 Acharya Niketan,"Mayur Vihar, Delhi",110091,pharmacies,4.6,83,0,1,1,0,,8,OPERATIONAL
Apollo Pharmacy Mayur Vihar I Chetan Plaza,"Mayur Vihar, Delhi",110091,pharmacies,4.3,98,0,1,1,0,,8,OPERATIONAL
Apollo Pharmacy Mayur Vihar I,"Mayur Vihar, Delhi",110091,pharmacies,4.0,64,0,1,1,0,,8,OPERATIONAL
ZEELAB Pharmacy - Mayur Vihar Phase 2,"Mayur Vihar, Delhi",110091,pharmacies,5.0,87,0,1,1,0,,5,OPERATIONAL
PlusZon Pharmacy,"Mayur Vihar, Delhi",110091,pharmacies,4.5,102,0,0,1,0,,5,OPERATIONAL
Apollo Pharmacy Mayur Vihar II,"Mayur Vihar, Delhi",110091,pharmacies,4.8,77,0,1,1,0,,9,OPERATIONAL
Zeelab Pharmacy - Acharya Niketan,"Mayur Vihar, Delhi",110091,pharmacies,5.0,348,0,1,1,0,,5,OPERATIONAL
Apollo Pharmacy Mayur Vihar II Pocket A,"Mayur Vihar, Delhi",110091,pharmacies,4.1,117,0,1,1,0,,8,OPERATIONAL
Apollo Pharmacy Mayur Vihar Durga Pocket II,"Mayur Vihar, Delhi",110091,pharmacies,5.0,15,0,1,1,0,,5,OPERATIONAL
"Jindal Chemist: Pharmacy - Allopathic, Ayurvedic, Unani and Homeopathic medicines","Mayur Vihar, Delhi",110091,pharmacies,4.4,64,0,1,1,0,,6,OPERATIONAL
ZEELAB Pharmacy - Mayur Vihar Phase 3,"Mayur Vihar, Delhi",110096,pharmacies,4.6,64,0,1,1,0,,5,OPERATIONAL
Mayur Pharmacy,"Mayur Vihar, Delhi",110091,pharmacies,4.5,10,0,0,1,0,,5,OPERATIONAL
Arora Chemist,"Mayur Vihar, Delhi",110091,pharmacies,4.1,22,0,0,1,0,,5,OPERATIONAL
City Medicos,"Mayur Vihar, Delhi",110091,pharmacies,4.4,35,0,0,1,0,,5,OPERATIONAL
SHRI SIDH PHARMACY & LABS,"Mayur Vihar, Delhi",110091,pharmacies,5.0,13,0,0,1,0,,5,OPERATIONAL
JUNEJA MEDICAL STORE,"Mayur Vihar, Delhi",110091,pharmacies,4.9,37,0,0,1,0,,7,OPERATIONAL
Sharma Medical Store,"Mayur Vihar, Delhi",110096,pharmacies,4.0,173,0,0,1,0,,5,OPERATIONAL
HEALTH OK PHARMACY,"Mayur Vihar, Delhi",110091,pharmacies,4.8,25,0,0,1,0,,5,OPERATIONAL
Guardian Pharmacy,"Mayur Vihar, Delhi",110091,pharmacies,5.0,3,0,1,0,0,,5,OPERATIONAL
SOUL PHARMACY,"Mayur Vihar, Delhi",110091,pharmacies,3.4,29,0,1,1,0,,6,OPERATIONAL
Studymate - CBSE Coaching & Tuition Center In Mayur Vihar,"Mayur Vihar, Delhi",110091,tutoring centers,4.6,98,0,0,1,0,,2,OPERATIONAL
Adharshila,"Mayur Vihar, Delhi",110091,tutoring centers,5.0,150,0,1,1,0,,3,OPERATIONAL
KlassKlub Educare Pvt.Ltd.,"Mayur Vihar, Delhi",110091,tutoring centers,4.8,93,0,1,1,0,,5,OPERATIONAL
Advanced statistics Business mathematics Econometrics operations research teacher in delhi,"Mayur Vihar, Delhi",110091,tutoring centers,5.0,30,0,1,1,0,,3,OPERATIONAL
"Progressive Minds | IIT JEE, NEET, Foundation, Maths, Physics, Chemistry, Biology Coaching Institute in Mayur Vihar, Delhi","Mayur Vihar, Delhi",110091,tutoring centers,4.8,55,0,1,1,0,,3,OPERATIONAL
V2A EDUCATION HUB | IIT-JEE|NEET|COMMERCE|TUITION|CLASSES|,"Mayur Vihar, Delhi",110091,tutoring centers,4.9,135,0,0,1,0,,3,OPERATIONAL
Excellent Tutorials,"Mayur Vihar, Delhi",110096,tutoring centers,4.8,149,0,0,1,0,,3,OPERATIONAL
KOTHARI CLASSES,"Mayur Vihar, Delhi",110091,tutoring centers,4.8,94,0,0,1,0,,2,OPERATIONAL
Mishra classes and home tuition,"Mayur Vihar, Delhi",110096,tutoring centers,5.0,24,0,0,1,0,,3,OPERATIONAL
Braj Education Centre,"Mayur Vihar, Delhi",110091,tutoring centers,4.8,32,0,1,1,0,,3,OPERATIONAL
TutorWale,"Mayur Vihar, Delhi",110091,tutoring centers,4.9,30,0,1,1,0,,2,OPERATIONAL
Satnara IIT AIIMS Academy (an initiative by IITians),"Mayur Vihar, Delhi",110091,tutoring centers,4.9,292,0,1,1,0,,5,OPERATIONAL
Home Tuition by Virendra Yadav,"Mayur Vihar, Delhi",110091,tutoring centers,5.0,10,0,1,1,0,,3,OPERATIONAL
PARINAAM COACHING CENTRE,"Mayur Vihar, Delhi",110091,tutoring centers,5.0,65,0,0,1,0,,2,OPERATIONAL
Sai Home Tutor,"Mayur Vihar, Delhi",110091,tutoring centers,4.9,16,0,1,1,0,,3,OPERATIONAL
pandey home tutors,"Mayur Vihar, Delhi",110091,tutoring centers,5.0,3,0,0,1,0,,3,OPERATIONAL
Aman kumar Tuition classes,"Mayur Vihar, Delhi",110096,tutoring centers,5.0,103,0,0,1,0,,3,OPERATIONAL
PCMB Classes,"Mayur Vihar, Delhi",110091,tutoring centers,4.9,98,0,1,1,0,,2,OPERATIONAL
Dev Educational,"Mayur Vihar, Delhi",110091,tutoring centers,5.0,31,0,0,1,0,,3,OPERATIONAL
ABACUS CLASSES IN MAYUR VIHAR ABACUS CHAMPS ACADEMY Rubic Cube classesMAYUR VIHAR,"Mayur Vihar, Delhi",110091,tutoring centers,4.9,66,0,1,1,0,,3,OPERATIONAL
Star Furniture,"Mayur Vihar, Delhi",110091,furniture stores,4.8,52,0,0,1,0,,6,OPERATIONAL
Ved Furniture,"Mayur Vihar, Delhi",110096,furniture stores,4.7,112,0,0,1,0,,6,OPERATIONAL
Vishwas furniture &DECOR,"Mayur Vihar, Delhi",110091,furniture stores,5.0,6,0,0,1,0,,8,OPERATIONAL
Sajawat -The Handloom House,"Mayur Vihar, Delhi",110091,furniture stores,4.7,59,0,0,1,0,,6,OPERATIONAL
"Maruti Decor Sofa Repairing (All Sofa Fabric, changing, Bed Headboard, Dining Chair, Upholstery Repairing&Manufacturing.)","Mayur Vihar, Delhi",110091,furniture stores,4.9,657,0,1,1,0,,8,OPERATIONAL
Mayur furnishing fabric,"Mayur Vihar, Delhi",110091,furniture stores,5.0,35,0,1,1,0,,7,OPERATIONAL
Delhi Furniture,"Mayur Vihar, Delhi",110096,furniture stores,5.0,9,0,0,1,0,,9,OPERATIONAL
Goswami Furniture,"Mayur Vihar, Delhi",110091,furniture stores,3.6,28,0,0,1,0,,6,OPERATIONAL
"Classic Gallery- Crockery, Kitchenware, Steel Utensils, Gifts, Home Decor, Religious Figurines, Household Items, Thermoware.","Mayur Vihar, Delhi",110091,furniture stores,4.9,59,0,1,1,0,,10,OPERATIONAL
Sofa Spa & Repair Haven,"Mayur Vihar, Delhi",110091,furniture stores,5.0,13,0,0,1,0,,6,OPERATIONAL
Shree bala ji furniture chair sofa repair,"Mayur Vihar, Delhi",110091,furniture stores,4.9,24,0,1,1,0,,3,OPERATIONAL
RS Furniture,"Mayur Vihar, Delhi",110091,furniture stores,5.0,1,0,0,1,0,,3,OPERATIONAL
Classic Furnitures,"Mayur Vihar, Delhi",110096,furniture stores,4.3,21,0,0,1,0,,4,OPERATIONAL
Mangal Chair & Sofa Repair,"Mayur Vihar, Delhi",110091,furniture stores,4.9,88,0,1,1,0,,3,OPERATIONAL
Uttam furniture,"Mayur Vihar, Delhi",110091,furniture stores,5.0,3,0,0,1,0,,4,OPERATIONAL
Guruji sofa repairing,"Mayur Vihar, Delhi",110091,furniture stores,4.8,82,0,1,1,0,,3,OPERATIONAL
Mahajan Trading Company,"Mayur Vihar, Delhi",110091,furniture stores,5.0,1,0,0,1,0,,9,OPERATIONAL
KR SOFA WORK,"Mayur Vihar, Delhi",110091,furniture stores,5.0,3,0,1,1,0,,4,OPERATIONAL
Gobind Handloom Shop,"Mayur Vihar, Delhi",110091,furniture stores,4.4,25,0,0,1,0,,4,OPERATIONAL
R.K. Furniture,"Mayur Vihar, Delhi",110096,furniture stores,2.8,5,0,0,1,0,,6,OPERATIONAL
Mobile hub,"Mayur Vihar, Delhi",110091,mobile shops,4.1,107,0,1,1,0,,6,OPERATIONAL
Hotspot Mobile Store,"Mayur Vihar, Delhi",110091,mobile shops,4.8,462,0,1,1,0,,4,OPERATIONAL
SK Comm,"Mayur Vihar, Delhi",110091,mobile shops,4.4,2078,0,0,1,0,,4,OPERATIONAL
Raj Mobile Repair Madiways Shop,"Mayur Vihar, Delhi",110091,mobile shops,4.9,210,0,0,1,0,,4,OPERATIONAL
Samsung Experience Store Mayur Vihar,"Mayur Vihar, Delhi",110091,mobile shops,4.8,20,0,1,1,0,,4,OPERATIONAL
"Cashify Mobile Phone Store | Buy, Sell & Repair in Mayur Vihar Delhi","Mayur Vihar, Delhi",110091,mobile shops,4.8,701,0,1,1,0,,6,OPERATIONAL
Bharat Enterprises,"Mayur Vihar, Delhi",110091,mobile shops,3.8,20,0,0,1,0,,4,OPERATIONAL
Aa Mobile Store,"Mayur Vihar, Delhi",110091,mobile shops,4.3,6,0,0,1,0,,4,OPERATIONAL
Gaurav Telecom,"Mayur Vihar, Delhi",110091,mobile shops,5.0,6,0,0,1,0,,5,OPERATIONAL
Mobile specialist repair and accessories,"Mayur Vihar, Delhi",110091,mobile shops,4.9,25,0,0,1,0,,4,OPERATIONAL
Gadget Hub,"Mayur Vihar, Delhi",110091,mobile shops,4.4,5,0,0,1,0,,4,OPERATIONAL
Dubey Ji Mobile Mart,"Mayur Vihar, Delhi",110091,mobile shops,4.9,14,0,0,1,0,,5,OPERATIONAL
Unbound Accessories - Accessories & Mobile Repairing Shop,"Mayur Vihar, Delhi",110091,mobile shops,5.0,11,0,0,1,0,,6,OPERATIONAL
Authorised Samsung Service Center - Care Point,"Mayur Vihar, Delhi",110091,mobile shops,4.5,1857,0,1,1,0,,3,OPERATIONAL
Rahi Metro Gadgets,"Mayur Vihar, Delhi",110091,mobile shops,4.8,35,0,1,1,0,,4,OPERATIONAL
Aggarwal R.K. Jewellers,"Mayur Vihar, Delhi",110096,jewellery shops,4.9,334,0,0,1,0,,4,OPERATIONAL
Shree Jewellers,"Mayur Vihar, Delhi",110091,jewellery shops,4.1,54,0,0,1,0,,4,OPERATIONAL
Alukka Gold Palace,"Mayur Vihar, Delhi",110096,jewellery shops,4.9,1720,0,1,1,0,,4,OPERATIONAL
Mayur Jewellers,"Mayur Vihar, Delhi",110091,jewellery shops,3.9,64,0,0,1,0,,4,OPERATIONAL
Alukka Gold Palace,"Mayur Vihar, Delhi",110091,jewellery shops,4.9,303,0,1,1,0,,4,OPERATIONAL
"My Kalyan Mini Store - Mayur Vihar, New Delhi","Mayur Vihar, Delhi",110091,jewellery shops,5.0,4,0,1,1,0,,8,OPERATIONAL
MANURAJ JEWELLERS,"Mayur Vihar, Delhi",110091,jewellery shops,4.9,39,0,1,1,0,,7,OPERATIONAL
Shree Mayur Jewellers,"Mayur Vihar, Delhi",110091,jewellery shops,4.9,23,0,1,1,0,,8,OPERATIONAL
Kamal Jewellers,"Mayur Vihar, Delhi",110091,jewellery shops,4.1,40,0,0,1,0,,4,OPERATIONAL
Shona's Style,"Mayur Vihar, Delhi",110091,jewellery shops,4.9,2578,0,1,1,0,,4,OPERATIONAL
Shree Vardhman Jewellers (Tijara Wale),"Mayur Vihar, Delhi",110091,jewellery shops,5.0,40,0,0,1,0,,4,OPERATIONAL
Aggarwal Jewellers,"Mayur Vihar, Delhi",110096,jewellery shops,4.8,29,0,1,1,0,,4,OPERATIONAL
Garg Jewellers,"Mayur Vihar, Delhi",110091,jewellery shops,4.7,29,0,0,1,0,,4,OPERATIONAL
Giri Zever Mahal - Best Jewellery Showroom in Delhi,"Mayur Vihar, Delhi",110091,jewellery shops,4.2,3423,0,1,1,0,,4,OPERATIONAL
24Karat We Buy Gold - Mayur Vihar Phase 1,"Mayur Vihar, Delhi",110091,jewellery shops,4.9,682,0,1,1,0,,4,OPERATIONAL
PALAKUNNELJEWELLERS,"Mayur Vihar, Delhi",110096,jewellery shops,4.6,39,0,0,1,0,,4,OPERATIONAL
A.K Jewellers,"Mayur Vihar, Delhi",110096,jewellery shops,4.5,56,0,0,1,0,,4,OPERATIONAL
Om Prakash Sandeep Kumar Jewellers,"Mayur Vihar, Delhi",110091,jewellery shops,4.8,12,0,0,1,0,,4,OPERATIONAL
Rastogi Jewellers,"Mayur Vihar, Delhi",110091,jewellery shops,4.1,15,0,0,1,0,,4,OPERATIONAL
Laxmi Jewellers,"Mayur Vihar, Delhi",110091,jewellery shops,3.8,12,0,0,1,0,,4,OPERATIONAL
GARG HARDWARE,"Mayur Vihar, Delhi",110091,hardware stores,4.7,43,0,0,1,0,,6,OPERATIONAL
Gupta Paint & Hardware,"Mayur Vihar, Delhi",110091,hardware stores,4.1,15,0,0,1,0,,6,OPERATIONAL
RAJESH JI SANITARY PAINTS & HARDWARE STORE,"Mayur Vihar, Delhi",110091,hardware stores,4.4,10,0,0,1,0,,7,OPERATIONAL
Om Sanitary & Hardware Store,"Mayur Vihar, Delhi",110091,hardware stores,4.6,5,0,0,1,0,,5,OPERATIONAL
Gupta Paints & Hardware Store,"Mayur Vihar, Delhi",110091,hardware stores,4.1,8,0,0,1,0,,5,OPERATIONAL
Swami Ji Paints,"Mayur Vihar, Delhi",110091,hardware stores,4.4,65,0,0,1,0,,5,OPERATIONAL
DK Enterprises - Hardware store - Rental Machine,"Mayur Vihar, Delhi",110091,hardware stores,4.9,8,0,0,1,0,,8,OPERATIONAL
New India Ply & Hardware Store,"Mayur Vihar, Delhi",110091,hardware stores,5.0,2,0,0,1,0,,9,OPERATIONAL
Parryware dealer ( Kushwaha Sanitary ) And CPVC PVC Distributor,"Mayur Vihar, Delhi",110096,hardware stores,4.9,111,0,0,1,0,,6,OPERATIONAL
Maurya Hardware,"Mayur Vihar, Delhi",110096,hardware stores,4.3,9,0,0,1,0,,5,OPERATIONAL
Singh Computerised Chabi Wala,"Mayur Vihar, Delhi",110091,hardware stores,5.0,53,0,1,1,0,,5,OPERATIONAL
BALAJI PAINTS & HARDWARE,"Mayur Vihar, Delhi",110096,hardware stores,4.3,4,0,0,1,0,,5,OPERATIONAL
New gupta paints hardware Sanitary Store,"Mayur Vihar, Delhi",110092,hardware stores,5.0,11,0,0,1,0,,7,OPERATIONAL
Bisht Hardware & Sanitaryware,"Mayur Vihar, Delhi",110096,hardware stores,4.1,14,0,0,1,0,,5,OPERATIONAL
Gupta Traders,"Mayur Vihar, Delhi",110091,hardware stores,5.0,4,0,0,1,0,,5,OPERATIONAL
Hanumant Hardware | Ozone Dealer,"Mayur Vihar, Delhi",110096,hardware stores,4.5,40,0,1,1,0,,6,OPERATIONAL
R R Paints and Hardware Store,"Mayur Vihar, Delhi",110092,hardware stores,4.2,24,0,0,1,0,,7,OPERATIONAL
Jai Jagannath Sanitary & Hardware Store,"Mayur Vihar, Delhi",110096,hardware stores,5.0,3,0,0,1,0,,7,OPERATIONAL
Anuj paint & hardware,"Mayur Vihar, Delhi",110091,hardware stores,4.5,2,0,0,1,0,,5,OPERATIONAL
Gola Sizzlers Preet Vihar- Luxury dining and party hall,"Preet Vihar, Delhi",110092,restaurants,4.5,3726,0,0,1,1,2.0,15,OPERATIONAL
The Salt Cafe Kitchen & Bar,"Preet Vihar, Delhi",110092,restaurants,4.2,6210,0,1,1,1,2.0,9,OPERATIONAL
La Afffair - Cafe Lounge & Bar,"Preet Vihar, Delhi",110092,restaurants,4.3,1748,0,1,1,0,,9,OPERATIONAL
G3 cafe - Best Rooftop in East Delhi,"Preet Vihar, Delhi",110092,restaurants,4.2,608,0,0,0,0,,13,OPERATIONAL
Lord Of The Drinks,"Preet Vihar, Delhi",110092,restaurants,4.4,1471,0,1,1,1,3.0,7,OPERATIONAL
Masala Kitchen | Restaurant in Preet Vihar,"Preet Vihar, Delhi",110092,restaurants,4.3,523,0,0,1,1,2.0,6,OPERATIONAL
Verandah Moonshine,"Preet Vihar, Delhi",110092,restaurants,3.9,1952,0,0,1,1,2.0,10,OPERATIONAL
Cabaana Kitchen & Bar,"Preet Vihar, Delhi",110092,restaurants,4.3,350,0,1,1,0,,4,OPERATIONAL
Big yellow door preet vihar,"Preet Vihar, Delhi",110092,restaurants,4.6,160,0,0,0,0,,9,OPERATIONAL
AM TO PM - KITCHEN & BAR,"Preet Vihar, Delhi",110092,restaurants,4.2,241,0,1,1,0,,14,OPERATIONAL
"Meraak Cafe North Indian, Asian, Chinese, Continental.","Preet Vihar, Delhi",110092,restaurants,4.3,570,0,1,1,0,,4,OPERATIONAL
Anardana - East Delhi,"Preet Vihar, Delhi",110092,restaurants,4.6,5423,0,1,1,1,3.0,6,OPERATIONAL
Nox Cafe & Lounge,"Preet Vihar, Delhi",110092,restaurants,4.2,165,0,1,1,0,,10,OPERATIONAL
Aahar Udipi's,"Preet Vihar, Delhi",110092,restaurants,4.3,2355,0,0,1,0,,6,OPERATIONAL
Bikanervala | Preet Vihar Delhi,"Preet Vihar, Delhi",110092,restaurants,4.3,4929,0,1,1,1,2.0,16,OPERATIONAL
Showsha Baazi Bar & Kitchen,"Preet Vihar, Delhi",110092,restaurants,4.0,121,0,1,1,0,,11,OPERATIONAL
Haldiram's - Preet Vihar,"Preet Vihar, Delhi",110092,restaurants,4.4,1316,0,1,1,1,2.0,4,OPERATIONAL
Shree Rathnam Restaurant,"Preet Vihar, Delhi",110092,restaurants,4.0,2841,0,1,1,1,2.0,9,OPERATIONAL
Sagar Ratna,"Preet Vihar, Delhi",110092,restaurants,3.9,2862,0,1,1,1,2.0,9,OPERATIONAL
"Tan Coffee | Preet Vihar, Delhi","Preet Vihar, Delhi",110092,cafes,4.8,1181,0,1,1,0,,7,OPERATIONAL
4 Jokers Cafe - Preet Vihar,"Preet Vihar, Delhi",110092,cafes,4.8,47,0,1,1,0,,4,OPERATIONAL
Cafe 3B,"Preet Vihar, Delhi",110092,cafes,4.9,68,0,0,1,0,,7,OPERATIONAL
Cafe QUBA 2.0,"Preet Vihar, Delhi",110092,cafes,4.2,64,0,0,0,0,,5,OPERATIONAL
Suto Cafe Preet Vihar,"Preet Vihar, Delhi",110092,cafes,4.7,126,0,0,1,0,,5,OPERATIONAL
4th Street Cafe,"Preet Vihar, Delhi",110092,cafes,4.0,1051,0,1,1,1,2.0,9,OPERATIONAL
The Foody Toury Cafe,"Preet Vihar, Delhi",110092,cafes,4.7,27,0,0,1,0,,4,OPERATIONAL
"Looks Salon, Preet Vihar","Preet Vihar, Delhi",110092,salons,4.4,448,0,1,1,0,,6,OPERATIONAL
LOOKSMITH UNISEX SALON & MAKEUP STUDIO,"Preet Vihar, Delhi",110091,salons,4.8,149,0,1,1,0,,14,OPERATIONAL
"Lakme Salon For Him and Her in Preet Vihar,Delhi","Preet Vihar, Delhi",110092,salons,4.6,1864,0,1,1,0,,4,OPERATIONAL
Headstar salon,"Preet Vihar, Delhi",110092,salons,4.8,119,0,0,1,0,,5,OPERATIONAL
Gandharva Wellness Studio.,"Preet Vihar, Delhi",110092,salons,4.9,610,0,1,1,0,,12,OPERATIONAL
Loreal Fliks Unisex Salon & Wig,"Preet Vihar, Delhi",110092,salons,4.9,32,0,0,1,0,,5,OPERATIONAL
Maxx Salon Preet Vihar,"Preet Vihar, Delhi",110092,salons,4.8,60,0,0,1,0,,5,OPERATIONAL
Stella Hair Salon,"Preet Vihar, Delhi",110092,salons,4.9,2695,0,1,1,0,,5,OPERATIONAL
star ACADEMY - Best Salon Academy in Delhi | Hair | Makeup | Beauty | Nails | Skin,"Preet Vihar, Delhi",110092,salons,4.7,222,0,1,1,0,,3,OPERATIONAL
"Looks Salon, V3S Mall","Preet Vihar, Delhi",110092,salons,4.4,2323,0,1,1,0,,5,OPERATIONAL
Geetanjali Salon,"Preet Vihar, Delhi",110092,salons,4.7,1451,0,1,1,0,,9,OPERATIONAL
Madonna Salon,"Preet Vihar, Delhi",110092,salons,4.8,349,0,1,1,0,,4,OPERATIONAL
"Looks Salon, AGCR Enclave","Preet Vihar, Delhi",110092,salons,4.6,2019,0,1,1,0,,6,OPERATIONAL
Blushme Salon,"Preet Vihar, Delhi",110092,salons,4.7,29,0,0,1,0,,9,OPERATIONAL
Godkey Unisex Salon,"Preet Vihar, Delhi",110092,salons,4.7,216,0,1,1,0,,4,OPERATIONAL
Geetanjali Salon,"Preet Vihar, Delhi",110092,salons,4.1,1064,0,1,1,0,,10,OPERATIONAL
Toni & Guy,"Preet Vihar, Delhi",110092,salons,4.7,1436,0,1,1,0,,9,OPERATIONAL
Lakmé Academy Preet Vihar Powered By Aptech,"Preet Vihar, Delhi",110092,salons,4.7,413,0,1,1,0,,5,OPERATIONAL
Shilpi Bhatia Makeup Studio & Academy,"Preet Vihar, Delhi",110092,salons,4.5,79,0,1,1,0,,11,OPERATIONAL
Hair Masters Luxury Salon Madhu Vihar,"Preet Vihar, Delhi",110092,salons,4.7,361,0,1,1,0,,4,OPERATIONAL
Flowmode Fitness - Preet Vihar,"Preet Vihar, Delhi",110092,gyms,5.0,139,0,1,1,0,,5,OPERATIONAL
Anytime Fitness,"Preet Vihar, Delhi",110092,gyms,4.4,713,0,1,1,0,,6,OPERATIONAL
"Cult Gym Preet Vihar - Best Gym in Preet Vihar, New Delhi","Preet Vihar, Delhi",110092,gyms,4.1,413,0,1,1,0,,13,OPERATIONAL
FOF Fitnesa,"Preet Vihar, Delhi",110092,gyms,4.8,447,0,1,1,0,,5,OPERATIONAL
Pro Ultimate Gyms - Hargobind Enclave Delhi,"Preet Vihar, Delhi",110092,gyms,4.7,471,0,1,1,0,,6,OPERATIONAL
Energie Gym Preet Vihar,"Preet Vihar, Delhi",110092,gyms,4.6,20,0,1,1,0,,3,OPERATIONAL
Muscular Aptitude Gym,"Preet Vihar, Delhi",110092,gyms,4.9,967,0,0,1,0,,5,OPERATIONAL
ETG THE GYM,"Preet Vihar, Delhi",110092,gyms,4.6,25,0,0,1,0,,5,OPERATIONAL
Sunrise Fitness,"Preet Vihar, Delhi",110092,gyms,4.9,38,0,0,1,0,,5,OPERATIONAL
GYM RIDE,"Preet Vihar, Delhi",110092,gyms,5.0,42,0,1,1,0,,6,OPERATIONAL
GFA Fitness Centre,"Preet Vihar, Delhi",110092,gyms,4.8,24,0,0,1,0,,6,OPERATIONAL
Body Mechanics | Best Gym in East Delhi,"Preet Vihar, Delhi",110092,gyms,4.6,563,0,0,1,0,,7,OPERATIONAL
Fitness Fort Gym,"Preet Vihar, Delhi",110092,gyms,4.9,34,0,0,1,0,,5,OPERATIONAL
Occult MMA,"Preet Vihar, Delhi",110092,gyms,4.9,14,0,1,1,0,,5,OPERATIONAL
GYM India,"Preet Vihar, Delhi",110092,gyms,4.2,168,0,1,0,0,,5,OPERATIONAL
F N F Gym,"Preet Vihar, Delhi",110051,gyms,4.9,209,0,0,1,0,,13,OPERATIONAL
Gypsy Fitness Studio,"Preet Vihar, Delhi",110092,gyms,4.8,148,0,1,1,0,,6,OPERATIONAL
Universe Health Club - UHC,"Preet Vihar, Delhi",110092,gyms,4.3,149,0,1,1,0,,9,OPERATIONAL
ENERGIE FITNESS | Head Office | Gym Equipment Supplier | Gym Equipment Wholesale Supplier | Fitness Equipment Supplier,"Preet Vihar, Delhi",110092,gyms,3.7,166,0,1,1,0,,11,OPERATIONAL
"Fabindia, Preet Vihar","Preet Vihar, Delhi",110092,clothing stores,4.1,230,0,1,1,0,,4,OPERATIONAL
"Zudio - Preet Vihar, Delhi","Preet Vihar, Delhi",110092,clothing stores,3.9,244,0,1,1,0,,5,OPERATIONAL
Libas,"Preet Vihar, Delhi",110092,clothing stores,4.9,1439,0,1,1,0,,5,OPERATIONAL
TATA Westside,"Preet Vihar, Delhi",110092,clothing stores,4.1,1074,0,1,1,0,,4,OPERATIONAL
Fashion Mart,"Preet Vihar, Delhi",110092,clothing stores,4.0,63,0,0,1,0,,4,OPERATIONAL
Needle's Magic,"Preet Vihar, Delhi",110092,clothing stores,4.7,69,0,1,1,0,,3,OPERATIONAL
Stanmax,"Preet Vihar, Delhi",110092,clothing stores,4.6,1838,0,1,1,0,,4,OPERATIONAL
MINISO Preet Vihar,"Preet Vihar, Delhi",110092,clothing stores,4.4,2248,0,0,1,0,,4,OPERATIONAL
"Roopkriti Collections, Vikas Marg, Delhi","Preet Vihar, Delhi",110092,clothing stores,4.6,176,0,1,1,0,,5,OPERATIONAL
Manyavar & Mohey,"Preet Vihar, Delhi",110092,clothing stores,4.3,668,0,1,1,0,,4,OPERATIONAL
The Raymond shop,"Preet Vihar, Delhi",110092,clothing stores,3.9,41,0,1,1,0,,6,OPERATIONAL
Max,"Preet Vihar, Delhi",110092,clothing stores,4.1,1483,0,1,1,0,,6,OPERATIONAL
V3S Mall,"Preet Vihar, Delhi",110092,clothing stores,4.2,37753,1,1,0,0,,3,OPERATIONAL
A2 Fashion by Shally Gola,"Preet Vihar, Delhi",110092,clothing stores,4.8,99,0,1,0,0,,4,OPERATIONAL
TRENDS,"Preet Vihar, Delhi",110092,clothing stores,3.9,546,0,1,1,0,,4,OPERATIONAL
Ganga Ram's Watch Gallery,"Preet Vihar, Delhi",110092,clothing stores,4.6,1953,0,0,1,0,,4,OPERATIONAL
ODHNI - Vikas Marg,"Preet Vihar, Delhi",110092,clothing stores,4.5,3856,0,1,1,0,,5,OPERATIONAL
Cantabil,"Preet Vihar, Delhi",110092,clothing stores,4.9,85,0,1,1,0,,3,OPERATIONAL
VIVIDH BOUTIQUE,"Preet Vihar, Delhi",110092,clothing stores,4.8,26,0,0,1,0,,4,OPERATIONAL
Sawarna Designer Studio,"Preet Vihar, Delhi",110092,clothing stores,4.4,15,0,1,1,0,,5,OPERATIONAL
RAJMANDIR HYPERMARKET PREET VIHAR,"Preet Vihar, Delhi",110092,grocery stores,3.9,787,0,1,1,0,,7,OPERATIONAL
Reliance Fresh,"Preet Vihar, Delhi",110092,grocery stores,4.0,1699,0,1,1,0,,7,OPERATIONAL
All needs the supermarket,"Preet Vihar, Delhi",110092,grocery stores,4.3,209,0,0,1,0,,6,OPERATIONAL
B - Block Market,"Preet Vihar, Delhi",110092,grocery stores,3.8,275,0,0,0,0,,3,OPERATIONAL
Electronics Mart - Preet Vihar,"Preet Vihar, Delhi",110092,grocery stores,4.6,582,0,1,1,0,,4,OPERATIONAL
BERRY ISLAND - THE SUPER MART,"Preet Vihar, Delhi",110092,grocery stores,4.4,57,0,0,1,0,,6,OPERATIONAL
Patanjali Mega Store,"Preet Vihar, Delhi",110092,grocery stores,4.3,119,0,1,1,0,,10,OPERATIONAL
Electronic Paradise - Preet Vihar,"Preet Vihar, Delhi",110092,grocery stores,4.4,428,0,0,1,0,,4,OPERATIONAL
DDA Market -1 G Block Preet Vihar,"Preet Vihar, Delhi",110092,grocery stores,3.8,35,0,0,0,0,,3,OPERATIONAL
Reliance Fresh,"Preet Vihar, Delhi",110092,grocery stores,4.0,924,0,1,1,0,,7,OPERATIONAL
Great Eastern Retail Pvt Ltd: Preet Vihar,"Preet Vihar, Delhi",110092,grocery stores,4.6,484,0,1,1,0,,4,OPERATIONAL
Shop No 8 Swasthya Vihar DDA Market,"Preet Vihar, Delhi",110092,grocery stores,3.9,304,0,0,0,0,,3,OPERATIONAL
Easyway Supermarket,"Preet Vihar, Delhi",110092,grocery stores,4.0,27,0,0,1,0,,6,OPERATIONAL
Reliance Digital,"Preet Vihar, Delhi",110092,grocery stores,4.9,4131,0,1,1,0,,4,OPERATIONAL
BSMart Store,"Preet Vihar, Delhi",110092,grocery stores,3.9,33,0,1,1,0,,6,OPERATIONAL
Balco Market,"Preet Vihar, Delhi",110092,grocery stores,4.1,4866,0,0,0,0,,3,OPERATIONAL
Jassi`s Super Store,"Preet Vihar, Delhi",110092,grocery stores,4.5,18,0,0,1,0,,7,OPERATIONAL
VIJAY SALES - VIKAS MARG,"Preet Vihar, Delhi",110092,electronics shops,4.6,14490,1,1,1,0,,5,OPERATIONAL
LG Best Shop (The Electronics Pavillion),"Preet Vihar, Delhi",110092,electronics shops,3.8,99,0,1,1,0,,4,OPERATIONAL
Electronic Paradise - Vikas Marg,"Preet Vihar, Delhi",110092,electronics shops,4.4,373,0,0,1,0,,4,OPERATIONAL
Electronics Mart - Laxmi Nagar,"Preet Vihar, Delhi",110092,electronics shops,4.8,659,0,1,1,0,,4,OPERATIONAL
Croma - Vikas Marg,"Preet Vihar, Delhi",110092,electronics shops,4.1,5021,0,1,1,0,,5,OPERATIONAL
Kk Enterprises,"Preet Vihar, Delhi",110092,electronics shops,3.8,117,0,0,1,0,,4,OPERATIONAL
Future World – Apple Premium Reseller and Authorised Service Provider,"Preet Vihar, Delhi",110092,electronics shops,4.5,3138,0,1,1,0,,6,OPERATIONAL
Preet Electronics And Electricals,"Preet Vihar, Delhi",110092,electronics shops,4.8,60,0,0,1,0,,4,OPERATIONAL
Reliance Digital,"Preet Vihar, Delhi",110092,electronics shops,4.8,10991,1,1,1,0,,4,OPERATIONAL
Bansal stanmart india pvt ltd,"Preet Vihar, Delhi",110092,electronics shops,4.0,1845,0,0,1,0,,4,OPERATIONAL
SHREE BALAJI ELECTRONICS,"Preet Vihar, Delhi",110092,electronics shops,5.0,423,0,0,1,0,,3,OPERATIONAL
Nagpal Electricals & Electronics,"Preet Vihar, Delhi",110092,electronics shops,5.0,3,0,0,1,0,,4,OPERATIONAL
Rana computers preet vihar,"Preet Vihar, Delhi",110092,electronics shops,4.7,108,0,1,1,0,,4,OPERATIONAL
Samsung Experience Store Preet Vihar,"Preet Vihar, Delhi",110092,electronics shops,3.9,47,0,1,1,0,,6,OPERATIONAL
ePoint Store,"Preet Vihar, Delhi",110092,electronics shops,4.8,99,0,1,1,0,,6,OPERATIONAL
Samsung SmartPlaza - Mohanji Electronics,"Preet Vihar, Delhi",110051,electronics shops,4.6,247,0,1,1,0,,4,OPERATIONAL
"Meadows Wellness - Weight Loss, Hair, Skin Care and Laser Clinic - Preet Vihar, Delhi","Preet Vihar, Delhi",110092,clinics,4.5,383,0,1,1,0,,10,OPERATIONAL
Centre For Sight Group of Eye Hospitals | Preet Vihar | New Delhi,"Preet Vihar, Delhi",110092,clinics,4.9,17008,1,1,1,0,,8,OPERATIONAL
"Clove Dental Aligners, Implants & Braces Clinic - Preet Vihar, Delhi","Preet Vihar, Delhi",110092,clinics,4.7,1285,0,1,1,0,,7,OPERATIONAL
Sharp Sight Eye Hospital,"Preet Vihar, Delhi",110092,clinics,4.8,65532,1,1,1,0,,5,OPERATIONAL
Kaya Clinic,"Preet Vihar, Delhi",110092,clinics,4.7,618,0,1,1,0,,9,OPERATIONAL
"Uncover Skin, Hair & Laser Clinic - Preet Vihar","Preet Vihar, Delhi",110092,clinics,4.9,376,0,1,1,0,,5,OPERATIONAL
"Alive Wellness Clinics - Preet Vihar, New Delhi","Preet Vihar, Delhi",110092,clinics,4.5,55,0,1,1,0,,4,OPERATIONAL
Clinic Dermatech Nirman Vihar - Laser Hair Removal East Delhi | Skin Care Clinic East Delhi | Photofacial & Anti Aging,"Preet Vihar, Delhi",110092,clinics,4.7,1045,0,1,1,0,,11,OPERATIONAL
HCM हेल्थकेअर,"Preet Vihar, Delhi",110092,clinics,5.0,104,0,0,1,0,,8,OPERATIONAL
"VLCC Beauty Clinic (Preet Vihar, New Delhi)","Preet Vihar, Delhi",110092,clinics,3.9,370,0,1,1,0,,12,OPERATIONAL
Dr. Anand's Imaging and Neurological Research centre,"Preet Vihar, Delhi",110092,clinics,4.1,950,0,1,1,0,,4,OPERATIONAL
Shri Mahavir Clinic | Dr. Ashok Grover,"Preet Vihar, Delhi",110092,clinics,4.9,77,0,1,1,0,,4,OPERATIONAL
Paul dental centre preet vihar,"Preet Vihar, Delhi",110092,clinics,4.9,261,0,1,1,0,,8,OPERATIONAL
Dr. Katyal’s Dental Care Center,"Preet Vihar, Delhi",110092,clinics,5.0,1532,0,1,1,0,,5,OPERATIONAL
"The Luxe Clinique- Best Aesthetic and Skin Clinic in Preet Vihar, New Delhi","Preet Vihar, Delhi",110092,clinics,4.8,296,0,1,1,0,,10,OPERATIONAL
Dr. Ankita’s Dental Care,"Preet Vihar, Delhi",110092,clinics,5.0,109,0,1,1,0,,5,OPERATIONAL
Shri Mahavir Clinic- Madhuban clinic,"Preet Vihar, Delhi",110092,clinics,4.0,29,0,1,1,0,,4,OPERATIONAL
DentLife Dental Care Centre,"Preet Vihar, Delhi",110092,clinics,4.7,75,0,0,1,0,,5,OPERATIONAL
Derma Defyn,"Preet Vihar, Delhi",110092,clinics,4.7,49,0,1,1,0,,8,OPERATIONAL
Dr. Haror's Wellness,"Preet Vihar, Delhi",110092,clinics,4.9,664,0,1,1,0,,13,OPERATIONAL
Mr. Brown Bakery - Preet Vihar,"Preet Vihar, Delhi",110092,bakeries,4.2,71,0,1,1,1,2.0,6,OPERATIONAL
Honey & Dough,"Preet Vihar, Delhi",110092,bakeries,4.3,580,0,1,1,1,2.0,12,OPERATIONAL
Unique - Pastry Shop,"Preet Vihar, Delhi",110092,bakeries,4.2,1653,0,1,1,1,2.0,9,OPERATIONAL
"Theobroma Bakery and Cake Shop - Laxmi Nagar, New Delhi","Preet Vihar, Delhi",110092,bakeries,4.4,322,0,1,1,1,2.0,13,OPERATIONAL
Cakes 'n' Chuckles By Ekta Nayyar,"Preet Vihar, Delhi",110092,bakeries,4.9,15,0,0,0,0,,6,OPERATIONAL
The CakeRoom by Chawla’s,"Preet Vihar, Delhi",110092,bakeries,4.7,1092,0,0,1,1,1.0,6,OPERATIONAL
Sang's Home Bakery,"Preet Vihar, Delhi",110092,bakeries,4.9,61,0,1,1,0,,6,OPERATIONAL
BakeRave by Geetanshi,"Preet Vihar, Delhi",110092,bakeries,4.8,8,0,0,0,0,,6,OPERATIONAL
"Onlinecake.in® (Laxmi Nagar, Delhi)","Preet Vihar, Delhi",110092,bakeries,4.5,1192,0,1,1,1,2.0,6,OPERATIONAL
Singlas Sweets Bakery & Restaurant- Patparganj,"Preet Vihar, Delhi",110092,bakeries,4.0,10685,1,1,1,0,,20,OPERATIONAL
Mr. Crust Bakers,"Preet Vihar, Delhi",110092,bakeries,4.4,426,0,1,1,0,,6,OPERATIONAL
"Cruffin Premium - Bakery at Preet Vihar, New Delhi","Preet Vihar, Delhi",110092,bakeries,3.5,45,0,1,1,0,,6,OPERATIONAL
Pistor's Oven,"Preet Vihar, Delhi",110092,bakeries,4.9,109,0,0,1,0,,10,OPERATIONAL
Puri Bakers – The Best Bakery in Delhi| Affordable bakery in Delhi | Karkardooma,"Preet Vihar, Delhi",110092,bakeries,4.6,127,0,0,1,0,,13,OPERATIONAL
Patisserie'22,"Preet Vihar, Delhi",110092,bakeries,4.9,254,0,1,1,0,,6,OPERATIONAL
All About Tiramisu,"Preet Vihar, Delhi",110092,bakeries,5.0,124,0,1,1,0,,11,OPERATIONAL
Breakin' Brew Bakehouse,"Preet Vihar, Delhi",110092,bakeries,4.9,106,0,1,1,0,,6,OPERATIONAL
Mr Scoops Cafe & Icecreams,"Preet Vihar, Delhi",110092,bakeries,4.9,446,0,1,1,0,,14,OPERATIONAL
Apollo Pharmacy Preet Vihar,"Preet Vihar, Delhi",110092,pharmacies,3.7,48,0,1,1,0,,8,OPERATIONAL
ZEELAB Pharmacy - Nirman Vihar,"Preet Vihar, Delhi",110092,pharmacies,4.9,522,0,1,1,0,,5,OPERATIONAL
Pharmville Pharmacy Block A Preet Vihar New Delhi,"Preet Vihar, Delhi",110092,pharmacies,2.3,3,0,1,1,0,,5,OPERATIONAL
East Delhi Medicos,"Preet Vihar, Delhi",110092,pharmacies,5.0,5,0,0,1,0,,5,OPERATIONAL
MR. MEDICOS STORE,"Preet Vihar, Delhi",110092,pharmacies,5.0,1,0,0,1,0,,5,OPERATIONAL
Radix Pharmacy,"Preet Vihar, Delhi",110092,pharmacies,3.7,3,0,1,1,0,,5,OPERATIONAL
SRI BALAJI CHEMIST,"Preet Vihar, Delhi",110092,pharmacies,3.7,3,0,0,1,0,,6,OPERATIONAL
ZEELAB Pharmacy - Laxmi Nagar,"Preet Vihar, Delhi",110092,pharmacies,5.0,374,0,1,1,0,,5,OPERATIONAL
MeriPharmacy,"Preet Vihar, Delhi",110092,pharmacies,4.8,199,0,1,1,0,,5,OPERATIONAL
RELIWELL PHARMA,"Preet Vihar, Delhi",110092,pharmacies,3.7,6,0,0,0,0,,5,OPERATIONAL
Jain Ayurvedic Laxmi Nagar || Near Nirman Vihar Metro Station || Best Ayurvedic Store in Delhi || Ayurvedic Store Near me ||,"Preet Vihar, Delhi",110092,pharmacies,5.0,974,0,1,1,0,,7,OPERATIONAL
Jan Aushadhi Kendra,"Preet Vihar, Delhi",110092,pharmacies,4.2,23,0,0,1,0,,5,OPERATIONAL
Shree Krishna Medicos,"Preet Vihar, Delhi",110092,pharmacies,2.8,4,0,0,1,0,,8,OPERATIONAL
Pradhan mantri bhartiya janaushadi kendra,"Preet Vihar, Delhi",110092,pharmacies,4.9,11,0,0,1,0,,5,OPERATIONAL
Mansha Medicos,"Preet Vihar, Delhi",110092,pharmacies,3.5,2,0,0,1,0,,5,OPERATIONAL
Tandon Medicos,"Preet Vihar, Delhi",110092,pharmacies,3.8,6,0,0,1,0,,5,OPERATIONAL
Apollo Pharmacy Laxmi nagar,"Preet Vihar, Delhi",110092,pharmacies,3.8,50,0,0,1,0,,5,OPERATIONAL
Grownbury Pharmaceuticals Pvt. Ltd.,"Preet Vihar, Delhi",110092,pharmacies,4.8,6,0,0,0,0,,5,OPERATIONAL
"Jigyasa tutors bureau - Maths Home Tuition Tutor in Preet Vihar, Laxmi Nagar East Delhi","Preet Vihar, Delhi",110092,tutoring centers,5.0,229,0,0,1,0,,5,OPERATIONAL
Cuemath Math Learning Center | Ms Mala Dewan,"Preet Vihar, Delhi",110092,tutoring centers,4.9,22,0,0,1,0,,6,OPERATIONAL
Study Zone : Best CBSE & IIT-JEE/NEET Coaching Institute & Tuition Center in Preet Vihar/ Nirman Vihar,"Preet Vihar, Delhi",110092,tutoring centers,4.4,186,0,0,1,0,,3,OPERATIONAL
Physics Wallah Vidyapeeth Coaching Center Preet Vihar | IIT JEE NEET & Foundation Classes,"Preet Vihar, Delhi",110092,tutoring centers,4.7,1054,0,1,1,0,,5,OPERATIONAL
Bansal Classes,"Preet Vihar, Delhi",110092,tutoring centers,4.6,136,0,1,1,0,,3,OPERATIONAL
S.R. Tutors Bureau,"Preet Vihar, Delhi",110092,tutoring centers,4.4,313,0,1,1,0,,4,OPERATIONAL
Pandey Academy,"Preet Vihar, Delhi",110092,tutoring centers,5.0,28,0,1,1,0,,3,OPERATIONAL
Motion Education | IIT JEE | NEET | Foundation Coaching Center,"Preet Vihar, Delhi",110092,tutoring centers,4.9,60,0,1,1,0,,3,OPERATIONAL
Aditi's Abacus Academy,"Preet Vihar, Delhi",110092,tutoring centers,4.8,50,0,1,1,0,,3,OPERATIONAL
"Vidyamandir Classes, Preet Vihar New Delhi | IITJEE, NEET & Foundation Classes","Preet Vihar, Delhi",110092,tutoring centers,4.8,35,0,1,1,0,,3,OPERATIONAL
⭐ Best Home Tutor in Delhi | Free Demo Class | Vidya Home Tuition,"Preet Vihar, Delhi",110092,tutoring centers,4.0,1,0,0,0,0,,2,OPERATIONAL
Shruti Singhal Memory Expert ( Mapology ),"Preet Vihar, Delhi",110092,tutoring centers,5.0,15,0,1,1,0,,6,OPERATIONAL
Rizvi Tutors Bureau,"Preet Vihar, Delhi",110092,tutoring centers,5.0,15,0,1,1,0,,4,OPERATIONAL
Piccolo Early Learning Center - Preet Vihar,"Preet Vihar, Delhi",110092,tutoring centers,4.9,225,0,1,1,0,,3,OPERATIONAL
Ovation Education Services Pvt Ltd,"Preet Vihar, Delhi",110092,tutoring centers,4.6,570,0,1,1,0,,4,OPERATIONAL
NARAYANA IIT-JEE/NEET/FOUNDATION - PREET VIHAR,"Preet Vihar, Delhi",110092,tutoring centers,4.5,58,0,1,1,0,,3,OPERATIONAL
Edupower Academy,"Preet Vihar, Delhi",110092,tutoring centers,4.8,134,0,1,1,0,,3,OPERATIONAL
Next Step IELTS/OET Institute,"Preet Vihar, Delhi",110092,tutoring centers,4.9,49,0,1,1,0,,5,OPERATIONAL
Concordia Overseas Education,"Preet Vihar, Delhi",110092,tutoring centers,4.7,270,0,0,1,0,,3,OPERATIONAL
Bonjour French Classes,"Preet Vihar, Delhi",110092,tutoring centers,5.0,13,0,0,1,0,,3,OPERATIONAL
"Interio by Godrej - Mattress & Furniture and Mattress Store in Preet Vihar, New Delhi","Preet Vihar, Delhi",110092,furniture stores,4.7,886,0,1,1,0,,8,OPERATIONAL
"Urban Ladder – Furniture & Decor Store in Swasthya Vihar, Delhi","Preet Vihar, Delhi",110092,furniture stores,4.9,357,0,1,1,0,,7,OPERATIONAL
The Sleep Company Experience Store- Preet Vihar,"Preet Vihar, Delhi",110092,furniture stores,4.9,2279,0,1,1,0,,7,OPERATIONAL
"Gruhome Preet Vihar - Premium Home Furnishings & Bedding, Dinnerware Store","Preet Vihar, Delhi",110092,furniture stores,4.5,26,0,0,1,0,,5,OPERATIONAL
Rajesh Furnishers & Interiors(Godrej Interio),"Preet Vihar, Delhi",110092,furniture stores,3.4,16,0,0,1,0,,7,OPERATIONAL
Perfect Communication (Best Mobile Shop in Delhi),"Preet Vihar, Delhi",110092,mobile shops,5.0,26,0,0,1,0,,5,OPERATIONAL
TechShop Mobile and Accessories Retail Store,"Preet Vihar, Delhi",110092,mobile shops,4.9,51,0,1,1,0,,4,OPERATIONAL
iPoint | Apple Sales | Service Centre,"Preet Vihar, Delhi",110092,mobile shops,4.9,2326,0,1,1,0,,6,OPERATIONAL
R.S.K MOBILE SHOP,"Preet Vihar, Delhi",110092,mobile shops,5.0,34,0,1,0,0,,2,OPERATIONAL
New Galaxy Mobile Accessories,"Preet Vihar, Delhi",110092,mobile shops,5.0,1,0,1,1,0,,2,OPERATIONAL
"Cashify Mobile Phone Shop | Buy, Sell and Repair in Laxmi Nagar","Preet Vihar, Delhi",110092,mobile shops,4.5,1108,0,1,1,0,,6,OPERATIONAL
Mehta Telecom VIP Fancy Mobile Numbers,"Preet Vihar, Delhi",110092,mobile shops,4.8,31,0,0,1,0,,3,OPERATIONAL
Dream mobile shop,"Preet Vihar, Delhi",110091,mobile shops,4.3,6,0,0,1,0,,4,OPERATIONAL
Manohar Lal Jewellers Preet Vihar,"Preet Vihar, Delhi",110092,jewellery shops,4.8,4465,0,0,1,0,,4,OPERATIONAL
Chawla Jewellers - Preet Vihar,"Preet Vihar, Delhi",110092,jewellery shops,4.3,422,0,1,1,0,,4,OPERATIONAL
"Senco Gold & Diamonds- Preet Vihar, Delhi","Preet Vihar, Delhi",110092,jewellery shops,4.8,979,0,1,1,0,,6,OPERATIONAL
Kisna Diamond & Gold Jewellery - New Delhi - Preet Vihar,"Preet Vihar, Delhi",110092,jewellery shops,4.9,359,0,1,1,0,,7,OPERATIONAL
"Kalyan Jewellers - Vikas Marg, Preet Vihar","Preet Vihar, Delhi",110092,jewellery shops,4.4,1227,0,1,1,0,,9,OPERATIONAL
Zevar Mahal,"Preet Vihar, Delhi",110092,jewellery shops,4.6,196,0,1,1,0,,4,OPERATIONAL
"Indriya - Aditya Birla Jewellery - Preet Vihar, Delhi","Preet Vihar, Delhi",110092,jewellery shops,4.8,65,0,1,1,0,,4,OPERATIONAL
"CaratLane Jewellery Preet Vihar, Delhi","Preet Vihar, Delhi",110092,jewellery shops,4.9,1578,0,1,1,0,,5,OPERATIONAL
GIVA Silver & Gold Jewellery | Nirman Vihar | Lab Grown Diamonds,"Preet Vihar, Delhi",110092,jewellery shops,4.8,612,0,1,1,0,,7,OPERATIONAL
"BlueStone Jewellery Preet Vihar, New Delhi","Preet Vihar, Delhi",110092,jewellery shops,4.9,737,0,1,1,0,,8,OPERATIONAL
Malabar Gold and Diamonds - Preet Vihar - Delhi,"Preet Vihar, Delhi",110092,jewellery shops,4.7,1671,0,1,1,0,,4,OPERATIONAL
Tanishq Jewellery - Delhi - Nirman Vihar Vikas Marg,"Preet Vihar, Delhi",110092,jewellery shops,4.6,3708,0,1,1,0,,6,OPERATIONAL
ORRA Fine Jewellery,"Preet Vihar, Delhi",110092,jewellery shops,4.9,1535,0,1,1,0,,4,OPERATIONAL
SILVER FIIRE by om jewels,"Preet Vihar, Delhi",110092,jewellery shops,4.9,443,0,0,0,0,,4,OPERATIONAL
Prince Diamond Jewellers Pvt. Ltd.,"Preet Vihar, Delhi",110092,jewellery shops,4.8,526,0,1,1,0,,4,OPERATIONAL
Amyra Jewels - Vikas Marg,"Preet Vihar, Delhi",110092,jewellery shops,4.9,4582,0,0,1,0,,4,OPERATIONAL
Right Gold - Nirman Vihar,"Preet Vihar, Delhi",110092,jewellery shops,4.8,964,0,1,1,0,,7,OPERATIONAL
"CANDERE Lifestyle Jewellery, A Kalyan Company - Preet Vihar, Delhi","Preet Vihar, Delhi",110092,jewellery shops,5.0,111,0,1,1,0,,6,OPERATIONAL
Amoliq Jewels P Ltd,"Preet Vihar, Delhi",110092,jewellery shops,4.8,247,0,0,1,0,,4,OPERATIONAL
Reliance Jewels,"Preet Vihar, Delhi",110092,jewellery shops,4.3,488,0,1,1,0,,4,OPERATIONAL
Mittal hardware and sanitary store,"Preet Vihar, Delhi",110092,hardware stores,4.5,30,0,0,1,0,,5,OPERATIONAL
APCO Hardware,"Preet Vihar, Delhi",110051,hardware stores,4.1,125,0,0,1,0,,8,OPERATIONAL
quality hardware,"Preet Vihar, Delhi",110051,hardware stores,4.8,71,0,1,1,0,,7,OPERATIONAL
Aggarwal Plywood & Hardware Shop,"Preet Vihar, Delhi",110092,hardware stores,4.5,2,0,1,0,0,,10,OPERATIONAL
Goyal sanitary and hardware store,"Preet Vihar, Delhi",110092,hardware stores,4.7,3,0,0,1,0,,5,OPERATIONAL
Gulshan Paints & Hardware Store,"Preet Vihar, Delhi",110092,hardware stores,2.9,9,0,0,1,0,,5,OPERATIONAL
Mukesh Brothers,"Preet Vihar, Delhi",110092,hardware stores,3.9,16,0,0,1,0,,6,OPERATIONAL
Priya Paint and Hardware Store,"Preet Vihar, Delhi",110092,hardware stores,5.0,1,0,0,1,0,,5,OPERATIONAL
Golden Hardware & Paints,"Preet Vihar, Delhi",110051,hardware stores,4.6,17,0,0,1,0,,8,OPERATIONAL
SIngla Enterprise,"Preet Vihar, Delhi",110092,hardware stores,5.0,1,0,0,1,0,,6,OPERATIONAL
AK hardware,"Preet Vihar, Delhi",110092,hardware stores,5.0,1,0,0,1,0,,5,OPERATIONAL
Raj Electricals,"Preet Vihar, Delhi",110092,hardware stores,3.4,9,0,0,1,0,,7,OPERATIONAL
Flavour of Southvala pvt ltd veg& non veg chettinadu restaurant,"Laxmi Nagar, Delhi",110092,restaurants,4.3,1972,0,1,1,1,2.0,7,OPERATIONAL
Second House Kitchen - Restaurant in East Delhi,"Laxmi Nagar, Delhi",110092,restaurants,4.9,104,0,0,0,0,,4,OPERATIONAL
Barbeque Nation - Laxmi Nagar,"Laxmi Nagar, Delhi",110092,restaurants,4.2,8707,0,1,1,1,3.0,6,OPERATIONAL
The Yellow Chilli - V3S Mall,"Laxmi Nagar, Delhi",110092,restaurants,4.5,4364,0,1,1,1,3.0,7,OPERATIONAL
Delhi Delight Cafe,"Laxmi Nagar, Delhi",110092,restaurants,4.8,834,0,0,1,0,,4,OPERATIONAL
Eis and Bites,"Laxmi Nagar, Delhi",110092,restaurants,4.5,657,0,1,1,0,,13,OPERATIONAL
Big bites multicuisine restaurant,"Laxmi Nagar, Delhi",110092,restaurants,3.8,664,0,1,1,0,,13,OPERATIONAL
Hira Sweets,"Laxmi Nagar, Delhi",110092,restaurants,4.1,20107,1,1,1,1,2.0,10,OPERATIONAL
Mikuze Kitchen,"Laxmi Nagar, Delhi",110092,restaurants,4.3,237,0,0,1,0,,6,OPERATIONAL
east delhi diner,"Laxmi Nagar, Delhi",110092,restaurants,4.3,269,0,0,1,0,,3,OPERATIONAL
AAM,"Laxmi Nagar, Delhi",110092,restaurants,4.7,1033,0,0,1,0,,4,OPERATIONAL
Rocking Woods,"Laxmi Nagar, Delhi",110092,restaurants,4.1,360,0,0,1,0,,10,OPERATIONAL
शहरी BITES,"Laxmi Nagar, Delhi",110092,restaurants,4.7,28,0,0,1,0,,4,OPERATIONAL
21 Candles Restaurant & Cafe A Unit of The Masala Chowk,"Laxmi Nagar, Delhi",110092,restaurants,4.8,2208,0,1,1,0,,4,OPERATIONAL
Wah Ji Wah,"Laxmi Nagar, Delhi",110092,restaurants,3.9,769,0,0,1,1,2.0,9,OPERATIONAL
Balaji Rasoi,"Laxmi Nagar, Delhi",110092,restaurants,3.9,1663,0,0,1,1,2.0,6,OPERATIONAL
Go mad cafe,"Laxmi Nagar, Delhi",110092,cafes,4.8,18,0,0,0,0,,4,OPERATIONAL
The uncles cafe - Cafe in laxmi nagar - laxmi nagar,"Laxmi Nagar, Delhi",110092,cafes,4.5,47,0,1,1,0,,4,OPERATIONAL
New Delhicious Cafe,"Laxmi Nagar, Delhi",110092,cafes,4.3,101,0,0,1,0,,4,OPERATIONAL
The Mafia House Cafe,"Laxmi Nagar, Delhi",110092,cafes,4.5,30,0,1,1,0,,4,OPERATIONAL
Say coffee - Laxmi Nagar,"Laxmi Nagar, Delhi",110092,cafes,4.6,156,0,0,1,0,,7,OPERATIONAL
Bhakti cafe,"Laxmi Nagar, Delhi",110092,cafes,5.0,127,0,0,1,0,,7,OPERATIONAL
Levelup Cafe,"Laxmi Nagar, Delhi",110092,cafes,5.0,16,0,0,0,0,,4,OPERATIONAL
Laal Chowk Cafe,"Laxmi Nagar, Delhi",110092,cafes,4.8,20,0,0,1,0,,4,OPERATIONAL
Cafe Hunky,"Laxmi Nagar, Delhi",110092,cafes,4.0,120,0,0,0,0,,8,OPERATIONAL
Jonbeans Coffee,"Laxmi Nagar, Delhi",110092,cafes,4.9,53,0,0,1,0,,4,OPERATIONAL
Open sky cafe,"Laxmi Nagar, Delhi",110092,cafes,4.9,26,0,0,1,0,,4,OPERATIONAL
Flavoured toss cafe,"Laxmi Nagar, Delhi",110092,cafes,4.9,38,0,1,0,0,,5,OPERATIONAL
The Solitaire Cafe,"Laxmi Nagar, Delhi",110092,cafes,4.4,17,0,0,0,0,,4,OPERATIONAL
KAASH Cafe,"Laxmi Nagar, Delhi",110092,cafes,5.0,78,0,0,1,0,,8,OPERATIONAL
"Belezia Salon & Academy, Laxmi Nagar","Laxmi Nagar, Delhi",110092,salons,4.7,578,0,1,1,0,,9,OPERATIONAL
Waves Salon & Academy (laxmi Nagar),"Laxmi Nagar, Delhi",110092,salons,4.8,543,0,1,1,0,,5,OPERATIONAL
Deepanjali Studio & Salon,"Laxmi Nagar, Delhi",110092,salons,4.8,323,0,0,1,0,,11,OPERATIONAL
Els’By Jawed Unisex Salon & makeup & nails studio,"Laxmi Nagar, Delhi",110092,salons,4.2,151,0,0,1,0,,8,OPERATIONAL
Silky n Shine - Beauty Parlour In Laxmi Nagar - Best Makeup Artist In Delhi,"Laxmi Nagar, Delhi",110092,salons,4.6,258,0,1,1,0,,7,OPERATIONAL
Hair fort unisex salon - Laxmi nagar,"Laxmi Nagar, Delhi",110092,salons,4.9,138,0,0,1,0,,6,OPERATIONAL
Siya Galaxy salon,"Laxmi Nagar, Delhi",110031,salons,4.9,107,0,0,1,0,,5,OPERATIONAL
PLATINUM HAIR AND BEAUTY SALON,"Laxmi Nagar, Delhi",110092,salons,4.7,248,0,0,1,0,,4,OPERATIONAL
The black scissor salon,"Laxmi Nagar, Delhi",110092,salons,4.9,127,0,0,1,0,,5,OPERATIONAL
The Beauty BAE | Home Salon Services | Salon at Home | Makeup at Home,"Laxmi Nagar, Delhi",110092,salons,4.7,406,0,1,1,0,,9,OPERATIONAL
MANN UNISEX SALON & ACADEMY,"Laxmi Nagar, Delhi",110092,salons,5.0,63,0,1,1,0,,12,OPERATIONAL
Ikonic Unisex Salon V3S,"Laxmi Nagar, Delhi",110092,salons,4.5,824,0,1,1,0,,4,OPERATIONAL
The Green heaven Unisex saloon,"Laxmi Nagar, Delhi",110092,salons,4.7,126,0,1,1,0,,6,OPERATIONAL
"Sharon Beauty Parlour - Best Bridal Makeup Artist in Laxmi Nagar, Delhi","Laxmi Nagar, Delhi",110092,salons,4.2,152,0,1,1,0,,4,OPERATIONAL
Reyon's Makeover,"Laxmi Nagar, Delhi",110092,salons,4.8,165,0,0,1,0,,8,OPERATIONAL
S N Unisex salon & Makeup Studio - Salon in Laxmi Nagar,"Laxmi Nagar, Delhi",110092,salons,5.0,25,0,1,1,0,,6,OPERATIONAL
The Makeover Place- Bridal and Beauty Salon(Ladies Only),"Laxmi Nagar, Delhi",110092,salons,4.8,151,0,1,1,0,,5,OPERATIONAL
Madame Salon,"Laxmi Nagar, Delhi",110092,salons,4.6,27,0,1,0,0,,4,OPERATIONAL
Marut Gym & Fitness Center Gym In Laxmi Nagar),"Laxmi Nagar, Delhi",110092,gyms,4.9,577,0,1,1,0,,6,OPERATIONAL
The Wonder Fitness Gym ——— BEST GYM NEAR/IN LAXMINAGAR,"Laxmi Nagar, Delhi",110092,gyms,4.8,56,0,1,1,0,,5,OPERATIONAL
Body Temple Gym,"Laxmi Nagar, Delhi",110092,gyms,4.9,237,0,0,1,0,,5,OPERATIONAL
"Focus Fitness House- Best Gym in Laxminagar, Delhi","Laxmi Nagar, Delhi",110092,gyms,4.7,120,0,0,0,0,,6,OPERATIONAL
Divine Fitness,"Laxmi Nagar, Delhi",110092,gyms,4.7,271,0,0,1,0,,5,OPERATIONAL
Eagle Gym,"Laxmi Nagar, Delhi",110092,gyms,4.0,251,0,0,1,0,,5,OPERATIONAL
TEAM IRON CORE GYM,"Laxmi Nagar, Delhi",110092,gyms,4.8,136,0,0,1,0,,5,OPERATIONAL
M K S GYM Laxmi Nagar,"Laxmi Nagar, Delhi",110092,gyms,4.6,38,0,0,1,0,,5,OPERATIONAL
Sun GYM,"Laxmi Nagar, Delhi",110092,gyms,4.7,48,0,0,0,0,,5,OPERATIONAL
Laborious Gym & Health Club,"Laxmi Nagar, Delhi",110092,gyms,4.9,370,0,0,1,0,,5,OPERATIONAL
PRIME FIT GYM,"Laxmi Nagar, Delhi",110092,gyms,5.0,64,0,0,1,0,,5,OPERATIONAL
Neelkanth Gym,"Laxmi Nagar, Delhi",110092,gyms,4.6,224,0,0,1,0,,5,OPERATIONAL
ANYBUDDY FITNESS,"Laxmi Nagar, Delhi",110092,gyms,5.0,21,0,0,1,0,,5,OPERATIONAL
Ryno fitness,"Laxmi Nagar, Delhi",110092,gyms,4.6,256,0,0,1,0,,6,OPERATIONAL
FOCUS GYM,"Laxmi Nagar, Delhi",110092,gyms,5.0,129,0,0,1,0,,5,OPERATIONAL
Bars And Dumbbells Gym,"Laxmi Nagar, Delhi",110092,gyms,4.9,66,0,1,1,0,,5,OPERATIONAL
Shri Balaji Fitness Point Gym,"Laxmi Nagar, Delhi",110092,gyms,5.0,34,0,0,1,0,,5,OPERATIONAL
Fitness Point,"Laxmi Nagar, Delhi",110092,gyms,4.2,105,0,0,1,0,,5,OPERATIONAL
V-Mart - Laxmi Nagar,"Laxmi Nagar, Delhi",110092,clothing stores,4.6,8613,0,1,1,0,,8,OPERATIONAL
New Fade Out,"Laxmi Nagar, Delhi",110092,clothing stores,4.3,46,0,0,1,0,,8,OPERATIONAL
V clothing,"Laxmi Nagar, Delhi",110092,clothing stores,5.0,17,0,0,0,0,,4,OPERATIONAL
Yadav Garments,"Laxmi Nagar, Delhi",110092,clothing stores,3.9,156,0,0,1,0,,4,OPERATIONAL
"MultivaTrends - Wholesale and Retail clothing Store, Branded Clothing Store in Delhi for Women, Men , Kids","Laxmi Nagar, Delhi",110092,clothing stores,5.0,11,0,1,1,0,,9,OPERATIONAL
DUGGAL GARMENTS,"Laxmi Nagar, Delhi",110092,clothing stores,4.7,41,0,1,1,0,,5,OPERATIONAL
Blackberrys,"Laxmi Nagar, Delhi",110092,clothing stores,4.8,841,0,1,1,0,,4,OPERATIONAL
Night Wear,"Laxmi Nagar, Delhi",110092,clothing stores,4.9,28,0,0,1,0,,4,OPERATIONAL
INAM CLOTH HOUSE,"Laxmi Nagar, Delhi",110092,clothing stores,4.1,24,0,1,1,0,,5,OPERATIONAL
Bhumi Boutique,"Laxmi Nagar, Delhi",110092,clothing stores,5.0,116,0,1,1,0,,4,OPERATIONAL
HI-CHOICE Kids Wear,"Laxmi Nagar, Delhi",110092,clothing stores,4.9,27,0,0,1,0,,4,OPERATIONAL
Asha Fashion House,"Laxmi Nagar, Delhi",110092,clothing stores,4.9,69,0,0,1,0,,5,OPERATIONAL
UV Fashion - Laxmi Nagar,"Laxmi Nagar, Delhi",110092,clothing stores,5.0,5,0,0,0,0,,4,OPERATIONAL
Cantabil,"Laxmi Nagar, Delhi",110092,clothing stores,4.8,1555,0,1,1,0,,3,OPERATIONAL
Wholesale Women Cloths Indian Western - Ramesh Park Export Market,"Laxmi Nagar, Delhi",110092,clothing stores,4.6,17,0,0,0,0,,4,OPERATIONAL
K.D,"Laxmi Nagar, Delhi",110092,clothing stores,5.0,12,0,0,1,0,,4,OPERATIONAL
Laxmi Nagar Market,"Laxmi Nagar, Delhi",110092,clothing stores,4.3,1719,0,0,0,0,,3,OPERATIONAL
AJAY KIRANA STORE,"Laxmi Nagar, Delhi",110092,grocery stores,3.9,69,0,0,1,0,,12,OPERATIONAL
Sarvottam Kirana Store,"Laxmi Nagar, Delhi",110092,grocery stores,4.2,167,0,0,1,0,,7,OPERATIONAL
Goyal (aps) supermarket,"Laxmi Nagar, Delhi",110092,grocery stores,4.5,15,0,0,1,0,,7,OPERATIONAL
ANNU KIRANA STORE - Best Grocery Store in Delhi,"Laxmi Nagar, Delhi",110092,grocery stores,4.3,303,0,0,1,0,,7,OPERATIONAL
Reliance SMART Bazaar,"Laxmi Nagar, Delhi",110092,grocery stores,4.0,7187,0,1,1,0,,14,OPERATIONAL
Rajmandir Hypermarket Laxmi Nagar,"Laxmi Nagar, Delhi",110092,grocery stores,3.3,41,0,1,1,0,,7,OPERATIONAL
Pujara Super Store,"Laxmi Nagar, Delhi",110092,grocery stores,3.9,144,0,0,0,0,,7,OPERATIONAL
Bachatmart Supermarket,"Laxmi Nagar, Delhi",110092,grocery stores,5.0,13,0,0,0,0,,6,OPERATIONAL
SUBHASH STORE,"Laxmi Nagar, Delhi",110092,grocery stores,4.2,166,0,0,0,0,,3,OPERATIONAL
Jain Atta And Kirana Store,"Laxmi Nagar, Delhi",110092,grocery stores,4.3,38,0,0,1,0,,6,OPERATIONAL
Jaiswal Store,"Laxmi Nagar, Delhi",110092,grocery stores,4.5,24,0,0,1,0,,7,OPERATIONAL
Shakarpur main market,"Laxmi Nagar, Delhi",110092,grocery stores,4.1,599,0,0,0,0,,3,OPERATIONAL
Sindhi General Store,"Laxmi Nagar, Delhi",110092,grocery stores,4.0,95,0,0,0,0,,7,OPERATIONAL
Bike Market,"Laxmi Nagar, Delhi",110092,grocery stores,4.0,926,0,0,0,0,,4,OPERATIONAL
INSTA E-MART,"Laxmi Nagar, Delhi",110092,grocery stores,4.4,401,0,0,1,0,,4,OPERATIONAL
Laxmi grocery store,"Laxmi Nagar, Delhi",110073,grocery stores,4.6,30,0,0,1,0,,7,OPERATIONAL
LAXMI SUPER MARKET,"Laxmi Nagar, Delhi",110059,grocery stores,4.0,366,0,0,1,0,,6,OPERATIONAL
Om Kirana Store,"Laxmi Nagar, Delhi",110092,grocery stores,3.5,13,0,0,1,0,,6,OPERATIONAL
"KBM Electronics, Laxmi Nagar","Laxmi Nagar, Delhi",110092,electronics shops,4.2,560,0,0,1,0,,7,OPERATIONAL
Kalpana Digital World,"Laxmi Nagar, Delhi",110092,electronics shops,3.7,220,0,0,1,0,,4,OPERATIONAL
Gupta Electronics,"Laxmi Nagar, Delhi",110092,electronics shops,4.2,49,0,0,1,0,,4,OPERATIONAL
LG Best Shop (Light & Sound Galaxy),"Laxmi Nagar, Delhi",110092,electronics shops,4.3,137,0,1,1,0,,4,OPERATIONAL
BHATIA ELECTRONICS,"Laxmi Nagar, Delhi",110092,electronics shops,4.9,27,0,0,1,0,,7,OPERATIONAL
Viva Electronics,"Laxmi Nagar, Delhi",110092,electronics shops,4.1,16,0,0,1,0,,4,OPERATIONAL
Monga Electronics,"Laxmi Nagar, Delhi",110092,electronics shops,3.5,14,0,0,0,0,,3,OPERATIONAL
Win Electronics,"Laxmi Nagar, Delhi",110092,electronics shops,3.9,28,0,0,1,0,,4,OPERATIONAL
Electronic,"Laxmi Nagar, Delhi",110092,electronics shops,4.8,10,0,0,0,0,,4,OPERATIONAL
Delhi Electricals,"Laxmi Nagar, Delhi",110092,electronics shops,4.2,19,0,0,1,0,,4,OPERATIONAL
"Dell Exclusive Store - Jawahar Park, Laxmi Nagar","Laxmi Nagar, Delhi",110092,electronics shops,4.4,665,0,1,1,0,,4,OPERATIONAL
Laxmi Nagar computer market,"Laxmi Nagar, Delhi",110092,electronics shops,4.4,17,0,0,0,0,,4,OPERATIONAL
Lenovo Exclusive Store - PSPL,"Laxmi Nagar, Delhi",110092,electronics shops,4.7,725,0,1,1,0,,5,OPERATIONAL
"Gautam Ayurveda - Sexologist Clinic, Best Sexologist in Delhi, Erectile Dysfunction, PE, Infertility Specialist","Laxmi Nagar, Delhi",110092,clinics,4.9,2311,0,1,1,0,,6,OPERATIONAL
Nijanand Clinic,"Laxmi Nagar, Delhi",110092,clinics,5.0,19,0,0,1,0,,4,OPERATIONAL
PHC Clinic,"Laxmi Nagar, Delhi",110092,clinics,4.7,47,0,1,1,0,,8,OPERATIONAL
All Family HealthCare Clinic,"Laxmi Nagar, Delhi",110051,clinics,5.0,52,0,1,1,0,,10,OPERATIONAL
Saran Skin Clinic,"Laxmi Nagar, Delhi",110092,clinics,4.6,188,0,1,1,0,,9,OPERATIONAL
LimrA Medical Centre,"Laxmi Nagar, Delhi",110092,clinics,4.8,30,0,0,1,0,,5,OPERATIONAL
Medilite Healthcare,"Laxmi Nagar, Delhi",110092,clinics,4.7,273,0,1,1,0,,5,OPERATIONAL
Vital Health Care Clinic,"Laxmi Nagar, Delhi",110092,clinics,5.0,4,0,0,0,0,,4,OPERATIONAL
Malik Radix Healthcare,"Laxmi Nagar, Delhi",110092,clinics,4.7,4805,0,1,1,0,,6,OPERATIONAL
Yadav Clinic,"Laxmi Nagar, Delhi",110092,clinics,5.0,3,0,0,1,0,,4,OPERATIONAL
Delhi Dental Studio,"Laxmi Nagar, Delhi",110092,clinics,4.7,71,0,1,1,0,,5,OPERATIONAL
Divya Polyclinic & Diagnostic Centre,"Laxmi Nagar, Delhi",110092,clinics,4.6,34,0,0,1,0,,4,OPERATIONAL
Vishal Medical Store,"Laxmi Nagar, Delhi",110092,clinics,3.9,87,0,0,1,0,,7,OPERATIONAL
Dr. Health Ayurvedic,"Laxmi Nagar, Delhi",110092,clinics,5.0,3,0,0,1,0,,7,OPERATIONAL
Health well poly clinic,"Laxmi Nagar, Delhi",110092,clinics,3.8,4,0,0,1,0,,4,OPERATIONAL
Gupta Computerised Homeopathic and skin Clinic I Dr. Mrs. Neeraj Gupta I Shakarpur East Delhi Branch,"Laxmi Nagar, Delhi",110092,clinics,4.7,117,0,1,1,0,,8,OPERATIONAL
Physiotherapy at home by Ravish Aggarwal fees 350,"Laxmi Nagar, Delhi",110092,clinics,5.0,73,0,0,1,0,,4,OPERATIONAL
The Cakewell Bakery,"Laxmi Nagar, Delhi",110092,bakeries,4.0,129,0,0,1,1,2.0,9,OPERATIONAL
Finger Licious Bakery n Cafe,"Laxmi Nagar, Delhi",110092,bakeries,3.8,688,0,1,1,1,2.0,15,OPERATIONAL
New Gopala Bakery,"Laxmi Nagar, Delhi",110092,bakeries,4.0,437,0,1,1,1,2.0,6,OPERATIONAL
The Cakery,"Laxmi Nagar, Delhi",110092,bakeries,4.9,1028,0,0,1,0,,9,OPERATIONAL
Monginis Cake Shop,"Laxmi Nagar, Delhi",110092,bakeries,4.4,146,0,1,1,1,2.0,13,OPERATIONAL
Shreya Sweets and Bakers,"Laxmi Nagar, Delhi",110092,bakeries,3.8,277,0,0,0,0,,12,OPERATIONAL
Uttrakhand bakery,"Laxmi Nagar, Delhi",110092,bakeries,4.7,14,0,0,1,0,,9,OPERATIONAL
The Cakeroom by chawla's,"Laxmi Nagar, Delhi",110092,bakeries,4.7,75,0,0,0,0,,6,OPERATIONAL
Rimon's bakery & cafe,"Laxmi Nagar, Delhi",110092,bakeries,4.6,39,0,0,1,0,,6,OPERATIONAL
Shagun Sweets Laxmi Nagar- Best Bhajji in Delhi Indirapuram Faridabad,"Laxmi Nagar, Delhi",110092,bakeries,4.7,3642,0,1,1,0,,8,OPERATIONAL
Hira Bakery,"Laxmi Nagar, Delhi",110092,bakeries,3.1,51,0,1,1,0,,6,OPERATIONAL
Apollo Pharmacy Laxmi Nagar Mangal Bazar,"Laxmi Nagar, Delhi",110092,pharmacies,4.1,166,0,1,1,0,,8,OPERATIONAL
LifeLine Pharmacy,"Laxmi Nagar, Delhi",110092,pharmacies,4.9,28,0,0,1,0,,5,OPERATIONAL
Vishnu Medicos,"Laxmi Nagar, Delhi",110092,pharmacies,4.4,35,0,0,1,0,,6,OPERATIONAL
Apollo Pharmacy SAIL Laxmi Nagar,"Laxmi Nagar, Delhi",110092,pharmacies,5.0,16,0,1,1,0,,10,OPERATIONAL
Healthcare Pharmacy,"Laxmi Nagar, Delhi",110092,pharmacies,5.0,14,0,0,1,0,,5,OPERATIONAL
A.N Medicos,"Laxmi Nagar, Delhi",110092,pharmacies,4.3,11,0,0,1,0,,5,OPERATIONAL
New Medicine Mart,"Laxmi Nagar, Delhi",110092,pharmacies,4.3,6,0,0,1,0,,5,OPERATIONAL
Himani Homoeopathic Pharmacy,"Laxmi Nagar, Delhi",110092,pharmacies,4.4,70,0,0,1,0,,5,OPERATIONAL
WA Pharmacy,"Laxmi Nagar, Delhi",110092,pharmacies,5.0,2,0,0,1,0,,5,OPERATIONAL
Prem Medical Store,"Laxmi Nagar, Delhi",110092,pharmacies,3.6,51,0,0,1,0,,6,OPERATIONAL
Ace pharmacy,"Laxmi Nagar, Delhi",110092,pharmacies,5.0,13,0,0,0,0,,6,OPERATIONAL
Well Life Chemist & Druggist,"Laxmi Nagar, Delhi",110092,pharmacies,3.8,8,0,0,1,0,,6,OPERATIONAL
Shree Jagannath Medicos,"Laxmi Nagar, Delhi",110092,pharmacies,4.9,34,0,0,1,0,,5,OPERATIONAL
Agrawal Pharmacy,"Laxmi Nagar, Delhi",110003,pharmacies,5.0,1,0,0,0,0,,5,OPERATIONAL
Bharat Pharmacy,"Laxmi Nagar, Delhi",110092,pharmacies,4.8,4,0,0,1,0,,5,OPERATIONAL
AR Tutor's Point,"Laxmi Nagar, Delhi",110092,tutoring centers,5.0,230,0,1,1,0,,5,OPERATIONAL
Perfect Tutor - Laxmi Nagar,"Laxmi Nagar, Delhi",110092,tutoring centers,4.8,33,0,1,1,0,,2,OPERATIONAL
Sinha Home Tuition & Tutors,"Laxmi Nagar, Delhi",110092,tutoring centers,5.0,11,0,0,0,0,,2,OPERATIONAL
The Bansal Academy,"Laxmi Nagar, Delhi",110092,tutoring centers,4.9,200,0,1,1,0,,4,OPERATIONAL
EduQuest Learning Centre,"Laxmi Nagar, Delhi",110092,tutoring centers,5.0,55,0,0,1,0,,3,OPERATIONAL
The Nirvana Home Tutors,"Laxmi Nagar, Delhi",110092,tutoring centers,4.9,19,0,1,1,0,,2,OPERATIONAL
Akash Gulati Classes,"Laxmi Nagar, Delhi",110092,tutoring centers,4.9,516,0,0,1,0,,2,OPERATIONAL
Top best Home Tutors by Margdarshiedu,"Laxmi Nagar, Delhi",110092,tutoring centers,5.0,7,0,1,1,0,,5,OPERATIONAL
Decimal classes,"Laxmi Nagar, Delhi",110092,tutoring centers,4.9,84,0,0,1,0,,2,OPERATIONAL
Tutors Connect,"Laxmi Nagar, Delhi",110092,tutoring centers,5.0,10,0,1,1,0,,3,OPERATIONAL
PADMINI VIDHYA NIKETAN LAXMI NAGAR,"Laxmi Nagar, Delhi",110092,tutoring centers,5.0,29,0,0,1,0,,2,OPERATIONAL
"Merit Zone Education- Best CUET , CLAT, IPMAT, CAT Coaching","Laxmi Nagar, Delhi",110092,tutoring centers,4.9,444,0,1,1,0,,3,OPERATIONAL
Home Tuition,"Laxmi Nagar, Delhi",110092,tutoring centers,5.0,1,0,1,1,0,,3,OPERATIONAL
"AAMS : Advance Academy Of Maths & Science ( Coaching Institute For 9th to 12th , JEE - NEET )","Laxmi Nagar, Delhi",110092,tutoring centers,4.9,407,0,1,1,0,,5,OPERATIONAL
Rishabh Tutors,"Laxmi Nagar, Delhi",110092,tutoring centers,4.4,15,0,0,1,0,,6,OPERATIONAL
Topper's Classes Pvt.Ltd,"Laxmi Nagar, Delhi",110092,tutoring centers,4.5,1260,0,1,1,0,,3,OPERATIONAL
Brilliant Academy,"Laxmi Nagar, Delhi",110092,tutoring centers,4.8,435,0,1,1,0,,2,OPERATIONAL
Cambridge English Academy ( CEA ) India Pvt.Ltd,"Laxmi Nagar, Delhi",110092,tutoring centers,4.8,2334,0,1,1,0,,2,OPERATIONAL
"Decent Furniture ,LAXMI NAGAR ,VIKAS MARG","Laxmi Nagar, Delhi",110092,furniture stores,3.5,325,0,0,1,0,,6,OPERATIONAL
Emporio Furniture,"Laxmi Nagar, Delhi",110092,furniture stores,2.4,18,0,0,1,0,,7,OPERATIONAL
Wood Ville,"Laxmi Nagar, Delhi",110092,furniture stores,3.7,88,0,0,1,0,,4,OPERATIONAL
Old Furniture & Scrap Store,"Laxmi Nagar, Delhi",110092,furniture stores,4.4,40,0,0,1,0,,8,OPERATIONAL
S M Furniture,"Laxmi Nagar, Delhi",110092,furniture stores,4.4,14,0,0,1,0,,7,OPERATIONAL
Jha Furniture,"Laxmi Nagar, Delhi",110092,furniture stores,3.7,243,0,0,1,0,,6,OPERATIONAL
MS 21 Furniture,"Laxmi Nagar, Delhi",110092,furniture stores,4.5,2,0,1,1,0,,3,OPERATIONAL
Sansaar furniture,"Laxmi Nagar, Delhi",110092,furniture stores,4.0,7,0,0,1,0,,6,OPERATIONAL
Godrej Interio,"Laxmi Nagar, Delhi",110092,furniture stores,4.1,8,0,1,1,0,,6,OPERATIONAL
Hotspot Mobile Store,"Laxmi Nagar, Delhi",110092,mobile shops,4.9,1208,0,1,1,0,,4,OPERATIONAL
Star Mobile Gallery,"Laxmi Nagar, Delhi",110092,mobile shops,4.7,174,0,0,1,0,,4,OPERATIONAL
"Grest Mobile Phone Store | Buy, Sell & Repair in Laxmi Nagar","Laxmi Nagar, Delhi",110092,mobile shops,5.0,31,0,1,0,0,,4,OPERATIONAL
Go Mobile,"Laxmi Nagar, Delhi",110092,mobile shops,3.8,29,0,0,1,0,,4,OPERATIONAL
The Mobile Solutions,"Laxmi Nagar, Delhi",110092,mobile shops,4.7,88,0,0,1,0,,4,OPERATIONAL
Mobile Planet,"Laxmi Nagar, Delhi",110092,mobile shops,4.6,22,0,0,1,0,,4,OPERATIONAL
MOBILECARE,"Laxmi Nagar, Delhi",110092,mobile shops,4.9,72,0,0,1,0,,6,OPERATIONAL
MR. Mobi Mart,"Laxmi Nagar, Delhi",110031,mobile shops,5.0,18,0,1,1,0,,2,OPERATIONAL
Star Communications,"Laxmi Nagar, Delhi",110031,mobile shops,4.9,11,0,0,1,0,,4,OPERATIONAL
Olo Mobiles- Best Mobile shop in sector 18 Noida,"Laxmi Nagar, Delhi",,mobile shops,5.0,469,0,1,1,0,,6,OPERATIONAL
Arora Sons Jewellers,"Laxmi Nagar, Delhi",110092,jewellery shops,4.9,152,0,1,1,0,,7,OPERATIONAL
Shree Janki Jewellers,"Laxmi Nagar, Delhi",110092,jewellery shops,4.9,204,0,1,1,0,,5,OPERATIONAL
"GIVA Silver & Gold Jewellery Store | Laxmi Nagar, New Delhi","Laxmi Nagar, Delhi",110092,jewellery shops,5.0,281,0,1,1,0,,7,OPERATIONAL
Bawean Di Hatti Jewellers,"Laxmi Nagar, Delhi",110092,jewellery shops,4.6,32,0,0,1,0,,4,OPERATIONAL
New Baba Jewellers,"Laxmi Nagar, Delhi",110092,jewellery shops,4.4,93,0,0,1,0,,4,OPERATIONAL
Shri Krishna Jewellers,"Laxmi Nagar, Delhi",110092,jewellery shops,4.7,27,0,1,1,0,,6,OPERATIONAL
Bagga Jewellery Shop,"Laxmi Nagar, Delhi",110092,jewellery shops,4.6,188,0,0,1,0,,4,OPERATIONAL
Maharani Jeweller's: Cash Your Gold in Laxmi Nagar,"Laxmi Nagar, Delhi",110092,jewellery shops,5.0,15,0,1,1,0,,4,OPERATIONAL
New Janki Jewellers,"Laxmi Nagar, Delhi",110092,jewellery shops,4.4,14,0,0,1,0,,4,OPERATIONAL
NIEN CREATIONS,"Laxmi Nagar, Delhi",110092,jewellery shops,4.3,35,0,1,1,0,,3,OPERATIONAL
Laxmii Ornaments | Gold & Diamond Jewellery Shop in Tilak Nagar,"Laxmi Nagar, Delhi",110018,jewellery shops,5.0,19,0,1,1,0,,6,OPERATIONAL
Nihalsons Jewellers,"Laxmi Nagar, Delhi",110002,jewellery shops,4.6,72,0,0,1,0,,4,OPERATIONAL
Gold Gallery,"Laxmi Nagar, Delhi",110092,jewellery shops,4.4,18,0,0,1,0,,6,OPERATIONAL
V.M Jewellers - India's #1 Wholesaler & Manufacturer Of Imitation Jewellery Store,"Laxmi Nagar, Delhi",110006,jewellery shops,4.8,21,0,1,1,0,,5,OPERATIONAL
Khemchand Jewellers - Best Artificial Jewellery Shop in Delhi,"Laxmi Nagar, Delhi",110006,jewellery shops,4.8,38,0,1,1,0,,4,OPERATIONAL
Kumar Saree Ghar Pvt Ltd,"Laxmi Nagar, Delhi",110092,jewellery shops,4.2,1096,0,1,1,0,,5,OPERATIONAL
Classic Hardware,"Laxmi Nagar, Delhi",110092,hardware stores,4.4,115,0,0,1,0,,5,OPERATIONAL
SHIVAM HARDWARE AND TOOLS STORE,"Laxmi Nagar, Delhi",110092,hardware stores,4.7,12,0,0,0,0,,5,OPERATIONAL
Gupta Hardware Paint & Electrical,"Laxmi Nagar, Delhi",110092,hardware stores,4.0,8,0,0,0,0,,5,OPERATIONAL
Jain Hardware Sanitary Store & Works,"Laxmi Nagar, Delhi",110092,hardware stores,4.5,4,0,0,1,0,,5,OPERATIONAL
Devender Arora Hardware Store,"Laxmi Nagar, Delhi",110092,hardware stores,4.8,4,0,1,1,0,,5,OPERATIONAL
Aggarwal Hardware & Paint Store,"Laxmi Nagar, Delhi",110092,hardware stores,3.8,6,0,0,1,0,,5,OPERATIONAL
Amrit Traders Pvt. Ltd.- AP Beautiful Homes,"Laxmi Nagar, Delhi",110051,hardware stores,4.3,1429,0,1,1,0,,10,OPERATIONAL
Sanjay Gupta,"Laxmi Nagar, Delhi",110092,hardware stores,5.0,12,0,0,1,0,,5,OPERATIONAL
"Ozone India | Arora Hardware | Laxmi Nagar, Delhi","Laxmi Nagar, Delhi",110092,hardware stores,5.0,1,0,1,1,0,,11,OPERATIONAL
Ganesh Sanitary Store,"Laxmi Nagar, Delhi",110092,hardware stores,4.3,167,0,0,1,0,,10,OPERATIONAL
Jagdamba Sanitary and Hardware,"Laxmi Nagar, Delhi",110092,hardware stores,5.0,1,0,0,1,0,,5,OPERATIONAL
AMG Bath's (Jaquar & Bathroom Vanity AUTHORISED DEALER ),"Laxmi Nagar, Delhi",110092,hardware stores,4.8,62,0,1,1,0,,5,OPERATIONAL
National Sanitary Store,"Laxmi Nagar, Delhi",110092,hardware stores,3.0,2,0,0,1,0,,6,OPERATIONAL
JAGGER BATHROOM TAPS,"Laxmi Nagar, Delhi",110092,hardware stores,4.7,183,0,1,0,0,,7,OPERATIONAL
Naivedyam,"Kalkaji, Delhi",110019,restaurants,4.3,5476,0,1,1,1,2.0,7,OPERATIONAL
Khidmat,"Kalkaji, Delhi",110019,restaurants,4.1,2493,0,1,1,1,3.0,6,OPERATIONAL
"Kake Da Hotel - Kalkaji, Delhi","Kalkaji, Delhi",110019,restaurants,4.5,784,0,0,1,0,,6,OPERATIONAL
Saada Mohalla,"Kalkaji, Delhi",110019,restaurants,4.6,219,0,0,1,0,,5,OPERATIONAL
The WYT,"Kalkaji, Delhi",110019,restaurants,4.8,26,0,0,0,0,,6,OPERATIONAL
Chaska,"Kalkaji, Delhi",110019,restaurants,4.1,303,0,0,1,0,,17,OPERATIONAL
CAFE BELMONTE - Bar & Restaurant,"Kalkaji, Delhi",110019,restaurants,4.4,696,0,0,1,0,,9,OPERATIONAL
The Spice House,"Kalkaji, Delhi",110019,restaurants,4.9,154,0,1,1,0,,4,OPERATIONAL
WOW Town Restaurent,"Kalkaji, Delhi",110019,restaurants,4.8,166,0,0,1,0,,4,OPERATIONAL
Shekaza Restaurant,"Kalkaji, Delhi",110019,restaurants,4.2,1135,0,0,1,1,2.0,8,OPERATIONAL
Haldiram's - Kalkaji,"Kalkaji, Delhi",110019,restaurants,4.7,3566,0,1,1,1,2.0,4,OPERATIONAL
The Chatter House,"Kalkaji, Delhi",110019,restaurants,4.3,2372,0,1,1,1,3.0,10,OPERATIONAL
Amritsari kulcha by brothers,"Kalkaji, Delhi",110019,restaurants,4.8,57,0,0,1,0,,4,OPERATIONAL
"Bangla Canvas C R Park, Delhi","Kalkaji, Delhi",110019,restaurants,3.8,701,0,1,1,0,,6,OPERATIONAL
𝐏𝐔𝐊𝐇𝐓𝐀𝐀𝐍 𝐊𝐀𝐋𝐊𝐀 𝐉𝚰 - 𝐋𝐄𝐆𝐀𝐂𝐘 𝐎𝐅 𝐏𝐀𝐃𝐌𝐀𝐒𝐇𝐑𝚰 𝐂𝐇𝐄𝐅 𝚰𝐌𝐓𝚰𝐀𝐙 𝐐𝐔𝐄𝐑𝐄𝐒𝐇𝚰,"Kalkaji, Delhi",110019,restaurants,4.1,204,0,0,1,0,,4,OPERATIONAL
Mi Amor Cafe and Restaurant kalka ji,"Kalkaji, Delhi",110019,restaurants,4.4,259,0,0,1,0,,4,OPERATIONAL
Dilli 19,"Kalkaji, Delhi",110019,restaurants,4.0,790,0,0,1,1,2.0,6,OPERATIONAL
Oudh 1590 CR Park,"Kalkaji, Delhi",110019,restaurants,4.5,120,0,1,0,0,,6,OPERATIONAL
woodpecker cafe,"Kalkaji, Delhi",110019,restaurants,4.7,269,0,1,1,0,,13,OPERATIONAL
Khanabadosh,"Kalkaji, Delhi",110019,restaurants,4.0,1444,0,0,1,1,3.0,8,OPERATIONAL
Third Wave Coffee,"Kalkaji, Delhi",110019,cafes,4.7,1790,0,1,1,1,2.0,8,OPERATIONAL
The Chatter box Cafe,"Kalkaji, Delhi",110019,cafes,4.6,105,0,0,1,0,,4,OPERATIONAL
Oggy & dobby,"Kalkaji, Delhi",110019,cafes,3.9,910,0,0,1,1,2.0,5,OPERATIONAL
Soft Skylight Cafe,"Kalkaji, Delhi",110019,cafes,4.3,33,0,0,0,0,,4,OPERATIONAL
Blue Tokai Coffee Roasters | Kalkaji,"Kalkaji, Delhi",110019,cafes,4.5,40,0,1,1,0,,8,OPERATIONAL
CAFE CREW BREW,"Kalkaji, Delhi",110019,cafes,4.6,40,0,0,1,0,,7,OPERATIONAL
11 eleven cafe,"Kalkaji, Delhi",110019,cafes,4.6,30,0,0,0,0,,3,OPERATIONAL
"Nothing Before Coffee - Kalkaji, New Delhi","Kalkaji, Delhi",110019,cafes,4.9,3165,0,1,1,1,2.0,16,OPERATIONAL
CRAVE ROOF TOP CAFE&BAR,"Kalkaji, Delhi",110019,cafes,4.2,40,0,0,0,0,,3,OPERATIONAL
The Flying Saucer Cafe,"Kalkaji, Delhi",110019,cafes,4.1,4701,0,0,0,1,3.0,9,OPERATIONAL
The Blue Parrot Cafe,"Kalkaji, Delhi",110019,cafes,4.1,340,0,1,1,0,,6,OPERATIONAL
Zosha's Cafe,"Kalkaji, Delhi",110019,cafes,4.6,31,0,0,1,0,,4,OPERATIONAL
Dosa Coffee,"Kalkaji, Delhi",110019,cafes,4.5,644,0,1,1,0,,6,OPERATIONAL
Chai Point - Kalkaji,"Kalkaji, Delhi",110019,cafes,4.5,865,0,1,1,1,2.0,14,OPERATIONAL
Chaayos Cafe at Kalkaji,"Kalkaji, Delhi",110019,cafes,4.1,231,0,1,1,1,2.0,14,OPERATIONAL
The Moon Night Cafe,"Kalkaji, Delhi",110019,cafes,4.8,18,0,0,0,0,,4,OPERATIONAL
The Dark knight cafe.,"Kalkaji, Delhi",110019,cafes,4.7,16,0,0,0,0,,4,OPERATIONAL
FOREVER SALON,"Kalkaji, Delhi",110019,salons,4.8,380,0,1,1,0,,10,OPERATIONAL
SERA UNISEX SALON,"Kalkaji, Delhi",110019,salons,5.0,42,0,1,1,0,,9,OPERATIONAL
Holy Snip Unisex Salon,"Kalkaji, Delhi",110019,salons,4.7,563,0,0,0,0,,6,OPERATIONAL
Ki & Ka Unisex Salon By Naveen,"Kalkaji, Delhi",110019,salons,4.2,758,0,0,1,0,,4,OPERATIONAL
Hair by Parvej Unisex Salon Kalkaji,"Kalkaji, Delhi",110019,salons,4.9,217,0,0,1,0,,9,OPERATIONAL
Styla X tha Unisex Salon by Arun nail artist - best salon in kalkaji,"Kalkaji, Delhi",110019,salons,4.9,102,0,1,1,0,,8,OPERATIONAL
MJ SALON BY MOHIT & JATIN,"Kalkaji, Delhi",110019,salons,4.8,339,0,1,1,0,,5,OPERATIONAL
Jawed Habib Unisex Salon Kalkaji,"Kalkaji, Delhi",110019,salons,4.0,706,0,1,1,0,,12,OPERATIONAL
Aativa salon - Best salon in kalkaji,"Kalkaji, Delhi",110019,salons,4.2,130,0,1,1,0,,4,OPERATIONAL
Muskan Makeover Unisex Salon,"Kalkaji, Delhi",110019,salons,4.9,87,0,1,1,0,,7,OPERATIONAL
Savita & Sapan professional beauty salon ( best beauty parlour in kalkaji ),"Kalkaji, Delhi",110019,salons,4.9,408,0,1,1,0,,4,OPERATIONAL
Decent Hair Salon,"Kalkaji, Delhi",110019,salons,4.7,173,0,0,1,0,,6,OPERATIONAL
KRASIVA hair & makeup studio,"Kalkaji, Delhi",110019,salons,4.6,502,0,1,1,0,,4,OPERATIONAL
Rk unisex salon ( best salon in Kalkaji ),"Kalkaji, Delhi",110019,salons,4.6,12,0,1,1,0,,11,OPERATIONAL
The Specialist Unisex Salon,"Kalkaji, Delhi",110019,salons,4.9,193,0,0,1,0,,4,OPERATIONAL
Rose Unisex Salon,"Kalkaji, Delhi",110019,salons,4.8,37,0,1,1,0,,3,OPERATIONAL
Master Harry Unisex Salon,"Kalkaji, Delhi",110019,salons,4.6,122,0,1,1,0,,4,OPERATIONAL
The grand unisex salon,"Kalkaji, Delhi",110019,salons,5.0,100,0,0,1,0,,4,OPERATIONAL
Angel Poonam Professional salon,"Kalkaji, Delhi",110049,salons,4.9,40,0,0,1,0,,4,OPERATIONAL
"Purplle - Kalkaji, Delhi","Kalkaji, Delhi",110019,salons,4.9,1890,0,1,1,0,,10,OPERATIONAL
Prashant's Gym Kalkaji | Best Gym in Kalkaji,"Kalkaji, Delhi",110019,gyms,4.8,333,0,1,1,0,,6,OPERATIONAL
Neue Life Fitness by Sunil Saini,"Kalkaji, Delhi",110019,gyms,4.9,132,0,0,1,0,,6,OPERATIONAL
GYMSTARK,"Kalkaji, Delhi",110019,gyms,4.8,123,0,1,0,0,,5,OPERATIONAL
MPX FITNESS,"Kalkaji, Delhi",110019,gyms,4.8,466,0,1,1,0,,5,OPERATIONAL
Ultimate Fit Club,"Kalkaji, Delhi",110019,gyms,5.0,25,0,1,1,0,,5,OPERATIONAL
Fitness Fuel Gym,"Kalkaji, Delhi",110019,gyms,5.0,50,0,1,1,0,,6,OPERATIONAL
Total Fitness by Yash Sharma,"Kalkaji, Delhi",110019,gyms,4.9,80,0,1,1,0,,5,OPERATIONAL
Zeek Fitness Studio ( UNISEX GYM),"Kalkaji, Delhi",110019,gyms,4.9,284,0,0,1,0,,8,OPERATIONAL
V FITNESS GYM,"Kalkaji, Delhi",110019,gyms,5.0,35,0,0,1,0,,5,OPERATIONAL
THE PUMP YARD,"Kalkaji, Delhi",110019,gyms,5.0,38,0,0,1,0,,5,OPERATIONAL
Anytime Fitness,"Kalkaji, Delhi",110019,gyms,4.2,200,0,1,1,0,,6,OPERATIONAL
Fitness 365 gym,"Kalkaji, Delhi",110019,gyms,4.9,150,0,1,1,0,,6,OPERATIONAL
Gym First by AP group,"Kalkaji, Delhi",110019,gyms,5.0,90,0,1,0,0,,5,OPERATIONAL
Reflect Gym,"Kalkaji, Delhi",110019,gyms,4.6,59,0,0,1,0,,5,OPERATIONAL
LIVFIT GYM,"Kalkaji, Delhi",110019,gyms,5.0,102,0,0,1,0,,5,OPERATIONAL
Evexia Fitness,"Kalkaji, Delhi",110019,gyms,3.9,91,0,0,1,0,,5,OPERATIONAL
Hanma Gym,"Kalkaji, Delhi",110019,gyms,4.9,32,0,0,1,0,,5,OPERATIONAL
Elevate gym,"Kalkaji, Delhi",110019,gyms,5.0,29,0,1,0,0,,5,OPERATIONAL
Rehal's gym.(fitness beyond expectation),"Kalkaji, Delhi",110019,gyms,4.8,498,0,0,1,0,,6,OPERATIONAL
Zx Fitness Club,"Kalkaji, Delhi",110019,gyms,4.9,52,0,1,1,0,,5,OPERATIONAL
The Budget Shop,"Kalkaji, Delhi",110019,clothing stores,4.9,197,0,0,1,0,,4,OPERATIONAL
Kapoor Clothing Hub,"Kalkaji, Delhi",110019,clothing stores,4.8,151,0,0,1,0,,4,OPERATIONAL
New Bengal Vastra Bhandar,"Kalkaji, Delhi",110019,clothing stores,4.8,950,0,0,1,0,,4,OPERATIONAL
Export Haat,"Kalkaji, Delhi",110019,clothing stores,4.0,838,0,1,1,0,,4,OPERATIONAL
Clothing Empire Wale,"Kalkaji, Delhi",110019,clothing stores,5.0,91,0,0,1,0,,4,OPERATIONAL
Export Hut,"Kalkaji, Delhi",110019,clothing stores,3.8,2649,0,0,1,0,,4,OPERATIONAL
In Style,"Kalkaji, Delhi",110019,clothing stores,4.1,170,0,0,1,0,,4,OPERATIONAL
Go Colors - Kalkaji | Women's Bottom Wear,"Kalkaji, Delhi",110019,clothing stores,4.7,26,0,1,1,0,,6,OPERATIONAL
Romanfox Warehouse (Branded Shoes And Clothes in Retail),"Kalkaji, Delhi",110019,clothing stores,3.8,2260,0,1,1,0,,6,OPERATIONAL
Ahuja Vastra Bhandar,"Kalkaji, Delhi",110019,clothing stores,4.1,3172,0,1,1,0,,4,OPERATIONAL
Icon Sports Wear,"Kalkaji, Delhi",110019,clothing stores,3.2,1391,0,0,1,0,,5,OPERATIONAL
SHREE - She is Special,"Kalkaji, Delhi",110019,clothing stores,4.9,33,0,1,1,0,,7,OPERATIONAL
Kalka Boutique,"Kalkaji, Delhi",110019,clothing stores,4.2,42,0,0,1,0,,4,OPERATIONAL
Cantabil,"Kalkaji, Delhi",110019,clothing stores,4.9,1033,0,1,1,0,,5,OPERATIONAL
Kalkaji Market,"Kalkaji, Delhi",110019,clothing stores,4.2,4088,0,0,0,0,,3,OPERATIONAL
Looks collection,"Kalkaji, Delhi",110019,clothing stores,5.0,90,0,0,1,0,,4,OPERATIONAL
Lamode kalkaji,"Kalkaji, Delhi",110019,clothing stores,3.7,119,0,0,1,0,,4,OPERATIONAL
Babyhug Store Delhi Kalkaji,"Kalkaji, Delhi",110019,clothing stores,4.8,1238,0,1,1,0,,6,OPERATIONAL
Anoshk Boutique,"Kalkaji, Delhi",110019,clothing stores,4.9,42,0,0,1,0,,6,OPERATIONAL
Ahuja Garments,"Kalkaji, Delhi",110019,clothing stores,3.9,127,0,0,1,0,,4,OPERATIONAL
Singhal Super Store - Wholesale Grocery In Kalkaji - Grocery In Kalkaji Delhi,"Kalkaji, Delhi",110019,grocery stores,4.4,98,0,0,1,0,,11,OPERATIONAL
RAJMANDIR HYPERMARKET KALKA JI,"Kalkaji, Delhi",110019,grocery stores,4.0,1179,0,1,1,0,,8,OPERATIONAL
VALUE BAZAAR,"Kalkaji, Delhi",110019,grocery stores,4.1,294,0,0,1,0,,11,OPERATIONAL
Reliance SMART Bazaar,"Kalkaji, Delhi",110019,grocery stores,3.3,205,0,1,1,0,,14,OPERATIONAL
Grocery Store near me - Dhan Guru Nanak Store,"Kalkaji, Delhi",110019,grocery stores,4.0,215,0,0,1,0,,4,OPERATIONAL
Vishal Mega Mart,"Kalkaji, Delhi",110019,grocery stores,3.8,7030,0,1,1,0,,10,OPERATIONAL
Azaya Organics,"Kalkaji, Delhi",110019,grocery stores,4.9,350,0,1,1,0,,6,OPERATIONAL
Pooja Masala Store,"Kalkaji, Delhi",110019,grocery stores,4.3,1609,0,1,1,0,,12,OPERATIONAL
Mahajan Gift House - Toys | Sports | Gifts - Kalkaji,"Kalkaji, Delhi",110019,grocery stores,4.4,200,0,1,1,0,,12,OPERATIONAL
Ss super Store Kalkaji,"Kalkaji, Delhi",110019,grocery stores,5.0,4,0,0,1,0,,7,OPERATIONAL
Singhal mega store,"Kalkaji, Delhi",110019,grocery stores,5.0,22,0,0,1,0,,8,OPERATIONAL
C R Park Market No.1,"Kalkaji, Delhi",110019,grocery stores,4.2,16913,1,0,0,0,,3,OPERATIONAL
Fish Market Kalkaji,"Kalkaji, Delhi",110019,grocery stores,3.9,8064,0,0,0,0,,3,OPERATIONAL
Mini Central Market,"Kalkaji, Delhi",110019,grocery stores,4.0,510,0,0,1,0,,3,OPERATIONAL
Sabzi Mandi Govindpuri,"Kalkaji, Delhi",110019,grocery stores,3.8,2108,0,0,0,0,,7,OPERATIONAL
Janta Market,"Kalkaji, Delhi",110019,grocery stores,4.0,102,0,0,0,0,,3,OPERATIONAL
Kalka Store,"Kalkaji, Delhi",110019,grocery stores,4.6,17,0,0,1,0,,4,OPERATIONAL
New Shop,"Kalkaji, Delhi",110019,grocery stores,4.0,11,0,1,1,0,,6,OPERATIONAL
DHINGRA DEPARTMENTAL STORE,"Kalkaji, Delhi",110019,grocery stores,4.0,31,0,0,1,0,,6,OPERATIONAL
Electronics Mart - Kalkaji,"Kalkaji, Delhi",110019,electronics shops,4.7,652,0,1,1,0,,4,OPERATIONAL
ANAND ELECTRONIKS,"Kalkaji, Delhi",110019,electronics shops,4.7,2219,0,1,1,0,,7,OPERATIONAL
Lamba Electronics,"Kalkaji, Delhi",110019,electronics shops,4.1,338,0,0,1,0,,4,OPERATIONAL
VIJAY SALES - KALKAJI,"Kalkaji, Delhi",110019,electronics shops,4.3,5519,0,1,1,0,,5,OPERATIONAL
R.K.ELECTRONICS,"Kalkaji, Delhi",110019,electronics shops,3.6,72,0,0,1,0,,4,OPERATIONAL
Gulati Electric Co.,"Kalkaji, Delhi",110019,electronics shops,3.7,61,0,0,1,0,,6,OPERATIONAL
Narang Electric Centre,"Kalkaji, Delhi",110019,electronics shops,4.4,127,0,0,1,0,,3,OPERATIONAL
Samsung SmartPlaza - Anand Electronics,"Kalkaji, Delhi",110019,electronics shops,4.1,128,0,1,1,0,,5,OPERATIONAL
Thukral Time Centre Private Limited,"Kalkaji, Delhi",110019,electronics shops,4.2,91,0,1,1,0,,4,OPERATIONAL
Dass Electronics,"Kalkaji, Delhi",110019,electronics shops,4.2,13,0,1,1,0,,5,OPERATIONAL
LG Best Shop (Jeevanjee Refrigeration Engineers),"Kalkaji, Delhi",110019,electronics shops,4.6,387,0,1,1,0,,4,OPERATIONAL
Arora Home Collection,"Kalkaji, Delhi",110019,electronics shops,3.8,61,0,0,1,0,,4,OPERATIONAL
Saluja Enterprises,"Kalkaji, Delhi",110019,electronics shops,4.2,22,0,0,1,0,,5,OPERATIONAL
Chahat Electronics,"Kalkaji, Delhi",110019,electronics shops,3.6,17,0,0,0,0,,4,OPERATIONAL
Sachdeva Electronics,"Kalkaji, Delhi",110019,electronics shops,3.6,48,0,0,1,0,,4,OPERATIONAL
Shiv Trading Co.,"Kalkaji, Delhi",110019,electronics shops,4.5,34,0,1,1,0,,4,OPERATIONAL
VARNIKA ENTERPRISES,"Kalkaji, Delhi",110019,electronics shops,4.4,27,0,0,1,0,,4,OPERATIONAL
Sai Trading - Wholesaler Electricals Supply,"Kalkaji, Delhi",110019,electronics shops,3.0,22,0,1,1,0,,6,OPERATIONAL
Ahuja Electronics,"Kalkaji, Delhi",110019,electronics shops,5.0,7,0,0,1,0,,4,OPERATIONAL
YASHIKA ENTERPRISES,"Kalkaji, Delhi",110019,electronics shops,4.1,230,0,0,1,0,,4,OPERATIONAL
Arogya Clinic,"Kalkaji, Delhi",110019,clinics,4.9,138,0,0,1,0,,4,OPERATIONAL
Kalkaji Wellness Polyclinic,"Kalkaji, Delhi",110019,clinics,4.9,11,0,1,1,0,,7,OPERATIONAL
Dr Dolkar Clinic Kalkaji,"Kalkaji, Delhi",110019,clinics,4.7,184,0,0,1,0,,5,OPERATIONAL
Dr Rajesh Ganesh Parthsarthi,"Kalkaji, Delhi",110019,clinics,4.8,207,0,1,1,0,,11,OPERATIONAL
Pooja Dental Clinic,"Kalkaji, Delhi",110019,clinics,4.9,1184,0,0,1,0,,5,OPERATIONAL
Dr Jagmohan Singh,"Kalkaji, Delhi",110019,clinics,4.5,183,0,0,0,0,,4,OPERATIONAL
Arogya Clinic & Panchkarma Centre,"Kalkaji, Delhi",110019,clinics,4.9,44,0,1,1,0,,3,OPERATIONAL
Dr. Madhusudan - Best sexologist in delhi/india,"Kalkaji, Delhi",110019,clinics,4.8,369,0,1,1,0,,7,OPERATIONAL
"Dr Anirban Biswas clinic, best diabetologist in Delhi","Kalkaji, Delhi",110019,clinics,4.7,449,0,1,1,0,,8,OPERATIONAL
"Clove Dental Clinic in Kalkaji, New Delhi","Kalkaji, Delhi",110019,clinics,4.8,1008,0,1,1,0,,7,OPERATIONAL
Health Vibe Clinic,"Kalkaji, Delhi",110019,clinics,5.0,5,0,1,1,0,,4,OPERATIONAL
THE HARMONY CLINIC,"Kalkaji, Delhi",110019,clinics,5.0,32,0,0,1,0,,4,OPERATIONAL
Dr. Divya,"Kalkaji, Delhi",110019,clinics,4.7,188,0,0,1,0,,6,OPERATIONAL
Kumar Klinik,"Kalkaji, Delhi",110019,clinics,4.4,143,0,1,1,0,,5,OPERATIONAL
Clinic Health,"Kalkaji, Delhi",110019,clinics,4.2,6,0,0,1,0,,4,OPERATIONAL
Dr. Dhwani Mago - MyGynae Clinic,"Kalkaji, Delhi",110019,clinics,4.9,246,0,1,1,0,,4,OPERATIONAL
RG Clinic,"Kalkaji, Delhi",110019,clinics,5.0,1,0,0,1,0,,4,OPERATIONAL
Top Notch Dental Clinic,"Kalkaji, Delhi",110019,clinics,4.9,135,0,1,1,0,,7,OPERATIONAL
Khandelwal Clinic,"Kalkaji, Delhi",110019,clinics,4.3,59,0,1,1,0,,6,OPERATIONAL
Biswas Heart And Mind clinic,"Kalkaji, Delhi",110019,clinics,4.7,121,0,1,1,0,,6,OPERATIONAL
KANDY'S PASTRY PARLOUR,"Kalkaji, Delhi",110019,bakeries,4.2,1550,0,1,1,1,2.0,6,OPERATIONAL
Creme N Crisp,"Kalkaji, Delhi",110019,bakeries,4.1,464,0,1,1,1,2.0,13,OPERATIONAL
Dough & Cream,"Kalkaji, Delhi",110019,bakeries,4.7,615,0,0,0,0,,6,OPERATIONAL
"CAKE ‘O’ CLOCKS - KALKA JI BEST BAKERY, DESIGNER CAKE SHOP WITH FREE HOME DELIVERY & DISCOUNT ON STORE PICKUP","Kalkaji, Delhi",110019,bakeries,4.5,65,0,1,1,0,,11,OPERATIONAL
Bakingo,"Kalkaji, Delhi",110019,bakeries,4.4,241,0,1,1,1,2.0,6,OPERATIONAL
Ahuja Bakery Cake & Pastries and Patties,"Kalkaji, Delhi",110019,bakeries,3.8,196,0,0,1,1,2.0,6,OPERATIONAL
The Samar Bakers,"Kalkaji, Delhi",110019,bakeries,4.8,16,0,0,1,0,,6,OPERATIONAL
Multan Biscuit Bakery,"Kalkaji, Delhi",110019,bakeries,4.4,123,0,0,1,0,,6,OPERATIONAL
Open Oven Bakehouse,"Kalkaji, Delhi",110048,bakeries,4.3,937,0,0,1,1,2.0,6,OPERATIONAL
Namkeen Corner & Bakery,"Kalkaji, Delhi",110019,bakeries,4.2,329,0,0,1,0,,7,OPERATIONAL
Morning Cake Palace,"Kalkaji, Delhi",110019,bakeries,4.6,67,0,0,1,0,,6,OPERATIONAL
UPHAAR BAKERS,"Kalkaji, Delhi",110019,bakeries,3.9,36,0,0,1,0,,6,OPERATIONAL
New Cake Plaza,"Kalkaji, Delhi",110019,bakeries,3.9,48,0,0,0,0,,9,OPERATIONAL
Frais du Four,"Kalkaji, Delhi",110019,bakeries,4.8,92,0,1,0,0,,18,OPERATIONAL
Hari Kirpa Bakers,"Kalkaji, Delhi",110019,bakeries,4.4,12,0,0,1,0,,6,OPERATIONAL
Defence Bakery SINCE 1962 GK2 MBlock,"Kalkaji, Delhi",110048,bakeries,4.3,406,0,1,1,1,2.0,7,OPERATIONAL
Xotic bakes,"Kalkaji, Delhi",110019,bakeries,5.0,46,0,1,1,0,,6,OPERATIONAL
Monginis Cake Shop,"Kalkaji, Delhi",110019,bakeries,4.4,135,0,1,1,1,2.0,13,OPERATIONAL
Apollo Pharmacy Kalkaji JEE,"Kalkaji, Delhi",110019,pharmacies,3.8,84,0,1,1,0,,8,OPERATIONAL
Bareja Sons Chemist (Pharmacy),"Kalkaji, Delhi",110019,pharmacies,4.1,127,0,0,1,0,,5,OPERATIONAL
Apollo Pharmacy Kalkaji K Block,"Kalkaji, Delhi",110019,pharmacies,4.1,86,0,1,1,0,,8,OPERATIONAL
One Bharat Pharmacy - Kalkaji,"Kalkaji, Delhi",110019,pharmacies,4.9,53,0,1,1,0,,6,OPERATIONAL
Phar-Mor Chemist,"Kalkaji, Delhi",110019,pharmacies,4.7,22,0,0,1,0,,5,OPERATIONAL
Kalka chemist,"Kalkaji, Delhi",110019,pharmacies,4.5,12,0,0,1,0,,7,OPERATIONAL
Pharmville Pharmacy Kalkaji New Delhi,"Kalkaji, Delhi",110019,pharmacies,3.5,16,0,1,1,0,,5,OPERATIONAL
Sanjivani Pharmacy,"Kalkaji, Delhi",110019,pharmacies,4.7,40,0,0,1,0,,5,OPERATIONAL
AASA PHARMACY,"Kalkaji, Delhi",110019,pharmacies,4.8,10,0,1,1,0,,5,OPERATIONAL
Verma Chemist,"Kalkaji, Delhi",110019,pharmacies,4.9,21,0,0,1,0,,5,OPERATIONAL
OM SAI CURE PHARMACY,"Kalkaji, Delhi",110019,pharmacies,5.0,16,0,0,1,0,,6,OPERATIONAL
Sharma Medicos (Pharmacy),"Kalkaji, Delhi",110019,pharmacies,5.0,17,0,0,1,0,,6,OPERATIONAL
Nasa Chemist,"Kalkaji, Delhi",110019,pharmacies,4.0,24,0,0,1,0,,6,OPERATIONAL
Rathi Medicos,"Kalkaji, Delhi",110019,pharmacies,5.0,29,0,0,1,0,,5,OPERATIONAL
Family Chemist,"Kalkaji, Delhi",110019,pharmacies,4.6,14,0,0,1,0,,8,OPERATIONAL
Biogreen Chemist & Cosmetics,"Kalkaji, Delhi",110019,pharmacies,4.8,41,0,0,1,0,,5,OPERATIONAL
Jawa Medicos,"Kalkaji, Delhi",110019,pharmacies,4.6,18,0,0,1,0,,6,OPERATIONAL
Apollo Pharmacy Kalkaji H Block,"Kalkaji, Delhi",110019,pharmacies,3.9,11,0,1,1,0,,5,OPERATIONAL
Gurkirpa Pharmacy,"Kalkaji, Delhi",110019,pharmacies,4.0,4,0,0,1,0,,5,OPERATIONAL
BRAHMASTRA PHARMACY,"Kalkaji, Delhi",110019,pharmacies,4.6,21,0,1,1,0,,8,OPERATIONAL
Kalka Tuition Centre,"Kalkaji, Delhi",110019,tutoring centers,5.0,173,0,0,1,0,,3,OPERATIONAL
Education Hub,"Kalkaji, Delhi",110019,tutoring centers,4.9,247,0,0,1,0,,3,OPERATIONAL
Toppers Cos Academy Pvt Ltd,"Kalkaji, Delhi",110019,tutoring centers,4.9,312,0,1,1,0,,7,OPERATIONAL
ACE Home Tutor,"Kalkaji, Delhi",110019,tutoring centers,4.8,66,0,1,1,0,,3,OPERATIONAL
Excellent tuition centre by Amandeep mam,"Kalkaji, Delhi",110019,tutoring centers,4.9,48,0,0,1,0,,3,OPERATIONAL
Kalkaji tuitions,"Kalkaji, Delhi",110019,tutoring centers,4.9,17,0,0,1,0,,2,OPERATIONAL
Ranveer Sir Maths,"Kalkaji, Delhi",110019,tutoring centers,5.0,118,0,1,1,0,,4,OPERATIONAL
NES ACADEMY Home tutors South Delhi,"Kalkaji, Delhi",110019,tutoring centers,4.9,249,0,0,1,0,,3,OPERATIONAL
EDU-Junction,"Kalkaji, Delhi",110019,tutoring centers,4.8,412,0,1,1,0,,8,OPERATIONAL
Pi Academy/ AIEF - Best internship program for STUDENTS/ mentorship programme for Educators,"Kalkaji, Delhi",110019,tutoring centers,4.8,51,0,1,1,0,,4,OPERATIONAL
"Science Tuition Near Me Greater Kailash, Defense Colony, Delhi","Kalkaji, Delhi",110019,tutoring centers,4.9,9,0,1,1,0,,5,OPERATIONAL
"Toppers Mantra Education Center – NIOS Admission 10th-12th & Coaching, Open School Admission","Kalkaji, Delhi",110019,tutoring centers,5.0,389,0,1,1,0,,3,OPERATIONAL
Team Tuition Coaching Institute,"Kalkaji, Delhi",110019,tutoring centers,4.9,58,0,1,1,0,,2,OPERATIONAL
Sameer Tutorial,"Kalkaji, Delhi",110019,tutoring centers,5.0,4,0,0,1,0,,3,OPERATIONAL
Udayan Care Computer Learning Center,"Kalkaji, Delhi",110019,tutoring centers,4.9,140,0,1,1,0,,3,OPERATIONAL
ARIHANT COACHING CENTRE,"Kalkaji, Delhi",110019,tutoring centers,4.8,101,0,1,1,0,,2,OPERATIONAL
The Academy,"Kalkaji, Delhi",110019,tutoring centers,4.8,55,0,1,1,0,,4,OPERATIONAL
"Samyak Computer Classes, Kalkaji Delhi","Kalkaji, Delhi",110019,tutoring centers,4.8,113,0,1,1,0,,4,OPERATIONAL
TCA learning hub,"Kalkaji, Delhi",110019,tutoring centers,4.8,6,0,0,1,0,,2,OPERATIONAL
"Imtihaan guru - best cuet coaching in delhi , cuet coaching near me , domain | GT | English","Kalkaji, Delhi",110019,tutoring centers,4.9,273,0,1,1,0,,4,OPERATIONAL
Unique Furniture,"Kalkaji, Delhi",110019,furniture stores,3.6,97,0,0,1,0,,7,OPERATIONAL
Wakefit - Furniture Store in Kalkaji,"Kalkaji, Delhi",110019,furniture stores,4.9,1228,0,1,1,0,,7,OPERATIONAL
Touch Wood Furniture & Interiors,"Kalkaji, Delhi",110019,furniture stores,4.4,22,0,0,1,0,,6,OPERATIONAL
WADHWA FURNITURE,"Kalkaji, Delhi",110019,furniture stores,4.2,10,0,0,1,0,,7,OPERATIONAL
Rakesh Furnitures,"Kalkaji, Delhi",110019,furniture stores,4.1,36,0,0,0,0,,6,OPERATIONAL
Kaushik Furniture & Interior,"Kalkaji, Delhi",110019,furniture stores,5.0,8,0,0,0,0,,6,OPERATIONAL
Saifi 3D Carpenter,"Kalkaji, Delhi",110019,furniture stores,5.0,15,0,1,1,0,,8,OPERATIONAL
Chauhan Decor,"Kalkaji, Delhi",110019,furniture stores,3.0,7,0,0,1,0,,6,OPERATIONAL
BOBY FURNITURE,"Kalkaji, Delhi",110019,furniture stores,3.3,14,0,1,0,0,,9,OPERATIONAL
Juyal Furniture,"Kalkaji, Delhi",110019,furniture stores,5.0,2,0,1,1,0,,8,OPERATIONAL
Rahul Sofa And Chair Repair,"Kalkaji, Delhi",110019,furniture stores,5.0,169,0,1,1,0,,3,OPERATIONAL
Royal comfort sofa in kalkaji,"Kalkaji, Delhi",110019,furniture stores,5.0,2,0,1,1,0,,6,OPERATIONAL
John furniture Sofa And Chair Repairing,"Kalkaji, Delhi",110019,furniture stores,5.0,48,0,1,1,0,,8,OPERATIONAL
IP Old Furniture,"Kalkaji, Delhi",110019,furniture stores,5.0,2,0,0,0,0,,6,OPERATIONAL
HANDLOOM HOUSE | RAMPURI | KALKAJI |,"Kalkaji, Delhi",110019,furniture stores,4.5,89,0,0,1,0,,11,OPERATIONAL
V. D. Furnitures,"Kalkaji, Delhi",110019,furniture stores,3.2,6,0,0,1,0,,7,OPERATIONAL
Sonu Sofa And Chair Repair,"Kalkaji, Delhi",110019,furniture stores,4.7,96,0,0,1,0,,8,OPERATIONAL
KAUSHIK THE MATTRESS GALLERY,"Kalkaji, Delhi",110019,furniture stores,4.6,20,0,0,1,0,,6,OPERATIONAL
Rounak Sofa & chair Repair,"Kalkaji, Delhi",110019,furniture stores,4.5,40,0,1,1,0,,6,OPERATIONAL
Hotspot Mobile Store,"Kalkaji, Delhi",110019,mobile shops,4.9,1128,0,1,1,0,,4,OPERATIONAL
Cellular Hut,"Kalkaji, Delhi",110019,mobile shops,4.4,138,0,0,1,0,,5,OPERATIONAL
Hotspot Mobile Store,"Kalkaji, Delhi",110019,mobile shops,4.9,503,0,1,1,0,,4,OPERATIONAL
My Mobile Wale,"Kalkaji, Delhi",110019,mobile shops,4.7,693,0,0,1,0,,6,OPERATIONAL
Sigmen Radio Mobile Store,"Kalkaji, Delhi",110019,mobile shops,4.1,152,0,1,1,0,,6,OPERATIONAL
Hotspot Mobile Store,"Kalkaji, Delhi",110019,mobile shops,5.0,1377,0,1,0,0,,4,OPERATIONAL
Mobicity,"Kalkaji, Delhi",110019,mobile shops,4.7,190,0,0,1,0,,4,OPERATIONAL
"Cashify Mobile Phone Shop | Buy, Sell & Repair in Kalkaji Delhi (North)","Kalkaji, Delhi",110019,mobile shops,4.7,1050,0,1,1,0,,6,OPERATIONAL
FUSION CLOUD,"Kalkaji, Delhi",110019,mobile shops,4.8,502,0,0,1,0,,4,OPERATIONAL
Logica Mobile Store - Kalkaji,"Kalkaji, Delhi",110019,mobile shops,5.0,11,0,0,0,0,,4,OPERATIONAL
Cellular World,"Kalkaji, Delhi",110019,mobile shops,4.1,25,0,0,1,0,,5,OPERATIONAL
Xpress Fusion,"Kalkaji, Delhi",110019,mobile shops,4.6,647,0,0,1,0,,3,OPERATIONAL
Shine Mobile Center,"Kalkaji, Delhi",110019,mobile shops,4.8,431,0,0,1,0,,5,OPERATIONAL
Delight Accessories mobile repairing,"Kalkaji, Delhi",110019,mobile shops,4.9,78,0,0,1,0,,3,OPERATIONAL
Jeeshan Mobile Repairing Center,"Kalkaji, Delhi",110019,mobile shops,5.0,112,0,0,1,0,,3,OPERATIONAL
RJ Mobile Point,"Kalkaji, Delhi",110019,mobile shops,4.7,21,0,1,1,0,,5,OPERATIONAL
N Krishna Cellular Communication,"Kalkaji, Delhi",110019,mobile shops,4.8,87,0,0,1,0,,5,OPERATIONAL
Hotspot Mobile Store,"Kalkaji, Delhi",110019,mobile shops,4.9,1395,0,1,1,0,,4,OPERATIONAL
"P.C.Chandra Jewellers, Delhi","Kalkaji, Delhi",110019,jewellery shops,4.8,1919,0,1,1,0,,4,OPERATIONAL
Swaran Planet Jewellers Pvt Ltd - Best Jewellery Showroom in Kalka Ji Delhi,"Kalkaji, Delhi",110019,jewellery shops,5.0,63,0,0,1,0,,4,OPERATIONAL
Madaan Jewellers | MADAAN By Pankaj Madaan,"Kalkaji, Delhi",110019,jewellery shops,4.9,1472,0,1,1,0,,4,OPERATIONAL
"BlueStone Jewellery Kalkaji, New Delhi","Kalkaji, Delhi",110019,jewellery shops,4.9,296,0,1,1,0,,8,OPERATIONAL
Neelrattan jewellers by rattan madaan,"Kalkaji, Delhi",110019,jewellery shops,5.0,515,0,1,1,0,,7,OPERATIONAL
Malik Sons Jewellers Javed malik,"Kalkaji, Delhi",110019,jewellery shops,4.2,70,0,0,1,0,,4,OPERATIONAL
JAIPUR JEWELLERS,"Kalkaji, Delhi",110019,jewellery shops,4.0,160,0,0,1,0,,4,OPERATIONAL
GURU NANAK GEMS & JEWELS,"Kalkaji, Delhi",110019,jewellery shops,5.0,654,0,0,1,0,,4,OPERATIONAL
Utsav Jewellers,"Kalkaji, Delhi",110019,jewellery shops,5.0,20,0,0,1,0,,4,OPERATIONAL
Sai Jewellers,"Kalkaji, Delhi",110019,jewellery shops,4.7,119,0,1,1,0,,4,OPERATIONAL
MAA Kalka Jewellery House,"Kalkaji, Delhi",110019,jewellery shops,3.5,34,0,0,1,0,,5,OPERATIONAL
New Kalka National Jewellers,"Kalkaji, Delhi",110019,jewellery shops,3.0,68,0,0,1,0,,4,OPERATIONAL
GIVA Silver & Gold Jewellery | Kalkaji | Lab Grown Diamonds,"Kalkaji, Delhi",110019,jewellery shops,4.9,641,0,1,1,0,,6,OPERATIONAL
saavya jewels,"Kalkaji, Delhi",110019,jewellery shops,4.9,10,0,1,1,0,,4,OPERATIONAL
Lekh Raj & Sons Jewellers,"Kalkaji, Delhi",110019,jewellery shops,4.1,34,0,0,1,0,,4,OPERATIONAL
Anjali Jewellers,"Kalkaji, Delhi",110019,jewellery shops,4.2,138,0,0,1,0,,4,OPERATIONAL
Nagi Jewellers,"Kalkaji, Delhi",110019,jewellery shops,4.9,33,0,0,0,0,,4,OPERATIONAL
VRIDDHI JEWELS,"Kalkaji, Delhi",110019,jewellery shops,5.0,6,0,1,1,0,,4,OPERATIONAL
Amogh Jewels,"Kalkaji, Delhi",110019,jewellery shops,4.9,184,0,1,1,0,,7,OPERATIONAL
Verma Jewellers,"Kalkaji, Delhi",110019,jewellery shops,4.1,20,0,0,1,0,,4,OPERATIONAL
Evergreen Hardware (Jaquar-Godrej-Dorset-Hettich-Essco-Artize),"Kalkaji, Delhi",110019,hardware stores,4.5,267,0,1,1,0,,10,OPERATIONAL
Juneja Industrial Store,"Kalkaji, Delhi",110019,hardware stores,3.9,218,0,0,1,0,,5,OPERATIONAL
Nirman Stores,"Kalkaji, Delhi",110019,hardware stores,4.0,270,0,0,1,0,,5,OPERATIONAL
Vishal Enterprises,"Kalkaji, Delhi",110019,hardware stores,4.5,35,0,1,1,0,,11,OPERATIONAL
"Bansal Sanitary & Paints, Hardware Store","Kalkaji, Delhi",110019,hardware stores,4.2,13,0,0,0,0,,5,OPERATIONAL
Durga Sanitary & Hardware Store,"Kalkaji, Delhi",110019,hardware stores,4.6,9,0,0,1,0,,5,OPERATIONAL
Hari Om Industrial Co.,"Kalkaji, Delhi",110019,hardware stores,4.9,73,0,0,1,0,,7,OPERATIONAL
AGGARWAL PAINTS & HARDWARE,"Kalkaji, Delhi",110019,hardware stores,4.3,14,0,1,1,1,2.0,6,OPERATIONAL
Classic Industrial Store,"Kalkaji, Delhi",110019,hardware stores,4.8,5,0,0,1,0,,8,OPERATIONAL
Bright Paints & Hardware Store,"Kalkaji, Delhi",110019,hardware stores,4.7,24,0,0,1,0,,6,OPERATIONAL
Singh Paints & Hardware Store,"Kalkaji, Delhi",110019,hardware stores,4.5,11,0,0,1,0,,5,OPERATIONAL
S B Traders,"Kalkaji, Delhi",110019,hardware stores,4.8,4,0,0,1,0,,5,OPERATIONAL
Mahajan Paints & Hardware Store,"Kalkaji, Delhi",110019,hardware stores,3.1,8,0,0,1,0,,6,OPERATIONAL
Swastik Industries,"Kalkaji, Delhi",110019,hardware stores,5.0,3,0,0,1,0,,5,OPERATIONAL
Lakshmi Hardware Store,"Kalkaji, Delhi",110019,hardware stores,4.3,8,0,0,1,0,,5,OPERATIONAL
Indian Paint And Hardware,"Kalkaji, Delhi",110019,hardware stores,5.0,2,0,0,1,0,,5,OPERATIONAL
City Hardware | Yale locks Dealer,"Kalkaji, Delhi",110048,hardware stores,4.6,45,0,1,1,0,,8,OPERATIONAL
Evergreen Hardware - Jaquar Authorized Dealer (Bathroom- Sanitary-Toilet Seats- Shower),"Kalkaji, Delhi",110019,hardware stores,4.5,41,0,1,1,0,,9,OPERATIONAL
The Big Chill Cafe,"Greater Kailash, Delhi",110048,restaurants,4.5,5183,0,1,1,1,3.0,10,OPERATIONAL
J U G G E R N A U T,"Greater Kailash, Delhi",110048,restaurants,4.4,9676,1,1,1,1,2.0,8,OPERATIONAL
Gastronomica,"Greater Kailash, Delhi",110048,restaurants,4.1,2167,0,0,1,1,3.0,14,OPERATIONAL
FatJar Cafe & Market,"Greater Kailash, Delhi",110048,restaurants,4.3,1214,0,1,1,1,2.0,14,OPERATIONAL
MAMBO No.5 – Best Mediterranean & Modern Indian Restaurant | Cocktail Bar in GK2,"Greater Kailash, Delhi",110048,restaurants,4.5,297,0,1,1,0,,10,OPERATIONAL
Café 27,"Greater Kailash, Delhi",110048,restaurants,4.1,3069,0,1,1,1,2.0,12,OPERATIONAL
Music & Mountains - Hillside Cafe & Cocktail Bar,"Greater Kailash, Delhi",110048,restaurants,4.4,4391,0,1,1,1,3.0,13,OPERATIONAL
"Paparizza - Trattoria, Pizzeria & Bar","Greater Kailash, Delhi",110048,restaurants,4.5,1487,0,0,1,0,,5,OPERATIONAL
Fig & Maple (Trouble Trouble),"Greater Kailash, Delhi",110048,restaurants,4.2,754,0,1,1,1,3.0,8,OPERATIONAL
SIDECAR,"Greater Kailash, Delhi",110048,restaurants,4.6,2417,0,1,1,0,,8,OPERATIONAL
Deja Brew,"Greater Kailash, Delhi",110048,restaurants,4.4,632,0,1,1,0,,7,OPERATIONAL
Diva - The Italian Restaurant,"Greater Kailash, Delhi",110048,restaurants,4.4,1796,0,1,1,1,3.0,12,OPERATIONAL
Greenr Cafe,"Greater Kailash, Delhi",110047,restaurants,4.6,1551,0,1,1,0,,10,OPERATIONAL
Amaltas- Indian Tapas & Bar,"Greater Kailash, Delhi",110048,restaurants,4.5,219,0,1,1,0,,5,OPERATIONAL
YouMee Greater Kailash 2 (GK2),"Greater Kailash, Delhi",110048,restaurants,4.7,2376,0,1,1,0,,11,OPERATIONAL
Bella Ciao,"Greater Kailash, Delhi",110048,restaurants,4.0,701,0,1,1,1,2.0,4,OPERATIONAL
Melt House,"Greater Kailash, Delhi",110048,restaurants,4.2,427,0,0,1,0,,5,OPERATIONAL
Kori's,"Greater Kailash, Delhi",110048,restaurants,4.7,2884,0,1,1,1,2.0,6,OPERATIONAL
The Secret Garden at Music & Mountains,"Greater Kailash, Delhi",110048,restaurants,4.7,171,0,1,1,0,,5,OPERATIONAL
Zaffran BY KASBAH,"Greater Kailash, Delhi",110048,restaurants,4.6,731,0,0,1,0,,6,OPERATIONAL
Nukkad Kailash Colony,"Greater Kailash, Delhi",110048,cafes,4.5,747,0,1,1,0,,4,OPERATIONAL
The Local Cafe Delhi,"Greater Kailash, Delhi",110048,cafes,4.3,629,0,1,1,1,2.0,4,OPERATIONAL
Honey & Dough,"Greater Kailash, Delhi",110048,cafes,4.8,407,0,1,1,1,2.0,17,OPERATIONAL
Third Wave Coffee,"Greater Kailash, Delhi",110048,cafes,4.8,1418,0,1,1,1,2.0,8,OPERATIONAL
"Uncultured Cafe, Bar, Sky Culture","Greater Kailash, Delhi",110048,cafes,4.1,2899,0,0,0,1,3.0,13,OPERATIONAL
Third Wave Coffee,"Greater Kailash, Delhi",110048,cafes,4.8,2240,0,1,1,1,2.0,8,OPERATIONAL
Cafe Culture,"Greater Kailash, Delhi",110048,cafes,4.3,842,0,0,1,1,3.0,11,OPERATIONAL
Savorworks Coffee Chocolate - GK2,"Greater Kailash, Delhi",110048,cafes,4.4,943,0,1,1,0,,4,OPERATIONAL
Cafe Big B's - Doners & Shawarmas,"Greater Kailash, Delhi",110048,cafes,4.7,264,0,1,1,0,,5,OPERATIONAL
Echoes,"Greater Kailash, Delhi",110048,cafes,4.5,395,0,0,1,0,,12,OPERATIONAL
Elation,"Greater Kailash, Delhi",110048,cafes,4.1,1105,0,0,1,1,2.0,9,OPERATIONAL
Artisan Lab- Concept Store and Cafe- Luxury Home Decor & Lifestyle,"Greater Kailash, Delhi",110048,cafes,4.4,97,0,1,1,0,,7,OPERATIONAL
Laidback Cafe GK-2,"Greater Kailash, Delhi",110048,cafes,4.2,865,0,1,1,0,,4,OPERATIONAL
Clayful Cafe GK,"Greater Kailash, Delhi",110048,cafes,4.5,224,0,1,1,0,,4,OPERATIONAL
NYC SALON,"Greater Kailash, Delhi",110048,salons,4.8,195,0,1,1,0,,7,OPERATIONAL
Geetanjali Salon,"Greater Kailash, Delhi",110048,salons,4.4,993,0,1,1,0,,10,OPERATIONAL
"Lakme Salon For Him and Her in Greater Kailash - II,Delhi","Greater Kailash, Delhi",110048,salons,4.8,1651,0,1,1,0,,4,OPERATIONAL
"Toni & Guy Hairdressing, Beauty, Make-up, Nail Bar","Greater Kailash, Delhi",110048,salons,4.8,279,0,1,1,0,,6,OPERATIONAL
"Madonna Salon, M Block Market GK1","Greater Kailash, Delhi",110048,salons,4.8,494,0,1,1,0,,10,OPERATIONAL
Looks Salon GK1,"Greater Kailash, Delhi",110048,salons,4.1,318,0,1,1,0,,6,OPERATIONAL
"Looks Salon, GK 2","Greater Kailash, Delhi",110048,salons,4.6,840,0,1,1,0,,5,OPERATIONAL
EMPORIO SALON IN GREATER KAILASH,"Greater Kailash, Delhi",110048,salons,4.9,64,0,1,1,0,,4,OPERATIONAL
Looks Salon Kailash colony unisex,"Greater Kailash, Delhi",110048,salons,4.6,231,0,1,1,0,,4,OPERATIONAL
Toni & Guy academy,"Greater Kailash, Delhi",110048,salons,4.7,798,0,1,1,0,,9,OPERATIONAL
Vikings Salon,"Greater Kailash, Delhi",110048,salons,4.5,289,0,1,1,0,,4,OPERATIONAL
The Alchemic Beauty Curl and Colour Salon,"Greater Kailash, Delhi",110048,salons,4.8,244,0,1,1,0,,5,OPERATIONAL
Geetanjali Salon,"Greater Kailash, Delhi",110048,salons,4.3,725,0,1,1,0,,10,OPERATIONAL
Fringe Unisex Salon,"Greater Kailash, Delhi",110048,salons,4.7,91,0,0,1,0,,4,OPERATIONAL
S Salon,"Greater Kailash, Delhi",110048,salons,4.8,663,0,0,1,0,,4,OPERATIONAL
Hair Candy Luxury Salon (GK2),"Greater Kailash, Delhi",110048,salons,4.8,63,0,1,1,0,,8,OPERATIONAL
GRACE N CUTS SALON,"Greater Kailash, Delhi",110048,salons,4.9,99,0,0,0,0,,4,OPERATIONAL
"Looks Salon, N block, GK1","Greater Kailash, Delhi",110048,salons,4.7,139,0,1,1,0,,5,OPERATIONAL
"Affinity Salon, Greater Kailash - II","Greater Kailash, Delhi",110048,salons,4.1,196,0,0,1,0,,4,OPERATIONAL
"Ozone The Luxury Salon, GK-1","Greater Kailash, Delhi",110048,salons,4.5,144,0,0,0,0,,10,OPERATIONAL
SK-27 GYM - Greater Kailash 1,"Greater Kailash, Delhi",110048,gyms,4.5,188,0,0,1,0,,6,OPERATIONAL
21 Fitness Greater Kailash,"Greater Kailash, Delhi",110048,gyms,4.6,154,0,1,1,0,,5,OPERATIONAL
GEARUP YOUR LIFESTYLE,"Greater Kailash, Delhi",110048,gyms,4.9,331,0,1,1,0,,6,OPERATIONAL
+FITNESS ZONE GK-1,"Greater Kailash, Delhi",110048,gyms,5.0,61,0,0,1,0,,5,OPERATIONAL
Sharx gym Greater Kailash 2,"Greater Kailash, Delhi",110048,gyms,4.5,160,0,0,1,0,,5,OPERATIONAL
Fitgram Power Club,"Greater Kailash, Delhi",110048,gyms,4.2,212,0,1,1,0,,6,OPERATIONAL
Fitness Manzil - Best Gym In Greater Kailash(GK) | Yoga | HIIT | Zumba | Personal Training,"Greater Kailash, Delhi",110048,gyms,4.9,119,0,1,1,0,,7,OPERATIONAL
OxyGym,"Greater Kailash, Delhi",110048,gyms,4.6,171,0,1,1,0,,10,OPERATIONAL
BoxFit GK,"Greater Kailash, Delhi",110048,gyms,4.7,247,0,1,1,0,,11,OPERATIONAL
Gold's Gym GK,"Greater Kailash, Delhi",110048,gyms,3.8,465,0,1,1,0,,5,OPERATIONAL
DK Fitness Studio,"Greater Kailash, Delhi",110048,gyms,4.9,35,0,0,1,0,,6,OPERATIONAL
FIT ELEVEN,"Greater Kailash, Delhi",110048,gyms,5.0,109,0,0,1,0,,6,OPERATIONAL
Anytime Fitness,"Greater Kailash, Delhi",110048,gyms,4.0,283,0,1,1,0,,6,OPERATIONAL
"I lift (East of Kailash) - Available on Cult.fit | Best gym in East of Kailash, Delhi","Greater Kailash, Delhi",110065,gyms,4.5,226,0,1,1,0,,9,OPERATIONAL
Bryk Studio | Fitness & Wellness,"Greater Kailash, Delhi",110048,gyms,5.0,94,0,1,1,0,,6,OPERATIONAL
Anytime Fitness,"Greater Kailash, Delhi",110065,gyms,4.5,138,0,1,1,0,,6,OPERATIONAL
Corefit Plus | Pilates Studio in Greater Kailash 1,"Greater Kailash, Delhi",110048,gyms,4.8,153,0,1,1,0,,4,OPERATIONAL
MaD Fitness - Personal Training,"Greater Kailash, Delhi",110065,gyms,4.8,79,0,0,1,0,,7,OPERATIONAL
Transform 365 studio,"Greater Kailash, Delhi",110048,gyms,4.6,14,0,1,1,0,,5,OPERATIONAL
Gym X FITNESS,"Greater Kailash, Delhi",110065,gyms,4.8,48,0,0,1,0,,5,OPERATIONAL
Modluk,"Greater Kailash, Delhi",110048,clothing stores,4.8,60,0,1,1,0,,5,OPERATIONAL
Wanderlust By Sahiba,"Greater Kailash, Delhi",110048,clothing stores,4.5,815,0,1,0,0,,5,OPERATIONAL
Libas,"Greater Kailash, Delhi",110048,clothing stores,4.9,636,0,1,1,0,,5,OPERATIONAL
Super Cloth Store,"Greater Kailash, Delhi",110048,clothing stores,4.7,23,0,0,1,0,,4,OPERATIONAL
Bluorng,"Greater Kailash, Delhi",110048,clothing stores,4.9,1456,0,1,1,0,,4,OPERATIONAL
YELL,"Greater Kailash, Delhi",110048,clothing stores,5.0,236,0,1,1,0,,4,OPERATIONAL
Fifth Avenue,"Greater Kailash, Delhi",110048,clothing stores,3.8,25,0,1,1,0,,4,OPERATIONAL
Gyans GK-1,"Greater Kailash, Delhi",110048,clothing stores,4.7,90,0,1,1,0,,4,OPERATIONAL
"Stitch Stories - M Block Market, GK-1, New Delhi","Greater Kailash, Delhi",110048,clothing stores,4.8,64,0,1,0,0,,5,OPERATIONAL
Fashion Flare - Best Women Clothing Store In Greater Kailash (GK) | Western Wear | Fashion Store In South Delhi,"Greater Kailash, Delhi",110048,clothing stores,4.4,29,0,1,1,0,,5,OPERATIONAL
The wardrobe,"Greater Kailash, Delhi",110048,clothing stores,4.3,23,0,1,1,0,,6,OPERATIONAL
"Jaypore Store, Greater Kailash","Greater Kailash, Delhi",110048,clothing stores,4.2,182,0,1,1,0,,5,OPERATIONAL
Sureena Chowdhri,"Greater Kailash, Delhi",110048,clothing stores,4.8,188,0,1,1,0,,5,OPERATIONAL
Global Republic,"Greater Kailash, Delhi",110048,clothing stores,4.7,54,0,1,1,0,,5,OPERATIONAL
KUSVAA,"Greater Kailash, Delhi",110048,clothing stores,4.8,104,0,1,1,0,,5,OPERATIONAL
Fashion Shop,"Greater Kailash, Delhi",110048,clothing stores,4.5,2,0,0,1,0,,6,OPERATIONAL
"SAUNDH - Greater Kailash-1, New Delhi","Greater Kailash, Delhi",110048,clothing stores,4.8,150,0,1,1,0,,4,OPERATIONAL
M Block Market GK1,"Greater Kailash, Delhi",110048,clothing stores,4.4,3906,0,0,0,0,,3,OPERATIONAL
Ekasmaye,"Greater Kailash, Delhi",110048,clothing stores,4.8,32,0,1,1,0,,4,OPERATIONAL
W for Woman Greater Kailash 1,"Greater Kailash, Delhi",110048,clothing stores,3.8,21,0,1,1,0,,7,OPERATIONAL
Greater Kailash Market,"Greater Kailash, Delhi",110048,grocery stores,4.4,1439,0,0,1,0,,3,OPERATIONAL
N Block Market,"Greater Kailash, Delhi",110048,grocery stores,4.2,6237,0,0,0,0,,3,OPERATIONAL
HM Morning Stores Pvt Ltd,"Greater Kailash, Delhi",110048,grocery stores,3.8,73,0,0,1,0,,8,OPERATIONAL
Guru Nanak Market,"Greater Kailash, Delhi",110048,grocery stores,4.0,568,0,0,0,0,,3,OPERATIONAL
Kailash Colony Market,"Greater Kailash, Delhi",110048,grocery stores,4.3,894,0,0,0,0,,3,OPERATIONAL
Budget bazaar,"Greater Kailash, Delhi",110048,grocery stores,3.7,19,0,0,1,0,,6,OPERATIONAL
Delhi Super Store,"Greater Kailash, Delhi",110048,grocery stores,5.0,6,0,0,1,0,,6,OPERATIONAL
Gk M block Market,"Greater Kailash, Delhi",110048,grocery stores,4.4,297,0,0,0,0,,3,OPERATIONAL
Manav Snacks Private Limited,"Greater Kailash, Delhi",110048,grocery stores,4.2,225,0,0,1,0,,6,OPERATIONAL
Earth Organic Store,"Greater Kailash, Delhi",110048,grocery stores,4.4,55,0,1,1,0,,6,OPERATIONAL
New Super Store,"Greater Kailash, Delhi",110048,grocery stores,4.2,60,0,0,1,0,,6,OPERATIONAL
New Shop,"Greater Kailash, Delhi",110065,grocery stores,4.1,74,0,1,1,0,,6,OPERATIONAL
Mehta Departmental Store,"Greater Kailash, Delhi",110048,grocery stores,4.2,84,0,0,1,0,,4,OPERATIONAL
Durga Fruit Store,"Greater Kailash, Delhi",110048,grocery stores,4.9,120,0,1,1,0,,8,OPERATIONAL
Gupta Department Store,"Greater Kailash, Delhi",110048,grocery stores,4.7,11,0,0,1,0,,8,OPERATIONAL
Electronics Mart - Kailash Colony,"Greater Kailash, Delhi",110048,electronics shops,4.9,179,0,1,1,0,,4,OPERATIONAL
Croma - East Of Kailash,"Greater Kailash, Delhi",110065,electronics shops,4.3,2735,0,1,1,0,,5,OPERATIONAL
Sony Authorized Store,"Greater Kailash, Delhi",110048,electronics shops,4.9,200,0,0,1,0,,2,OPERATIONAL
Croma - South Ex-II,"Greater Kailash, Delhi",110049,electronics shops,4.4,9200,1,1,1,0,,5,OPERATIONAL
Panasonic Exclusive Store Satnam Plaza,"Greater Kailash, Delhi",110048,electronics shops,4.8,109,0,1,1,0,,4,OPERATIONAL
A1 Electronics,"Greater Kailash, Delhi",110048,electronics shops,2.7,25,0,0,1,0,,5,OPERATIONAL
"JBL Partner Store - Greater Kailash I, New Delhi","Greater Kailash, Delhi",110048,electronics shops,4.8,17,0,1,1,0,,4,OPERATIONAL
Jug - Mug Electricals,"Greater Kailash, Delhi",110048,electronics shops,4.2,17,0,0,1,0,,4,OPERATIONAL
Future World - Apple Authorised Reseller Authorised Service Provider,"Greater Kailash, Delhi",110048,electronics shops,4.9,3540,0,1,1,0,,6,OPERATIONAL
shree kailash electronics,"Greater Kailash, Delhi",110090,electronics shops,4.9,84,0,1,1,0,,5,OPERATIONAL
R K TELECOM,"Greater Kailash, Delhi",110048,electronics shops,4.0,25,0,0,1,0,,4,OPERATIONAL
Guruji Digital India,"Greater Kailash, Delhi",110048,electronics shops,5.0,1,0,1,1,0,,4,OPERATIONAL
Solutiontree.in,"Greater Kailash, Delhi",110048,electronics shops,4.2,7189,0,1,0,0,,7,OPERATIONAL
"Delhi Wellness Clinics | Skin, Hair, Laser, Aesthetics and Wellness Centre","Greater Kailash, Delhi",110048,clinics,4.7,537,0,1,1,0,,15,OPERATIONAL
"Alive Wellness Clinics - Greater Kailash I, New Delhi","Greater Kailash, Delhi",110048,clinics,4.8,150,0,1,1,0,,12,OPERATIONAL
Dr. Haror's Wellness - Dermatologist Delhi NCR | Hair Fall - Transplant & Skin Care Clinic | Laser Hair Removal Treatment,"Greater Kailash, Delhi",110048,clinics,4.8,902,0,1,1,0,,13,OPERATIONAL
Kaya Clinic,"Greater Kailash, Delhi",110048,clinics,4.8,636,0,1,1,0,,6,OPERATIONAL
Klarity Skin Clinic,"Greater Kailash, Delhi",110048,clinics,5.0,703,0,1,1,0,,9,OPERATIONAL
Derma Miracle - Best Skin Care & Hair Transplant Clinic in Delhi NCR | Dermatologist | Skin Treatment | Laser Hair Removal,"Greater Kailash, Delhi",110048,clinics,4.6,1180,0,1,1,0,,14,OPERATIONAL
Svastham Clinic | Multi Speciality Clinic in Greater Kailash Delhi | Best Physiotherapy Clinic in Greater Kailash,"Greater Kailash, Delhi",110048,clinics,5.0,43,0,1,1,0,,4,OPERATIONAL
"Derma Arts - Best Dermatologist Clinic in Delhi | Skin, Hair & Aesthetic Treatments","Greater Kailash, Delhi",110048,clinics,4.8,805,0,1,1,0,,11,OPERATIONAL
SCI International Hospital,"Greater Kailash, Delhi",110048,clinics,4.9,2143,0,1,1,0,,10,OPERATIONAL
"Clinic Dermatech M-Block, GK-II - Laser Skin clinic , Skin clinic in Gk 2 , Anti Aging Treatment","Greater Kailash, Delhi",110048,clinics,4.7,533,0,1,1,0,,10,OPERATIONAL
Sarvodaya Medicentre,"Greater Kailash, Delhi",110048,clinics,4.5,316,0,1,1,0,,8,OPERATIONAL
Apollo Clinic - Best Clinic | X Ray | Physiotherapy | TMT | ECG | 2D Echo Test | Ultrasound | PFT,"Greater Kailash, Delhi",110065,clinics,4.8,1286,0,0,1,0,,4,OPERATIONAL
"Apollo Spectra Hospitals - GK , New Delhi","Greater Kailash, Delhi",110048,clinics,4.8,8379,0,1,1,0,,6,OPERATIONAL
"Dr. Navnit Haror | Best Hair Transplant Clinic in Delhi NCR, Surgeon, Trichologist, Dermatologist & Skin Specialist Doctor","Greater Kailash, Delhi",110048,clinics,4.9,1193,0,1,1,0,,13,OPERATIONAL
Cloudnine Hospital - Kailash Colony | Best Maternity & Pregnancy Centre,"Greater Kailash, Delhi",110048,clinics,4.9,3153,0,1,1,0,,7,OPERATIONAL
Dr. Rajat Kandhari's Skin Clinic | Skin Care Clinic in Delhi,"Greater Kailash, Delhi",110048,clinics,4.9,1059,0,1,1,0,,9,OPERATIONAL
Metamorphosis Clinic,"Greater Kailash, Delhi",110048,clinics,4.8,261,0,1,1,0,,9,OPERATIONAL
House of Aesthetics - Best Skin Specialist in South Delhi,"Greater Kailash, Delhi",110048,clinics,4.8,456,0,1,1,0,,9,OPERATIONAL
"Derma Puritys gk 1 | Best Dermatologist & Skin care clinic for hydrafacial, filler, botox, & laser hair removal","Greater Kailash, Delhi",110048,clinics,4.7,1753,0,1,1,0,,10,OPERATIONAL
Health Plus Diagnostic & Imaging Centre,"Greater Kailash, Delhi",110048,clinics,4.1,751,0,1,1,0,,4,OPERATIONAL
NIK BAKER'S,"Greater Kailash, Delhi",110048,bakeries,4.3,1968,0,1,1,1,3.0,6,OPERATIONAL
"Theobroma Bakery and Cake Shop - Greater Kailash -1, New Delhi","Greater Kailash, Delhi",110048,bakeries,4.8,100,0,1,1,0,,13,OPERATIONAL
Bread and More Gk,"Greater Kailash, Delhi",110048,bakeries,4.0,145,0,0,1,0,,6,OPERATIONAL
The Big Bake Theory - GK1,"Greater Kailash, Delhi",110048,bakeries,4.6,129,0,0,1,0,,6,OPERATIONAL
Binge - Bakery & More,"Greater Kailash, Delhi",110048,bakeries,4.3,536,0,1,1,1,2.0,9,OPERATIONAL
"Theobroma Bakery and Cake Shop - Greater Kailash 2, New Delhi","Greater Kailash, Delhi",110048,bakeries,4.4,333,0,1,1,1,2.0,9,OPERATIONAL
L'Opéra Greater Kailash 2,"Greater Kailash, Delhi",110048,bakeries,4.1,159,0,1,1,1,3.0,7,OPERATIONAL
Whipped,"Greater Kailash, Delhi",110048,bakeries,4.1,805,0,1,1,0,,11,OPERATIONAL
Pink Box - Cakery & Coffeehouse | Bakery and Cake Shop for Birthday Cake | GK2,"Greater Kailash, Delhi",110048,bakeries,4.4,303,0,1,1,0,,14,OPERATIONAL
THEOS GK II DELHI,"Greater Kailash, Delhi",110048,bakeries,4.4,242,0,1,1,0,,13,OPERATIONAL
The Home Bakers Delhi,"Greater Kailash, Delhi",110048,bakeries,4.3,24,0,1,1,0,,6,OPERATIONAL
The Sweet Boutique,"Greater Kailash, Delhi",110048,bakeries,4.7,43,0,0,1,1,4.0,14,OPERATIONAL
sugar & spice,"Greater Kailash, Delhi",110048,bakeries,4.0,145,0,1,1,0,,6,OPERATIONAL
OLIF,"Greater Kailash, Delhi",110048,bakeries,4.9,92,0,1,1,0,,6,OPERATIONAL
Angels in my Kitchen,"Greater Kailash, Delhi",110048,bakeries,3.7,66,0,0,1,0,,9,OPERATIONAL
DANBRO,"Greater Kailash, Delhi",110048,bakeries,4.3,72,0,0,0,0,,6,OPERATIONAL
Kuhu Medical Store,"Greater Kailash, Delhi",110048,pharmacies,4.7,122,0,0,1,0,,6,OPERATIONAL
Apollo Pharmacy Kailash Colony Market,"Greater Kailash, Delhi",110048,pharmacies,3.8,66,0,1,1,0,,8,OPERATIONAL
Apollo Pharmacy East of Kailash,"Greater Kailash, Delhi",110048,pharmacies,3.9,111,0,1,1,0,,8,OPERATIONAL
Vandana Pharmacy Gk,"Greater Kailash, Delhi",110048,pharmacies,3.9,18,0,1,1,0,,5,OPERATIONAL
Medicine Shoppe,"Greater Kailash, Delhi",110048,pharmacies,3.6,27,0,1,1,0,,5,OPERATIONAL
Chawla Chemist,"Greater Kailash, Delhi",110048,pharmacies,4.1,19,0,0,1,0,,6,OPERATIONAL
Apollo Pharmacy Greater Kailash,"Greater Kailash, Delhi",110048,pharmacies,1.6,7,0,1,1,0,,10,OPERATIONAL
Shyam medicos,"Greater Kailash, Delhi",110048,pharmacies,4.8,54,0,1,1,0,,9,OPERATIONAL
Medicine.com gk1,"Greater Kailash, Delhi",110048,pharmacies,5.0,37,0,0,1,0,,5,OPERATIONAL
Heal Chemist,"Greater Kailash, Delhi",110048,pharmacies,4.8,47,0,0,1,0,,5,OPERATIONAL
MEDICINE.COM,"Greater Kailash, Delhi",110048,pharmacies,4.1,51,0,1,1,0,,6,OPERATIONAL
Aashirwad Chemists,"Greater Kailash, Delhi",110048,pharmacies,4.2,19,0,0,1,0,,5,OPERATIONAL
Ram Shyam Pharmacy,"Greater Kailash, Delhi",110048,pharmacies,5.0,3,0,0,1,0,,5,OPERATIONAL
JAGDAMBA MEDICO GK-1,"Greater Kailash, Delhi",110048,pharmacies,3.7,37,0,0,1,0,,7,OPERATIONAL
Mehta Medicos,"Greater Kailash, Delhi",110048,pharmacies,4.4,43,0,0,1,0,,6,OPERATIONAL
GK Medicos,"Greater Kailash, Delhi",110048,pharmacies,4.9,114,0,0,1,0,,5,OPERATIONAL
Apollo Pharmacy East of Kailash C Block,"Greater Kailash, Delhi",110065,pharmacies,4.4,44,0,1,1,0,,8,OPERATIONAL
Dee Jee Chemist,"Greater Kailash, Delhi",110048,pharmacies,4.7,3,0,0,1,0,,5,OPERATIONAL
Vandana Pharmacy GK2,"Greater Kailash, Delhi",110048,pharmacies,5.0,1,0,1,1,0,,5,OPERATIONAL
Jagdamba Medicos,"Greater Kailash, Delhi",110048,pharmacies,4.4,14,0,0,1,0,,5,OPERATIONAL
JOJO TUTORIAL CENTER,"Greater Kailash, Delhi",110048,tutoring centers,4.9,196,0,1,1,0,,3,OPERATIONAL
Vandana Study Centre,"Greater Kailash, Delhi",110048,tutoring centers,4.8,146,0,0,1,0,,2,OPERATIONAL
Wings Home Tuition,"Greater Kailash, Delhi",110048,tutoring centers,5.0,34,0,1,1,0,,3,OPERATIONAL
Teacherswala Private Limited,"Greater Kailash, Delhi",110065,tutoring centers,4.7,209,0,1,1,0,,2,OPERATIONAL
Education tech center (ETC),"Greater Kailash, Delhi",110048,tutoring centers,5.0,91,0,1,1,0,,2,OPERATIONAL
"Chemistry and physics Home Tuition ,Tutors","Greater Kailash, Delhi",110048,tutoring centers,5.0,51,0,1,1,0,,2,OPERATIONAL
VIP Home Tutors | Physics Home Tuition Tutor I P.C.M.B.Home Tuition Tutors.,"Greater Kailash, Delhi",110048,tutoring centers,4.8,62,0,1,1,0,,4,OPERATIONAL
Nancy Tutor,"Greater Kailash, Delhi",110048,tutoring centers,5.0,27,0,1,1,0,,3,OPERATIONAL
Kumon Maths & English Classes:Best Kids Learning Centre in GK I,"Greater Kailash, Delhi",110048,tutoring centers,4.9,34,0,1,1,0,,7,OPERATIONAL
Mindztree GK 1 Center,"Greater Kailash, Delhi",110048,tutoring centers,4.8,53,0,1,1,0,,4,OPERATIONAL
Guidance Hub Tutoring by Aradhana Gupta,"Greater Kailash, Delhi",110048,tutoring centers,5.0,2,0,1,0,0,,3,OPERATIONAL
"Archana Tuition class (Hindi, all subjects)","Greater Kailash, Delhi",110048,tutoring centers,5.0,3,0,0,1,0,,4,OPERATIONAL
Arc Math: Best Math Classes,"Greater Kailash, Delhi",110048,tutoring centers,4.9,42,0,0,1,0,,4,OPERATIONAL
Friends Tuition Centre,"Greater Kailash, Delhi",110065,tutoring centers,4.4,59,0,0,1,0,,3,OPERATIONAL
Krishna home tutor | Home Tutor Maths | Home Tutor for Accounts | Home Tutor for Economics,"Greater Kailash, Delhi",110065,tutoring centers,4.4,35,0,1,1,0,,3,OPERATIONAL
After School Academy,"Greater Kailash, Delhi",110048,tutoring centers,4.9,26,0,1,1,0,,10,OPERATIONAL
DELHI HOME TUTOR,"Greater Kailash, Delhi",110048,tutoring centers,4.4,5,0,0,1,0,,4,OPERATIONAL
STC Institute (Home Tutor in East of Kailash),"Greater Kailash, Delhi",110065,tutoring centers,4.9,61,0,0,1,0,,2,OPERATIONAL
Achaaryaa,"Greater Kailash, Delhi",110048,tutoring centers,5.0,48,0,1,1,0,,6,OPERATIONAL
Maths Tuition Educlarity,"Greater Kailash, Delhi",110048,tutoring centers,5.0,8,0,1,1,0,,2,OPERATIONAL
"Galaxy furnishing mart | Furniture repair shop in New Delhi I sofa , recliner & office chair repair","Greater Kailash, Delhi",110048,furniture stores,5.0,157,0,1,1,0,,8,OPERATIONAL
Bespoke home furniture,"Greater Kailash, Delhi",110048,furniture stores,5.0,193,0,0,1,0,,8,OPERATIONAL
Yasin furniture & interiors,"Greater Kailash, Delhi",110065,furniture stores,3.7,28,0,1,1,0,,7,OPERATIONAL
"Address Home Delhi - Luxury Home Decor, Cushion Covers, Dinner Set, Table lamps","Greater Kailash, Delhi",110048,furniture stores,4.8,661,0,1,1,0,,5,OPERATIONAL
Ethnic Kraft,"Greater Kailash, Delhi",110048,furniture stores,4.9,7,0,1,1,0,,3,OPERATIONAL
Opus Indigo Designs Private Limited,"Greater Kailash, Delhi",110048,furniture stores,5.0,78,0,1,1,0,,8,OPERATIONAL
Smart Meble,"Greater Kailash, Delhi",110048,furniture stores,5.0,22,0,1,1,0,,6,OPERATIONAL
Mahadev Sofa And Chair Repair,"Greater Kailash, Delhi",110048,furniture stores,5.0,13,0,1,1,0,,7,OPERATIONAL
Artisttico Decor,"Greater Kailash, Delhi",110048,furniture stores,4.9,110,0,1,1,0,,3,OPERATIONAL
Almirah Greater Kailash,"Greater Kailash, Delhi",110048,furniture stores,5.0,4,0,1,0,0,,5,OPERATIONAL
"Artize Authorised Dealer - Greater Kailash, New Delhi I Premium Bath & Sanitaryware, Shower, Faucets And Kitchen Mixer Taps","Greater Kailash, Delhi",110048,furniture stores,5.0,25,0,1,1,0,,7,OPERATIONAL
B K Office Chair Repair Service,"Greater Kailash, Delhi",110048,furniture stores,4.8,24,0,0,1,0,,3,OPERATIONAL
"Dhaatu: Exquisite Home, Jewellery & Gifts","Greater Kailash, Delhi",110048,furniture stores,5.0,55,0,0,0,0,,11,OPERATIONAL
iNvent - Apple Authorised Reseller,"Greater Kailash, Delhi",110048,mobile shops,4.8,352,0,1,1,0,,5,OPERATIONAL
Mobile Make-Up,"Greater Kailash, Delhi",110048,mobile shops,5.0,1,0,0,0,0,,4,OPERATIONAL
"DailyObjects Store - GK-1, N Block, New Delhi","Greater Kailash, Delhi",110048,mobile shops,5.0,77,0,1,0,0,,3,OPERATIONAL
R k Telecom,"Greater Kailash, Delhi",110048,mobile shops,5.0,3,0,0,0,0,,6,OPERATIONAL
A.K MOBILE WORLD,"Greater Kailash, Delhi",110065,mobile shops,3.0,4,0,0,1,0,,6,OPERATIONAL
SACHIN TELECOM CENTRE,"Greater Kailash, Delhi",110065,mobile shops,4.2,6,0,1,0,0,,4,OPERATIONAL
Siloffer,"Greater Kailash, Delhi",110048,jewellery shops,4.6,1592,0,0,1,0,,4,OPERATIONAL
Hazoorilal Jewellers,"Greater Kailash, Delhi",110048,jewellery shops,4.5,223,0,1,1,0,,6,OPERATIONAL
Shakti Gems & Jewels - Jeweller In Greater Kailash - Govt. Approved Valuer In Delhi,"Greater Kailash, Delhi",110048,jewellery shops,4.8,266,0,0,1,0,,6,OPERATIONAL
Krishna Jewellers | Best Silver Articles In South Delhi |,"Greater Kailash, Delhi",110048,jewellery shops,4.9,94,0,1,1,0,,7,OPERATIONAL
Champalal Jewellers by Ramesh Modi | Best Jewellers In Gk | Best Jewellery Store In Gk |,"Greater Kailash, Delhi",110048,jewellery shops,4.7,38,0,1,1,0,,6,OPERATIONAL
Tanishq Jewellery - Delhi - Kailash Colony,"Greater Kailash, Delhi",110048,jewellery shops,4.9,1988,0,1,1,0,,6,OPERATIONAL
Multani Jewellers,"Greater Kailash, Delhi",110048,jewellery shops,4.8,111,0,1,1,0,,6,OPERATIONAL
Ultimate Diamonds,"Greater Kailash, Delhi",110048,jewellery shops,4.8,103,0,1,1,0,,6,OPERATIONAL
Malhotras Touch of Silver,"Greater Kailash, Delhi",110048,jewellery shops,4.9,314,0,0,1,0,,4,OPERATIONAL
"BlueStone Jewellery East of Kailash, New Delhi","Greater Kailash, Delhi",110048,jewellery shops,4.9,1025,0,1,1,0,,8,OPERATIONAL
"Kalyan Jewellers - Kailash Colony, New Delhi","Greater Kailash, Delhi",110048,jewellery shops,4.8,327,0,1,1,0,,8,OPERATIONAL
JS Solitaire,"Greater Kailash, Delhi",110048,jewellery shops,4.9,52,0,1,1,0,,7,OPERATIONAL
Dhandia Jewellers,"Greater Kailash, Delhi",110048,jewellery shops,5.0,30,0,1,1,0,,5,OPERATIONAL
"Fiona Diamonds - Lab Grown Diamonds Jewellery - Greater kailash 1, New Delhi","Greater Kailash, Delhi",110048,jewellery shops,4.8,513,0,1,1,0,,6,OPERATIONAL
Navrattan Jewellers,"Greater Kailash, Delhi",110048,jewellery shops,4.6,38,0,1,1,0,,6,OPERATIONAL
Vishal Jewels,"Greater Kailash, Delhi",110048,jewellery shops,4.8,8,0,0,1,0,,5,OPERATIONAL
Mrajsons Hiranyam,"Greater Kailash, Delhi",110048,jewellery shops,4.5,45,0,1,1,0,,4,OPERATIONAL
Arts And Jewels,"Greater Kailash, Delhi",110048,jewellery shops,4.1,21,0,0,1,0,,4,OPERATIONAL
Diaamonte Jewels | Natural & Lab Grown Diamonds in Delhi,"Greater Kailash, Delhi",110048,jewellery shops,4.7,31,0,1,1,0,,8,OPERATIONAL
Babu Churi Wala GK - Largest Bangle Store,"Greater Kailash, Delhi",110048,jewellery shops,4.9,819,0,1,1,0,,6,OPERATIONAL
Goel Bros.,"Greater Kailash, Delhi",110048,hardware stores,4.5,18,0,0,1,0,,5,OPERATIONAL
Rohan Traders,"Greater Kailash, Delhi",110048,hardware stores,5.0,3,0,0,1,0,,6,OPERATIONAL
Ajit Hardware & Sanitary,"Greater Kailash, Delhi",110065,hardware stores,4.8,5,0,0,1,0,,5,OPERATIONAL
R D Gupta and Co.,"Greater Kailash, Delhi",110048,hardware stores,5.0,3,0,0,1,0,,5,OPERATIONAL
Dhawan Brass Collection,"Greater Kailash, Delhi",110048,hardware stores,4.5,10,0,0,1,0,,5,OPERATIONAL
Hardware Store,"Greater Kailash, Delhi",110048,hardware stores,3.0,4,0,0,0,0,,4,OPERATIONAL
Sudarshan Traders,"Greater Kailash, Delhi",110065,hardware stores,4.2,13,0,0,1,0,,5,OPERATIONAL
Surendra And Company,"Greater Kailash, Delhi",110048,hardware stores,4.5,4,0,0,0,0,,6,OPERATIONAL
Goel Traders,"Greater Kailash, Delhi",110048,hardware stores,3.0,2,0,0,1,0,,6,OPERATIONAL
Taneja Paints & H/W Store,"Greater Kailash, Delhi",110065,hardware stores,4.8,187,0,1,1,0,,5,OPERATIONAL
Sharma Traders,"Greater Kailash, Delhi",110065,hardware stores,3.3,4,0,0,1,0,,5,OPERATIONAL
Moti Mahal Delux,"South Extension, Delhi",110049,restaurants,4.1,3833,0,1,1,1,3.0,8,OPERATIONAL
Bobachee - By Chef Yuvraj Kohli,"South Extension, Delhi",110049,restaurants,4.5,1039,0,0,1,0,,4,OPERATIONAL
Classy Cafe Bar & Restaurant,"South Extension, Delhi",110049,restaurants,4.5,249,0,1,1,1,2.0,7,OPERATIONAL
House Of Boho,"South Extension, Delhi",110049,restaurants,4.1,675,0,0,1,0,,5,OPERATIONAL
Daitchi,"South Extension, Delhi",110049,restaurants,4.0,623,0,0,1,1,2.0,7,OPERATIONAL
Te Amo Restaurant & Bar,"South Extension, Delhi",110049,restaurants,4.4,701,0,1,0,0,,5,OPERATIONAL
"Barbeque Nation - South Extension, Delhi","South Extension, Delhi",110049,restaurants,4.4,1842,0,1,1,1,3.0,5,OPERATIONAL
Studio XO Bar,"South Extension, Delhi",110049,restaurants,4.1,1076,0,0,0,1,4.0,11,OPERATIONAL
LIMITLESS COOKHOUSE- Best Restaurant | Best rooftop | Best Party Place | South Delhi,"South Extension, Delhi",110049,restaurants,4.1,1097,0,1,1,0,,8,OPERATIONAL
Food Bus of India,"South Extension, Delhi",110049,restaurants,4.5,620,0,1,1,0,,5,OPERATIONAL
Bengali Sweet Centre,"South Extension, Delhi",110049,restaurants,4.0,9514,1,0,1,1,2.0,10,OPERATIONAL
Madras Cafe,"South Extension, Delhi",110049,restaurants,4.4,83,0,0,1,0,,6,OPERATIONAL
Rajinder Da Dhaba,"South Extension, Delhi",110029,restaurants,4.2,50979,1,1,1,1,2.0,7,OPERATIONAL
Gupta's Restaurant,"South Extension, Delhi",110049,restaurants,4.0,881,0,0,1,1,2.0,6,OPERATIONAL
Aggarwal Restaurant and Sweets,"South Extension, Delhi",110049,restaurants,4.3,795,0,0,1,0,,6,OPERATIONAL
Too Mikkii Tapas - Now Baking Cafe in South Ex | Cafe in South Delhi,"South Extension, Delhi",110049,restaurants,4.4,187,0,1,1,0,,10,OPERATIONAL
Tomatello Cucina Italiana,"South Extension, Delhi",110049,restaurants,5.0,27,0,1,1,0,,5,OPERATIONAL
Jughead's Fast Food,"South Extension, Delhi",110049,restaurants,4.2,1429,0,0,1,1,2.0,9,OPERATIONAL
Haldiram's - Kotla,"South Extension, Delhi",110003,restaurants,4.7,863,0,1,1,1,2.0,4,OPERATIONAL
Alfredo Cafe,"South Extension, Delhi",110049,cafes,4.5,79,0,0,1,0,,4,OPERATIONAL
Starbucks,"South Extension, Delhi",110049,cafes,4.4,1231,0,1,1,1,3.0,10,OPERATIONAL
Diggin Cafe,"South Extension, Delhi",110021,cafes,4.4,16949,1,1,1,1,3.0,5,OPERATIONAL
Coffee Bond,"South Extension, Delhi",110049,cafes,4.4,1621,0,0,1,1,2.0,11,OPERATIONAL
First Coffee | South Ex,"South Extension, Delhi",110049,cafes,4.8,115,0,1,1,0,,4,OPERATIONAL
Eat More Cafe,"South Extension, Delhi",110049,cafes,4.7,20,0,1,1,0,,6,OPERATIONAL
Cafe Saka,"South Extension, Delhi",110029,cafes,4.6,900,0,1,1,0,,13,OPERATIONAL
रावत शेक और कॉफ़ी कॉर्नर,"South Extension, Delhi",110049,cafes,4.7,64,0,0,1,1,1.0,7,OPERATIONAL
TIMBER CAFÉ DELHI,"South Extension, Delhi",110029,cafes,4.7,356,0,0,0,0,,4,OPERATIONAL
Carnatic Cafe,"South Extension, Delhi",110003,cafes,4.3,7536,0,1,1,1,2.0,7,OPERATIONAL
The Hair Lounge Unisex Salon,"South Extension, Delhi",110049,salons,4.9,97,0,1,1,0,,11,OPERATIONAL
CRÈME SALON,"South Extension, Delhi",110049,salons,4.8,947,0,1,1,0,,13,OPERATIONAL
Looks Salon,"South Extension, Delhi",110049,salons,4.4,897,0,1,1,0,,7,OPERATIONAL
Lakme Salon,"South Extension, Delhi",110049,salons,4.8,671,0,1,1,0,,4,OPERATIONAL
Athenian Unisex Salon Delhi - Best Salon in Delhi / Hair Colouring / Nail / Nanoplastia / Hair Cut / Keratin / Makeup South X,"South Extension, Delhi",110049,salons,4.9,623,0,1,1,0,,12,OPERATIONAL
Madonna Salon,"South Extension, Delhi",110049,salons,4.6,824,0,1,1,0,,4,OPERATIONAL
Makeover Salon,"South Extension, Delhi",110003,salons,4.9,318,0,0,1,0,,4,OPERATIONAL
Silk Unisex Hair Salon And Makeup Studio South Extension New Delhi,"South Extension, Delhi",110049,salons,4.7,108,0,1,1,0,,7,OPERATIONAL
Asin Salon,"South Extension, Delhi",110049,salons,4.0,292,0,1,1,0,,13,OPERATIONAL
Vikram,"South Extension, Delhi",110049,salons,4.7,72,0,1,1,0,,6,OPERATIONAL
CUT'N STYLE,"South Extension, Delhi",110049,salons,4.9,45,0,0,0,0,,4,OPERATIONAL
"Athenian Makeup & Hair Academy Delhi | Best Makeup, Hair, Nail, PMU & Beautician Courses in Delhi","South Extension, Delhi",110049,salons,5.0,595,0,1,1,0,,7,OPERATIONAL
Star Salon,"South Extension, Delhi",110003,salons,5.0,122,0,0,1,0,,4,OPERATIONAL
Hair Magazine Salon,"South Extension, Delhi",110049,salons,4.7,30,0,1,1,0,,15,OPERATIONAL
Zulfi Hair Salon,"South Extension, Delhi",110003,salons,4.9,54,0,0,1,0,,5,OPERATIONAL
Z & U,"South Extension, Delhi",110049,salons,4.3,475,0,0,1,0,,6,OPERATIONAL
Hair n Shanti,"South Extension, Delhi",110003,salons,4.5,246,0,1,1,0,,13,OPERATIONAL
Reflection,"South Extension, Delhi",110049,salons,4.6,64,0,1,1,0,,4,OPERATIONAL
"Looks Salon, Defence Colony, New Delhi","South Extension, Delhi",110024,salons,4.4,911,0,1,1,0,,5,OPERATIONAL
Mirabilia Makeovers,"South Extension, Delhi",110049,salons,4.6,77,0,0,0,0,,3,OPERATIONAL
Anytime Fitness,"South Extension, Delhi",110049,gyms,4.6,632,0,1,1,0,,6,OPERATIONAL
MUSCLE FACTORY GYM AND CROSSFIT,"South Extension, Delhi",110049,gyms,4.8,376,0,0,1,0,,11,OPERATIONAL
Sweat Fitness gym,"South Extension, Delhi",110049,gyms,4.6,258,0,0,1,0,,5,OPERATIONAL
The Boxx,"South Extension, Delhi",110049,gyms,5.0,25,0,1,1,0,,6,OPERATIONAL
Everytime Fitness,"South Extension, Delhi",110003,gyms,4.7,39,0,0,1,0,,5,OPERATIONAL
The Fitzerr Gym,"South Extension, Delhi",110003,gyms,5.0,23,0,0,1,0,,5,OPERATIONAL
Body fit fitness centre,"South Extension, Delhi",110049,gyms,4.7,156,0,0,1,0,,5,OPERATIONAL
A9 academy of fitness science,"South Extension, Delhi",110003,gyms,4.9,56,0,0,1,0,,5,OPERATIONAL
Momentum Fitness Points,"South Extension, Delhi",110049,gyms,4.6,233,0,0,1,0,,5,OPERATIONAL
Muscle Strong Gym,"South Extension, Delhi",110049,gyms,4.7,39,0,0,0,0,,5,OPERATIONAL
A Fitness Zone,"South Extension, Delhi",110003,gyms,4.8,61,0,0,0,0,,5,OPERATIONAL
Power Zone Gym,"South Extension, Delhi",110049,gyms,4.4,32,0,0,1,0,,6,OPERATIONAL
Beyond fitness point,"South Extension, Delhi",110049,gyms,4.0,26,0,0,1,0,,5,OPERATIONAL
Multi Gym South Extension Part-1,"South Extension, Delhi",110003,gyms,4.4,122,0,0,1,0,,5,OPERATIONAL
The Fit Chase,"South Extension, Delhi",110049,gyms,4.9,85,0,1,1,0,,8,OPERATIONAL
ULTIMATE 7 GYM,"South Extension, Delhi",110003,gyms,4.1,20,0,0,1,0,,5,OPERATIONAL
Tiger fitness club,"South Extension, Delhi",110049,gyms,4.8,71,0,0,1,0,,6,OPERATIONAL
"Cult Gym Defence Colony | Best Gym in Defence Colony, Delhi","South Extension, Delhi",110003,gyms,3.4,192,0,1,1,0,,13,OPERATIONAL
The Warriors Academy,"South Extension, Delhi",110049,gyms,5.0,109,0,0,0,0,,12,OPERATIONAL
"Aza Fashions, South Extension, New Delhi.","South Extension, Delhi",110049,clothing stores,4.7,1885,0,1,1,0,,4,OPERATIONAL
"Westside - South Ex., Delhi","South Extension, Delhi",110049,clothing stores,4.1,2890,0,1,1,0,,5,OPERATIONAL
"Pantaloons (South Extension, New Delhi)","South Extension, Delhi",110049,clothing stores,4.3,3382,0,1,1,0,,5,OPERATIONAL
Twamev,"South Extension, Delhi",110049,clothing stores,4.9,2442,0,1,1,0,,4,OPERATIONAL
KALKI South Ex 2 Delhi,"South Extension, Delhi",110049,clothing stores,4.7,4967,0,1,1,0,,6,OPERATIONAL
Planet Fashion,"South Extension, Delhi",110049,clothing stores,4.1,75,0,1,1,0,,4,OPERATIONAL
"Basanti Kapde Aur Koffee, South Extension","South Extension, Delhi",110049,clothing stores,4.3,287,0,1,1,0,,4,OPERATIONAL
Heritage Since 1968,"South Extension, Delhi",110049,clothing stores,4.6,300,0,1,1,0,,7,OPERATIONAL
KAZO,"South Extension, Delhi",110049,clothing stores,4.8,246,0,1,1,0,,3,OPERATIONAL
"Study By Janak (SBJ), South Ex. (Part 1) | Designer Store","South Extension, Delhi",110049,clothing stores,4.1,744,0,1,1,0,,6,OPERATIONAL
Blackberrys,"South Extension, Delhi",110049,clothing stores,4.9,1037,0,1,1,0,,4,OPERATIONAL
Bharat Reshma,"South Extension, Delhi",110049,clothing stores,4.7,175,0,1,1,0,,4,OPERATIONAL
Sehgal Brothers,"South Extension, Delhi",110049,clothing stores,4.3,33,0,0,1,0,,4,OPERATIONAL
"Devo - South Ex, Delhi","South Extension, Delhi",110049,clothing stores,4.9,143,0,1,1,0,,5,OPERATIONAL
Koskii,"South Extension, Delhi",110049,clothing stores,4.8,3828,0,1,1,0,,5,OPERATIONAL
Ethnix by Raymond,"South Extension, Delhi",110049,clothing stores,4.7,494,0,1,1,0,,6,OPERATIONAL
anantam,"South Extension, Delhi",110049,clothing stores,4.2,134,0,1,1,0,,4,OPERATIONAL
Manyavar & Mohey,"South Extension, Delhi",110049,clothing stores,4.8,7156,0,1,1,0,,5,OPERATIONAL
Pall Mall South Ext 2,"South Extension, Delhi",110049,clothing stores,4.9,1441,0,1,1,0,,4,OPERATIONAL
Frontier Raas,"South Extension, Delhi",110049,clothing stores,4.0,2568,0,1,1,0,,6,OPERATIONAL
GO GROCERIES,"South Extension, Delhi",110049,grocery stores,4.8,104,0,0,1,0,,7,OPERATIONAL
I N A Market,"South Extension, Delhi",110023,grocery stores,4.2,25161,1,0,0,0,,8,OPERATIONAL
South Extension 2 Market,"South Extension, Delhi",110049,grocery stores,4.2,5404,0,0,0,0,,3,OPERATIONAL
Garg Sons,"South Extension, Delhi",110049,grocery stores,4.2,132,0,0,1,0,,6,OPERATIONAL
South Extension Part 1 Main Market,"South Extension, Delhi",110049,grocery stores,4.5,73,0,0,0,0,,3,OPERATIONAL
Defence Store,"South Extension, Delhi",110024,grocery stores,4.4,258,0,0,1,0,,8,OPERATIONAL
Grocery Fresh,"South Extension, Delhi",110049,grocery stores,5.0,3,0,1,1,0,,9,OPERATIONAL
Singhal Store,"South Extension, Delhi",110023,grocery stores,4.1,29,0,0,1,0,,6,OPERATIONAL
Baisoya General Store,"South Extension, Delhi",110003,grocery stores,4.1,71,0,0,1,0,,6,OPERATIONAL
Nature's Soul,"South Extension, Delhi",110024,grocery stores,4.3,388,0,1,1,0,,7,OPERATIONAL
Om Enterprises,"South Extension, Delhi",110049,grocery stores,4.0,10,0,0,1,0,,7,OPERATIONAL
Vishal Mega Mart,"South Extension, Delhi",110017,grocery stores,3.9,1380,0,1,1,0,,10,OPERATIONAL
"Subhash Bazar,Kotla Mubarak Pur,New Delhi-110003","South Extension, Delhi",110003,grocery stores,4.2,46,0,0,1,0,,7,OPERATIONAL
S K Store,"South Extension, Delhi",110023,grocery stores,3.5,65,0,1,1,0,,13,OPERATIONAL
Reliance Digital,"South Extension, Delhi",110049,electronics shops,4.9,10978,1,1,1,0,,4,OPERATIONAL
City Electronics,"South Extension, Delhi",110003,electronics shops,3.6,56,0,0,1,0,,4,OPERATIONAL
Karan Electronics,"South Extension, Delhi",110003,electronics shops,4.6,29,0,0,1,0,,5,OPERATIONAL
Samsung Experience Store South Extension II,"South Extension, Delhi",110049,electronics shops,4.4,629,0,1,1,0,,6,OPERATIONAL
Shri Vinayak Electronics,"South Extension, Delhi",110003,electronics shops,4.4,17,0,0,1,0,,4,OPERATIONAL
Nishant Electric Company,"South Extension, Delhi",110049,electronics shops,4.3,14,0,0,1,0,,6,OPERATIONAL
Ultrahuman Store - Smart Health Ring | Reliance South Extension Del,"South Extension, Delhi",110049,electronics shops,5.0,11,0,0,0,0,,3,OPERATIONAL
Maharani Electricals,"South Extension, Delhi",110049,electronics shops,4.6,223,0,0,1,0,,8,OPERATIONAL
Asha Electronics,"South Extension, Delhi",110049,electronics shops,3.9,7,0,0,1,0,,4,OPERATIONAL
Alfa Electronics,"South Extension, Delhi",110003,electronics shops,4.1,34,0,0,1,0,,4,OPERATIONAL
Schneider Electric - Ambha Electric Store,"South Extension, Delhi",110003,electronics shops,4.1,48,0,1,1,0,,4,OPERATIONAL
"Apple Authorised Reseller - Aptronix, South Ex - I Market, New Delhi","South Extension, Delhi",110049,electronics shops,4.7,837,0,1,1,0,,7,OPERATIONAL
Sharma Electronics,"South Extension, Delhi",110003,electronics shops,4.3,20,0,0,1,0,,4,OPERATIONAL
"instax™ FujiFilm Authorised Store - South Extension I, New Delhi","South Extension, Delhi",110003,electronics shops,5.0,16,0,1,1,0,,6,OPERATIONAL
Malik Electronics,"South Extension, Delhi",110003,electronics shops,3.0,2,0,0,1,0,,4,OPERATIONAL
G9 La Galleria,"South Extension, Delhi",110049,electronics shops,5.0,27,0,0,1,0,,4,OPERATIONAL
WS Clinic | Multi Speciality Clinic | South Ex-2,"South Extension, Delhi",110049,clinics,5.0,16,0,1,0,0,,6,OPERATIONAL
"Excella Women's Clinic - Best Gynaecologist in South Delhi, Pregnancy Specialist, High Risk Pregnancy Specialist South Delhi","South Extension, Delhi",110049,clinics,4.9,134,0,1,1,0,,6,OPERATIONAL
SENS Clinic,"South Extension, Delhi",110049,clinics,4.9,101,0,1,1,0,,10,OPERATIONAL
Longevity & Beyond Clinics,"South Extension, Delhi",110049,clinics,4.9,30,0,1,1,0,,7,OPERATIONAL
DefiniteCure,"South Extension, Delhi",110049,clinics,4.8,188,0,1,1,0,,4,OPERATIONAL
Panemorfi Aesthetic,"South Extension, Delhi",110049,clinics,4.9,271,0,1,1,0,,5,OPERATIONAL
Clair Skin Clinic- Skin Care Clinic in Delhi| Hydra Facial & Glutathione in Delhi| Open Pores Treatment In Delhi,"South Extension, Delhi",110049,clinics,4.7,1169,0,1,1,0,,10,OPERATIONAL
Zeeva Fertility Clinic,"South Extension, Delhi",110049,clinics,5.0,66,0,1,1,0,,6,OPERATIONAL
"Dr Batra’s Homeopathy, Hair & Skin Clinic","South Extension, Delhi",110049,clinics,4.5,966,0,1,1,0,,6,OPERATIONAL
"Uppal Diagnostics : Dr Rajesh Uppal, Dr Maneesh Uppal","South Extension, Delhi",110049,clinics,4.6,145,0,0,1,0,,4,OPERATIONAL
Derma Circles,"South Extension, Delhi",110049,clinics,4.8,666,0,1,1,0,,10,OPERATIONAL
Radha Krishna Clinic,"South Extension, Delhi",110003,clinics,5.0,2,0,0,1,0,,4,OPERATIONAL
Sharma Multispeciality Clinic,"South Extension, Delhi",110049,clinics,4.8,123,0,1,1,0,,5,OPERATIONAL
Dr. Sushant Umre,"South Extension, Delhi",110049,clinics,5.0,784,0,1,1,0,,5,OPERATIONAL
Sadhna clinic,"South Extension, Delhi",110003,clinics,5.0,3,0,0,1,0,,4,OPERATIONAL
Sun Clinic,"South Extension, Delhi",110003,clinics,4.6,18,0,1,1,0,,4,OPERATIONAL
Sandip Agnihotri Skin Clinic - Dermatologist in Delhi NCR,"South Extension, Delhi",110049,clinics,4.5,23,0,0,1,0,,4,OPERATIONAL
"Gulshan Medicare, Delhi","South Extension, Delhi",110049,clinics,4.2,914,0,1,1,0,,7,OPERATIONAL
"Shastram clinic(Ayur hridayam) in Delhi/|Fissure| Fistula|Kshar Sutra|Hemorrhoids|Proctologist-Dr Anita(BAMS, MS)/Dr Shashank","South Extension, Delhi",110024,clinics,5.0,118,0,1,1,0,,5,OPERATIONAL
Dr Lal PathLabs - Patient Service Centre,"South Extension, Delhi",110049,clinics,4.8,163,0,1,1,0,,4,OPERATIONAL
Cake Palace,"South Extension, Delhi",110049,bakeries,4.1,676,0,1,1,1,2.0,9,OPERATIONAL
"Theobroma Bakery and Cake Shop - South Extension 2, New Delhi","South Extension, Delhi",110049,bakeries,4.4,248,0,1,1,1,2.0,13,OPERATIONAL
Warm Delights Bakery-100% EGGLESS BAKERY,"South Extension, Delhi",110049,bakeries,4.4,256,0,1,1,0,,6,OPERATIONAL
Weds & More,"South Extension, Delhi",110049,bakeries,4.2,101,0,0,1,0,,9,OPERATIONAL
Jasmine's Bakery and Cake Shop in Delhi by Too Mikkii Tapas | Customised Cakes Shop | Wedding and Birthday Cakes,"South Extension, Delhi",110049,bakeries,5.0,23,0,1,1,0,,16,OPERATIONAL
Namz BakeHouse,"South Extension, Delhi",110049,bakeries,4.7,38,0,1,1,0,,6,OPERATIONAL
Uncle cake and bake,"South Extension, Delhi",110049,bakeries,4.1,30,0,0,1,0,,6,OPERATIONAL
Temptationcakes,"South Extension, Delhi",110003,bakeries,5.0,75,0,0,1,0,,6,OPERATIONAL
Maddi Sweets and bakery,"South Extension, Delhi",110003,bakeries,4.3,814,0,0,1,1,2.0,14,OPERATIONAL
Pura Legna - 100% Eggless Bakery cum only Veg Cafe,"South Extension, Delhi",110049,bakeries,4.6,12,0,0,1,0,,14,OPERATIONAL
Orphic Artisan Bakery,"South Extension, Delhi",110049,bakeries,4.7,24,0,0,1,0,,6,OPERATIONAL
The SaiMish Bake-House,"South Extension, Delhi",110003,bakeries,5.0,12,0,0,0,0,,6,OPERATIONAL
Cucu,"South Extension, Delhi",110003,bakeries,5.0,55,0,1,1,0,,6,OPERATIONAL
KWALITY'S CAKE SHOP (kotla mubarakpur),"South Extension, Delhi",110003,bakeries,3.9,153,0,1,1,1,2.0,6,OPERATIONAL
Apollo Pharmacy DLF,"South Extension, Delhi",110049,pharmacies,4.4,53,0,1,1,0,,8,OPERATIONAL
One Bharat Pharmacy - Uday Park,"South Extension, Delhi",110049,pharmacies,5.0,128,0,1,1,0,,6,OPERATIONAL
JION DRUGS PHARMACY,"South Extension, Delhi",110003,pharmacies,4.4,28,0,0,1,0,,6,OPERATIONAL
Arogya Pharmacy,"South Extension, Delhi",110049,pharmacies,4.1,19,0,0,1,0,,6,OPERATIONAL
R.D Chemist +,"South Extension, Delhi",110049,pharmacies,3.3,26,0,0,1,0,,5,OPERATIONAL
HARE KRISHNA PHARMACY,"South Extension, Delhi",110049,pharmacies,5.0,1,0,0,0,0,,5,OPERATIONAL
SOUTHCARE PHARMA,"South Extension, Delhi",110049,pharmacies,5.0,1,0,0,0,0,,5,OPERATIONAL
Apollo Pharmacy Uday Park,"South Extension, Delhi",110049,pharmacies,5.0,41,0,1,1,0,,5,OPERATIONAL
South End Medicos,"South Extension, Delhi",110049,pharmacies,5.0,5,0,0,1,0,,5,OPERATIONAL
Pharmacy,"South Extension, Delhi",110049,pharmacies,2.6,8,0,0,1,0,,5,OPERATIONAL
Gopaljee Mediways,"South Extension, Delhi",110049,pharmacies,5.0,1,0,0,1,0,,6,OPERATIONAL
Siyaram Medicos - Heal the world,"South Extension, Delhi",110003,pharmacies,5.0,24,0,0,1,0,,6,OPERATIONAL
Life Line Pharmacy,"South Extension, Delhi",110049,pharmacies,3.7,3,0,0,1,0,,5,OPERATIONAL
Health Care Pharmacy,"South Extension, Delhi",110003,pharmacies,5.0,12,0,0,1,0,,5,OPERATIONAL
Rajdhani Pharma,"South Extension, Delhi",110049,pharmacies,5.0,3,0,0,1,0,,5,OPERATIONAL
Shree shyam medicos,"South Extension, Delhi",110049,pharmacies,5.0,1,0,0,1,0,,5,OPERATIONAL
Zeelab Pharmacy - Kotla Mubarakpur,"South Extension, Delhi",110003,pharmacies,4.9,100,0,1,1,0,,5,OPERATIONAL
Rajdhani Medical Store,"South Extension, Delhi",110049,pharmacies,4.2,13,0,0,1,0,,6,OPERATIONAL
Fruit Corner Chemist,"South Extension, Delhi",110049,pharmacies,4.2,9,0,0,1,0,,6,OPERATIONAL
Vidyarthi Classes- Academic & SSC | Delhi UP Haryana Police |CTET | DSSSB | KVS | Railway | Banking Coaching,"South Extension, Delhi",110049,tutoring centers,4.9,199,0,1,1,0,,2,OPERATIONAL
"Nipun Coaching|Group & Home Tuition in South Delhi|Top Tutors for CBSE & ICSE Classes 1st to 12th|BA,BBA,B.Com,MA,M.Com,MBA","South Extension, Delhi",110049,tutoring centers,5.0,156,0,1,1,0,,5,OPERATIONAL
Prerna Education: NEET Coaching in Delhi | IIT JEE Coaching in Delhi,"South Extension, Delhi",110049,tutoring centers,4.4,455,0,1,1,0,,8,OPERATIONAL
Accounts Tutor in South Delhi (S.N.Tripathi),"South Extension, Delhi",110003,tutoring centers,4.9,65,0,0,1,0,,5,OPERATIONAL
Geetanjali Education Point,"South Extension, Delhi",110003,tutoring centers,4.8,46,0,1,1,0,,3,OPERATIONAL
Oasis Academy of Education,"South Extension, Delhi",110049,tutoring centers,4.8,43,0,1,1,0,,3,OPERATIONAL
Oxford School of English South Extn,"South Extension, Delhi",110049,tutoring centers,4.8,120,0,1,1,0,,3,OPERATIONAL
Nice Computer Educational Welfare Trust,"South Extension, Delhi",110003,tutoring centers,4.9,1385,0,1,1,0,,3,OPERATIONAL
KVT CLASSES,"South Extension, Delhi",110049,tutoring centers,4.9,37,0,1,1,0,,4,OPERATIONAL
"VR Academy - South Extension Part 1, Delhi","South Extension, Delhi",110049,tutoring centers,4.5,48,0,1,1,0,,3,OPERATIONAL
Technoglobe IT Training Institute - South Ex,"South Extension, Delhi",110049,tutoring centers,5.0,31,0,1,1,0,,4,OPERATIONAL
Adhyayan Inclusive Learning Centre,"South Extension, Delhi",110049,tutoring centers,5.0,66,0,1,1,0,,6,OPERATIONAL
Maths Classes (By 20+ yrs Exp) - 9 to 12th JEE CUET BSc(H) I Home Tutor I Group Classes at South EX-1.,"South Extension, Delhi",110049,tutoring centers,4.9,14,0,1,1,0,,5,OPERATIONAL
Jetking South Ext. Learning Center,"South Extension, Delhi",110049,tutoring centers,4.7,511,0,1,1,0,,4,OPERATIONAL
SSt Social Science Tuition Teacher,"South Extension, Delhi",110049,tutoring centers,5.0,1,0,0,1,0,,5,OPERATIONAL
"Pahal Design South Ex, Delhi - NIFT, NID, UCEED, NATA, JEE Paper 2, BFA Coaching","South Extension, Delhi",110049,tutoring centers,4.7,310,0,1,1,0,,6,OPERATIONAL
The Learning Brush,"South Extension, Delhi",110049,tutoring centers,4.9,12,0,1,1,0,,6,OPERATIONAL
"Pinnacle Blooms Network® – South Ex. Delhi | Speech, ABA, Occupational Therapy Center","South Extension, Delhi",110049,tutoring centers,4.9,983,0,1,1,0,,7,OPERATIONAL
"PSC, Pandey Study Circle","South Extension, Delhi",110049,tutoring centers,4.9,40,0,0,1,0,,3,OPERATIONAL
"Wooden Street- Furniture Shop/Store in South Extension, Delhi","South Extension, Delhi",110049,furniture stores,4.5,208,0,1,1,0,,9,OPERATIONAL
Super Sajawat Handloom,"South Extension, Delhi",110003,furniture stores,4.3,139,0,0,1,0,,6,OPERATIONAL
Gandhi Furnishing,"South Extension, Delhi",110003,furniture stores,4.3,11,0,0,1,0,,6,OPERATIONAL
The Sleep Company Experience Store - South Ex,"South Extension, Delhi",110049,furniture stores,4.9,556,0,1,1,0,,7,OPERATIONAL
KURLON-Anand Furnishing Co. Delhi,"South Extension, Delhi",110049,furniture stores,4.7,23,0,0,1,0,,6,OPERATIONAL
Manbhawan Furnishings,"South Extension, Delhi",110003,furniture stores,3.7,3,0,0,1,0,,3,OPERATIONAL
Maspar Home Fashions,"South Extension, Delhi",110049,furniture stores,3.8,36,0,1,1,0,,7,OPERATIONAL
Sharma Steel House,"South Extension, Delhi",110003,furniture stores,4.2,25,0,0,1,0,,6,OPERATIONAL
"Interio by Godrej- Furniture & Mattress Store in Mehrauli, New Delhi","South Extension, Delhi",110030,furniture stores,4.7,375,0,1,1,0,,8,OPERATIONAL
HANS FURNITURE,"South Extension, Delhi",110003,furniture stores,4.3,4,0,1,1,0,,6,OPERATIONAL
Star Mobitel,"South Extension, Delhi",110049,mobile shops,4.6,124,0,1,1,0,,4,OPERATIONAL
Mobile Nett,"South Extension, Delhi",110049,mobile shops,4.3,10,0,0,1,0,,4,OPERATIONAL
Nothing & Mi store -Invitation Electronics,"South Extension, Delhi",110049,mobile shops,4.4,197,0,0,1,0,,5,OPERATIONAL
Dr.Phone,"South Extension, Delhi",110003,mobile shops,4.9,114,0,1,1,0,,3,OPERATIONAL
M K Watch & Mobile Shoppe - Jio & LYF retailer,"South Extension, Delhi",110003,mobile shops,4.2,162,0,0,1,0,,4,OPERATIONAL
Bhalla Communication,"South Extension, Delhi",110049,mobile shops,3.8,48,0,0,1,0,,4,OPERATIONAL
JRN Enterprises,"South Extension, Delhi",110003,mobile shops,4.0,23,0,0,1,0,,4,OPERATIONAL
Mobile Buzz,"South Extension, Delhi",110049,mobile shops,4.7,15,0,0,0,0,,5,OPERATIONAL
Binita Mobile's Accessories,"South Extension, Delhi",110003,mobile shops,5.0,2,0,0,1,0,,2,OPERATIONAL
Mobile Care,"South Extension, Delhi",110003,mobile shops,4.5,61,0,0,1,0,,5,OPERATIONAL
Jai mata Di communication,"South Extension, Delhi",110049,mobile shops,5.0,2,0,0,1,0,,4,OPERATIONAL
Mobile Junction,"South Extension, Delhi",110049,mobile shops,5.0,3,0,0,1,0,,4,OPERATIONAL
SUN COMMUNICATION,"South Extension, Delhi",110003,mobile shops,3.9,7,0,0,1,0,,5,OPERATIONAL
"BlueStone Jewellery South Extension, New Delhi","South Extension, Delhi",110049,jewellery shops,4.9,1975,0,1,1,0,,8,OPERATIONAL
"Kalyan Jewellers - South Extension, New Delhi","South Extension, Delhi",110049,jewellery shops,4.7,3305,0,1,1,0,,9,OPERATIONAL
"CaratLane Jewellery Signature Store South Extension, New Delhi","South Extension, Delhi",110049,jewellery shops,4.8,3071,0,1,1,0,,5,OPERATIONAL
Tanishq Jewellery - Delhi - South Extension,"South Extension, Delhi",110049,jewellery shops,4.7,9694,1,1,1,0,,6,OPERATIONAL
"Senco Gold & Diamonds - South Extension, Delhi","South Extension, Delhi",110049,jewellery shops,4.6,459,0,1,1,0,,6,OPERATIONAL
Rivaah By Tanishq Jewellery - South Extension,"South Extension, Delhi",110049,jewellery shops,5.0,1332,0,1,1,0,,6,OPERATIONAL
Desraj Jewellers,"South Extension, Delhi",110049,jewellery shops,4.4,142,0,0,1,0,,4,OPERATIONAL
Malabar Gold and Diamonds - SouthEx - Delhi,"South Extension, Delhi",110049,jewellery shops,4.6,2996,0,1,1,0,,4,OPERATIONAL
Champalal Jewellers Chandni Chowk Wale,"South Extension, Delhi",110049,jewellery shops,4.8,33,0,1,1,0,,6,OPERATIONAL
Joyalukkas Jewellery - South Ex,"South Extension, Delhi",110024,jewellery shops,4.8,1741,0,1,1,0,,4,OPERATIONAL
"Indriya - Aditya Birla Jewellery - South Ex, New Delhi","South Extension, Delhi",110049,jewellery shops,4.9,1891,0,1,1,0,,4,OPERATIONAL
"Mia by Tanishq - South Extension, Delhi","South Extension, Delhi",110049,jewellery shops,4.9,392,0,1,1,0,,5,OPERATIONAL
ORRA Fine Jewellery,"South Extension, Delhi",110049,jewellery shops,4.8,1646,0,1,1,0,,4,OPERATIONAL
Manuvel Malabar Jewellers,"South Extension, Delhi",110049,jewellery shops,4.7,511,0,1,1,0,,4,OPERATIONAL
GIVA Silver & Gold Jewellery | South Ex Delhi | Lab Grown Diamonds,"South Extension, Delhi",110049,jewellery shops,4.9,644,0,1,1,0,,6,OPERATIONAL
Nirakara Jewels - Luxury Jewellery Lounge,"South Extension, Delhi",110049,jewellery shops,4.8,103,0,1,1,0,,9,OPERATIONAL
VCJ Bespoke Jewellery,"South Extension, Delhi",110049,jewellery shops,4.9,77,0,1,1,0,,5,OPERATIONAL
Shri Ram Hari Ram Jewellers SKG,"South Extension, Delhi",110049,jewellery shops,4.7,30,0,1,1,0,,6,OPERATIONAL
Om Sons Jewellers,"South Extension, Delhi",110049,jewellery shops,5.0,15,0,0,1,0,,4,OPERATIONAL
Amar & Sons Jewellers,"South Extension, Delhi",110049,jewellery shops,4.8,164,0,1,1,0,,4,OPERATIONAL
Goyal & Co. A complete Hardware Solution Shop,"South Extension, Delhi",110049,hardware stores,4.6,47,0,0,1,0,,5,OPERATIONAL
Gupta Store,"South Extension, Delhi",110003,hardware stores,4.3,22,0,1,1,0,,5,OPERATIONAL
Haryana Sanitary & Hardware Store | Best Sanitary Store In South Ex |,"South Extension, Delhi",110003,hardware stores,4.5,34,0,0,1,0,,11,OPERATIONAL
CNC Hardwares & Kitchen | HAFELE | HETTICH | YALE | DORSET | BLUM | PROFILE PARTITION | KITCHEN | WARDROBE | GLASS FITTINGS,"South Extension, Delhi",110003,hardware stores,4.7,68,0,1,1,0,,5,OPERATIONAL
Sabharwal Sanitary and Hardware,"South Extension, Delhi",110049,hardware stores,3.9,31,0,0,1,0,,5,OPERATIONAL
SK Hardware KOTLA | Best Hardware Store in Delhi | HETTICH | HAFELE | EUROPA | DORMA | KITCHEN & WARDROBE FITTINGS | PROFILES,"South Extension, Delhi",110003,hardware stores,4.5,8,0,0,1,0,,8,OPERATIONAL
Vishwakarma Tools & Hardware Store | Ozone Hardware Dealer,"South Extension, Delhi",110003,hardware stores,4.6,20,0,1,1,0,,5,OPERATIONAL
Bharat Hardware & Sanitation,"South Extension, Delhi",110003,hardware stores,3.7,23,0,0,1,0,,8,OPERATIONAL
SRI VENTURES,"South Extension, Delhi",110003,hardware stores,4.6,30,0,0,1,0,,5,OPERATIONAL
Jawala Hardware,"South Extension, Delhi",110003,hardware stores,4.3,23,0,0,1,0,,5,OPERATIONAL
Aggarwal Bros & Co,"South Extension, Delhi",110003,hardware stores,4.6,5,0,0,1,0,,5,OPERATIONAL
Ivoryy.Delhi,"Malviya Nagar, Delhi",110017,restaurants,4.2,960,0,1,1,0,,7,OPERATIONAL
EVOO - Delhi,"Malviya Nagar, Delhi",110017,restaurants,4.5,2584,0,1,1,1,2.0,5,OPERATIONAL
PLATS RESTAURANT,"Malviya Nagar, Delhi",110017,restaurants,4.5,1024,0,1,1,0,,4,OPERATIONAL
Indy by Qla,"Malviya Nagar, Delhi",110017,restaurants,4.6,287,0,1,1,0,,4,OPERATIONAL
Kake Da Hotel - Malviya Nagar,"Malviya Nagar, Delhi",110017,restaurants,4.3,1447,0,1,1,1,2.0,7,OPERATIONAL
Oberoi Dhaba malviya nagar,"Malviya Nagar, Delhi",110017,restaurants,4.1,994,0,0,1,1,2.0,7,OPERATIONAL
Perilicious - Smash Burgers & Grills | Malviya Nagar,"Malviya Nagar, Delhi",110017,restaurants,4.6,1017,0,1,1,0,,5,OPERATIONAL
KEWAAN - Asian Restaurant,"Malviya Nagar, Delhi",110017,restaurants,4.4,145,0,1,0,0,,5,OPERATIONAL
Beliram Degchiwala,"Malviya Nagar, Delhi",110017,restaurants,4.1,1167,0,0,1,1,2.0,7,OPERATIONAL
"Moti Mahal Delux, legendary culinary","Malviya Nagar, Delhi",110017,restaurants,4.2,749,0,1,1,1,2.0,9,OPERATIONAL
Rose Cafe,"Malviya Nagar, Delhi",110017,restaurants,4.1,3931,0,1,1,1,3.0,11,OPERATIONAL
Street Foods by Punjab Grill- Malviya Nagar,"Malviya Nagar, Delhi",110017,restaurants,4.8,172,0,1,1,0,,6,OPERATIONAL
Moti Restaurant - Restaurant In Malviya Nagar,"Malviya Nagar, Delhi",110017,restaurants,3.9,613,0,0,1,1,2.0,10,OPERATIONAL
RP's Restaurant The Family Restaurant,"Malviya Nagar, Delhi",110017,restaurants,3.9,2259,0,0,1,1,2.0,10,OPERATIONAL
The Mission Bay,"Malviya Nagar, Delhi",110017,restaurants,4.4,78,0,0,1,0,,4,OPERATIONAL
Nikashee Chinese and Thai Restaurant,"Malviya Nagar, Delhi",110017,restaurants,4.2,458,0,0,1,0,,5,OPERATIONAL
Sagar Ratna,"Malviya Nagar, Delhi",110017,restaurants,4.1,2844,0,1,1,1,2.0,9,OPERATIONAL
Suribachi,"Malviya Nagar, Delhi",110017,restaurants,4.3,633,0,1,1,0,,6,OPERATIONAL
Grapi,"Malviya Nagar, Delhi",110017,cafes,4.7,348,0,0,1,0,,7,OPERATIONAL
"TAN COFFEE | Shivalik, Delhi","Malviya Nagar, Delhi",110017,cafes,4.8,387,0,1,1,0,,7,OPERATIONAL
bean and coffee + kitchen,"Malviya Nagar, Delhi",110017,cafes,4.4,99,0,1,1,0,,7,OPERATIONAL
Café Desmo,"Malviya Nagar, Delhi",110017,cafes,4.4,219,0,0,1,0,,4,OPERATIONAL
abcoffee Malviya Nagar,"Malviya Nagar, Delhi",110017,cafes,4.7,290,0,1,1,0,,13,OPERATIONAL
Blue Tokai Coffee Roasters | Malviya Nagar,"Malviya Nagar, Delhi",110017,cafes,4.6,153,0,1,1,1,2.0,8,OPERATIONAL
Olipo cafe & Best coffee cafe in malviya nagar,"Malviya Nagar, Delhi",110017,cafes,4.9,220,0,1,1,0,,7,OPERATIONAL
"Nothing Before Coffee - Malviya Nagar, New Delhi","Malviya Nagar, Delhi",110017,cafes,4.6,393,0,1,1,1,2.0,15,OPERATIONAL
Starbucks,"Malviya Nagar, Delhi",110017,cafes,4.9,338,0,1,1,1,3.0,10,OPERATIONAL
Game On Board (Delhi Board Game Cafe),"Malviya Nagar, Delhi",110017,cafes,4.7,252,0,1,1,0,,4,OPERATIONAL
Cafe Dasos,"Malviya Nagar, Delhi",110017,cafes,4.6,32,0,0,1,0,,4,OPERATIONAL
Kettle And Mugs Cafe,"Malviya Nagar, Delhi",110017,cafes,4.9,45,0,0,1,0,,4,OPERATIONAL
Ek Andaaz,"Malviya Nagar, Delhi",110017,cafes,4.3,108,0,0,1,0,,7,OPERATIONAL
Goldy's Cafe,"Malviya Nagar, Delhi",110017,cafes,4.8,103,0,1,1,0,,15,OPERATIONAL
TOT-TALK ON TEA,"Malviya Nagar, Delhi",110017,cafes,4.5,126,0,0,1,0,,8,OPERATIONAL
Cafe Rendezvous,"Malviya Nagar, Delhi",110017,cafes,4.2,2424,0,0,1,1,2.0,11,OPERATIONAL
"Geetanjali Salon - Malviya Nagar, New Delhi","Malviya Nagar, Delhi",110017,salons,4.5,1471,0,1,1,0,,10,OPERATIONAL
MVM SALON,"Malviya Nagar, Delhi",110017,salons,4.8,140,0,1,1,0,,11,OPERATIONAL
CHITRA MAKEOVERS,"Malviya Nagar, Delhi",110017,salons,4.8,485,0,1,1,0,,11,OPERATIONAL
"Looks Salon, Malviya Nagar, Shivalik, New Delhi","Malviya Nagar, Delhi",110017,salons,4.2,372,0,1,1,0,,5,OPERATIONAL
"Madonna Salon - Shivalik Colony, New Delhi","Malviya Nagar, Delhi",110017,salons,4.9,271,0,1,1,0,,9,OPERATIONAL
La Vida Unisex Salon – Hair | Beauty | Makeup | Nail Care,"Malviya Nagar, Delhi",110017,salons,4.8,215,0,1,1,0,,4,OPERATIONAL
"Geetanjali Studio - Malviya Nagar, New Delhi","Malviya Nagar, Delhi",110017,salons,4.6,219,0,1,1,0,,12,OPERATIONAL
"Fix & FLAUNT Unisex Salon | Malviya Nagar, New Delhi","Malviya Nagar, Delhi",110017,salons,4.8,107,0,1,1,0,,8,OPERATIONAL
Indu Salon,"Malviya Nagar, Delhi",110017,salons,4.8,156,0,1,1,0,,4,OPERATIONAL
Cherry Blossom Salon,"Malviya Nagar, Delhi",110017,salons,4.8,242,0,1,1,0,,4,OPERATIONAL
Venus Hair & Beauty Salon,"Malviya Nagar, Delhi",110017,salons,4.7,342,0,1,1,0,,8,OPERATIONAL
"Portfolio Salon - Malviya Nagar, New Delhi","Malviya Nagar, Delhi",110017,salons,4.5,699,0,1,1,0,,8,OPERATIONAL
SS SALON,"Malviya Nagar, Delhi",110017,salons,4.9,39,0,1,1,0,,9,OPERATIONAL
The Moon Unisex Salon,"Malviya Nagar, Delhi",110017,salons,4.9,101,0,0,1,0,,4,OPERATIONAL
Toms Salon,"Malviya Nagar, Delhi",110017,salons,4.5,328,0,1,1,0,,5,OPERATIONAL
D M D Salon,"Malviya Nagar, Delhi",110017,salons,4.9,225,0,0,1,0,,5,OPERATIONAL
Javed men salon,"Malviya Nagar, Delhi",110017,salons,4.9,60,0,1,1,0,,8,OPERATIONAL
Martina Wu,"Malviya Nagar, Delhi",110017,salons,4.5,1201,0,1,1,0,,5,OPERATIONAL
The Fitness Gurukul,"Malviya Nagar, Delhi",110017,gyms,4.9,285,0,0,1,0,,5,OPERATIONAL
Perfect Fitness 09 Gym,"Malviya Nagar, Delhi",110017,gyms,4.9,189,0,1,1,0,,5,OPERATIONAL
IRON PARADISE MALVIYA NAGAR,"Malviya Nagar, Delhi",110017,gyms,5.0,277,0,0,1,0,,6,OPERATIONAL
Absolute Fitness malviya nagar,"Malviya Nagar, Delhi",110017,gyms,4.7,217,0,0,1,0,,5,OPERATIONAL
Fitness Nation Gym,"Malviya Nagar, Delhi",110017,gyms,4.3,385,0,1,1,0,,7,OPERATIONAL
GYM PARADISE,"Malviya Nagar, Delhi",110017,gyms,5.0,80,0,0,1,0,,5,OPERATIONAL
Workout Square,"Malviya Nagar, Delhi",110017,gyms,4.8,118,0,0,1,0,,5,OPERATIONAL
Variable Strength Gym,"Malviya Nagar, Delhi",110017,gyms,4.8,375,0,0,1,0,,12,OPERATIONAL
THE BIG GUNS ZONE FITNESS ( UNISEX GYM),"Malviya Nagar, Delhi",110017,gyms,4.7,149,0,0,1,0,,8,OPERATIONAL
Lakshaya feminine fitness point (SINCE 2007),"Malviya Nagar, Delhi",110017,gyms,5.0,105,0,0,1,0,,6,OPERATIONAL
Fitness Arena,"Malviya Nagar, Delhi",110017,gyms,4.9,98,0,0,1,0,,6,OPERATIONAL
Anytime Fitness,"Malviya Nagar, Delhi",110017,gyms,4.0,662,0,1,1,0,,6,OPERATIONAL
24 FITNESS STUDIO,"Malviya Nagar, Delhi",110017,gyms,4.9,174,0,0,1,0,,15,OPERATIONAL
The Esstain Gym,"Malviya Nagar, Delhi",110017,gyms,4.5,84,0,0,1,0,,5,OPERATIONAL
Workout Studio,"Malviya Nagar, Delhi",110017,gyms,4.3,116,0,1,1,0,,5,OPERATIONAL
FWS Transformation Studio,"Malviya Nagar, Delhi",110017,gyms,5.0,205,0,0,1,0,,6,OPERATIONAL
AMI Fitness Classes,"Malviya Nagar, Delhi",110017,gyms,5.0,27,0,0,1,0,,6,OPERATIONAL
The Fitnesia,"Malviya Nagar, Delhi",110017,gyms,4.9,26,0,0,0,0,,6,OPERATIONAL
Daposh fashion,"Malviya Nagar, Delhi",110017,clothing stores,4.9,832,0,1,1,0,,4,OPERATIONAL
Cantabil,"Malviya Nagar, Delhi",110017,clothing stores,4.9,1315,0,1,1,0,,5,OPERATIONAL
The Brand Store,"Malviya Nagar, Delhi",110017,clothing stores,4.9,237,0,0,1,0,,4,OPERATIONAL
NS FASHION STUDIO,"Malviya Nagar, Delhi",110017,clothing stores,4.9,332,0,0,1,0,,4,OPERATIONAL
Fashion Paradise,"Malviya Nagar, Delhi",110017,clothing stores,4.8,147,0,0,0,0,,4,OPERATIONAL
Brands Lovers,"Malviya Nagar, Delhi",110017,clothing stores,4.8,97,0,0,0,0,,4,OPERATIONAL
Pummy Wears,"Malviya Nagar, Delhi",110017,clothing stores,4.7,49,0,0,1,0,,4,OPERATIONAL
Impression Clothing Store,"Malviya Nagar, Delhi",110017,clothing stores,4.7,15,0,0,1,0,,4,OPERATIONAL
"Kiaasa - Malviya Nagar, New Delhi","Malviya Nagar, Delhi",110017,clothing stores,4.9,204,0,1,1,0,,4,OPERATIONAL
Kanha Garments,"Malviya Nagar, Delhi",110017,clothing stores,4.1,83,0,0,1,0,,4,OPERATIONAL
SHREE - She is Special,"Malviya Nagar, Delhi",110017,clothing stores,4.4,41,0,1,1,0,,7,OPERATIONAL
Vals Men,"Malviya Nagar, Delhi",110017,clothing stores,4.5,192,0,1,1,0,,4,OPERATIONAL
The Raymond store | Malviya Nagar | Clothing Store | Chanan Singh Het Raj | Authorised Stockist,"Malviya Nagar, Delhi",110017,clothing stores,4.7,79,0,1,1,0,,8,OPERATIONAL
SAM'S GARMENTS - Best Kids' Wear Shop in Malviya Nagar,"Malviya Nagar, Delhi",110017,clothing stores,4.9,37,0,0,1,0,,4,OPERATIONAL
Max,"Malviya Nagar, Delhi",110017,clothing stores,3.9,375,0,1,1,0,,3,OPERATIONAL
MY STYLE,"Malviya Nagar, Delhi",110017,clothing stores,4.9,49,0,0,1,0,,5,OPERATIONAL
Florence fashion trends,"Malviya Nagar, Delhi",110017,clothing stores,4.5,46,0,1,1,0,,4,OPERATIONAL
VALANTINO,"Malviya Nagar, Delhi",110017,clothing stores,4.8,113,0,0,0,0,,4,OPERATIONAL
Neelam Fab,"Malviya Nagar, Delhi",110017,clothing stores,4.6,47,0,1,1,0,,7,OPERATIONAL
The Raymond shop,"Malviya Nagar, Delhi",110017,clothing stores,4.8,663,0,1,1,0,,6,OPERATIONAL
"Rajmandir Hypermarket, Malviya Nagar","Malviya Nagar, Delhi",110017,grocery stores,4.1,1944,0,1,1,0,,8,OPERATIONAL
New Shop,"Malviya Nagar, Delhi",110017,grocery stores,5.0,89,0,1,0,0,,6,OPERATIONAL
ADARSH MART,"Malviya Nagar, Delhi",110017,grocery stores,4.7,65,0,0,1,0,,6,OPERATIONAL
Chaudhary Super Store,"Malviya Nagar, Delhi",110017,grocery stores,3.8,134,0,0,1,0,,6,OPERATIONAL
Trishhul SuperMart,"Malviya Nagar, Delhi",110017,grocery stores,4.4,63,0,0,1,0,,10,OPERATIONAL
Shree Durga Store,"Malviya Nagar, Delhi",110017,grocery stores,4.2,140,0,0,1,0,,6,OPERATIONAL
VERMA SUPER MART,"Malviya Nagar, Delhi",110017,grocery stores,4.3,18,0,0,1,0,,6,OPERATIONAL
Firstcry.com Store Delhi Malviya Nagar,"Malviya Nagar, Delhi",110017,grocery stores,4.9,1366,0,0,1,0,,11,OPERATIONAL
Kwality Store,"Malviya Nagar, Delhi",110017,grocery stores,4.4,10,0,0,1,0,,6,OPERATIONAL
Miniso,"Malviya Nagar, Delhi",110017,grocery stores,4.2,1927,0,1,1,0,,4,OPERATIONAL
Moti Sweets मोती स्वीट्स,"Malviya Nagar, Delhi",110017,grocery stores,4.0,3974,0,1,1,0,,9,OPERATIONAL
Panchsheel Provisional Store,"Malviya Nagar, Delhi",110017,grocery stores,4.3,16,0,0,1,0,,6,OPERATIONAL
"HealthKart - Malviya Nagar, New Delhi","Malviya Nagar, Delhi",110017,grocery stores,4.9,102,0,1,1,0,,8,OPERATIONAL
Red Market,"Malviya Nagar, Delhi",110017,grocery stores,3.8,210,0,0,0,0,,3,OPERATIONAL
New Chhatwal Electrical,"Malviya Nagar, Delhi",110017,electronics shops,3.9,190,0,0,1,0,,4,OPERATIONAL
New Delhi Electricals,"Malviya Nagar, Delhi",110017,electronics shops,4.2,159,0,1,1,0,,5,OPERATIONAL
Allex Electronics Industries,"Malviya Nagar, Delhi",110017,electronics shops,4.7,45,0,0,1,0,,4,OPERATIONAL
LG COCO - Malviya Nagar,"Malviya Nagar, Delhi",110017,electronics shops,4.6,117,0,1,1,0,,4,OPERATIONAL
RAJ ELECTRONICS,"Malviya Nagar, Delhi",110030,electronics shops,4.5,61,0,0,0,0,,3,OPERATIONAL
Panasonic Exclusive Store Unique Enterprises,"Malviya Nagar, Delhi",110017,electronics shops,4.3,118,0,1,1,0,,5,OPERATIONAL
Samsung SmartPlaza -Raj Electronics Malviya Nagar,"Malviya Nagar, Delhi",110017,electronics shops,4.2,10,0,1,1,0,,5,OPERATIONAL
Pawan Electric And Sanitary Store - Havells Authorised Partner,"Malviya Nagar, Delhi",110017,electronics shops,4.4,136,0,1,1,0,,5,OPERATIONAL
Delhi Electric and Trading Company,"Malviya Nagar, Delhi",110017,electronics shops,3.6,9,0,0,1,0,,5,OPERATIONAL
Computer Brothers,"Malviya Nagar, Delhi",110017,electronics shops,4.3,158,0,0,1,0,,6,OPERATIONAL
R.K. Electricals,"Malviya Nagar, Delhi",110017,electronics shops,3.8,15,0,0,1,0,,4,OPERATIONAL
"Unicorn, Apple Authorised Reseller","Malviya Nagar, Delhi",110017,electronics shops,4.3,1684,0,1,1,0,,5,OPERATIONAL
Dheeraj Electricals,"Malviya Nagar, Delhi",110017,electronics shops,4.5,13,0,0,1,0,,4,OPERATIONAL
RHT CLINIC,"Malviya Nagar, Delhi",110017,clinics,4.9,284,0,1,1,0,,7,OPERATIONAL
Dr Batra Diagnostic Centre at D Plus Diagnocare,"Malviya Nagar, Delhi",110017,clinics,4.9,1177,0,1,1,0,,8,OPERATIONAL
A O Speciality Clinics,"Malviya Nagar, Delhi",110017,clinics,4.8,222,0,1,1,0,,5,OPERATIONAL
Genova Clinic- Dr.Nilotpala Mohanty - Lady Gynaecologist in South Delhi,"Malviya Nagar, Delhi",110017,clinics,5.0,592,0,1,1,0,,7,OPERATIONAL
Care Medical Clinic,"Malviya Nagar, Delhi",110017,clinics,4.9,60,0,0,1,0,,4,OPERATIONAL
Wellness Clinic,"Malviya Nagar, Delhi",110017,clinics,5.0,43,0,0,1,0,,5,OPERATIONAL
Healence Clinic & Diagnostics,"Malviya Nagar, Delhi",110017,clinics,4.6,30,0,0,1,0,,11,OPERATIONAL
Varsity Skin & Wellness Clinic,"Malviya Nagar, Delhi",110017,clinics,4.8,1039,0,1,1,0,,5,OPERATIONAL
"Orchid Skin, Laser & Hair Clinic | laser hair removal, Dermatologist, Skin Care | Malviya Nagar, New Delhi","Malviya Nagar, Delhi",110017,clinics,4.9,499,0,1,1,0,,12,OPERATIONAL
Madhukar Rainbow Children’s Hospital – Best Pediatric Hospital in Delhi,"Malviya Nagar, Delhi",110017,clinics,4.8,7596,0,1,1,0,,7,OPERATIONAL
Dr Mukul's Diagnostic Clinic,"Malviya Nagar, Delhi",110017,clinics,4.4,434,0,1,1,0,,5,OPERATIONAL
"SkinVision - Skin, Hair and Eye Clinic I Dr. Prashant Dermatologist (AIIMS, Delhi) I Dr. Lavi Ophthalmologist","Malviya Nagar, Delhi",110017,clinics,5.0,37,0,0,0,0,,5,OPERATIONAL
Advance Diagnostic - Ultrasound Centre in Malviya Nagar Delhi,"Malviya Nagar, Delhi",110017,clinics,4.8,225,0,1,1,0,,4,OPERATIONAL
𝗖𝗛𝗔𝗜𝗧𝗔𝗡𝗬𝗔 𝗗𝗘𝗡𝗧𝗔𝗟 & 𝗦𝗞𝗜𝗡 𝗖𝗟𝗜𝗡𝗜𝗖 | 𝗗𝗘𝗡𝗧𝗔𝗟 𝗖𝗟𝗜𝗡𝗜𝗖 𝗜𝗡 𝗗𝗘𝗟𝗛𝗜 | 𝗗𝗘𝗡𝗧𝗔𝗟 - 𝗛𝗔𝗜𝗥 - 𝗦𝗞𝗜𝗡,"Malviya Nagar, Delhi",110017,clinics,4.8,223,0,1,1,0,,10,OPERATIONAL
Goel Dental,"Malviya Nagar, Delhi",110017,clinics,4.8,711,0,1,1,0,,7,OPERATIONAL
Dr. Shilpa’s Dental Clinic,"Malviya Nagar, Delhi",110017,clinics,4.9,81,0,1,1,0,,6,OPERATIONAL
Foresight Eye Clinic,"Malviya Nagar, Delhi",110017,clinics,4.8,1324,0,1,1,0,,8,OPERATIONAL
AISHH Clinic- Best dermatologist and hair transplant in delhi,"Malviya Nagar, Delhi",110017,clinics,4.9,586,0,1,1,0,,9,OPERATIONAL
Dr.clinic,"Malviya Nagar, Delhi",110017,clinics,5.0,8,0,0,1,0,,5,OPERATIONAL
ortho pain management & specialist clinic delhi,"Malviya Nagar, Delhi",110017,clinics,4.9,63,0,1,0,0,,4,OPERATIONAL
"Theobroma Bakery and Cake Shop - Malviya Nagar, New Delhi","Malviya Nagar, Delhi",110017,bakeries,4.7,323,0,1,1,1,2.0,14,OPERATIONAL
THEOS Malviya Nagar,"Malviya Nagar, Delhi",110017,bakeries,4.6,79,0,1,1,0,,6,OPERATIONAL
Batra Bakers - Best bakery Shop in Malviya Nagar,"Malviya Nagar, Delhi",110017,bakeries,3.6,412,0,0,1,1,2.0,6,OPERATIONAL
Sugar Mama Bakery & cake shop,"Malviya Nagar, Delhi",110017,bakeries,4.7,113,0,1,1,0,,6,OPERATIONAL
Cakes & Bakes,"Malviya Nagar, Delhi",110017,bakeries,3.8,368,0,0,1,1,2.0,9,OPERATIONAL
French Bakers,"Malviya Nagar, Delhi",,bakeries,4.7,2760,0,1,1,1,2.0,6,OPERATIONAL
Parkash Bakery - Bakery Shop In Malviya Nagar,"Malviya Nagar, Delhi",110017,bakeries,3.8,335,0,1,1,1,2.0,6,OPERATIONAL
Bake For Me ( Bakery Shop in Malviya Nagar ),"Malviya Nagar, Delhi",110017,bakeries,4.7,29,0,0,1,0,,6,OPERATIONAL
Flavours Guru - #1 Bakery & Cake Shop in Delhi,"Malviya Nagar, Delhi",110017,bakeries,4.4,1202,0,1,1,0,,6,OPERATIONAL
Ave Maria Foods Pvt Ltd,"Malviya Nagar, Delhi",110017,bakeries,4.3,39,0,1,1,0,,6,OPERATIONAL
The Tea Bake,"Malviya Nagar, Delhi",110017,bakeries,4.8,21,0,1,0,0,,6,OPERATIONAL
Sweetness Of Love,"Malviya Nagar, Delhi",110017,bakeries,5.0,26,0,0,0,0,,6,OPERATIONAL
Dr. Bake,"Malviya Nagar, Delhi",110017,bakeries,5.0,35,0,1,1,0,,6,OPERATIONAL
Bakerscuisine By Harmeet,"Malviya Nagar, Delhi",110017,bakeries,4.9,24,0,0,1,0,,6,OPERATIONAL
Apollo Pharmacy Malviya Nagar New,"Malviya Nagar, Delhi",110017,pharmacies,3.9,98,0,1,1,0,,8,OPERATIONAL
Zeelab Pharmacy - Malviya Nagar,"Malviya Nagar, Delhi",110017,pharmacies,4.9,128,0,1,1,0,,5,OPERATIONAL
One Bharat Pharmacy - Malviya Nagar,"Malviya Nagar, Delhi",110017,pharmacies,4.9,79,0,1,1,0,,6,OPERATIONAL
SHARMA CHEMIST,"Malviya Nagar, Delhi",110017,pharmacies,4.9,75,0,0,1,0,,5,OPERATIONAL
JAN SEVA DAWA BAZAAR MALVIYA NAGAR,"Malviya Nagar, Delhi",110017,pharmacies,5.0,14,0,0,1,0,,5,OPERATIONAL
ZayMed Pharmacy Malviya Nagar South Delhi,"Malviya Nagar, Delhi",110017,pharmacies,4.9,57,0,1,1,0,,5,OPERATIONAL
Medvise Pharmacy,"Malviya Nagar, Delhi",110017,pharmacies,5.0,4,0,0,1,0,,6,OPERATIONAL
Raman Medicos,"Malviya Nagar, Delhi",110017,pharmacies,4.7,129,0,0,1,0,,12,OPERATIONAL
Apollo Pharmacy Malviya Nagar D Block,"Malviya Nagar, Delhi",110017,pharmacies,4.0,14,0,1,1,0,,13,OPERATIONAL
Maxwell Chemist,"Malviya Nagar, Delhi",110017,pharmacies,4.1,15,0,0,1,0,,5,OPERATIONAL
Hi-Med Pharmacy | Best Medical Store in Malviya Nagar | Free Home Delivery Medicine,"Malviya Nagar, Delhi",110017,pharmacies,4.3,7,0,0,0,0,,5,OPERATIONAL
Vardhman Chemist,"Malviya Nagar, Delhi",110017,pharmacies,4.4,38,0,0,1,0,,5,OPERATIONAL
Maximum Help Pharmacy (Govt. Approved),"Malviya Nagar, Delhi",110017,pharmacies,4.3,27,0,0,1,0,,5,OPERATIONAL
Kamal Chemists,"Malviya Nagar, Delhi",110017,pharmacies,4.7,12,0,0,1,0,,6,OPERATIONAL
Universal Pharmacy,"Malviya Nagar, Delhi",110017,pharmacies,2.6,19,0,0,1,0,,5,OPERATIONAL
Sahara Chemist,"Malviya Nagar, Delhi",110017,pharmacies,4.8,18,0,0,1,0,,9,OPERATIONAL
Medicine Point,"Malviya Nagar, Delhi",110017,pharmacies,4.9,29,0,0,1,0,,5,OPERATIONAL
IB-CAIE World Tutorials & Consultants,"Malviya Nagar, Delhi",110017,tutoring centers,5.0,139,0,0,1,0,,3,OPERATIONAL
Bisht Tutorials,"Malviya Nagar, Delhi",110017,tutoring centers,5.0,86,0,0,1,0,,3,OPERATIONAL
ALS Academy by Vidhu ma'am,"Malviya Nagar, Delhi",110017,tutoring centers,5.0,38,0,0,1,0,,3,OPERATIONAL
Mathematics Classes By Navneet Sir,"Malviya Nagar, Delhi",110017,tutoring centers,5.0,99,0,0,1,0,,2,OPERATIONAL
Goswami Education Centre,"Malviya Nagar, Delhi",110017,tutoring centers,4.9,126,0,0,0,0,,3,OPERATIONAL
Achievers Academy,"Malviya Nagar, Delhi",110017,tutoring centers,4.9,99,0,1,1,0,,3,OPERATIONAL
Learners Hub - Learning is a treasure that will follow its owner everywhere,"Malviya Nagar, Delhi",110017,tutoring centers,5.0,69,0,1,1,0,,2,OPERATIONAL
Study Skills Center TUTIONS | GK | French | ACTIVITIES | Taekwondo | Guitar | Keyboard | Dance,"Malviya Nagar, Delhi",110017,tutoring centers,4.9,119,0,1,1,0,,5,OPERATIONAL
EXEMPLAR POINT,"Malviya Nagar, Delhi",110017,tutoring centers,4.6,162,0,1,1,0,,4,OPERATIONAL
Online Physics Tutor | Physics Home Tuition Tutors in South Delhi,"Malviya Nagar, Delhi",110017,tutoring centers,4.8,49,0,1,1,0,,4,OPERATIONAL
The study cube commerce academy,"Malviya Nagar, Delhi",110017,tutoring centers,4.9,154,0,0,1,0,,2,OPERATIONAL
adarshacademy,"Malviya Nagar, Delhi",110017,tutoring centers,4.9,91,0,0,1,0,,2,OPERATIONAL
Rama Tuition Classes,"Malviya Nagar, Delhi",110017,tutoring centers,5.0,17,0,0,0,0,,2,OPERATIONAL
Shikshaya Namah:,"Malviya Nagar, Delhi",110017,tutoring centers,4.9,412,0,1,1,0,,2,OPERATIONAL
Learn With Sweta | CBSE Educational Consultant,"Malviya Nagar, Delhi",110017,tutoring centers,4.9,25,0,1,1,0,,6,OPERATIONAL
iQuest Malviya Nagar | Best Coaching Center,"Malviya Nagar, Delhi",110017,tutoring centers,4.8,106,0,1,1,0,,3,OPERATIONAL
GMATinsight GMAT | GRE | SAT | IELTS Best Coaching in Malviya Nagar South New Delhi,"Malviya Nagar, Delhi",110017,tutoring centers,4.9,71,0,1,1,0,,4,OPERATIONAL
NIPSTec,"Malviya Nagar, Delhi",110017,tutoring centers,4.9,411,0,1,1,0,,3,OPERATIONAL
Nishant Academy,"Malviya Nagar, Delhi",110017,tutoring centers,4.6,71,0,1,1,0,,3,OPERATIONAL
Kids Elixir Abacus Champs Academy Malviya Nagar Abacus Classes and Cube Classes,"Malviya Nagar, Delhi",110017,tutoring centers,5.0,67,0,1,1,0,,3,OPERATIONAL
John sofa repair and sofa manufacturers,"Malviya Nagar, Delhi",110017,furniture stores,4.9,116,0,1,1,0,,8,OPERATIONAL
Srk Furniture Maintenance,"Malviya Nagar, Delhi",110017,furniture stores,4.9,196,0,1,1,0,,4,OPERATIONAL
Guddu sofa & chair repair,"Malviya Nagar, Delhi",110017,furniture stores,4.9,159,0,0,1,0,,3,OPERATIONAL
Mercury Steel Furnitures since 1982,"Malviya Nagar, Delhi",110017,furniture stores,4.6,8,0,0,1,0,,7,OPERATIONAL
Ak sofa And chair repair service,"Malviya Nagar, Delhi",110017,furniture stores,4.9,54,0,1,0,0,,3,OPERATIONAL
MONIKA SOFA & CHAIR REPAIR,"Malviya Nagar, Delhi",110017,furniture stores,5.0,26,0,1,1,0,,3,OPERATIONAL
Shyam furnishing Mart,"Malviya Nagar, Delhi",110017,furniture stores,5.0,109,0,1,1,0,,3,OPERATIONAL
Geetanjali Furnishers Pvt. Ltd.,"Malviya Nagar, Delhi",110017,furniture stores,2.8,17,0,0,1,0,,4,OPERATIONAL
RK Foam Traders Mattress Store - Malviya Nagar,"Malviya Nagar, Delhi",110017,furniture stores,4.9,64,0,1,1,0,,6,OPERATIONAL
Om Furniture House,"Malviya Nagar, Delhi",110017,furniture stores,2.1,19,0,1,1,0,,7,OPERATIONAL
Lofty Dreams Recliners,"Malviya Nagar, Delhi",110017,furniture stores,5.0,54,0,1,1,0,,10,OPERATIONAL
RB sofa repairing and sofa manufacturing,"Malviya Nagar, Delhi",110017,furniture stores,4.8,23,0,0,0,0,,7,OPERATIONAL
Sleepwell Gallery - Ramsons Furnishings,"Malviya Nagar, Delhi",110017,furniture stores,4.5,92,0,1,1,0,,6,OPERATIONAL
SD FURNISHING,"Malviya Nagar, Delhi",110017,furniture stores,4.7,7,0,1,1,0,,6,OPERATIONAL
"SR Furniture Home Renew & Repair, paint & Fabricator","Malviya Nagar, Delhi",110017,furniture stores,5.0,18,0,0,1,0,,4,OPERATIONAL
Urban Oak Studio by noshad-carpenter and furniture works,"Malviya Nagar, Delhi",110017,furniture stores,4.9,43,0,0,1,0,,7,OPERATIONAL
Raja Hindustani Sofa Repair and Upholstery,"Malviya Nagar, Delhi",110017,furniture stores,4.8,75,0,1,1,0,,7,OPERATIONAL
My Mobile Wale (Malviya Nagar),"Malviya Nagar, Delhi",110017,mobile shops,4.7,67,0,0,1,0,,4,OPERATIONAL
"Cashify Mobile Phone Shop | Buy, Sell and Repair in Malviya Nagar Metro Delhi","Malviya Nagar, Delhi",110017,mobile shops,4.8,528,0,1,1,0,,6,OPERATIONAL
TRING - The Gadget store,"Malviya Nagar, Delhi",110017,mobile shops,4.5,176,0,0,1,0,,6,OPERATIONAL
Mobile Solutions,"Malviya Nagar, Delhi",110017,mobile shops,4.9,60,0,0,1,0,,5,OPERATIONAL
"Mi Home - Malviya Nagar, New Delhi","Malviya Nagar, Delhi",110017,mobile shops,4.3,3236,0,1,1,0,,4,OPERATIONAL
Hotspot mobile store,"Malviya Nagar, Delhi",110017,mobile shops,4.9,23,0,1,1,0,,4,OPERATIONAL
Guru Nanak Communication,"Malviya Nagar, Delhi",110017,mobile shops,4.6,159,0,0,1,0,,6,OPERATIONAL
Mobiliti World,"Malviya Nagar, Delhi",110017,mobile shops,3.7,20,0,0,0,0,,4,OPERATIONAL
Dewan Ji Communication,"Malviya Nagar, Delhi",110017,mobile shops,3.8,57,0,0,1,0,,4,OPERATIONAL
Shaan Mobile,"Malviya Nagar, Delhi",110017,mobile shops,5.0,10,0,0,1,0,,3,OPERATIONAL
Bansal Sons Jewellers,"Malviya Nagar, Delhi",110017,jewellery shops,4.4,67,0,0,1,0,,4,OPERATIONAL
Dhruv Jewellers,"Malviya Nagar, Delhi",110017,jewellery shops,4.4,144,0,1,1,0,,4,OPERATIONAL
Malik Sons Jewellers Heritage,"Malviya Nagar, Delhi",110017,jewellery shops,4.9,45,0,1,1,0,,4,OPERATIONAL
"GIVA Silver & Gold Jewellery Store | Malviya Nagar, Delhi","Malviya Nagar, Delhi",110017,jewellery shops,4.9,735,0,1,1,0,,7,OPERATIONAL
JoolsArt®️ Bridal Jewellery,"Malviya Nagar, Delhi",110017,jewellery shops,4.9,103,0,1,1,0,,7,OPERATIONAL
Jisha Jewels,"Malviya Nagar, Delhi",110017,jewellery shops,5.0,68,0,1,1,0,,8,OPERATIONAL
Jainco Jewellers,"Malviya Nagar, Delhi",110017,jewellery shops,4.7,52,0,1,1,0,,5,OPERATIONAL
Sai Gems & Diamonds,"Malviya Nagar, Delhi",110017,jewellery shops,4.9,594,0,1,1,0,,7,OPERATIONAL
Maha Durga Jewellers,"Malviya Nagar, Delhi",110017,jewellery shops,4.8,24,0,0,1,0,,4,OPERATIONAL
Girija art jewels,"Malviya Nagar, Delhi",110017,jewellery shops,5.0,36,0,1,0,0,,6,OPERATIONAL
Ganpati Jewellers,"Malviya Nagar, Delhi",110017,jewellery shops,4.2,46,0,0,1,0,,4,OPERATIONAL
JKJ JEWELLERS - Best and Trusted Gold | Diamond Jewellery Shop in Jaipur,"Malviya Nagar, Delhi",,jewellery shops,4.6,350,0,1,1,0,,5,OPERATIONAL
Bridal jewelry shop/lehenga & jewelry on rent,"Malviya Nagar, Delhi",110017,jewellery shops,4.9,99,0,1,1,0,,6,OPERATIONAL
SK Jewellers,"Malviya Nagar, Delhi",110017,jewellery shops,3.8,96,0,0,1,0,,4,OPERATIONAL
cash for gold pvt. ltd.,"Malviya Nagar, Delhi",110017,jewellery shops,4.9,160,0,1,1,0,,5,OPERATIONAL
Bengal Jewellers,"Malviya Nagar, Delhi",110017,jewellery shops,5.0,11,0,0,1,0,,6,OPERATIONAL
Silver Chandi,"Malviya Nagar, Delhi",110017,jewellery shops,5.0,14,0,1,0,0,,5,OPERATIONAL
Only Diamonds,"Malviya Nagar, Delhi",110017,jewellery shops,4.9,15,0,0,1,0,,4,OPERATIONAL
Sahil Jewellers,"Malviya Nagar, Delhi",110017,jewellery shops,4.6,10,0,1,1,0,,4,OPERATIONAL
Gurunanak Building Material Store,"Malviya Nagar, Delhi",110017,hardware stores,4.4,7,0,0,1,0,,5,OPERATIONAL
Satija Paints & Building Material Store,"Malviya Nagar, Delhi",110017,hardware stores,4.7,33,0,1,1,0,,6,OPERATIONAL
Bhatia Sanitary & Hardware Store,"Malviya Nagar, Delhi",110017,hardware stores,4.3,3,0,0,1,0,,5,OPERATIONAL
Sheikh Brothers Hardware,"Malviya Nagar, Delhi",110017,hardware stores,4.3,7,0,0,0,0,,6,OPERATIONAL
New Delhi Hardware,"Malviya Nagar, Delhi",110017,hardware stores,5.0,3,0,0,1,0,,5,OPERATIONAL
Rose Hardware & Paints,"Malviya Nagar, Delhi",110017,hardware stores,4.2,5,0,0,1,0,,5,OPERATIONAL
Shree Ram Enterprises,"Malviya Nagar, Delhi",110017,hardware stores,4.6,32,0,0,1,0,,10,OPERATIONAL
Balaji Building Material Supplier,"Malviya Nagar, Delhi",110017,hardware stores,4.1,14,0,0,1,0,,5,OPERATIONAL
Shri Shyam store,"Malviya Nagar, Delhi",110017,hardware stores,5.0,10,0,1,0,0,,5,OPERATIONAL
Mahabir Sanitary Store,"Malviya Nagar, Delhi",110017,hardware stores,4.2,50,0,0,1,0,,6,OPERATIONAL
Khalsa Computerised Key Home Service,"Malviya Nagar, Delhi",110017,hardware stores,5.0,62,0,1,1,0,,5,OPERATIONAL
Vikas&Company,"Malviya Nagar, Delhi",110017,hardware stores,5.0,4,0,0,1,0,,5,OPERATIONAL
Shri Ram Paint Sanitary Hardware and Electricals,"Malviya Nagar, Delhi",110017,hardware stores,4.7,3,0,0,1,0,,5,OPERATIONAL
Guruprasad Udupi Restaurant,"Munirka, Delhi",110067,restaurants,4.3,7185,0,1,1,1,2.0,7,OPERATIONAL
Anupam Restaurant,"Munirka, Delhi",110067,restaurants,3.8,3892,0,0,1,1,2.0,6,OPERATIONAL
Vedanta Restaurant,"Munirka, Delhi",110067,restaurants,3.9,1047,0,1,1,1,2.0,6,OPERATIONAL
Tlangmi Choka Restaurant,"Munirka, Delhi",110067,restaurants,4.8,76,0,1,1,0,,5,OPERATIONAL
Nek Leh Dawn,"Munirka, Delhi",110067,restaurants,4.5,79,0,0,0,0,,5,OPERATIONAL
Sarathi's south Indian family restaurant,"Munirka, Delhi",110067,restaurants,4.1,890,0,0,1,1,2.0,8,OPERATIONAL
Miss Pinto Delhi,"Munirka, Delhi",110057,restaurants,4.4,590,0,1,1,1,2.0,5,OPERATIONAL
Madurai Chettinad Mess (Tamil restaurant),"Munirka, Delhi",110067,restaurants,4.0,283,0,1,1,0,,6,OPERATIONAL
Aroma Cafe & Restaurant,"Munirka, Delhi",110067,restaurants,4.5,51,0,0,1,0,,4,OPERATIONAL
Sayyam Restaurant,"Munirka, Delhi",110067,restaurants,4.3,914,0,0,1,0,,6,OPERATIONAL
Amma Kitchen,"Munirka, Delhi",110067,restaurants,4.8,22,0,0,1,0,,6,OPERATIONAL
Chinese Darbar Restaurant,"Munirka, Delhi",110067,restaurants,4.0,143,0,0,1,0,,5,OPERATIONAL
The Chai Story Munirka,"Munirka, Delhi",110067,restaurants,4.0,153,0,0,1,0,,11,OPERATIONAL
Singi's Restaurant,"Munirka, Delhi",110067,restaurants,4.3,62,0,0,1,0,,4,OPERATIONAL
N&D's Glam Chilli,"Munirka, Delhi",110067,restaurants,3.9,50,0,0,1,0,,6,OPERATIONAL
"AMOR Café & Restaurant, Rooftop restaurant","Munirka, Delhi",110067,restaurants,4.5,21,0,0,1,0,,5,OPERATIONAL
The Agave Room,"Munirka, Delhi",110057,restaurants,4.7,46,0,1,1,0,,4,OPERATIONAL
North East Appetite Restaurant,"Munirka, Delhi",110067,restaurants,4.9,83,0,1,1,0,,4,OPERATIONAL
Hunger Hostel,"Munirka, Delhi",110067,restaurants,4.6,17,0,0,1,0,,5,OPERATIONAL
Te Amo Cafeteria,"Munirka, Delhi",110067,cafes,4.6,128,0,0,1,0,,4,OPERATIONAL
Bawali Brew,"Munirka, Delhi",110067,cafes,5.0,23,0,0,1,0,,4,OPERATIONAL
Dos amigos cafe&Kitchen,"Munirka, Delhi",110067,cafes,5.0,46,0,0,1,0,,4,OPERATIONAL
HillsTalk Cafe,"Munirka, Delhi",110067,cafes,4.0,7,0,0,1,0,,4,OPERATIONAL
Perch Wine & Coffee Bar,"Munirka, Delhi",110057,cafes,4.4,2250,0,1,1,1,3.0,11,OPERATIONAL
Barista,"Munirka, Delhi",110057,cafes,4.4,655,0,1,1,1,2.0,13,OPERATIONAL
Sandwiches Cafe,"Munirka, Delhi",110067,cafes,4.6,51,0,0,1,0,,5,OPERATIONAL
Kebab House By Habbit,"Munirka, Delhi",110057,cafes,4.1,292,0,1,1,0,,10,OPERATIONAL
Nagori tea and Cafe,"Munirka, Delhi",110067,cafes,4.6,7,0,0,0,0,,7,OPERATIONAL
"India Coffee House, JNU","Munirka, Delhi",110067,cafes,4.1,693,0,1,0,1,1.0,3,OPERATIONAL
Sangam Courtyard,"Munirka, Delhi",110022,cafes,4.4,12014,1,1,0,0,,13,OPERATIONAL
Eimi unisex salon & academy,"Munirka, Delhi",110067,salons,5.0,219,0,1,1,0,,4,OPERATIONAL
Black Scissor unisex salon munirka,"Munirka, Delhi",110067,salons,4.7,365,0,0,1,0,,4,OPERATIONAL
Attraction Salon,"Munirka, Delhi",110067,salons,4.1,326,0,0,1,0,,4,OPERATIONAL
Style N Smile Salon,"Munirka, Delhi",110067,salons,4.8,119,0,1,1,0,,6,OPERATIONAL
The Assembly Salon,"Munirka, Delhi",110067,salons,5.0,117,0,0,1,0,,5,OPERATIONAL
R&I Beauty Studio,"Munirka, Delhi",110067,salons,4.6,56,0,1,0,0,,4,OPERATIONAL
RDiva By Richa Sharma,"Munirka, Delhi",110067,salons,4.8,213,0,0,1,0,,3,OPERATIONAL
"Lakme Salon For Him and Her in Vasant Vihar,Delhi","Munirka, Delhi",110057,salons,4.8,1989,0,1,1,0,,12,OPERATIONAL
The Lady Salon & Academy,"Munirka, Delhi",110067,salons,5.0,22,0,0,1,0,,5,OPERATIONAL
Sameer Hair Studio,"Munirka, Delhi",110067,salons,4.9,57,0,0,1,0,,5,OPERATIONAL
Ritu Salon & Beauty Products,"Munirka, Delhi",110067,salons,4.5,39,0,1,1,0,,4,OPERATIONAL
Chitra Beauty Salon,"Munirka, Delhi",110067,salons,4.6,44,0,0,1,0,,4,OPERATIONAL
Ritu Salon & Training Academy,"Munirka, Delhi",110067,salons,4.7,67,0,1,1,0,,4,OPERATIONAL
Mark unisex Salon,"Munirka, Delhi",110067,salons,5.0,7,0,0,1,0,,4,OPERATIONAL
Noi Tre Salon Basant Lok,"Munirka, Delhi",110057,salons,4.9,642,0,1,1,0,,5,OPERATIONAL
Lisa's glam salon,"Munirka, Delhi",110067,salons,4.7,28,0,0,0,0,,5,OPERATIONAL
"Lifestyle Beauty Salon - Home Service, Freelance","Munirka, Delhi",110067,salons,4.8,40,0,0,1,0,,4,OPERATIONAL
Gaezila Unisex Salon,"Munirka, Delhi",110067,salons,5.0,23,0,0,1,0,,4,OPERATIONAL
Life Care Unisex Salon,"Munirka, Delhi",110067,salons,4.2,35,0,0,1,0,,4,OPERATIONAL
Coolcut Club Salon,"Munirka, Delhi",110067,salons,4.0,20,0,1,1,0,,4,OPERATIONAL
THEXGYM,"Munirka, Delhi",110067,gyms,4.9,178,0,1,1,0,,6,OPERATIONAL
Fitfinity Gym,"Munirka, Delhi",110067,gyms,4.9,89,0,1,1,0,,5,OPERATIONAL
Good Health Family Gym,"Munirka, Delhi",110067,gyms,4.9,417,0,0,1,0,,7,OPERATIONAL
RT Fitness Center and Gym,"Munirka, Delhi",110067,gyms,4.8,76,0,0,1,0,,5,OPERATIONAL
DDA Gym Munirka,"Munirka, Delhi",110067,gyms,4.4,75,0,0,0,0,,5,OPERATIONAL
Fire Fitness Gym,"Munirka, Delhi",110067,gyms,4.1,96,0,0,1,0,,5,OPERATIONAL
Dare-2-Fit,"Munirka, Delhi",110067,gyms,4.4,100,0,0,0,0,,5,OPERATIONAL
Warriors Fitness,"Munirka, Delhi",110067,gyms,4.7,22,0,0,1,0,,5,OPERATIONAL
SK 27 Gym Vasant Vihar,"Munirka, Delhi",110057,gyms,4.6,370,0,1,1,0,,5,OPERATIONAL
FIT LIFE GYM Munirka,"Munirka, Delhi",110067,gyms,4.4,16,0,0,1,0,,5,OPERATIONAL
Diamond Gym-Best Gym In Munirka-Weight Loss Workout /Traning In Munirka,"Munirka, Delhi",110067,gyms,4.0,43,0,0,1,0,,5,OPERATIONAL
NITISH FITNESS,"Munirka, Delhi",110067,gyms,5.0,6,0,0,1,0,,5,OPERATIONAL
Raahul Fiitness Traiiner,"Munirka, Delhi",110067,gyms,4.9,14,0,0,1,0,,3,OPERATIONAL
The Iron gym,"Munirka, Delhi",110067,gyms,4.2,10,0,0,1,0,,5,OPERATIONAL
Muscle psych gym,"Munirka, Delhi",110067,gyms,4.9,10,0,0,0,0,,5,OPERATIONAL
VIJAY KUMAR TOKAS,"Munirka, Delhi",110067,gyms,3.7,23,0,0,1,0,,5,OPERATIONAL
Baba Ganganath Sports Complex,"Munirka, Delhi",110067,gyms,3.8,100,0,1,0,0,,4,OPERATIONAL
Habit Fitness,"Munirka, Delhi",110067,gyms,4.5,2,0,0,1,0,,5,OPERATIONAL
Beats'n'Grooves Dance & Fitness studio,"Munirka, Delhi",110067,gyms,4.8,33,0,0,1,0,,5,OPERATIONAL
Shri Nath ji Garments,"Munirka, Delhi",110067,clothing stores,5.0,36,0,1,1,0,,4,OPERATIONAL
LEO STORE,"Munirka, Delhi",110067,clothing stores,4.7,28,0,0,1,0,,5,OPERATIONAL
Surjan Corner,"Munirka, Delhi",110067,clothing stores,4.7,63,0,0,0,0,,4,OPERATIONAL
M Fashion,"Munirka, Delhi",110067,clothing stores,5.0,13,0,0,1,0,,4,OPERATIONAL
LaMode Munirka,"Munirka, Delhi",110067,clothing stores,3.8,33,0,0,1,0,,4,OPERATIONAL
Punjab Woollen Company,"Munirka, Delhi",110067,clothing stores,4.5,64,0,0,1,0,,4,OPERATIONAL
GenZ Threads,"Munirka, Delhi",110067,clothing stores,4.8,13,0,1,1,0,,4,OPERATIONAL
Priceless fashion,"Munirka, Delhi",110067,clothing stores,3.7,6,0,0,1,0,,3,OPERATIONAL
Haryana Handloom Emporium,"Munirka, Delhi",110067,clothing stores,4.7,33,0,0,1,0,,6,OPERATIONAL
Sree Rama Store,"Munirka, Delhi",110067,clothing stores,4.2,2903,0,0,1,0,,7,OPERATIONAL
Bala's Collection - Ladies Suits Store,"Munirka, Delhi",110067,clothing stores,5.0,3,0,0,0,0,,5,OPERATIONAL
Fancy Corner,"Munirka, Delhi",110067,clothing stores,4.7,10,0,0,1,0,,6,OPERATIONAL
K & S Clothing,"Munirka, Delhi",110067,clothing stores,5.0,6,0,0,0,0,,4,OPERATIONAL
Poonam Collection Munirka (Ladies Suits & Material),"Munirka, Delhi",110067,clothing stores,5.0,1,0,0,1,0,,5,OPERATIONAL
S. K. HANDLOOM EMPORIUM,"Munirka, Delhi",110067,clothing stores,4.6,10,0,0,1,0,,4,OPERATIONAL
DDA Market,"Munirka, Delhi",110067,clothing stores,3.9,532,0,0,1,0,,3,OPERATIONAL
R.K. Garments,"Munirka, Delhi",110067,clothing stores,3.5,6,0,0,1,0,,4,OPERATIONAL
ISHA WOMAN AND BOUTIQUE,"Munirka, Delhi",110067,clothing stores,5.0,9,0,0,1,0,,4,OPERATIONAL
Shree Tirupati Store,"Munirka, Delhi",110067,grocery stores,4.5,236,0,1,1,0,,6,OPERATIONAL
Mukul Jain Store,"Munirka, Delhi",110067,grocery stores,4.3,154,0,0,0,0,,7,OPERATIONAL
Jaiswal Mega Mart,"Munirka, Delhi",110067,grocery stores,4.6,27,0,0,1,0,,6,OPERATIONAL
Gupta north east wholesale shop,"Munirka, Delhi",110067,grocery stores,4.6,99,0,1,1,0,,3,OPERATIONAL
Ber Sarai Market,"Munirka, Delhi",110016,grocery stores,4.0,13475,1,1,0,0,,3,OPERATIONAL
GIRI - Giri Trading Agency Private Limited,"Munirka, Delhi",110067,grocery stores,4.9,1680,0,1,1,0,,10,OPERATIONAL
EASTERN DELIGHTS,"Munirka, Delhi",110067,grocery stores,4.4,74,0,0,1,0,,6,OPERATIONAL
Anil Super Shopee,"Munirka, Delhi",110066,grocery stores,4.3,591,0,0,1,0,,6,OPERATIONAL
Hanuman Market,"Munirka, Delhi",110067,grocery stores,3.8,102,0,0,0,0,,3,OPERATIONAL
Smart basket (supermarket),"Munirka, Delhi",110067,grocery stores,4.7,6,0,0,1,0,,7,OPERATIONAL
Munirka Village Entrance Gate,"Munirka, Delhi",110067,grocery stores,3.9,143,0,0,0,0,,6,OPERATIONAL
Patanjali Mega Store,"Munirka, Delhi",110067,grocery stores,4.3,29,0,1,1,0,,10,OPERATIONAL
BGN Market,"Munirka, Delhi",110067,grocery stores,3.8,113,0,0,0,0,,3,OPERATIONAL
Chikim Variety Store,"Munirka, Delhi",110067,grocery stores,4.4,17,0,0,1,0,,6,OPERATIONAL
Vijay general store,"Munirka, Delhi",110067,grocery stores,4.2,55,0,0,1,0,,6,OPERATIONAL
Pooja Store,"Munirka, Delhi",110067,grocery stores,4.3,34,0,0,1,0,,6,OPERATIONAL
Vijay General Store,"Munirka, Delhi",110067,grocery stores,4.0,96,0,0,0,0,,6,OPERATIONAL
Nishant Electricals Munirka,"Munirka, Delhi",110067,electronics shops,5.0,17,0,0,1,0,,4,OPERATIONAL
Raj Electronics,"Munirka, Delhi",110022,electronics shops,4.7,2005,0,1,1,0,,5,OPERATIONAL
Hariom Electronics - RK Puram,"Munirka, Delhi",110022,electronics shops,4.8,1107,0,1,1,0,,3,OPERATIONAL
Alankar Electrical Works,"Munirka, Delhi",110067,electronics shops,3.5,55,0,0,1,0,,4,OPERATIONAL
New Light Electricals,"Munirka, Delhi",110067,electronics shops,5.0,3,0,0,1,0,,4,OPERATIONAL
Shri Balaji Electricals,"Munirka, Delhi",110067,electronics shops,3.7,3,0,0,1,0,,4,OPERATIONAL
Khushi Electronics,"Munirka, Delhi",110067,electronics shops,5.0,7,0,1,1,0,,6,OPERATIONAL
RAVI Mobile & Electronic,"Munirka, Delhi",110067,electronics shops,5.0,107,0,0,1,0,,4,OPERATIONAL
Sanjeep Electronics,"Munirka, Delhi",110067,electronics shops,4.3,4,0,0,1,0,,4,OPERATIONAL
S S Electronics &Computers,"Munirka, Delhi",110067,electronics shops,4.6,63,0,0,1,0,,3,OPERATIONAL
Shiv Electricals,"Munirka, Delhi",110067,electronics shops,5.0,4,0,0,1,0,,4,OPERATIONAL
A.K. Electricals & Electronics,"Munirka, Delhi",110067,electronics shops,3.0,4,0,0,1,0,,4,OPERATIONAL
Sachdeva Enterprises,"Munirka, Delhi",110067,electronics shops,5.0,50,0,0,1,0,,3,OPERATIONAL
Vishnu Electricals,"Munirka, Delhi",110067,electronics shops,4.3,3,0,0,1,0,,4,OPERATIONAL
SCT Computer Systems,"Munirka, Delhi",110067,electronics shops,4.8,82,0,1,1,0,,7,OPERATIONAL
Ashish Telecom,"Munirka, Delhi",110067,electronics shops,4.7,3,0,0,1,0,,4,OPERATIONAL
Aditya Mobile,"Munirka, Delhi",110067,electronics shops,3.8,4,0,0,0,0,,4,OPERATIONAL
HEALTH CARE & CURE CLINICS (Dr. Ashok K Mittal)-Best Physician In Munirka - Best Diabetologist In Munirka,"Munirka, Delhi",110067,clinics,4.8,92,0,0,1,0,,4,OPERATIONAL
Sharma Polyclinic And Diagnostic Centre,"Munirka, Delhi",110067,clinics,5.0,35,0,1,1,0,,7,OPERATIONAL
Health view Diagnostic Centre,"Munirka, Delhi",110067,clinics,4.4,270,0,1,1,0,,5,OPERATIONAL
K L Chest + Diagnostic Clinic,"Munirka, Delhi",110067,clinics,4.1,57,0,1,1,0,,4,OPERATIONAL
Priyanjali Clinic,"Munirka, Delhi",110067,clinics,3.6,14,0,0,0,0,,4,OPERATIONAL
KALPSS MEDICAL CENTRE,"Munirka, Delhi",110067,clinics,5.0,1,0,0,1,0,,4,OPERATIONAL
Dr Lal PathLabs - Patient Service Centre,"Munirka, Delhi",110067,clinics,4.6,104,0,1,1,0,,4,OPERATIONAL
Dr Sanjay Chandna,"Munirka, Delhi",110067,clinics,4.9,27,0,0,1,0,,4,OPERATIONAL
Dr. Nanda's Clinic,"Munirka, Delhi",110067,clinics,4.4,20,0,0,1,0,,5,OPERATIONAL
Teena Clinic,"Munirka, Delhi",110067,clinics,2.3,3,0,0,1,0,,4,OPERATIONAL
"Clove Dental Clinic in Munirka, Delhi","Munirka, Delhi",110067,clinics,4.8,798,0,1,1,0,,7,OPERATIONAL
Dr. Ajeeta Goel Physiotherapy Clinic | Spine & Chiropractic Care Clinic | Sports Injury Clinic in Murnirka | South delhi,"Munirka, Delhi",110067,clinics,5.0,172,0,1,1,0,,8,OPERATIONAL
"Dr. Kumar's Homeopathy & Mental Health Clinic Stress, Depression,Anxiety treatment, best Homoeopathic Psychiatrist in Delhi","Munirka, Delhi",110067,clinics,4.3,197,0,1,1,0,,6,OPERATIONAL
Yogmaya Clinic & Hospital,"Munirka, Delhi",110067,clinics,5.0,2,0,0,1,0,,4,OPERATIONAL
"Dental Excellence, Munirka","Munirka, Delhi",110067,clinics,5.0,89,0,1,1,0,,5,OPERATIONAL
Nestiva Hospital Munirka,"Munirka, Delhi",110067,clinics,3.5,285,0,1,1,0,,5,OPERATIONAL
Daya Memorial Hospital / Hygiea Hospital,"Munirka, Delhi",110067,clinics,3.7,158,0,1,1,0,,5,OPERATIONAL
Dr. Neha Singh Primary care Clinic,"Munirka, Delhi",110067,clinics,5.0,2,0,0,0,0,,4,OPERATIONAL
Bone Clinic Dr Ritabh Kumar,"Munirka, Delhi",110067,clinics,4.5,99,0,0,1,0,,4,OPERATIONAL
Dr Sudhir's Dental Clinic. Munirka.,"Munirka, Delhi",110067,clinics,4.7,118,0,0,1,0,,5,OPERATIONAL
Baba Bakery,"Munirka, Delhi",110067,bakeries,3.9,304,0,0,1,0,,6,OPERATIONAL
Cake A pride,"Munirka, Delhi",110067,bakeries,4.3,29,0,0,1,0,,6,OPERATIONAL
Delhi Fresh Bakery,"Munirka, Delhi",110067,bakeries,4.0,66,0,0,1,0,,6,OPERATIONAL
Baker’s Bun Smith,"Munirka, Delhi",110067,bakeries,4.4,42,0,0,1,0,,9,OPERATIONAL
Monginis Cake Shop,"Munirka, Delhi",110022,bakeries,4.8,419,0,1,1,1,2.0,13,OPERATIONAL
Diamond Bakers,"Munirka, Delhi",110022,bakeries,4.2,338,0,1,1,1,1.0,6,OPERATIONAL
Dee Bakers,"Munirka, Delhi",110067,bakeries,3.9,32,0,1,1,0,,13,OPERATIONAL
The Bake Brothers,"Munirka, Delhi",110022,bakeries,4.1,764,0,0,1,0,,6,OPERATIONAL
BakedbyVishal,"Munirka, Delhi",110067,bakeries,4.9,19,0,0,0,0,,6,OPERATIONAL
Supreme Sweets & Snacks,"Munirka, Delhi",110022,bakeries,4.2,4855,0,0,1,1,1.0,6,OPERATIONAL
THEOS RK PURAM DELHI,"Munirka, Delhi",110022,bakeries,4.2,570,0,1,1,0,,13,OPERATIONAL
Consent cakes,"Munirka, Delhi",110067,bakeries,2.9,27,0,0,1,0,,6,OPERATIONAL
The Bakers Delight,"Munirka, Delhi",110022,bakeries,4.9,50,0,1,1,0,,6,OPERATIONAL
Harajuku Bakehouse,"Munirka, Delhi",110057,bakeries,4.6,260,0,1,1,0,,6,OPERATIONAL
Aggarwal Sweets,"Munirka, Delhi",110067,bakeries,3.8,968,0,0,1,0,,7,OPERATIONAL
L’Opéra Basant Lok,"Munirka, Delhi",110057,bakeries,4.2,200,0,1,1,1,3.0,7,OPERATIONAL
Moonlight Sweets & Namkeen,"Munirka, Delhi",110067,bakeries,4.2,366,0,0,1,0,,7,OPERATIONAL
Royal Bakery,"Munirka, Delhi",110067,bakeries,4.0,5,0,0,1,0,,6,OPERATIONAL
Munirka,"Munirka, Delhi",110022,bakeries,5.0,1,0,0,0,0,,6,OPERATIONAL
Zeelab Pharmacy - Munirka,"Munirka, Delhi",110067,pharmacies,4.9,206,0,1,1,0,,5,OPERATIONAL
Apollo Pharmacy Munirka,"Munirka, Delhi",110067,pharmacies,3.0,25,0,1,1,0,,8,OPERATIONAL
Life Care Medicos munirka,"Munirka, Delhi",110067,pharmacies,4.7,24,0,0,1,0,,5,OPERATIONAL
SKY PHARMACY,"Munirka, Delhi",110067,pharmacies,4.8,17,0,0,1,0,,5,OPERATIONAL
BEECO CHEMISTS,"Munirka, Delhi",110067,pharmacies,4.3,14,0,0,1,0,,6,OPERATIONAL
National Medical Store,"Munirka, Delhi",110067,pharmacies,5.0,1,0,0,1,0,,6,OPERATIONAL
SHIVANSH MEDICOS,"Munirka, Delhi",110067,pharmacies,4.9,10,0,0,1,0,,5,OPERATIONAL
Joy Medicos,"Munirka, Delhi",110067,pharmacies,5.0,7,0,0,1,0,,5,OPERATIONAL
Johri Medicos,"Munirka, Delhi",110067,pharmacies,5.0,13,0,0,1,0,,5,OPERATIONAL
Citi Healthworld,"Munirka, Delhi",110067,pharmacies,4.0,1,0,0,1,0,,5,OPERATIONAL
Munirka Medicals,"Munirka, Delhi",110067,pharmacies,4.4,5,0,0,1,0,,5,OPERATIONAL
Wisdom Pharmacy | Medical & Pharmacy Store in RK Puram South Delhi New Delhi,"Munirka, Delhi",110022,pharmacies,4.9,249,0,1,1,0,,6,OPERATIONAL
Mediplus Chemist,"Munirka, Delhi",110067,pharmacies,3.7,7,0,0,1,0,,5,OPERATIONAL
PRADHAN MANTRI JAN AUSHADHI KENDRA,"Munirka, Delhi",110067,pharmacies,4.3,49,0,0,1,0,,5,OPERATIONAL
Pappu Medicos,"Munirka, Delhi",110067,pharmacies,5.0,9,0,0,1,0,,5,OPERATIONAL
Anand Medicos,"Munirka, Delhi",110067,pharmacies,3.0,5,0,0,1,0,,6,OPERATIONAL
LAIZON PHARMACY,"Munirka, Delhi",110067,pharmacies,5.0,1,0,0,1,0,,5,OPERATIONAL
Vaishnavi Medicos,"Munirka, Delhi",110067,pharmacies,4.5,2,0,0,1,0,,5,OPERATIONAL
BHAGWATI MEDICOS,"Munirka, Delhi",110067,pharmacies,3.5,2,0,0,1,0,,5,OPERATIONAL
Aaradhya Medicos,"Munirka, Delhi",110067,pharmacies,5.0,6,0,0,1,0,,5,OPERATIONAL
Jeevan Deep Education Centre - Best Coaching Centre in Munirka - NEET/JEE/ 8 to 12 Classes,"Munirka, Delhi",110067,tutoring centers,4.9,432,0,1,1,0,,5,OPERATIONAL
IKAT ACADEMY,"Munirka, Delhi",110067,tutoring centers,5.0,190,0,1,1,0,,4,OPERATIONAL
Learn Mathematics,"Munirka, Delhi",110070,tutoring centers,5.0,60,0,1,1,0,,3,OPERATIONAL
Best Home Tutor in South Delhi,"Munirka, Delhi",110067,tutoring centers,4.9,194,0,1,1,0,,3,OPERATIONAL
Dream Bird Coaching Classes 6 to 12,"Munirka, Delhi",110067,tutoring centers,5.0,29,0,1,1,0,,3,OPERATIONAL
Best English & Humanities Teachers in South Delhi,"Munirka, Delhi",110067,tutoring centers,4.9,134,0,1,1,0,,2,OPERATIONAL
Kumar Education,"Munirka, Delhi",110067,tutoring centers,5.0,82,0,1,1,0,,2,OPERATIONAL
MTT Coaching Centre Munirka,"Munirka, Delhi",110067,tutoring centers,4.7,30,0,0,0,0,,3,OPERATIONAL
Best Math/science teacher in vasant kunj,"Munirka, Delhi",110067,tutoring centers,4.8,65,0,0,1,0,,3,OPERATIONAL
Tuition Shiksha,"Munirka, Delhi",110067,tutoring centers,4.9,34,0,0,1,0,,6,OPERATIONAL
Indira Gandhi National Training Institute (IGNTI) COMPUTER EDUCATION MUNIRKA R K PURAM | STENOGRAPHY | ENGLISH SPOKEN,"Munirka, Delhi",110067,tutoring centers,4.8,307,0,1,1,0,,3,OPERATIONAL
SIGNATURE INSTITUTE PRIVATE LIMITED-Best Coaching Institute In Munirka-NEET/JEE/9 to 12 Classes In Munirka,"Munirka, Delhi",110067,tutoring centers,4.8,92,0,1,1,0,,3,OPERATIONAL
BAGESHWARI EDUCATION POINT,"Munirka, Delhi",110067,tutoring centers,4.9,92,0,0,1,0,,3,OPERATIONAL
Pioneer Academy,"Munirka, Delhi",110067,tutoring centers,4.9,360,0,1,1,0,,6,OPERATIONAL
Physics by B kumar,"Munirka, Delhi",110067,tutoring centers,5.0,20,0,0,1,0,,2,OPERATIONAL
R.K.MATHEMATICS CENTER,"Munirka, Delhi",110018,tutoring centers,5.0,12,0,1,1,0,,3,OPERATIONAL
Scholars' Hub,"Munirka, Delhi",110067,tutoring centers,4.9,40,0,0,0,0,,3,OPERATIONAL
Best Shorthand | Stenography Institute in Munirka,"Munirka, Delhi",110067,tutoring centers,5.0,20,0,0,0,0,,3,OPERATIONAL
GS Computer Education Munirka (GSCE),"Munirka, Delhi",110067,tutoring centers,4.7,442,0,1,1,0,,4,OPERATIONAL
EDUGENIUS ACADEMY,"Munirka, Delhi",110067,tutoring centers,4.8,22,0,0,1,0,,3,OPERATIONAL
Dharambir Furniture House,"Munirka, Delhi",110067,furniture stores,4.6,168,0,0,1,0,,6,OPERATIONAL
Lakshmi Furniture Mart,"Munirka, Delhi",110067,furniture stores,3.9,100,0,0,1,0,,6,OPERATIONAL
Mohammad Umar Furniture House,"Munirka, Delhi",110067,furniture stores,4.5,15,0,0,1,0,,6,OPERATIONAL
Ansari Furniture,"Munirka, Delhi",110067,furniture stores,2.6,22,0,0,1,0,,6,OPERATIONAL
Gyani Abrar Furniture House,"Munirka, Delhi",110067,furniture stores,4.2,9,0,1,1,0,,7,OPERATIONAL
Walia Furniture House | MDF Mandir | Wooden Mandir,"Munirka, Delhi",110067,furniture stores,4.7,26,0,0,1,0,,6,OPERATIONAL
Shankey Steel Furniture,"Munirka, Delhi",110067,furniture stores,3.3,21,0,0,1,0,,7,OPERATIONAL
National Furniture And Foam Centre,"Munirka, Delhi",110067,furniture stores,3.1,21,0,0,1,0,,6,OPERATIONAL
Good Luck Furniture House,"Munirka, Delhi",110067,furniture stores,3.3,8,0,0,0,0,,6,OPERATIONAL
New S. A. Furniture House,"Munirka, Delhi",110067,furniture stores,2.1,10,0,0,1,0,,6,OPERATIONAL
Sleepwell Gallery - Sai Ram Comfort Gallery,"Munirka, Delhi",110067,furniture stores,4.9,238,0,1,1,0,,6,OPERATIONAL
GOYAL FURNITURE HOUSE,"Munirka, Delhi",110067,furniture stores,4.3,4,0,0,1,0,,6,OPERATIONAL
NOVA ENTERPRISES,"Munirka, Delhi",110067,furniture stores,2.8,10,0,0,1,0,,6,OPERATIONAL
Haryana Handloom Studio,"Munirka, Delhi",110067,furniture stores,4.8,65,0,0,1,0,,9,OPERATIONAL
Mini Furniture House,"Munirka, Delhi",110067,furniture stores,5.0,3,0,0,1,0,,6,OPERATIONAL
King Koil Mattress Store Munirka - Haryana Handloom Studio,"Munirka, Delhi",110067,furniture stores,5.0,1,0,1,1,0,,9,OPERATIONAL
Ahmad Bros.,"Munirka, Delhi",110067,furniture stores,3.6,9,0,0,1,0,,6,OPERATIONAL
Sofa Masters,"Munirka, Delhi",110067,furniture stores,5.0,152,0,1,1,0,,8,OPERATIONAL
Hotspot Mobile Store,"Munirka, Delhi",110067,mobile shops,4.9,1259,0,1,1,0,,4,OPERATIONAL
Mobile Repairing Munirka,"Munirka, Delhi",110067,mobile shops,4.8,214,0,0,1,0,,3,OPERATIONAL
Brother's Gadgets,"Munirka, Delhi",110067,mobile shops,4.9,7,0,0,0,0,,2,OPERATIONAL
Anuj Communication,"Munirka, Delhi",110067,mobile shops,4.6,17,0,0,1,0,,4,OPERATIONAL
PRINCE TELECOM,"Munirka, Delhi",110066,mobile shops,5.0,2,0,0,0,0,,4,OPERATIONAL
Mobile repair shop,"Munirka, Delhi",110067,mobile shops,3.7,16,0,0,1,0,,3,OPERATIONAL
Shri balaji mobile center,"Munirka, Delhi",110067,mobile shops,5.0,4,0,0,1,0,,3,OPERATIONAL
chhabra mobile,"Munirka, Delhi",110067,mobile shops,5.0,1,0,0,1,0,,3,OPERATIONAL
Silver Telecom,"Munirka, Delhi",110067,mobile shops,3.3,4,0,0,1,0,,4,OPERATIONAL
Laxmi Communication,"Munirka, Delhi",110067,mobile shops,5.0,2,0,0,1,0,,4,OPERATIONAL
Hi-Tich Mobile Care,"Munirka, Delhi",110067,mobile shops,1.0,1,0,0,1,0,,5,OPERATIONAL
Mangal Mobile Mart,"Munirka, Delhi",110010,mobile shops,4.8,67,0,1,1,0,,4,OPERATIONAL
Vi - Vodafone Idea mini Store,"Munirka, Delhi",110067,mobile shops,4.7,60,0,1,1,0,,4,OPERATIONAL
Shri Raghuveer Jeweller Pvt Ltd - Best Jewellers in South Delhi,"Munirka, Delhi",110067,jewellery shops,4.0,184,0,1,1,0,,4,OPERATIONAL
J K Jewellery House,"Munirka, Delhi",110067,jewellery shops,4.5,8,0,0,1,0,,4,OPERATIONAL
JS Chain & Jewellery Munirka,"Munirka, Delhi",110067,jewellery shops,5.0,8,0,0,1,0,,4,OPERATIONAL
ROOP JEWELLERS,"Munirka, Delhi",110067,jewellery shops,4.8,630,0,1,1,0,,4,OPERATIONAL
MUNIRKA 24Karat We Buy Gold,"Munirka, Delhi",110067,jewellery shops,4.9,660,0,1,1,0,,4,OPERATIONAL
Shree Balaji Jewellers,"Munirka, Delhi",110067,jewellery shops,4.8,4,0,0,1,0,,4,OPERATIONAL
"My Kalyan Mini Store - Munirka, New Delhi","Munirka, Delhi",110022,jewellery shops,3.0,2,0,1,1,0,,8,OPERATIONAL
Garg Jewellers,"Munirka, Delhi",110067,jewellery shops,3.8,13,0,0,1,0,,4,OPERATIONAL
CASH FOR GOLD,"Munirka, Delhi",110067,jewellery shops,4.9,204,0,1,1,0,,4,OPERATIONAL
Accessberry,"Munirka, Delhi",110067,jewellery shops,4.8,40,0,0,1,0,,4,OPERATIONAL
Ribbons Jewellery,"Munirka, Delhi",110057,jewellery shops,4.7,141,0,1,1,0,,4,OPERATIONAL
S T Jewellers,"Munirka, Delhi",110067,jewellery shops,4.3,4,0,0,1,0,,4,OPERATIONAL
Rajshree Jeweller,"Munirka, Delhi",110067,jewellery shops,3.3,3,0,0,1,0,,4,OPERATIONAL
ROOPA RANI,"Munirka, Delhi",110067,jewellery shops,5.0,1,0,0,1,0,,4,OPERATIONAL
Shivani Jewellers,"Munirka, Delhi",110023,jewellery shops,5.0,1151,0,1,1,0,,4,OPERATIONAL
Swastic Hardware Store,"Munirka, Delhi",110067,hardware stores,4.1,8,0,0,0,0,,5,OPERATIONAL
Durga Paint And Hardware,"Munirka, Delhi",110067,hardware stores,4.3,43,0,0,1,0,,5,OPERATIONAL
Vishnu Enterprises,"Munirka, Delhi",110067,hardware stores,2.3,3,0,0,1,0,,7,OPERATIONAL
Bhagwan Dass,"Munirka, Delhi",110022,hardware stores,3.9,48,0,0,1,0,,5,OPERATIONAL
Gupta Kitchen Centre,"Munirka, Delhi",110067,hardware stores,3.5,6,0,0,1,0,,5,OPERATIONAL
Iron shop,"Munirka, Delhi",110067,hardware stores,5.0,1,0,0,1,0,,5,OPERATIONAL
Sardar ji keys makers Home service,"Munirka, Delhi",110016,hardware stores,5.0,2,0,0,0,0,,5,OPERATIONAL
"Shree Radhe Paints, Hardware & Sanitary","Munirka, Delhi",110066,hardware stores,5.0,10,0,0,0,0,,5,OPERATIONAL
Sardar Ji computerized Chabi wala Ham service,"Munirka, Delhi",110016,hardware stores,5.0,2,0,0,0,0,,5,OPERATIONAL
Public Store,"Munirka, Delhi",110021,hardware stores,4.7,21,0,0,1,0,,6,OPERATIONAL
Patiaala House Restaurant in Delhi,"Vikaspuri, Delhi",110018,restaurants,4.5,1567,0,0,1,1,2.0,9,OPERATIONAL
Sher E DiL | Restaurant & Party Hall,"Vikaspuri, Delhi",110018,restaurants,4.2,674,0,1,1,1,2.0,11,OPERATIONAL
"Tadka Garam Restaurant - Vikaspuri, Delhi","Vikaspuri, Delhi",110018,restaurants,4.7,125,0,1,1,0,,4,OPERATIONAL
Bites And Brew - Cafe and Diner (Vikaspuri),"Vikaspuri, Delhi",110018,restaurants,4.4,950,0,1,1,1,2.0,13,OPERATIONAL
The Green Chilli family restaurant PVR vikas Puri,"Vikaspuri, Delhi",110018,restaurants,5.0,18,0,0,0,0,,5,OPERATIONAL
Chinese Fusion,"Vikaspuri, Delhi",110018,restaurants,4.9,96,0,0,1,0,,4,OPERATIONAL
Punjabi Paradise,"Vikaspuri, Delhi",110018,restaurants,4.6,91,0,0,1,0,,5,OPERATIONAL
Te Quila Express,"Vikaspuri, Delhi",110018,restaurants,4.1,567,0,0,1,0,,10,OPERATIONAL
Spinns Restaurant & Bar,"Vikaspuri, Delhi",110018,restaurants,4.5,574,0,1,1,0,,15,OPERATIONAL
ZOCA CAFE,"Vikaspuri, Delhi",110018,restaurants,3.9,329,0,1,1,0,,4,OPERATIONAL
Lecker,"Vikaspuri, Delhi",110018,restaurants,4.9,162,0,0,1,0,,4,OPERATIONAL
Pizza Galleria Vikaspuri,"Vikaspuri, Delhi",110018,restaurants,4.6,322,0,1,1,1,2.0,17,OPERATIONAL
Sagar Ratna,"Vikaspuri, Delhi",110018,restaurants,4.0,4447,0,1,1,1,2.0,10,OPERATIONAL
Mr Smash,"Vikaspuri, Delhi",110018,restaurants,5.0,109,0,1,1,0,,4,OPERATIONAL
K. K da Dhaba,"Vikaspuri, Delhi",110018,restaurants,4.0,564,0,0,1,0,,5,OPERATIONAL
The Yellow Bowl,"Vikaspuri, Delhi",110018,restaurants,4.3,78,0,1,1,1,2.0,5,OPERATIONAL
Veeran Da Dhaba,"Vikaspuri, Delhi",110018,restaurants,4.4,87,0,0,1,0,,5,OPERATIONAL
Milan Dhaba,"Vikaspuri, Delhi",110018,restaurants,4.5,105,0,1,1,0,,10,OPERATIONAL
New Vanakkam Madras Cafe,"Vikaspuri, Delhi",110018,restaurants,4.0,725,0,0,1,1,2.0,6,OPERATIONAL
Cafe Jalsa,"Vikaspuri, Delhi",110018,cafes,4.7,182,0,1,1,0,,7,OPERATIONAL
GRILLZ AND GREENS CAFE,"Vikaspuri, Delhi",110018,cafes,4.4,67,0,0,0,0,,7,OPERATIONAL
Araba Coffee,"Vikaspuri, Delhi",110018,cafes,4.2,86,0,1,1,0,,7,OPERATIONAL
Coffeegram,"Vikaspuri, Delhi",110018,cafes,4.5,178,0,1,1,0,,8,OPERATIONAL
Hunger Hatch,"Vikaspuri, Delhi",110018,cafes,4.8,58,0,0,1,0,,4,OPERATIONAL
Chai Sutta Bar - VSJ ENTERPRISES,"Vikaspuri, Delhi",110018,cafes,4.9,59,0,0,1,0,,4,OPERATIONAL
BeCafé,"Vikaspuri, Delhi",110018,cafes,4.9,39,0,0,1,0,,7,OPERATIONAL
BYTES N BISTRO,"Vikaspuri, Delhi",110018,cafes,4.8,62,0,0,1,0,,4,OPERATIONAL
KOA CAFE,"Vikaspuri, Delhi",110018,cafes,5.0,24,0,1,0,0,,4,OPERATIONAL
Xero Degrees vikaspuri,"Vikaspuri, Delhi",110018,cafes,4.7,231,0,1,1,0,,4,OPERATIONAL
Toki House,"Vikaspuri, Delhi",110018,cafes,4.9,37,0,0,0,0,,4,OPERATIONAL
Zaiqa cafe,"Vikaspuri, Delhi",110058,cafes,4.7,140,0,0,0,0,,4,OPERATIONAL
ANXG Coffee,"Vikaspuri, Delhi",110018,cafes,5.0,38,0,0,1,0,,4,OPERATIONAL
EasyGreens Café,"Vikaspuri, Delhi",110018,cafes,4.8,59,0,1,1,0,,4,OPERATIONAL
Rendezvous The Cafe,"Vikaspuri, Delhi",110018,cafes,5.0,6,0,0,1,0,,4,OPERATIONAL
New Madras Cafe,"Vikaspuri, Delhi",110018,cafes,4.0,658,0,1,0,1,1.0,8,OPERATIONAL
"Mamma’s Kitchen, APizza Point.","Vikaspuri, Delhi",110018,cafes,5.0,21,0,0,0,0,,4,OPERATIONAL
Good Looks Unisex Salon,"Vikaspuri, Delhi",110018,salons,4.7,1614,0,1,1,0,,5,OPERATIONAL
"Geetanjali Studio - Vikaspuri, New Delhi","Vikaspuri, Delhi",110018,salons,4.9,585,0,1,1,0,,12,OPERATIONAL
The Master of Hair & Beauty Unisex Salon,"Vikaspuri, Delhi",110018,salons,4.8,246,0,1,1,0,,4,OPERATIONAL
The Crafter Salon,"Vikaspuri, Delhi",110018,salons,4.8,340,0,1,1,0,,14,OPERATIONAL
Hair Crown luxury unisex salon,"Vikaspuri, Delhi",110018,salons,4.5,587,0,1,1,0,,4,OPERATIONAL
The Makeover Company by Tript Kaur,"Vikaspuri, Delhi",110018,salons,4.7,596,0,1,1,0,,8,OPERATIONAL
Shri Makeovers,"Vikaspuri, Delhi",110018,salons,4.9,250,0,0,1,0,,11,OPERATIONAL
KD Unisex Salon,"Vikaspuri, Delhi",110018,salons,4.3,434,0,1,1,0,,6,OPERATIONAL
La Olive Salon,"Vikaspuri, Delhi",110018,salons,4.5,388,0,1,1,0,,14,OPERATIONAL
Meenu Makeover And Beauty Salon ( Best Salon in vikaspuri,"Vikaspuri, Delhi",110018,salons,4.8,255,0,0,1,0,,9,OPERATIONAL
Looks Salon,"Vikaspuri, Delhi",110018,salons,4.2,369,0,1,1,0,,6,OPERATIONAL
Makeup Mystries Delhi - Salon & Academy,"Vikaspuri, Delhi",110018,salons,4.5,749,0,0,1,0,,4,OPERATIONAL
ASH SALON | Luxury Unisex Salon & Makeovers,"Vikaspuri, Delhi",110018,salons,4.6,79,0,0,1,0,,4,OPERATIONAL
"Surrey Unisex Salon & Academy - Best Nail,Hair,Makeup Salon in Delhi","Vikaspuri, Delhi",110018,salons,4.8,228,0,1,1,0,,8,OPERATIONAL
Bharti Taneja Alps Beauty Clinic,"Vikaspuri, Delhi",110018,salons,4.8,600,0,1,1,0,,17,OPERATIONAL
Bomb Comb Unisex Salon,"Vikaspuri, Delhi",110018,salons,4.3,170,0,0,1,0,,5,OPERATIONAL
Nandini Pruthi Makeup Studio and Unisex Salon-Best Makeup Artist in West Delhi !,"Vikaspuri, Delhi",110018,salons,4.8,990,0,1,1,0,,13,OPERATIONAL
Zenesty Studio,"Vikaspuri, Delhi",110018,salons,4.1,319,0,1,1,0,,11,OPERATIONAL
The Hair Palace,"Vikaspuri, Delhi",110018,salons,3.7,826,0,1,1,0,,4,OPERATIONAL
D’Looks Salon,"Vikaspuri, Delhi",110018,salons,4.6,78,0,1,1,0,,6,OPERATIONAL
The Wellness Club Gym,"Vikaspuri, Delhi",110018,gyms,4.4,349,0,1,1,0,,5,OPERATIONAL
"Kris Gethin GYMS, Vikaspuri","Vikaspuri, Delhi",110018,gyms,4.9,81,0,0,1,0,,6,OPERATIONAL
Celebrity Fitness,"Vikaspuri, Delhi",110018,gyms,4.9,77,0,1,1,0,,6,OPERATIONAL
Luxury Akhada Gym Vikaspuri,"Vikaspuri, Delhi",110018,gyms,4.8,475,0,0,1,0,,7,OPERATIONAL
The Workout Place | Gym in Vikaspuri,"Vikaspuri, Delhi",110018,gyms,4.8,116,0,1,1,0,,6,OPERATIONAL
The Wellbeing Gym Studio,"Vikaspuri, Delhi",110018,gyms,4.7,124,0,0,1,0,,5,OPERATIONAL
Anytime Fitness,"Vikaspuri, Delhi",110018,gyms,4.3,510,0,1,1,0,,6,OPERATIONAL
NMOD Fitness Club,"Vikaspuri, Delhi",110018,gyms,4.5,249,0,0,1,0,,5,OPERATIONAL
PURE MUSCLES FITNESS,"Vikaspuri, Delhi",110018,gyms,4.8,159,0,0,1,0,,5,OPERATIONAL
Genes Fitness by IFBB PRO Saurabh Singh - Gym in Vikaspuri,"Vikaspuri, Delhi",110018,gyms,4.9,281,0,1,1,0,,10,OPERATIONAL
BULLWROX FITNESS CLUB -Vikaspuri,"Vikaspuri, Delhi",110018,gyms,4.7,153,0,1,1,0,,6,OPERATIONAL
The Global Fitness,"Vikaspuri, Delhi",110018,gyms,4.3,174,0,0,1,0,,5,OPERATIONAL
CORFIT GYM - The Fitness Club,"Vikaspuri, Delhi",110018,gyms,4.5,98,0,1,1,0,,5,OPERATIONAL
Dronacharya’s The Gym - Best Gym in Vikaspuri | Best Fitness Centre | Health Club |,"Vikaspuri, Delhi",110018,gyms,4.6,235,0,0,1,0,,5,OPERATIONAL
The Health Planet Club,"Vikaspuri, Delhi",110018,gyms,4.9,67,0,0,1,0,,5,OPERATIONAL
ONE MILLION,"Vikaspuri, Delhi",110018,gyms,4.0,218,0,1,1,0,,5,OPERATIONAL
Gymplex Fitness Zone,"Vikaspuri, Delhi",110018,gyms,4.2,149,0,0,1,0,,5,OPERATIONAL
FemCore Fitness,"Vikaspuri, Delhi",110018,gyms,4.9,80,0,0,1,0,,5,OPERATIONAL
Multi-Gym Park,"Vikaspuri, Delhi",110018,gyms,4.0,695,0,0,0,0,,3,OPERATIONAL
Cuts & Curves,"Vikaspuri, Delhi",110018,gyms,4.1,75,0,0,1,0,,5,OPERATIONAL
Samriddhi Clothing Store,"Vikaspuri, Delhi",110018,clothing stores,4.9,293,0,0,1,0,,4,OPERATIONAL
SHREE - She is Special,"Vikaspuri, Delhi",110018,clothing stores,4.8,51,0,1,1,0,,5,OPERATIONAL
Urban apparrels',"Vikaspuri, Delhi",110018,clothing stores,4.7,19,0,0,1,0,,4,OPERATIONAL
Goyalsons vikaspuri,"Vikaspuri, Delhi",110018,clothing stores,3.9,156,0,0,1,0,,4,OPERATIONAL
TRENDS,"Vikaspuri, Delhi",110018,clothing stores,4.1,909,0,1,1,0,,4,OPERATIONAL
EBK vikaspuri,"Vikaspuri, Delhi",110018,clothing stores,4.2,189,0,0,1,0,,4,OPERATIONAL
Goyal Sons Textiles,"Vikaspuri, Delhi",110018,clothing stores,4.2,377,0,0,1,0,,4,OPERATIONAL
RICHA KATYAL,"Vikaspuri, Delhi",110018,clothing stores,4.7,98,0,1,1,0,,4,OPERATIONAL
The Offers Shop,"Vikaspuri, Delhi",110018,clothing stores,4.3,25,0,0,0,0,,4,OPERATIONAL
Cantabil,"Vikaspuri, Delhi",110018,clothing stores,4.8,675,0,1,1,0,,3,OPERATIONAL
Kataria Wears,"Vikaspuri, Delhi",110018,clothing stores,5.0,12,0,0,1,0,,7,OPERATIONAL
Banarasi Ethnic,"Vikaspuri, Delhi",110018,clothing stores,4.9,70,0,0,0,0,,4,OPERATIONAL
H. K. Cloth House,"Vikaspuri, Delhi",110018,clothing stores,4.8,21,0,1,1,0,,5,OPERATIONAL
The decent,"Vikaspuri, Delhi",110018,clothing stores,4.7,3,0,0,1,0,,4,OPERATIONAL
Babyhug Store Delhi Vikaspuri,"Vikaspuri, Delhi",110018,clothing stores,4.8,678,0,0,1,0,,6,OPERATIONAL
Chic Boutique,"Vikaspuri, Delhi",110018,clothing stores,4.8,43,0,0,1,0,,4,OPERATIONAL
Go Colors - Vikaspuri | Women's Bottom Wear,"Vikaspuri, Delhi",110018,clothing stores,3.9,7,0,1,1,0,,6,OPERATIONAL
ARMARIO,"Vikaspuri, Delhi",110018,clothing stores,4.4,107,0,0,1,0,,4,OPERATIONAL
Jockey Exclusive Store,"Vikaspuri, Delhi",110018,clothing stores,4.8,387,0,1,1,0,,4,OPERATIONAL
"Aggarwal Super Market, Vikaspuri Lal market grocery store","Vikaspuri, Delhi",110018,grocery stores,4.7,807,0,1,1,0,,7,OPERATIONAL
Reliance SMART Superstore,"Vikaspuri, Delhi",110018,grocery stores,4.2,2693,0,1,1,0,,14,OPERATIONAL
Richi Rich Bazaar,"Vikaspuri, Delhi",110018,grocery stores,4.3,603,0,0,1,0,,6,OPERATIONAL
Vishal Mega Mart,"Vikaspuri, Delhi",110018,grocery stores,3.9,1197,0,1,1,0,,11,OPERATIONAL
Maxkart Supermrket,"Vikaspuri, Delhi",110018,grocery stores,4.4,603,0,1,1,0,,7,OPERATIONAL
Shri Shyam Consumer Store,"Vikaspuri, Delhi",110018,grocery stores,4.1,153,0,0,1,0,,7,OPERATIONAL
Rajmandir Hypermarket VIKASPURI,"Vikaspuri, Delhi",110018,grocery stores,3.8,361,0,1,1,0,,6,OPERATIONAL
Reliance Fresh Vikaspuri,"Vikaspuri, Delhi",110018,grocery stores,4.2,253,0,1,0,0,,6,OPERATIONAL
Jain Consumer Store,"Vikaspuri, Delhi",110018,grocery stores,4.5,145,0,0,1,0,,7,OPERATIONAL
Manish Agencies,"Vikaspuri, Delhi",110018,grocery stores,4.2,323,0,0,1,0,,6,OPERATIONAL
Kirana bazaar,"Vikaspuri, Delhi",110018,grocery stores,4.5,30,0,0,1,0,,8,OPERATIONAL
Raksha Vikas Appt,"Vikaspuri, Delhi",110018,grocery stores,3.9,863,0,0,0,0,,3,OPERATIONAL
Ayush Agencies Vikaspuri,"Vikaspuri, Delhi",110018,grocery stores,4.4,65,0,0,1,0,,7,OPERATIONAL
Galaxy Market,"Vikaspuri, Delhi",110018,grocery stores,3.8,626,0,0,0,0,,3,OPERATIONAL
Lal Market Complex,"Vikaspuri, Delhi",110018,grocery stores,4.1,290,0,0,0,0,,3,OPERATIONAL
Jain Flour Mills,"Vikaspuri, Delhi",110018,grocery stores,4.8,72,0,0,1,0,,4,OPERATIONAL
super electronics pvt ltd,"Vikaspuri, Delhi",110018,electronics shops,4.0,162,0,1,1,0,,4,OPERATIONAL
Rosey Electronics,"Vikaspuri, Delhi",110018,electronics shops,4.3,166,0,1,1,0,,4,OPERATIONAL
DK ELECTRICALS,"Vikaspuri, Delhi",110018,electronics shops,4.4,24,0,1,1,0,,4,OPERATIONAL
Jai Baba Electricals,"Vikaspuri, Delhi",110018,electronics shops,4.5,8,0,0,1,0,,5,OPERATIONAL
LG Best Shop (Super Electronics PVT LTD),"Vikaspuri, Delhi",110018,electronics shops,4.1,40,0,1,1,0,,4,OPERATIONAL
Teri Kirpa Electricals,"Vikaspuri, Delhi",110018,electronics shops,4.9,42,0,1,1,0,,6,OPERATIONAL
R K ELECTRONICS,"Vikaspuri, Delhi",110018,electronics shops,4.7,9,0,0,1,0,,3,OPERATIONAL
Balaji Electronics,"Vikaspuri, Delhi",110018,electronics shops,4.0,1,0,0,1,0,,4,OPERATIONAL
Mahavir Electricals,"Vikaspuri, Delhi",110018,electronics shops,3.0,25,0,0,1,0,,5,OPERATIONAL
MITSUBIHI ELECTRIC AC DEALER AND SUPPLIER VIKASPURI DELHI,"Vikaspuri, Delhi",110018,electronics shops,3.3,3,0,1,1,0,,4,OPERATIONAL
Sri Sai Electronics,"Vikaspuri, Delhi",110018,electronics shops,5.0,1,0,0,1,0,,4,OPERATIONAL
Sonax Electronics,"Vikaspuri, Delhi",110018,electronics shops,4.5,2,0,0,1,0,,6,OPERATIONAL
Gupta Electrical Works,"Vikaspuri, Delhi",110059,electronics shops,4.4,55,0,0,1,0,,4,OPERATIONAL
RD Electronics,"Vikaspuri, Delhi",110041,electronics shops,4.8,124,0,0,1,0,,4,OPERATIONAL
Srivastava Muskan Electricals & Engineers,"Vikaspuri, Delhi",110018,electronics shops,5.0,4,0,0,1,0,,4,OPERATIONAL
MedAes Skin Hair /Dental Clinic in Vikas Puri,"Vikaspuri, Delhi",110018,clinics,5.0,137,0,1,1,0,,10,OPERATIONAL
Sai Clinic : Skin | hair Specialist Delhi,"Vikaspuri, Delhi",110018,clinics,4.8,681,0,1,1,0,,12,OPERATIONAL
AAROGYA CLINIC,"Vikaspuri, Delhi",110018,clinics,5.0,84,0,1,1,0,,4,OPERATIONAL
Chirayu Clinic,"Vikaspuri, Delhi",110018,clinics,4.8,128,0,0,1,0,,4,OPERATIONAL
Medical Care Centre - Dr Tushar Sharma M.D. (Physician) & Dr Pooja Sharma M.D. (Neuro Psychiatrist),"Vikaspuri, Delhi",110018,clinics,5.0,36,0,1,1,0,,6,OPERATIONAL
MAATRITVA GYNAE AND NEURO CLINIC BEST GYNAECOLOGIST AND INFERTILITY SPECIALIST IN VIKAS PURI WEST DELHI,"Vikaspuri, Delhi",110018,clinics,4.9,471,0,1,1,0,,8,OPERATIONAL
Rapicare Diagnostics Centre,"Vikaspuri, Delhi",110018,clinics,4.7,928,0,1,1,0,,6,OPERATIONAL
Dr vk goel clinic,"Vikaspuri, Delhi",110018,clinics,4.3,43,0,0,1,0,,4,OPERATIONAL
Cloudnine Hospital - Vikaspuri | Best Maternity & Pregnancy Centre,"Vikaspuri, Delhi",110018,clinics,4.9,1271,0,1,1,0,,7,OPERATIONAL
Avia Wellness Clinic,"Vikaspuri, Delhi",110018,clinics,4.7,43,0,1,1,0,,4,OPERATIONAL
"WOMEN & CHILDREN'S CLINIC - DR AMIT ARORA (PEDIATRICIAN / CHILD SPECIALIST, VIKASPURI)","Vikaspuri, Delhi",110018,clinics,4.8,414,0,0,1,0,,5,OPERATIONAL
DNPR CLINIC II Best Physiotherapist in Vikas Puri,"Vikaspuri, Delhi",110018,clinics,4.9,61,0,1,1,0,,7,OPERATIONAL
"Blissfull Child Clinic - Best Pediatrician in Vikaspuri, Child Specialist, Vaccination, Child Asthma Treatment in West Delhi","Vikaspuri, Delhi",110018,clinics,4.8,166,0,1,1,0,,5,OPERATIONAL
DR. V K GOYAL MEDICAL & HEART CLINIC,"Vikaspuri, Delhi",110018,clinics,4.1,43,0,0,1,0,,4,OPERATIONAL
HANDA CLINIC,"Vikaspuri, Delhi",110018,clinics,4.5,25,0,1,1,0,,6,OPERATIONAL
"UK Nursing Home- A Multi Speciality hospital & Stone Centre, 110018","Vikaspuri, Delhi",110018,clinics,4.3,737,0,1,1,0,,8,OPERATIONAL
"Rawat Medicare Centre- DR J. Rawat MBBS,MD,MRCP(UK),FRCP(Edinburgh),FACP(USA),SCE-Endocrinology & Diabetes(UK)","Vikaspuri, Delhi",110018,clinics,4.4,94,0,1,1,0,,6,OPERATIONAL
"Kinder Care Clinic: Doctor Sharwan Gupta, Pediatrician, Child Specialist, Vaccination Centre, Clinic for Newborn Baby","Vikaspuri, Delhi",110018,clinics,4.9,126,0,0,1,0,,4,OPERATIONAL
Goel Skin & Hair Clinic – Dr. Nishant Goel,"Vikaspuri, Delhi",110018,clinics,5.0,3,0,0,0,0,,10,OPERATIONAL
The Doctor's Nesst - on Apollo 24|7,"Vikaspuri, Delhi",110018,clinics,4.5,143,0,0,1,0,,7,OPERATIONAL
LEAF BAKE HOUSE,"Vikaspuri, Delhi",110018,bakeries,4.8,298,0,1,1,0,,14,OPERATIONAL
Dough & Cream Vikaspuri New Delhi,"Vikaspuri, Delhi",110018,bakeries,4.6,1963,0,1,1,0,,6,OPERATIONAL
Bakington Bakery,"Vikaspuri, Delhi",110018,bakeries,4.1,694,0,1,1,1,2.0,9,OPERATIONAL
Kream's Bakery,"Vikaspuri, Delhi",110018,bakeries,4.2,556,0,0,1,0,,13,OPERATIONAL
Brother’s Bakers,"Vikaspuri, Delhi",110018,bakeries,4.8,100,0,0,0,0,,6,OPERATIONAL
Bake Hub Vikaspuri,"Vikaspuri, Delhi",110018,bakeries,4.9,62,0,0,1,0,,6,OPERATIONAL
Taneja Bakery,"Vikaspuri, Delhi",110059,bakeries,4.1,2579,0,0,1,1,2.0,6,OPERATIONAL
Godavari Bakery,"Vikaspuri, Delhi",110018,bakeries,4.0,1906,0,0,1,1,2.0,11,OPERATIONAL
PIE IN THE SKY | BEST BAKERY IN VIKASPURI,"Vikaspuri, Delhi",110018,bakeries,4.8,20,0,0,1,0,,6,OPERATIONAL
Bake Solutions & More..,"Vikaspuri, Delhi",110018,bakeries,4.8,137,0,0,1,0,,9,OPERATIONAL
Pastry Point,"Vikaspuri, Delhi",110018,bakeries,4.5,164,0,0,1,1,2.0,9,OPERATIONAL
Anu Bakers,"Vikaspuri, Delhi",110018,bakeries,4.8,32,0,0,0,0,,9,OPERATIONAL
Art By Ish,"Vikaspuri, Delhi",110018,bakeries,4.9,65,0,1,1,0,,6,OPERATIONAL
"Cream Cheese Bakery | Best Cake & Dessert Shop in Vikas Puri, New Delhi","Vikaspuri, Delhi",110018,bakeries,5.0,35,0,0,1,0,,6,OPERATIONAL
BIGG BAKE CAKES,"Vikaspuri, Delhi",110018,bakeries,3.3,48,0,0,1,0,,9,OPERATIONAL
KHALSA PHARMACY,"Vikaspuri, Delhi",110018,pharmacies,4.1,82,0,1,1,0,,6,OPERATIONAL
Medcuris pharmacy,"Vikaspuri, Delhi",110018,pharmacies,4.8,16,0,0,1,0,,5,OPERATIONAL
Anand Medicos,"Vikaspuri, Delhi",110018,pharmacies,4.3,23,0,0,1,0,,5,OPERATIONAL
Naresh Medicos,"Vikaspuri, Delhi",110018,pharmacies,4.7,134,0,0,1,0,,5,OPERATIONAL
davaindia GENERIC PHARMACY,"Vikaspuri, Delhi",110018,pharmacies,5.0,1,0,1,1,0,,10,OPERATIONAL
KANISHKA MEDICOS,"Vikaspuri, Delhi",110018,pharmacies,4.2,25,0,0,1,0,,6,OPERATIONAL
ZEELAB Pharmacy - New Krishna Park,"Vikaspuri, Delhi",110018,pharmacies,4.9,275,0,1,1,0,,5,OPERATIONAL
Vikas Chemist,"Vikaspuri, Delhi",110018,pharmacies,4.6,5,0,1,1,0,,5,OPERATIONAL
LIVE WELL PHARMACY,"Vikaspuri, Delhi",110018,pharmacies,2.6,10,0,0,1,0,,5,OPERATIONAL
Lok Seva Pharmacy,"Vikaspuri, Delhi",110018,pharmacies,5.0,5,0,0,1,0,,5,OPERATIONAL
Medanta Medicos,"Vikaspuri, Delhi",110018,pharmacies,4.0,13,0,0,1,0,,6,OPERATIONAL
Kharbanda medicos,"Vikaspuri, Delhi",110018,pharmacies,5.0,13,0,0,1,0,,5,OPERATIONAL
Malhotra Medicos,"Vikaspuri, Delhi",110018,pharmacies,5.0,3,0,0,1,0,,6,OPERATIONAL
R. R. Medicos,"Vikaspuri, Delhi",110018,pharmacies,4.0,4,0,0,1,0,,5,OPERATIONAL
Sita Medicos,"Vikaspuri, Delhi",110018,pharmacies,4.8,32,0,0,1,0,,5,OPERATIONAL
Dhingra Medicos,"Vikaspuri, Delhi",110018,pharmacies,4.3,9,0,0,1,0,,6,OPERATIONAL
Pankaj Medicos,"Vikaspuri, Delhi",110018,pharmacies,4.0,9,0,0,1,0,,5,OPERATIONAL
SHRI SHYAM AYURVEDIC STORE,"Vikaspuri, Delhi",110018,pharmacies,4.9,182,0,0,1,0,,5,OPERATIONAL
Narula Medicos,"Vikaspuri, Delhi",110018,pharmacies,4.8,4,0,0,0,0,,5,OPERATIONAL
Best Learning Academy,"Vikaspuri, Delhi",110018,tutoring centers,5.0,101,0,1,1,0,,4,OPERATIONAL
Unique Tutorials Vikaspuri,"Vikaspuri, Delhi",110018,tutoring centers,4.9,186,0,1,1,0,,4,OPERATIONAL
ViSheSh Study Hub,"Vikaspuri, Delhi",110018,tutoring centers,5.0,25,0,0,1,0,,4,OPERATIONAL
Ankit Malhotra Classes (AM Classes),"Vikaspuri, Delhi",110018,tutoring centers,4.9,75,0,1,1,0,,5,OPERATIONAL
Angels Classes | Best Coaching Institute for Science and Commerce | Vikaspuri | Janakpuri | Paschim Vihar,"Vikaspuri, Delhi",110018,tutoring centers,4.8,61,0,1,1,0,,5,OPERATIONAL
Lets Learn Institute,"Vikaspuri, Delhi",110018,tutoring centers,4.9,576,0,1,1,0,,2,OPERATIONAL
Knowledge Winners | Best Coaching Institute in Vikaspuri Delhi,"Vikaspuri, Delhi",110018,tutoring centers,4.9,62,0,0,1,0,,5,OPERATIONAL
Gulati's School of Mathematics,"Vikaspuri, Delhi",110018,tutoring centers,5.0,29,0,0,1,0,,3,OPERATIONAL
Mansi’s Learning Centre,"Vikaspuri, Delhi",110018,tutoring centers,4.7,6,0,0,1,0,,5,OPERATIONAL
Kunal Sardana Classes | Concept Classes,"Vikaspuri, Delhi",110018,tutoring centers,4.9,362,0,1,1,0,,2,OPERATIONAL
Jha Physics Academy | NEET Coaching Best IIT JEE Coaching | Best physics Coaching Classes in Vikaspuri,"Vikaspuri, Delhi",110018,tutoring centers,5.0,116,0,1,1,0,,3,OPERATIONAL
Cuemath Offline Tuition Center | Neha Bhatia,"Vikaspuri, Delhi",110018,tutoring centers,5.0,23,0,1,1,0,,3,OPERATIONAL
Ramanujan The Maths Academy,"Vikaspuri, Delhi",110018,tutoring centers,4.9,68,0,0,1,0,,3,OPERATIONAL
Unnati Education,"Vikaspuri, Delhi",110018,tutoring centers,4.9,78,0,1,1,0,,4,OPERATIONAL
AMIT ARORA CLASSES,"Vikaspuri, Delhi",110018,tutoring centers,4.9,492,0,1,1,0,,2,OPERATIONAL
Nisha Academy,"Vikaspuri, Delhi",110018,tutoring centers,4.7,85,0,0,1,0,,3,OPERATIONAL
Nishchay Academy,"Vikaspuri, Delhi",110018,tutoring centers,4.3,47,0,0,1,0,,4,OPERATIONAL
Unnati Education- English Classes(Grammar and Spoken) by Vidhi Bhatia,"Vikaspuri, Delhi",110018,tutoring centers,5.0,36,0,0,1,0,,3,OPERATIONAL
Mathematics Home,"Vikaspuri, Delhi",110018,tutoring centers,5.0,17,0,0,1,0,,5,OPERATIONAL
Cuemath Math Learning Center | Ms Shama Garg,"Vikaspuri, Delhi",110018,tutoring centers,5.0,2,0,1,0,0,,4,OPERATIONAL
Kishan Sofa Repairing and New Sofa Shop,"Vikaspuri, Delhi",110018,furniture stores,4.6,44,0,0,1,0,,7,OPERATIONAL
Sohail sofa repair and polish store,"Vikaspuri, Delhi",110018,furniture stores,4.9,30,0,0,1,0,,6,OPERATIONAL
BHARAT OLD FURNITURE & ELECTRONICS APPLIANCE BUYER,"Vikaspuri, Delhi",110059,furniture stores,4.8,27,0,1,1,0,,6,OPERATIONAL
"Sleepwell Gallery - Vikas Puri, New Delhi","Vikaspuri, Delhi",110018,furniture stores,4.9,450,0,1,1,0,,6,OPERATIONAL
Raju sofa repairing,"Vikaspuri, Delhi",110018,furniture stores,5.0,28,0,0,1,0,,8,OPERATIONAL
"BOMBAY DYEING | SIGNATURE | PORTICO | TRIDENT (PRINCE KATARIA TEXTILES) Authorized Wholesaler of Blankets, Bedsheets & Towels","Vikaspuri, Delhi",110018,furniture stores,5.0,1321,0,1,1,0,,8,OPERATIONAL
Malgotra Wood Works,"Vikaspuri, Delhi",110018,furniture stores,5.0,1,0,0,1,0,,8,OPERATIONAL
Luxuria Furnitures,"Vikaspuri, Delhi",110041,furniture stores,5.0,1,0,0,0,0,,6,OPERATIONAL
GURU KRIPA FURNITURE HOUSE,"Vikaspuri, Delhi",110018,furniture stores,5.0,1,0,0,1,0,,3,OPERATIONAL
i.K. furniture home,"Vikaspuri, Delhi",110018,furniture stores,5.0,1,0,0,0,0,,4,OPERATIONAL
Lekhraj old furniture house,"Vikaspuri, Delhi",110018,furniture stores,2.0,11,0,0,1,0,,6,OPERATIONAL
Delhi Home Decor,"Vikaspuri, Delhi",110018,furniture stores,5.0,4,0,1,1,0,,4,OPERATIONAL
VH Furniture,"Vikaspuri, Delhi",110041,furniture stores,5.0,27,0,0,0,0,,7,OPERATIONAL
Mk Furniture,"Vikaspuri, Delhi",110018,furniture stores,1.0,1,0,0,1,0,,9,OPERATIONAL
King Koil Mattress Store Vikas Puri - Prince Kataria Textiles,"Vikaspuri, Delhi",110018,furniture stores,5.0,7,0,1,1,0,,9,OPERATIONAL
SMART PHONES STORE(mi store),"Vikaspuri, Delhi",110018,mobile shops,4.3,60,0,0,0,0,,4,OPERATIONAL
"Sai Ram Telecom - Best Mobile Phone Repair Shop in Vikaspuri, Delhi","Vikaspuri, Delhi",110018,mobile shops,4.9,10,0,0,1,0,,6,OPERATIONAL
Robin Phone Repair,"Vikaspuri, Delhi",110018,mobile shops,4.9,290,0,1,1,0,,3,OPERATIONAL
Iqbal Mobile Care,"Vikaspuri, Delhi",110018,mobile shops,3.9,105,0,0,1,0,,3,OPERATIONAL
Ambika Telecom,"Vikaspuri, Delhi",110018,mobile shops,4.1,19,0,0,1,0,,4,OPERATIONAL
Sparkling Trends,"Vikaspuri, Delhi",110018,mobile shops,4.4,11,0,0,1,0,,2,OPERATIONAL
Aas Telecom,"Vikaspuri, Delhi",110018,mobile shops,3.0,1,0,0,0,0,,4,OPERATIONAL
B M telecom,"Vikaspuri, Delhi",110018,mobile shops,5.0,2,0,0,1,0,,4,OPERATIONAL
bedi communication,"Vikaspuri, Delhi",110018,mobile shops,4.3,7,0,0,1,0,,2,OPERATIONAL
Shanky Telecom,"Vikaspuri, Delhi",110018,mobile shops,3.1,11,0,0,1,0,,4,OPERATIONAL
New Music Mahal,"Vikaspuri, Delhi",110018,mobile shops,3.6,18,0,0,1,0,,4,OPERATIONAL
ROHIT MOBILE REPAIRING SERVICES,"Vikaspuri, Delhi",110018,mobile shops,5.0,2,0,0,0,0,,4,OPERATIONAL
Shiv Watch And Mobile,"Vikaspuri, Delhi",110018,mobile shops,3.3,13,0,0,1,0,,5,OPERATIONAL
Kasturi Jewellers Pvt Ltd,"Vikaspuri, Delhi",110018,jewellery shops,4.7,949,0,1,1,0,,4,OPERATIONAL
Laxmi Narayan Jewellers,"Vikaspuri, Delhi",110018,jewellery shops,3.7,45,0,0,1,0,,4,OPERATIONAL
Maa Durga Jewellers Vikaspuri,"Vikaspuri, Delhi",110018,jewellery shops,4.6,28,0,1,1,0,,4,OPERATIONAL
"GIVA Silver & Gold Jewellery Store | Vikaspuri, Delhi","Vikaspuri, Delhi",110018,jewellery shops,5.0,167,0,1,1,0,,7,OPERATIONAL
Kasturi Jewellers (GG-1),"Vikaspuri, Delhi",110018,jewellery shops,4.8,192,0,1,1,0,,4,OPERATIONAL
V M Jewellers,"Vikaspuri, Delhi",110018,jewellery shops,4.5,34,0,1,1,0,,4,OPERATIONAL
SAJAN JEWELLERS,"Vikaspuri, Delhi",110018,jewellery shops,4.7,27,0,0,1,0,,4,OPERATIONAL
GM JEWELLERS,"Vikaspuri, Delhi",110018,jewellery shops,5.0,5,0,1,0,0,,4,OPERATIONAL
Jewel Home,"Vikaspuri, Delhi",110018,jewellery shops,4.9,48,0,0,0,0,,4,OPERATIONAL
Aanshika Gems and Jewels,"Vikaspuri, Delhi",110018,jewellery shops,5.0,10,0,1,1,0,,4,OPERATIONAL
Sai Jewellers,"Vikaspuri, Delhi",110018,jewellery shops,5.0,3,0,0,1,0,,5,OPERATIONAL
Chopra Jewellers,"Vikaspuri, Delhi",110018,jewellery shops,4.4,9,0,1,0,0,,4,OPERATIONAL
Shiva Jewellers,"Vikaspuri, Delhi",110018,jewellery shops,5.0,2,0,0,0,0,,4,OPERATIONAL
Shingar Jewellery,"Vikaspuri, Delhi",110018,jewellery shops,3.6,7,0,0,1,0,,4,OPERATIONAL
Parth Jewellers,"Vikaspuri, Delhi",110018,jewellery shops,5.0,3,0,0,1,0,,4,OPERATIONAL
Sk Sanitation & electrical,"Vikaspuri, Delhi",110018,hardware stores,4.4,21,0,0,1,0,,5,OPERATIONAL
"Kohli Hardware Paint and Sanitary Store, Vikas Puri Branch","Vikaspuri, Delhi",110018,hardware stores,5.0,1,0,0,1,0,,5,OPERATIONAL
OM Paints & Hardware Sanitary,"Vikaspuri, Delhi",110018,hardware stores,4.1,7,0,0,1,0,,5,OPERATIONAL
Gupta Paints And Hardware Store,"Vikaspuri, Delhi",110018,hardware stores,4.0,5,0,0,1,0,,6,OPERATIONAL
Maa Tarini Sanitary & Hardware,"Vikaspuri, Delhi",110018,hardware stores,3.7,3,0,0,1,0,,5,OPERATIONAL
Krishna Hardware & Paints,"Vikaspuri, Delhi",110018,hardware stores,5.0,4,0,0,1,0,,5,OPERATIONAL
Old Kohli Hardware & Sanitary Store,"Vikaspuri, Delhi",110018,hardware stores,5.0,6,0,0,1,0,,5,OPERATIONAL
"MR.DIY Vikaspuri, New Delhi","Vikaspuri, Delhi",110018,hardware stores,4.5,46,0,1,1,0,,5,OPERATIONAL
Unique Paints & Hardware,"Vikaspuri, Delhi",110018,hardware stores,4.1,16,0,0,1,0,,6,OPERATIONAL
Raj Power Tools,"Vikaspuri, Delhi",110018,hardware stores,4.8,48,0,1,1,0,,6,OPERATIONAL
Kohli Hardware Paint and Sanitary Store,"Vikaspuri, Delhi",110018,hardware stores,4.8,17,0,0,1,0,,6,OPERATIONAL
Bhagwati paints and hardware,"Vikaspuri, Delhi",110018,hardware stores,5.0,1,0,0,1,0,,6,OPERATIONAL
Alankar Restaurant,"Uttam Nagar, Delhi",110059,restaurants,4.2,610,0,1,1,1,2.0,6,OPERATIONAL
AURA DELHI 59,"Uttam Nagar, Delhi",110059,restaurants,4.5,60,0,1,0,0,,5,OPERATIONAL
Timeless Bites-your happy place - Best Family restaurant in Uttam Nagar | Best Cafe in Uttam Nagar,"Uttam Nagar, Delhi",110059,restaurants,4.9,163,0,1,1,0,,4,OPERATIONAL
Kali Ghata,"Uttam Nagar, Delhi",110059,restaurants,4.1,9648,1,1,1,1,2.0,12,OPERATIONAL
"Anand vaishno Dhaba, Uttam Nagar West","Uttam Nagar, Delhi",110059,restaurants,3.9,771,0,0,1,1,2.0,7,OPERATIONAL
Shakti Sagar,"Uttam Nagar, Delhi",110059,restaurants,4.1,572,0,0,1,1,2.0,6,OPERATIONAL
Delhi Darbar Biryani Point,"Uttam Nagar, Delhi",110059,restaurants,4.1,2277,0,0,1,1,2.0,7,OPERATIONAL
HIMALAYA SAGAR A UNIT OF ML HOSPITLITY SERVICE PVT LTD,"Uttam Nagar, Delhi",110059,restaurants,3.7,6640,0,0,1,1,2.0,11,OPERATIONAL
Lajawab Restaurant,"Uttam Nagar, Delhi",110059,restaurants,3.8,2923,0,0,1,1,2.0,10,OPERATIONAL
Metro Restaurant & Party Hall,"Uttam Nagar, Delhi",110059,restaurants,3.7,1730,0,0,1,1,2.0,8,OPERATIONAL
Morsaab's,"Uttam Nagar, Delhi",110059,restaurants,4.3,166,0,0,1,0,,12,OPERATIONAL
NEXACAST,"Uttam Nagar, Delhi",110059,restaurants,4.8,87,0,0,1,0,,4,OPERATIONAL
Spoon and Fork,"Uttam Nagar, Delhi",110059,restaurants,4.0,56,0,0,0,0,,4,OPERATIONAL
DAAWAT-E-DARBAR,"Uttam Nagar, Delhi",110059,restaurants,3.7,509,0,0,1,1,2.0,5,OPERATIONAL
Veer Ji Malai Chaap Wale Uttam Nagar,"Uttam Nagar, Delhi",110059,restaurants,4.0,529,0,0,1,0,,7,OPERATIONAL
Uncle Tony,"Uttam Nagar, Delhi",110059,restaurants,4.4,116,0,0,1,0,,4,OPERATIONAL
The Kwaality Kitchen,"Uttam Nagar, Delhi",110059,restaurants,4.6,31,0,0,1,0,,5,OPERATIONAL
Scoops,"Uttam Nagar, Delhi",110059,restaurants,4.0,4728,0,0,1,1,2.0,4,OPERATIONAL
Food Panchayat,"Uttam Nagar, Delhi",110059,restaurants,4.5,51,0,0,1,0,,4,OPERATIONAL
Shadow Cafe UN,"Uttam Nagar, Delhi",110059,cafes,5.0,47,0,0,1,0,,5,OPERATIONAL
Friends Cafe,"Uttam Nagar, Delhi",110059,cafes,4.5,65,0,0,1,0,,4,OPERATIONAL
The Green Table Cafe,"Uttam Nagar, Delhi",110059,cafes,4.9,64,0,0,1,0,,4,OPERATIONAL
"House of Burgers (HOB) | Best Café in Uttam Nagar, Delhi","Uttam Nagar, Delhi",110059,cafes,4.7,54,0,0,0,0,,11,OPERATIONAL
Etos Cafe,"Uttam Nagar, Delhi",110059,cafes,4.6,112,0,0,1,0,,4,OPERATIONAL
DINING CAFE,"Uttam Nagar, Delhi",110059,cafes,4.6,44,0,0,1,0,,4,OPERATIONAL
8 Ball Cafe,"Uttam Nagar, Delhi",110059,cafes,4.9,20,0,0,1,0,,4,OPERATIONAL
Donut Bakery Cafe,"Uttam Nagar, Delhi",110059,cafes,4.7,351,0,0,1,0,,6,OPERATIONAL
LSD CAFE (Like Something Different),"Uttam Nagar, Delhi",110059,cafes,4.2,95,0,1,1,0,,4,OPERATIONAL
Full house cafe,"Uttam Nagar, Delhi",110059,cafes,4.1,29,0,0,1,0,,5,OPERATIONAL
BONZO,"Uttam Nagar, Delhi",110059,cafes,4.5,118,0,0,1,0,,11,OPERATIONAL
Cafe Nilayam,"Uttam Nagar, Delhi",110059,cafes,4.5,151,0,0,1,0,,5,OPERATIONAL
Vishal's Cafe,"Uttam Nagar, Delhi",110059,cafes,4.8,34,0,0,1,0,,4,OPERATIONAL
CAFE DE BIENKA,"Uttam Nagar, Delhi",110059,cafes,3.9,421,0,0,1,0,,9,OPERATIONAL
"28 Degree Unisex Salon - Arya samaj road, UttamNagar","Uttam Nagar, Delhi",110059,salons,4.8,1312,0,1,1,0,,13,OPERATIONAL
"Beauty Experts salon by Ritesh verma | Best Makeup, hair, nails, skin Artist , In Uttam Nagar| luxury salon | bridal makeover","Uttam Nagar, Delhi",110059,salons,4.8,1213,0,1,1,0,,14,OPERATIONAL
Venus Luxury Unisex Salon,"Uttam Nagar, Delhi",110059,salons,4.9,654,0,0,1,0,,6,OPERATIONAL
"Angel the Luxury Salon (Best Salon & Academy in Delhi) - Human Hair Extension, Nail Extension/ uttam nagar/best salon","Uttam Nagar, Delhi",110059,salons,4.5,660,0,1,1,0,,11,OPERATIONAL
The Cosset unisex Salon & Nail’s studio (Mohan Garden),"Uttam Nagar, Delhi",110059,salons,4.9,451,0,1,1,0,,9,OPERATIONAL
Irfan Hameed Unisex Salon,"Uttam Nagar, Delhi",110059,salons,4.9,381,0,1,1,0,,10,OPERATIONAL
"28 Degree unisex salon - Raja puri, UttamNagar","Uttam Nagar, Delhi",110059,salons,4.5,568,0,1,1,0,,15,OPERATIONAL
KS GLAM BAR UNISEX SALON & ACADEMY (Salon Near Me),"Uttam Nagar, Delhi",110059,salons,4.8,402,0,1,1,0,,12,OPERATIONAL
Elegant Style By Upasana Rajput - Makeup Studio & Unisex Salon,"Uttam Nagar, Delhi",110059,salons,5.0,238,0,0,1,0,,4,OPERATIONAL
Makeup & Hair studio - FUSION BEAUTY SALON,"Uttam Nagar, Delhi",110059,salons,4.6,333,0,0,1,0,,11,OPERATIONAL
Tumble Unisex Salon,"Uttam Nagar, Delhi",110059,salons,4.7,409,0,1,1,0,,8,OPERATIONAL
Vrinda’s Unisex Salon & Academy,"Uttam Nagar, Delhi",110059,salons,4.8,418,0,0,1,0,,3,OPERATIONAL
Oneness Salon & Academy,"Uttam Nagar, Delhi",110059,salons,5.0,417,0,0,1,0,,5,OPERATIONAL
"KNOTT UNISEX SALON | BEST SALON & ACADEMY | Nail, Makeup, Beauty, Skin, Hair | Luxury salon in uttam nagar |","Uttam Nagar, Delhi",110059,salons,4.9,67,0,1,1,0,,8,OPERATIONAL
"Sameer unisex salon-Keratin treatment and facial services in Uttam Nagar- Hair treatment, Skin treatment , Keratin, Botox","Uttam Nagar, Delhi",110059,salons,4.8,241,0,1,1,0,,9,OPERATIONAL
Hair Ideas Salon,"Uttam Nagar, Delhi",110059,salons,4.8,284,0,1,1,0,,16,OPERATIONAL
Divine Unisex Salon,"Uttam Nagar, Delhi",110059,salons,5.0,126,0,1,1,0,,7,OPERATIONAL
Hair Direction Salon (best salon in Delhi),"Uttam Nagar, Delhi",110059,salons,4.7,70,0,1,1,0,,16,OPERATIONAL
"Crizza - Jawed Habib Unisex Salon, Makeup Studio & Salon Academy - Best luxury salon in Nawada, Delhi","Uttam Nagar, Delhi",110059,salons,4.7,207,0,1,1,0,,11,OPERATIONAL
"Salon 59 - Best unisex salon | Luxury Salon | Hair, Skin, Beauty, Makeup, Nails and Hair extensions| Uttam Nagar |","Uttam Nagar, Delhi",110059,salons,4.3,128,0,0,1,0,,7,OPERATIONAL
STRENGTH THE GYM & AEROBICS -BEST n LARGEST GYM of Uttam Nagar,"Uttam Nagar, Delhi",110059,gyms,4.8,788,0,1,1,0,,5,OPERATIONAL
"cult neo gym Uttam Nagar | Best Gym in Uttam Nagar, Delhi","Uttam Nagar, Delhi",110059,gyms,4.7,240,0,1,1,0,,9,OPERATIONAL
Agni The Gym,"Uttam Nagar, Delhi",110059,gyms,4.9,80,0,1,1,0,,5,OPERATIONAL
FitZest Fitness Gym - Best Gym in Uttam Nagar,"Uttam Nagar, Delhi",110059,gyms,4.7,210,0,1,1,0,,7,OPERATIONAL
"Pro Ultimate Gyms - Uttam Nagar, Delhi","Uttam Nagar, Delhi",110059,gyms,4.5,235,0,1,1,0,,5,OPERATIONAL
Club 7 Fitness | Best Gym In Uttam Nagar | Weight training - Strength Training - Powerlifing - Aerobics - Zumba,"Uttam Nagar, Delhi",110059,gyms,5.0,43,0,0,0,0,,6,OPERATIONAL
One o one fitness,"Uttam Nagar, Delhi",110059,gyms,4.9,132,0,0,1,0,,5,OPERATIONAL
One Step Way To Fitness,"Uttam Nagar, Delhi",110059,gyms,4.9,134,0,0,1,0,,5,OPERATIONAL
The Workout Zone (Uttam Nagar),"Uttam Nagar, Delhi",110059,gyms,5.0,275,0,0,1,0,,5,OPERATIONAL
SUPERB GYM,"Uttam Nagar, Delhi",110059,gyms,4.3,387,0,0,1,0,,5,OPERATIONAL
Crystal Gym,"Uttam Nagar, Delhi",110059,gyms,4.3,317,0,0,1,0,,5,OPERATIONAL
THE LION'S GYM,"Uttam Nagar, Delhi",110059,gyms,4.8,94,0,0,1,0,,5,OPERATIONAL
Anytime Fitness,"Uttam Nagar, Delhi",110059,gyms,4.0,301,0,1,1,0,,6,OPERATIONAL
Osho Gym,"Uttam Nagar, Delhi",110059,gyms,4.2,228,0,0,0,0,,6,OPERATIONAL
Reform gym,"Uttam Nagar, Delhi",110059,gyms,5.0,30,0,1,1,0,,5,OPERATIONAL
Yug Fit Desi Strong Gym,"Uttam Nagar, Delhi",110059,gyms,4.8,26,0,1,1,0,,5,OPERATIONAL
Monkey Fitness Studio,"Uttam Nagar, Delhi",110059,gyms,4.4,231,0,1,1,0,,9,OPERATIONAL
THE HAMMER STRENGTH GYM,"Uttam Nagar, Delhi",110059,gyms,4.5,109,0,0,1,0,,5,OPERATIONAL
Yug Fit gym,"Uttam Nagar, Delhi",110059,gyms,4.6,137,0,1,0,0,,5,OPERATIONAL
The Mak Fitness,"Uttam Nagar, Delhi",110059,gyms,4.5,35,0,0,1,0,,5,OPERATIONAL
Ashok Sons - THE COMPLETE FAMILY WEAR STORE,"Uttam Nagar, Delhi",110059,clothing stores,4.3,319,0,1,1,0,,5,OPERATIONAL
Goyalsons Shopmax Uttam Nagar,"Uttam Nagar, Delhi",110059,clothing stores,3.6,1099,0,1,1,0,,8,OPERATIONAL
Lavanya The Fashion Hub,"Uttam Nagar, Delhi",110059,clothing stores,3.8,149,0,1,1,0,,4,OPERATIONAL
Aman Garments,"Uttam Nagar, Delhi",110059,clothing stores,4.2,803,0,1,1,0,,4,OPERATIONAL
Ekta Garments,"Uttam Nagar, Delhi",110059,clothing stores,4.1,443,0,0,1,0,,4,OPERATIONAL
"Vicky Garments, Uttam Nagar East","Uttam Nagar, Delhi",110059,clothing stores,4.2,954,0,0,1,0,,4,OPERATIONAL
Planet F Paaji | Best Branded And Trendy Clothes In Dwarka | Uttam Nagar | All Clothes Accessories Store,"Uttam Nagar, Delhi",110059,clothing stores,4.9,156,0,0,1,0,,7,OPERATIONAL
Nanda Cloth Emporium,"Uttam Nagar, Delhi",110059,clothing stores,4.2,313,0,0,1,0,,4,OPERATIONAL
M & M Fashions,"Uttam Nagar, Delhi",110059,clothing stores,4.3,132,0,0,1,0,,4,OPERATIONAL
Maan paaji,"Uttam Nagar, Delhi",110059,clothing stores,3.8,80,0,0,1,0,,4,OPERATIONAL
Jindal Garments,"Uttam Nagar, Delhi",110059,clothing stores,3.7,97,0,0,1,0,,4,OPERATIONAL
V2 | Value & Variety - Uttam Nagar Delhi,"Uttam Nagar, Delhi",110059,clothing stores,3.8,22,0,1,1,0,,7,OPERATIONAL
MINI SAROJINI - Clothing Store in Gulab Bagh | Uttam Nagar,"Uttam Nagar, Delhi",110059,clothing stores,4.7,41,0,1,1,0,,8,OPERATIONAL
Sabhyam | Best Women's Clothing in Uttam Nagar | Designer Suits | Best Boutique in Uttam Nagar | Stitching & Customized Dress,"Uttam Nagar, Delhi",110059,clothing stores,4.8,52,0,1,1,0,,6,OPERATIONAL
Uttam Cloth Complex,"Uttam Nagar, Delhi",110059,clothing stores,5.0,16,0,1,1,0,,4,OPERATIONAL
Ambika Fashion,"Uttam Nagar, Delhi",110059,clothing stores,4.8,77,0,0,1,0,,8,OPERATIONAL
Cantabil,"Uttam Nagar, Delhi",110059,clothing stores,4.9,820,0,1,1,0,,5,OPERATIONAL
"Aggarwal Sarees and Dresses - Lehenga, Gowns And Bridal Wear","Uttam Nagar, Delhi",110059,clothing stores,4.8,188,0,0,1,0,,5,OPERATIONAL
Nicky Fashion,"Uttam Nagar, Delhi",110059,clothing stores,3.2,29,0,0,1,0,,5,OPERATIONAL
Delhi Saree House,"Uttam Nagar, Delhi",110059,clothing stores,4.0,985,0,1,1,0,,5,OPERATIONAL
Vishal Mega Mart,"Uttam Nagar, Delhi",110059,grocery stores,3.7,4814,0,1,1,0,,10,OPERATIONAL
"Baniya Ki Dukan , Nawada","Uttam Nagar, Delhi",110059,grocery stores,4.6,1683,0,1,1,0,,7,OPERATIONAL
Puran Store,"Uttam Nagar, Delhi",110059,grocery stores,4.2,663,0,1,0,0,,10,OPERATIONAL
Rajmandir Hypermarket Uttam Nagar,"Uttam Nagar, Delhi",110059,grocery stores,3.8,1883,0,1,1,0,,9,OPERATIONAL
Shani Bazar Market,"Uttam Nagar, Delhi",110059,grocery stores,4.0,946,0,0,0,0,,3,OPERATIONAL
Sachdeva mega store,"Uttam Nagar, Delhi",110059,grocery stores,4.2,706,0,0,1,0,,8,OPERATIONAL
GuptaMart,"Uttam Nagar, Delhi",110059,grocery stores,4.7,50,0,1,1,0,,7,OPERATIONAL
Rajmandir Hypermarket Kiran Garden,"Uttam Nagar, Delhi",110059,grocery stores,3.9,339,0,1,1,0,,7,OPERATIONAL
Aggrawal Super Store,"Uttam Nagar, Delhi",110059,grocery stores,4.0,112,0,0,0,0,,7,OPERATIONAL
A2Z Super Store,"Uttam Nagar, Delhi",110059,grocery stores,3.9,65,0,0,1,0,,6,OPERATIONAL
Haryana mega mart,"Uttam Nagar, Delhi",110059,grocery stores,4.2,159,0,0,1,0,,8,OPERATIONAL
Easy Life Store,"Uttam Nagar, Delhi",110059,grocery stores,4.2,990,0,1,1,0,,7,OPERATIONAL
Raghav Mega Store,"Uttam Nagar, Delhi",110059,grocery stores,4.3,178,0,0,1,0,,6,OPERATIONAL
Electronics Mart - Uttam Nagar,"Uttam Nagar, Delhi",110059,grocery stores,4.7,622,0,1,1,0,,4,OPERATIONAL
Natraj Shopee,"Uttam Nagar, Delhi",110059,grocery stores,4.1,172,0,0,1,0,,7,OPERATIONAL
Sanjay Super Market,"Uttam Nagar, Delhi",110059,grocery stores,4.2,44,0,0,1,0,,6,OPERATIONAL
Electronic Paradise - Uttam Nagar,"Uttam Nagar, Delhi",110059,electronics shops,4.7,474,0,1,1,0,,4,OPERATIONAL
Hariom Electronics - Uttam Nagar,"Uttam Nagar, Delhi",110059,electronics shops,4.8,1465,0,1,1,0,,3,OPERATIONAL
Vardhman Electronics | Uttam Nagar | New Delhi,"Uttam Nagar, Delhi",110059,electronics shops,4.1,129,0,1,1,0,,6,OPERATIONAL
Croma - Uttam Nagar,"Uttam Nagar, Delhi",110059,electronics shops,4.8,2689,0,1,1,0,,5,OPERATIONAL
Pankaj Electricals,"Uttam Nagar, Delhi",110059,electronics shops,4.2,473,0,1,1,0,,4,OPERATIONAL
Vidya Electronics,"Uttam Nagar, Delhi",110059,electronics shops,3.8,53,0,0,1,0,,6,OPERATIONAL
VIJAY SALES - RAJAPURI,"Uttam Nagar, Delhi",110059,electronics shops,4.6,3471,0,1,1,0,,5,OPERATIONAL
Electronic Paradise - Uttam Nagar,"Uttam Nagar, Delhi",110059,electronics shops,3.4,126,0,1,1,0,,4,OPERATIONAL
Aggarwal Electronics,"Uttam Nagar, Delhi",110059,electronics shops,4.3,56,0,0,1,0,,4,OPERATIONAL
"Super Electronics, Uttam Nagar","Uttam Nagar, Delhi",110059,electronics shops,3.2,27,0,0,1,0,,4,OPERATIONAL
Jain Electronics And Gift Centre,"Uttam Nagar, Delhi",110059,electronics shops,4.2,30,0,0,1,0,,3,OPERATIONAL
Rakesh Retails-Uttam Nagar,"Uttam Nagar, Delhi",110059,electronics shops,3.6,113,0,1,1,0,,6,OPERATIONAL
R K Electronics,"Uttam Nagar, Delhi",110059,electronics shops,4.2,44,0,0,1,0,,11,OPERATIONAL
New Home Electronics,"Uttam Nagar, Delhi",110059,electronics shops,4.5,70,0,0,1,0,,6,OPERATIONAL
Gupta Electronics,"Uttam Nagar, Delhi",110059,electronics shops,4.1,44,0,0,1,0,,6,OPERATIONAL
Bhalla electronics,"Uttam Nagar, Delhi",110059,electronics shops,3.2,24,0,0,1,0,,4,OPERATIONAL
Taneja Electronics,"Uttam Nagar, Delhi",110059,electronics shops,4.9,9,0,0,1,0,,4,OPERATIONAL
"Dr. Umang Clinic – Dr. Umang Gosain (MBBS, MD / DNB – Family Medicine). Doctor in Uttam Nagar","Uttam Nagar, Delhi",110059,clinics,5.0,89,0,0,1,0,,4,OPERATIONAL
GOOD HEALTH CLINIC (Dr. ARUN SINGH),"Uttam Nagar, Delhi",110059,clinics,5.0,334,0,0,1,0,,4,OPERATIONAL
Dr. Raman clinic & Diabetes centre,"Uttam Nagar, Delhi",110059,clinics,4.9,338,0,1,1,0,,5,OPERATIONAL
Janta Clinic,"Uttam Nagar, Delhi",110059,clinics,5.0,20,0,0,1,0,,4,OPERATIONAL
Sharanya ENT Clinic,"Uttam Nagar, Delhi",110059,clinics,4.8,560,0,1,1,0,,8,OPERATIONAL
Sharanya Health care,"Uttam Nagar, Delhi",110059,clinics,4.8,70,0,1,1,0,,10,OPERATIONAL
Chandraleela Hospital,"Uttam Nagar, Delhi",110059,clinics,4.6,509,0,1,1,0,,8,OPERATIONAL
B.M. Gupta Hospital Pvt. Ltd.,"Uttam Nagar, Delhi",110059,clinics,4.2,2376,0,1,1,0,,6,OPERATIONAL
Dr Garg Bone & Dental Clinic - Ortho and Dental clinic in uttam nagar | fracture clinic | Dental clinic | Dentist,"Uttam Nagar, Delhi",110059,clinics,5.0,25,0,1,1,0,,5,OPERATIONAL
Mitra Multispeciality Centre- Best Multispeciality Hospital In Uttam Nagar,"Uttam Nagar, Delhi",110059,clinics,5.0,52,0,1,1,0,,6,OPERATIONAL
Medha Clinic,"Uttam Nagar, Delhi",110059,clinics,5.0,61,0,0,1,0,,9,OPERATIONAL
Dr. Dilbag Clinic - MultiSpecialist | Sexologist in Delhi,"Uttam Nagar, Delhi",110059,clinics,4.5,51,0,0,1,0,,4,OPERATIONAL
Sky Diagnostics,"Uttam Nagar, Delhi",110059,clinics,4.8,534,0,1,1,0,,4,OPERATIONAL
Madrasi clinic Dr raj baida,"Uttam Nagar, Delhi",110059,clinics,4.9,817,0,1,1,0,,4,OPERATIONAL
Mahajan Hospital And Diagnostic Centre,"Uttam Nagar, Delhi",110059,clinics,4.7,569,0,0,1,0,,5,OPERATIONAL
"Sharma Clinic , general physician + counselling","Uttam Nagar, Delhi",110059,clinics,4.6,9,0,0,1,0,,4,OPERATIONAL
All Care Hospital,"Uttam Nagar, Delhi",110059,clinics,4.9,27,0,1,1,0,,6,OPERATIONAL
J K Dental Clinic Orthodontic and Implant Center,"Uttam Nagar, Delhi",110059,clinics,4.9,418,0,1,1,0,,5,OPERATIONAL
SEHAT+ HEALTH CENTRE / CLINIC & LABS Raja Puri Uttam Nagar,"Uttam Nagar, Delhi",110059,clinics,5.0,64,0,0,1,0,,4,OPERATIONAL
The Family Wellness Clinic,"Uttam Nagar, Delhi",110059,clinics,5.0,6,0,0,1,0,,4,OPERATIONAL
Pastry Palace Uttam Nagar,"Uttam Nagar, Delhi",110059,bakeries,4.4,564,0,1,1,0,,13,OPERATIONAL
SHAH BAKERY,"Uttam Nagar, Delhi",110059,bakeries,4.1,2678,0,0,1,1,2.0,6,OPERATIONAL
"Prashant Cake & Bake - Cake Shop in Uttam Nagar (Near Janakpuri, Vikashpuri), Cake Home Delivery in West Delhi","Uttam Nagar, Delhi",110059,bakeries,4.9,232,0,1,1,0,,12,OPERATIONAL
Chaudhary Bake & Cake - Customized Cake in Dwarka Mor,"Uttam Nagar, Delhi",110059,bakeries,4.6,151,0,0,1,0,,6,OPERATIONAL
VARUN LAJWAB BAKERY,"Uttam Nagar, Delhi",110059,bakeries,4.1,275,0,0,1,1,2.0,9,OPERATIONAL
"Theobroma Bakery and Cake Shop - Dwarka Mor, Uttam Nagar","Uttam Nagar, Delhi",110059,bakeries,4.9,30,0,1,1,0,,12,OPERATIONAL
"Gopala Bakers, Uttam Nagar","Uttam Nagar, Delhi",110059,bakeries,4.4,133,0,1,1,1,2.0,6,OPERATIONAL
Shah Bakerss,"Uttam Nagar, Delhi",110059,bakeries,4.0,245,0,0,1,0,,11,OPERATIONAL
Pastry house,"Uttam Nagar, Delhi",110059,bakeries,4.5,108,0,1,1,0,,6,OPERATIONAL
Bell-Aura Bakes,"Uttam Nagar, Delhi",110059,bakeries,4.9,60,0,0,1,0,,6,OPERATIONAL
Vaishali Bakery & Confectionery,"Uttam Nagar, Delhi",110059,bakeries,4.9,205,0,0,1,0,,6,OPERATIONAL
Flavourz Factoree,"Uttam Nagar, Delhi",110059,bakeries,4.3,2092,0,1,1,1,2.0,14,OPERATIONAL
Bake Bread,"Uttam Nagar, Delhi",110059,bakeries,4.9,219,0,0,1,0,,6,OPERATIONAL
Super Bakers and More....,"Uttam Nagar, Delhi",110059,bakeries,4.3,87,0,1,1,0,,6,OPERATIONAL
Queen Bakery,"Uttam Nagar, Delhi",110059,bakeries,4.0,201,0,0,1,1,2.0,6,OPERATIONAL
Super Bakersandnamkeen,"Uttam Nagar, Delhi",110059,bakeries,4.3,194,0,1,1,0,,6,OPERATIONAL
Gagan Bakery and Cakes Shop™,"Uttam Nagar, Delhi",110059,bakeries,5.0,287,0,1,1,0,,12,OPERATIONAL
Sahil Bakery,"Uttam Nagar, Delhi",110059,bakeries,4.5,68,0,0,1,0,,9,OPERATIONAL
Zeelab Pharmacy - Uttam Nagar,"Uttam Nagar, Delhi",110059,pharmacies,4.9,153,0,1,1,0,,5,OPERATIONAL
Chauhan Pharmacy,"Uttam Nagar, Delhi",110059,pharmacies,5.0,46,0,0,1,0,,5,OPERATIONAL
Goel Medicos,"Uttam Nagar, Delhi",110059,pharmacies,4.8,112,0,0,1,0,,7,OPERATIONAL
JUNEJA PHARMACY,"Uttam Nagar, Delhi",110059,pharmacies,4.1,31,0,0,1,0,,5,OPERATIONAL
Jan Seva Dawa Bazaar(Uttam Nagar),"Uttam Nagar, Delhi",110059,pharmacies,3.4,21,0,1,1,0,,5,OPERATIONAL
ZEELAB Pharmacy - Vipin Garden,"Uttam Nagar, Delhi",110059,pharmacies,4.9,363,0,1,1,0,,5,OPERATIONAL
Goyal Medical Store,"Uttam Nagar, Delhi",110059,pharmacies,4.2,29,0,0,1,0,,5,OPERATIONAL
ARORA CHEMIST,"Uttam Nagar, Delhi",110059,pharmacies,5.0,15,0,0,1,0,,5,OPERATIONAL
New Delhi Medicare,"Uttam Nagar, Delhi",110059,pharmacies,4.0,4,0,0,1,0,,5,OPERATIONAL
Sachdeva Medicos,"Uttam Nagar, Delhi",110059,pharmacies,4.7,22,0,0,1,0,,5,OPERATIONAL
ADVIKA Pharmacy,"Uttam Nagar, Delhi",110059,pharmacies,5.0,3,0,0,0,0,,5,OPERATIONAL
Cost 2 Cost Pharmacy,"Uttam Nagar, Delhi",110059,pharmacies,4.8,44,0,0,1,0,,5,OPERATIONAL
Chhabra Medicos,"Uttam Nagar, Delhi",110059,pharmacies,4.7,61,0,0,1,0,,5,OPERATIONAL
Jan Aushadhi Kendra Uttam Nagar,"Uttam Nagar, Delhi",110059,pharmacies,3.3,24,0,0,1,0,,5,OPERATIONAL
Chemist Shop,"Uttam Nagar, Delhi",110059,pharmacies,4.0,11,0,0,0,0,,5,OPERATIONAL
ZEELAB Pharmacy - Gulab Bagh Colony,"Uttam Nagar, Delhi",110059,pharmacies,4.9,198,0,1,1,0,,5,OPERATIONAL
DELHI PHARMACY,"Uttam Nagar, Delhi",110059,pharmacies,5.0,1,0,0,0,0,,5,OPERATIONAL
Bajrang Medicos,"Uttam Nagar, Delhi",110059,pharmacies,4.2,10,0,0,1,0,,5,OPERATIONAL
New Nitin Medicos,"Uttam Nagar, Delhi",110059,pharmacies,4.6,42,0,0,1,0,,7,OPERATIONAL
LIBOC DAVAMART- UTTAM NAGAR,"Uttam Nagar, Delhi",110059,pharmacies,5.0,4,0,1,1,0,,5,OPERATIONAL
Mathematics Specialist- Dwar (@RatanKumarGupta),"Uttam Nagar, Delhi",110059,tutoring centers,5.0,516,0,0,1,0,,2,OPERATIONAL
Nutek Study Centre-Professional Tutoring For IX - XII,"Uttam Nagar, Delhi",110059,tutoring centers,4.9,51,0,0,1,0,,3,OPERATIONAL
Gandhi Study Centre Juniors,"Uttam Nagar, Delhi",110059,tutoring centers,4.9,38,0,0,1,0,,3,OPERATIONAL
Pathak Tutorials - Best Coaching and Tuition Center,"Uttam Nagar, Delhi",110059,tutoring centers,5.0,220,0,0,1,0,,5,OPERATIONAL
STG CLASSES (XI & XII Specialized coaching for Commerce & Science),"Uttam Nagar, Delhi",110059,tutoring centers,4.9,398,0,1,1,0,,5,OPERATIONAL
Creative Academy,"Uttam Nagar, Delhi",110059,tutoring centers,4.9,35,0,0,1,0,,4,OPERATIONAL
Best Coaching Centre by Mrs. Seema Gupta(26years experience),"Uttam Nagar, Delhi",110059,tutoring centers,5.0,103,0,1,1,0,,2,OPERATIONAL
Learniverse Tutors - Home Tutors,"Uttam Nagar, Delhi",110059,tutoring centers,5.0,35,0,1,1,0,,3,OPERATIONAL
"Ashwani Gupta Classes, VII to X (maths and science tutor)","Uttam Nagar, Delhi",110059,tutoring centers,5.0,22,0,1,1,0,,2,OPERATIONAL
Success Square- Best SSC Coaching- Best CTET Coaching - Best DSSSB Coaching - Best UGC-NET-In Uttam Nagar,"Uttam Nagar, Delhi",110059,tutoring centers,4.7,413,0,1,1,0,,3,OPERATIONAL
Brain Development Academy | Abacus Classes in Uttam Nagar | Vedic Maths Classes in Delhi,"Uttam Nagar, Delhi",110059,tutoring centers,5.0,75,0,1,1,0,,6,OPERATIONAL
Achievers Academy Creating Achievers,"Uttam Nagar, Delhi",110059,tutoring centers,4.9,192,0,1,1,0,,3,OPERATIONAL
Cuemath Offline Tuition Center | Archana Mittal,"Uttam Nagar, Delhi",110059,tutoring centers,5.0,19,0,1,1,0,,4,OPERATIONAL
"IGNOU BCA,MCA, Data Science & Machine Learning, Full Stack Web Development, Digital Marketing and SEO","Uttam Nagar, Delhi",110059,tutoring centers,4.9,187,0,1,1,0,,7,OPERATIONAL
ChemMaths Tutorial- Home Tuition Dwarka for Chemistry & Maths,"Uttam Nagar, Delhi",110059,tutoring centers,5.0,72,0,1,1,0,,6,OPERATIONAL
"Best IELTS coaching in Delhi- Speak N Skills Uttam Nagar |PTE, OET |Best English Speaking classes in West Delhi","Uttam Nagar, Delhi",110059,tutoring centers,4.9,369,0,1,1,0,,3,OPERATIONAL
Achievers Classes,"Uttam Nagar, Delhi",110059,tutoring centers,4.8,29,0,0,1,0,,3,OPERATIONAL
The Maths Academy Delhi,"Uttam Nagar, Delhi",110059,tutoring centers,5.0,7,0,0,0,0,,3,OPERATIONAL
ATC EDUCATION HUB,"Uttam Nagar, Delhi",110059,tutoring centers,4.5,102,0,1,1,0,,2,OPERATIONAL
Isha Tutorial,"Uttam Nagar, Delhi",110059,tutoring centers,5.0,18,0,0,1,0,,2,OPERATIONAL
Kataria Furniture And Electronics,"Uttam Nagar, Delhi",110059,furniture stores,4.1,193,0,0,1,0,,7,OPERATIONAL
Furniture World,"Uttam Nagar, Delhi",110059,furniture stores,3.8,51,0,0,1,0,,4,OPERATIONAL
Laxmi Furniture House,"Uttam Nagar, Delhi",110059,furniture stores,4.4,63,0,0,1,0,,6,OPERATIONAL
Kohli Furniture,"Uttam Nagar, Delhi",110059,furniture stores,3.7,37,0,0,1,0,,6,OPERATIONAL
Singla Furnishings,"Uttam Nagar, Delhi",110059,furniture stores,4.1,64,0,0,1,0,,8,OPERATIONAL
Dhiraj Old Furniture,"Uttam Nagar, Delhi",110059,furniture stores,3.9,18,0,0,1,0,,6,OPERATIONAL
B M & SONS FURNITURES,"Uttam Nagar, Delhi",110059,furniture stores,2.3,44,0,0,0,0,,6,OPERATIONAL
Om sai furniture,"Uttam Nagar, Delhi",110059,furniture stores,4.6,9,0,1,1,0,,9,OPERATIONAL
Furniture Gallery,"Uttam Nagar, Delhi",110059,furniture stores,2.4,30,0,1,1,0,,7,OPERATIONAL
Aggarwal The Handloom Shop,"Uttam Nagar, Delhi",110059,furniture stores,4.1,1763,0,0,1,0,,7,OPERATIONAL
"Sleepwell Gallery - Uttam Nagar, New Delhi","Uttam Nagar, Delhi",110059,furniture stores,4.9,59,0,1,1,0,,6,OPERATIONAL
Nimbhal Enterprises,"Uttam Nagar, Delhi",110059,furniture stores,5.0,145,0,0,1,0,,6,OPERATIONAL
Delhi Interior - curtain shop in Uttam Nagar | pvc panel | wallpaper dealer in dwarka,"Uttam Nagar, Delhi",110059,furniture stores,4.7,468,0,0,1,0,,8,OPERATIONAL
C. K. Furniture,"Uttam Nagar, Delhi",110059,furniture stores,5.0,1,0,0,1,0,,6,OPERATIONAL
Bharat Furniture,"Uttam Nagar, Delhi",110059,furniture stores,4.5,2,0,0,1,0,,6,OPERATIONAL
Mobile Bazaar Delhi,"Uttam Nagar, Delhi",110059,mobile shops,4.9,71,0,0,1,0,,6,OPERATIONAL
Mangla Telecom Center,"Uttam Nagar, Delhi",110059,mobile shops,3.9,549,0,0,1,0,,4,OPERATIONAL
Aggarwal Mobile And Electronics,"Uttam Nagar, Delhi",110059,mobile shops,4.6,240,0,0,1,0,,4,OPERATIONAL
NEW MOBILE WORLD INDIA,"Uttam Nagar, Delhi",110059,mobile shops,4.4,39,0,0,1,0,,5,OPERATIONAL
The Mobile Bazaar,"Uttam Nagar, Delhi",110059,mobile shops,4.7,42,0,0,1,0,,4,OPERATIONAL
Multi Star Communications- Best Mobile Shop In Uttam Nagar,"Uttam Nagar, Delhi",110059,mobile shops,4.8,43,0,0,1,0,,7,OPERATIONAL
Rewy Mobile Store - Patel Nagar,"Uttam Nagar, Delhi",110059,mobile shops,5.0,218,0,0,1,0,,6,OPERATIONAL
"Cashify Mobile Phone Store | Buy, Sell and Repair in Uttam Nagar Delhi","Uttam Nagar, Delhi",110059,mobile shops,4.6,1650,0,1,1,0,,6,OPERATIONAL
THE MOBILE MART,"Uttam Nagar, Delhi",110059,mobile shops,4.1,42,0,0,1,0,,4,OPERATIONAL
Pooja Mobile World,"Uttam Nagar, Delhi",110059,mobile shops,4.3,33,0,1,1,0,,4,OPERATIONAL
Cash O Phone -BEST MOBILE SHOP DELHI,"Uttam Nagar, Delhi",110018,mobile shops,4.1,419,0,0,1,0,,4,OPERATIONAL
MY MOB DEALS,"Uttam Nagar, Delhi",110059,mobile shops,4.4,29,0,0,1,0,,5,OPERATIONAL
Sobti Mobile Store,"Uttam Nagar, Delhi",110059,mobile shops,4.7,12,0,0,1,0,,4,OPERATIONAL
Samsung Experience Store Uttam Nagar Main Najafgarh Road,"Uttam Nagar, Delhi",110059,mobile shops,4.1,233,0,1,1,0,,6,OPERATIONAL
Gurunanak Communication,"Uttam Nagar, Delhi",110059,mobile shops,4.8,37,0,0,1,0,,6,OPERATIONAL
Deepak Jewellers,"Uttam Nagar, Delhi",110059,jewellery shops,4.9,331,0,1,1,0,,9,OPERATIONAL
Shagun Jewellers,"Uttam Nagar, Delhi",110059,jewellery shops,4.5,260,0,0,1,0,,4,OPERATIONAL
Swayamvor Jewellers,"Uttam Nagar, Delhi",110059,jewellery shops,4.5,242,0,0,1,0,,4,OPERATIONAL
"GIVA Silver & Gold Jewellery Store | Uttam Nagar,New Delhi","Uttam Nagar, Delhi",110059,jewellery shops,5.0,31,0,1,1,0,,7,OPERATIONAL
Shri Ram Chandra Jewellers,"Uttam Nagar, Delhi",110059,jewellery shops,4.7,69,0,1,0,0,,4,OPERATIONAL
Bhagwati Jewellers,"Uttam Nagar, Delhi",110059,jewellery shops,4.8,163,0,0,1,0,,4,OPERATIONAL
V.s. Jewellers,"Uttam Nagar, Delhi",110059,jewellery shops,4.2,41,0,0,1,0,,5,OPERATIONAL
Kasturi Jewellers,"Uttam Nagar, Delhi",110059,jewellery shops,3.5,92,0,1,1,0,,4,OPERATIONAL
Om Jewellers Uttam Nagar,"Uttam Nagar, Delhi",110059,jewellery shops,4.4,59,0,0,1,0,,4,OPERATIONAL
Puran Ornaments,"Uttam Nagar, Delhi",110059,jewellery shops,4.7,155,0,1,0,0,,5,OPERATIONAL
SHREE RADHE JEWELLERS,"Uttam Nagar, Delhi",110059,jewellery shops,5.0,10,0,0,1,0,,4,OPERATIONAL
SHRIOM JEWELLERS UTTAM NAGAR- Best Jewelry store in West Delhi,"Uttam Nagar, Delhi",110059,jewellery shops,4.5,32,0,1,1,0,,7,OPERATIONAL
Murti Jewellers,"Uttam Nagar, Delhi",110059,jewellery shops,4.3,78,0,1,1,0,,4,OPERATIONAL
Puran's Jewellers,"Uttam Nagar, Delhi",110059,jewellery shops,4.7,13,0,0,1,0,,4,OPERATIONAL
Laxmi Jewellers,"Uttam Nagar, Delhi",110059,jewellery shops,4.8,74,0,0,1,0,,4,OPERATIONAL
SK Jewellers,"Uttam Nagar, Delhi",110059,jewellery shops,4.7,23,0,0,1,0,,6,OPERATIONAL
Mehta Jewels,"Uttam Nagar, Delhi",110059,jewellery shops,4.9,30,0,0,1,0,,7,OPERATIONAL
Sunil Jewellers,"Uttam Nagar, Delhi",110059,jewellery shops,4.1,30,0,0,0,0,,4,OPERATIONAL
Rajasthan jewellers,"Uttam Nagar, Delhi",110059,jewellery shops,4.2,52,0,0,1,0,,4,OPERATIONAL
Taneja Hardware Store,"Uttam Nagar, Delhi",110059,hardware stores,4.0,36,0,0,1,0,,5,OPERATIONAL
Diamond Traders Paints Hardware & Sanitary,"Uttam Nagar, Delhi",110059,hardware stores,5.0,112,0,1,1,0,,9,OPERATIONAL
Kamal Enterprises(paints & hardware shop),"Uttam Nagar, Delhi",110059,hardware stores,4.9,206,0,0,1,0,,5,OPERATIONAL
Madan Hardware And Tools,"Uttam Nagar, Delhi",110059,hardware stores,4.3,11,0,0,1,0,,8,OPERATIONAL
Mahalaxmi Traders,"Uttam Nagar, Delhi",110059,hardware stores,4.3,35,0,0,1,0,,5,OPERATIONAL
GARG TRADERS,"Uttam Nagar, Delhi",110059,hardware stores,4.8,12,0,0,1,0,,5,OPERATIONAL
"Aggarwal Hardware, Paints and Sanitary.","Uttam Nagar, Delhi",110059,hardware stores,3.8,5,0,0,1,0,,9,OPERATIONAL
Miglani paints & Hardware Store,"Uttam Nagar, Delhi",110059,hardware stores,3.3,11,0,0,1,0,,10,OPERATIONAL
Singhal Hardware,"Uttam Nagar, Delhi",110059,hardware stores,5.0,5,0,0,1,0,,5,OPERATIONAL
Sharma traders,"Uttam Nagar, Delhi",110059,hardware stores,5.0,38,0,0,1,0,,6,OPERATIONAL
Khurana Hardware,"Uttam Nagar, Delhi",110059,hardware stores,4.8,9,0,0,0,0,,5,OPERATIONAL
Gupta Hardware,"Uttam Nagar, Delhi",110059,hardware stores,4.2,17,0,0,1,0,,5,OPERATIONAL
Vidya Paints & Hardware Store,"Uttam Nagar, Delhi",110059,hardware stores,3.7,6,0,0,1,0,,6,OPERATIONAL
Ashoka Paints & Hardware Store,"Uttam Nagar, Delhi",110059,hardware stores,4.2,6,0,0,1,0,,5,OPERATIONAL
Sunil Hardware & Paint Sanitary Store,"Uttam Nagar, Delhi",110059,hardware stores,4.3,8,0,0,1,0,,5,OPERATIONAL
Pakwan Restaurant,"Tilak Nagar, Delhi",110018,restaurants,4.1,1354,0,0,1,1,2.0,8,OPERATIONAL
Rameshtha,"Tilak Nagar, Delhi",110018,restaurants,4.8,60,0,0,0,0,,4,OPERATIONAL
Casa Sizzler,"Tilak Nagar, Delhi",110018,restaurants,4.5,150,0,0,0,0,,5,OPERATIONAL
Wake up cafe,"Tilak Nagar, Delhi",110018,restaurants,4.9,70,0,0,1,0,,5,OPERATIONAL
Sehyog alpahar,"Tilak Nagar, Delhi",110018,restaurants,3.9,1071,0,0,0,1,2.0,7,OPERATIONAL
Sehmbi's Family Restaurant,"Tilak Nagar, Delhi",110018,restaurants,3.9,275,0,0,1,1,2.0,5,OPERATIONAL
Chefindies,"Tilak Nagar, Delhi",110018,restaurants,5.0,52,0,0,1,0,,4,OPERATIONAL
Singlas Sweets Bakery & Restaurant - Tilak Nagar,"Tilak Nagar, Delhi",110018,restaurants,4.0,6281,0,1,1,1,2.0,17,OPERATIONAL
Punjab Grill Pacific Mall,"Tilak Nagar, Delhi",110018,restaurants,4.5,3343,0,1,1,1,3.0,11,OPERATIONAL
Cafe Delhi Heights,"Tilak Nagar, Delhi",110018,restaurants,4.2,1931,0,1,1,1,3.0,14,OPERATIONAL
Hum Sabki Rasoi,"Tilak Nagar, Delhi",110018,restaurants,4.0,165,0,0,1,0,,6,OPERATIONAL
Bhape Di Hatti,"Tilak Nagar, Delhi",110018,restaurants,3.9,250,0,0,1,0,,4,OPERATIONAL
Sethi's Restaurant,"Tilak Nagar, Delhi",110018,restaurants,4.0,1949,0,1,1,1,2.0,7,OPERATIONAL
Chili's Grill & Bar,"Tilak Nagar, Delhi",110018,restaurants,4.4,3943,0,1,1,1,3.0,7,OPERATIONAL
The BBQ Industry,"Tilak Nagar, Delhi",110064,restaurants,4.4,13017,1,1,1,1,2.0,5,OPERATIONAL
Sardar Ji Da Dhaba,"Tilak Nagar, Delhi",110018,restaurants,4.9,28,0,0,1,0,,4,OPERATIONAL
Food Mohalla,"Tilak Nagar, Delhi",110058,restaurants,4.5,221,0,1,1,1,2.0,5,OPERATIONAL
ALAG’s Khaana Khazana ( Since 1994 ),"Tilak Nagar, Delhi",110018,restaurants,4.4,179,0,1,1,0,,6,OPERATIONAL
Eighty 7,"Tilak Nagar, Delhi",110018,cafes,4.5,28,0,0,1,0,,4,OPERATIONAL
Bird Of Paradise Cafe,"Tilak Nagar, Delhi",110018,cafes,4.9,30,0,1,1,0,,4,OPERATIONAL
Partner's Cafe,"Tilak Nagar, Delhi",110018,cafes,4.2,158,0,0,1,0,,4,OPERATIONAL
Espresso Alley,"Tilak Nagar, Delhi",110018,cafes,4.9,10,0,1,0,0,,7,OPERATIONAL
The Bean Bros.,"Tilak Nagar, Delhi",110058,cafes,5.0,13,0,0,0,0,,7,OPERATIONAL
Bru Amor,"Tilak Nagar, Delhi",110018,cafes,5.0,94,0,0,1,0,,4,OPERATIONAL
Go Pizzeria's,"Tilak Nagar, Delhi",110018,cafes,5.0,122,0,0,1,0,,4,OPERATIONAL
Daans cafe,"Tilak Nagar, Delhi",110018,cafes,4.8,39,0,0,0,0,,7,OPERATIONAL
Global Tea Cafe Tilak Nagar,"Tilak Nagar, Delhi",110058,cafes,5.0,5,0,1,0,0,,4,OPERATIONAL
South Indian cafe,"Tilak Nagar, Delhi",110018,cafes,4.1,393,0,0,1,0,,6,OPERATIONAL
Cafe El Chapo,"Tilak Nagar, Delhi",110018,cafes,5.0,2,0,0,1,0,,4,OPERATIONAL
"28 degree unisex salon - GaneshNagar, Tilak Nagar","Tilak Nagar, Delhi",110018,salons,4.9,505,0,1,1,0,,16,OPERATIONAL
Salon Nirvana by SS,"Tilak Nagar, Delhi",110018,salons,4.2,379,0,1,1,0,,8,OPERATIONAL
"28 degree unisex salon - Fateh Nagar, Tilak Nagar","Tilak Nagar, Delhi",110018,salons,4.7,113,0,1,1,0,,16,OPERATIONAL
"Geetanjali Salon - Pacific Mall, New Delhi","Tilak Nagar, Delhi",110018,salons,4.8,1487,0,1,1,0,,10,OPERATIONAL
Valentine unisex salon | Beauty Parlour salon & Nail extensions | Best Salon in Tilak Nagar,"Tilak Nagar, Delhi",110018,salons,4.6,36,0,0,1,0,,9,OPERATIONAL
King & queen unisex salon,"Tilak Nagar, Delhi",110018,salons,4.9,121,0,0,1,0,,6,OPERATIONAL
Nagma Makeovers,"Tilak Nagar, Delhi",110018,salons,5.0,270,0,1,1,0,,4,OPERATIONAL
Hairlocks unisex salon,"Tilak Nagar, Delhi",110018,salons,4.3,165,0,1,1,0,,8,OPERATIONAL
GLOW EENVY Salon & Studio,"Tilak Nagar, Delhi",110018,salons,4.4,106,0,1,1,0,,11,OPERATIONAL
MJ Beauty Hub®,"Tilak Nagar, Delhi",110018,salons,4.9,270,0,1,1,0,,7,OPERATIONAL
THE ACTIVE SALON,"Tilak Nagar, Delhi",110018,salons,5.0,127,0,0,1,0,,4,OPERATIONAL
Scissor Sound Unisex Salon- Tilak Nagar,"Tilak Nagar, Delhi",110018,salons,3.9,283,0,0,1,0,,12,OPERATIONAL
Angel's Touch by Abhi & Anjali - Beauty Salon | Best Salon | Unisex Salon | Nail Extention in Tilak Nagar,"Tilak Nagar, Delhi",110018,salons,4.4,48,0,1,1,0,,8,OPERATIONAL
The sameer unisex salon,"Tilak Nagar, Delhi",110018,salons,4.1,96,0,0,1,0,,5,OPERATIONAL
NS Unisex Salon & Makeup Academy,"Tilak Nagar, Delhi",110018,salons,5.0,27,0,0,0,0,,4,OPERATIONAL
"Looks Salon, Pacific Mall, Subhash Nagar","Tilak Nagar, Delhi",110018,salons,4.5,2166,0,1,1,0,,7,OPERATIONAL
Queen of Nails Unisex Salon & Academy,"Tilak Nagar, Delhi",110018,salons,4.7,109,0,0,1,0,,9,OPERATIONAL
The Hair Makers .,"Tilak Nagar, Delhi",110018,salons,4.4,109,0,0,1,0,,3,OPERATIONAL
ANGELS TOUCH UNISEX SALON,"Tilak Nagar, Delhi",110018,salons,4.4,99,0,0,1,0,,4,OPERATIONAL
Strength The Gym & Spa,"Tilak Nagar, Delhi",110018,gyms,4.9,751,0,1,1,0,,14,OPERATIONAL
PULSE FITNESS | BEST GYM IN TILAK NAGAR,"Tilak Nagar, Delhi",110018,gyms,4.9,409,0,0,1,0,,5,OPERATIONAL
Taurus Power Club,"Tilak Nagar, Delhi",110018,gyms,4.8,311,0,0,1,0,,6,OPERATIONAL
"Cult Gym Tilak Nagar | Best Gym in Tilak Nagar, Delhi","Tilak Nagar, Delhi",110018,gyms,3.5,178,0,1,1,0,,13,OPERATIONAL
"MAXIMUM GYM | BEST GYM IN TILK NAGAR, GYM IN VISHNU GARDEN, WEIGHT LOSS/GAIN, PERSONAL TRANING, DIET/SUPPLEMENT CONSULTATION","Tilak Nagar, Delhi",110018,gyms,5.0,106,0,1,1,0,,6,OPERATIONAL
MEET FITNESS SANT GARH,"Tilak Nagar, Delhi",110018,gyms,4.9,294,0,1,1,0,,5,OPERATIONAL
BRIX GYM - Tilak Nagar,"Tilak Nagar, Delhi",110018,gyms,3.7,266,0,0,0,0,,5,OPERATIONAL
Seven Zone Fitness Destination,"Tilak Nagar, Delhi",110018,gyms,4.2,245,0,0,1,0,,5,OPERATIONAL
Beast Factory Gym,"Tilak Nagar, Delhi",110018,gyms,5.0,44,0,0,1,0,,5,OPERATIONAL
"Anytime Fitness Subhash Nagar, Delhi","Tilak Nagar, Delhi",110018,gyms,4.3,217,0,1,1,0,,6,OPERATIONAL
AM2PM Gym,"Tilak Nagar, Delhi",110064,gyms,5.0,126,0,0,1,0,,6,OPERATIONAL
Radius Gym n Spa,"Tilak Nagar, Delhi",110018,gyms,3.8,92,0,0,1,0,,5,OPERATIONAL
3D THE GYM,"Tilak Nagar, Delhi",110018,gyms,4.8,491,0,1,1,0,,12,OPERATIONAL
Midtown square fitness,"Tilak Nagar, Delhi",110058,gyms,4.8,61,0,0,1,0,,5,OPERATIONAL
Anytime Fitness,"Tilak Nagar, Delhi",110018,gyms,4.4,291,0,1,1,0,,6,OPERATIONAL
Fitness factory gym and spa,"Tilak Nagar, Delhi",110058,gyms,4.5,295,0,1,1,0,,11,OPERATIONAL
Royal GYM,"Tilak Nagar, Delhi",110018,gyms,4.5,78,0,0,0,0,,5,OPERATIONAL
Goyalsons Tilak Nagar,"Tilak Nagar, Delhi",110018,clothing stores,3.6,451,0,0,1,0,,4,OPERATIONAL
Kayways Stores,"Tilak Nagar, Delhi",110018,clothing stores,4.2,136,0,0,1,0,,4,OPERATIONAL
"Olecuzi Tilak Nagar | best fashion shop in west Delhi for kids, Men, women, boys, girls dress, new born wear | accessories","Tilak Nagar, Delhi",110018,clothing stores,4.9,313,0,1,1,0,,7,OPERATIONAL
UV Fashion - Tilak Nagar,"Tilak Nagar, Delhi",110018,clothing stores,4.4,13,0,0,0,0,,4,OPERATIONAL
Pretty You,"Tilak Nagar, Delhi",110018,clothing stores,4.2,53,0,1,1,0,,4,OPERATIONAL
SPENDWORTH CLOTHING,"Tilak Nagar, Delhi",110018,clothing stores,4.8,241,0,1,1,0,,5,OPERATIONAL
Tilak Nagar Market,"Tilak Nagar, Delhi",110018,clothing stores,4.1,27275,1,0,0,0,,5,OPERATIONAL
Sai Appearls bancho,"Tilak Nagar, Delhi",110018,clothing stores,4.8,125,0,0,1,0,,4,OPERATIONAL
Ambica Store,"Tilak Nagar, Delhi",110018,clothing stores,4.8,62,0,0,1,0,,4,OPERATIONAL
Riwaaz Garments Pvt Ltd,"Tilak Nagar, Delhi",110018,clothing stores,4.2,234,0,0,1,0,,4,OPERATIONAL
vadore clothingg,"Tilak Nagar, Delhi",110018,clothing stores,4.1,62,0,0,1,0,,4,OPERATIONAL
"Sai Chopra Garments – Best Cloth Shop in Tilak Nagar | Newborn, Kids & Teenager Fashion | Affordable Clothes in West Delhi","Tilak Nagar, Delhi",110018,clothing stores,4.4,14,0,0,1,0,,4,OPERATIONAL
The Closet Store,"Tilak Nagar, Delhi",110018,clothing stores,4.9,79,0,1,1,0,,4,OPERATIONAL
Moderate Fashion Hub,"Tilak Nagar, Delhi",110018,clothing stores,4.8,31,0,0,1,0,,5,OPERATIONAL
Lady London,"Tilak Nagar, Delhi",110018,clothing stores,3.9,161,0,0,1,0,,5,OPERATIONAL
Narang Fashion Pvt Ltd,"Tilak Nagar, Delhi",110018,clothing stores,3.7,80,0,0,0,0,,6,OPERATIONAL
Signature Of Style Garments Shop,"Tilak Nagar, Delhi",110018,clothing stores,4.3,18,0,0,1,0,,4,OPERATIONAL
Comarsons,"Tilak Nagar, Delhi",110018,clothing stores,4.6,32,0,0,1,0,,4,OPERATIONAL
Fashion Fizz,"Tilak Nagar, Delhi",110018,clothing stores,5.0,22,0,0,1,0,,4,OPERATIONAL
Mr. Tux,"Tilak Nagar, Delhi",110018,clothing stores,4.6,347,0,0,1,0,,6,OPERATIONAL
MAXKART SUPERMARKET,"Tilak Nagar, Delhi",110018,grocery stores,4.2,582,0,0,1,0,,8,OPERATIONAL
More Supermarket - Mukherjee Park,"Tilak Nagar, Delhi",110018,grocery stores,4.0,261,0,1,1,0,,9,OPERATIONAL
Vishal Mega Mart,"Tilak Nagar, Delhi",110018,grocery stores,3.7,3279,0,1,1,0,,4,OPERATIONAL
Smart Basket - Tilak Nagar,"Tilak Nagar, Delhi",110018,grocery stores,4.3,38,0,1,1,0,,6,OPERATIONAL
Raja Store Tilak Nagar,"Tilak Nagar, Delhi",110018,grocery stores,4.8,8,0,0,1,0,,6,OPERATIONAL
PAYN MART - Products All You Need,"Tilak Nagar, Delhi",110018,grocery stores,5.0,42,0,1,1,0,,12,OPERATIONAL
Pacific Mall Tagore garden,"Tilak Nagar, Delhi",110018,grocery stores,4.5,101295,1,1,1,0,,3,OPERATIONAL
BANSAL TRADERS,"Tilak Nagar, Delhi",110018,grocery stores,4.5,78,0,1,1,0,,7,OPERATIONAL
Shri Gupta Store,"Tilak Nagar, Delhi",110018,grocery stores,4.2,37,0,0,1,0,,13,OPERATIONAL
Bhagtan Di Hatti,"Tilak Nagar, Delhi",110018,grocery stores,4.3,300,0,0,1,0,,5,OPERATIONAL
Ankush Store,"Tilak Nagar, Delhi",110018,grocery stores,4.3,155,0,0,1,0,,7,OPERATIONAL
Ashoka Dry Fruit Mart,"Tilak Nagar, Delhi",110018,grocery stores,4.2,827,0,0,1,0,,5,OPERATIONAL
Chawla Supermart,"Tilak Nagar, Delhi",110018,grocery stores,4.5,41,0,0,1,0,,7,OPERATIONAL
"Electronic Kingdom - Best Mobile Phone shop in Tilak Nagar, Best Mobile Accessories shop in Tilak Nagar,","Tilak Nagar, Delhi",110018,electronics shops,4.4,73,0,0,1,0,,5,OPERATIONAL
SHRI BALA PRITAM ELECTRONICS,"Tilak Nagar, Delhi",110018,electronics shops,4.6,234,0,0,1,0,,6,OPERATIONAL
Navpreet electronics,"Tilak Nagar, Delhi",110018,electronics shops,5.0,1668,0,1,1,0,,8,OPERATIONAL
Kumar Electric Corporation,"Tilak Nagar, Delhi",110018,electronics shops,4.1,649,0,0,1,0,,3,OPERATIONAL
Sarna Electronics,"Tilak Nagar, Delhi",110018,electronics shops,4.1,14,0,0,0,0,,4,OPERATIONAL
New Khurana Electronics,"Tilak Nagar, Delhi",110018,electronics shops,5.0,69,0,0,1,0,,4,OPERATIONAL
Heera Electric Store,"Tilak Nagar, Delhi",110018,electronics shops,4.7,235,0,0,1,0,,9,OPERATIONAL
Shinestar Electronics,"Tilak Nagar, Delhi",110018,electronics shops,3.9,417,0,0,1,0,,4,OPERATIONAL
Cheap Electric Stores,"Tilak Nagar, Delhi",110018,electronics shops,4.9,19,0,0,0,0,,4,OPERATIONAL
Schneider Electric - Tilak Trading Co. Private Limited,"Tilak Nagar, Delhi",110018,electronics shops,4.3,44,0,1,1,0,,4,OPERATIONAL
Sky Lite,"Tilak Nagar, Delhi",110018,electronics shops,4.5,59,0,0,1,0,,4,OPERATIONAL
D SONI ELECTRONICS CO.,"Tilak Nagar, Delhi",110018,electronics shops,4.0,140,0,0,1,0,,3,OPERATIONAL
Narang Electricals,"Tilak Nagar, Delhi",110018,electronics shops,4.2,33,0,1,1,0,,4,OPERATIONAL
Shiv Hari Electronics,"Tilak Nagar, Delhi",110018,electronics shops,4.6,12,0,0,1,0,,5,OPERATIONAL
Gandhi Electric Co.,"Tilak Nagar, Delhi",110018,electronics shops,3.1,94,0,0,1,0,,6,OPERATIONAL
Gupta Electricals,"Tilak Nagar, Delhi",110018,electronics shops,4.1,25,0,1,1,0,,5,OPERATIONAL
"ISSAR MULTI-SPECIALITY CLINIC | Tilak Nagar, New Delhi","Tilak Nagar, Delhi",110018,clinics,5.0,49,0,0,1,0,,6,OPERATIONAL
"Dr.Clinic |Dr.pharmacy, Pathlab","Tilak Nagar, Delhi",110018,clinics,5.0,2,0,0,0,0,,4,OPERATIONAL
Dr. R.K. Katyal,"Tilak Nagar, Delhi",110018,clinics,4.0,86,0,0,1,0,,4,OPERATIONAL
Amol Clinic and Medicare,"Tilak Nagar, Delhi",110018,clinics,4.8,46,0,0,1,0,,4,OPERATIONAL
Star Imaging and Path Lab Limited | Best Diagnostic Center in Delhi,"Tilak Nagar, Delhi",110018,clinics,4.5,1804,0,1,1,0,,5,OPERATIONAL
Janta X-Ray Clinic | Best Diagnostic Center in West Delhi,"Tilak Nagar, Delhi",110018,clinics,4.4,1044,0,1,1,0,,5,OPERATIONAL
Bahl dental clinic,"Tilak Nagar, Delhi",110018,clinics,4.9,1278,0,0,1,0,,5,OPERATIONAL
City X-Ray & Scan Clinic Pvt. Ltd. - Tilak Nagar,"Tilak Nagar, Delhi",110018,clinics,4.6,4267,0,1,1,0,,4,OPERATIONAL
Sai Skin and Medical Clinic,"Tilak Nagar, Delhi",110018,clinics,4.9,411,0,0,1,0,,4,OPERATIONAL
"Clove Dental Clinic - Tilak Nagar, Delhi","Tilak Nagar, Delhi",110018,clinics,4.9,1087,0,1,1,0,,7,OPERATIONAL
Dr naseem ahmad,"Tilak Nagar, Delhi",110018,clinics,4.9,98,0,0,0,0,,5,OPERATIONAL
Take it easy homeopathic clinic,"Tilak Nagar, Delhi",110018,clinics,5.0,28,0,1,1,0,,7,OPERATIONAL
Synergy Clinics,"Tilak Nagar, Delhi",110018,clinics,4.5,26,0,1,1,0,,6,OPERATIONAL
Aastha Hospital,"Tilak Nagar, Delhi",110018,clinics,4.8,1339,0,1,1,0,,7,OPERATIONAL
Mohalla Clinic,"Tilak Nagar, Delhi",110018,clinics,3.4,50,0,1,0,0,,4,OPERATIONAL
Shishu SadanChildren Clinic and Vaccination centre,"Tilak Nagar, Delhi",110018,clinics,4.6,70,0,1,1,0,,4,OPERATIONAL
Dr Saurabh’s Amogh Homeo Clinic |Homeopathic doctor in west delhi,"Tilak Nagar, Delhi",110018,clinics,5.0,13,0,0,1,0,,4,OPERATIONAL
Kalsi Clinic,"Tilak Nagar, Delhi",110018,clinics,4.5,10,0,0,0,0,,4,OPERATIONAL
Gujral Medical Centre,"Tilak Nagar, Delhi",110018,clinics,4.6,179,0,0,1,0,,7,OPERATIONAL
ASTHA DENTAL CLINIC,"Tilak Nagar, Delhi",110018,clinics,4.8,65,0,0,1,0,,5,OPERATIONAL
Manmohan Bakery,"Tilak Nagar, Delhi",110018,bakeries,4.0,570,0,0,1,1,2.0,6,OPERATIONAL
Delicacy Bakers & Patisserie,"Tilak Nagar, Delhi",110018,bakeries,5.0,36,0,0,1,0,,12,OPERATIONAL
Sona Bakers,"Tilak Nagar, Delhi",110058,bakeries,3.8,282,0,0,1,1,2.0,11,OPERATIONAL
Best cakes in delhi-The house of cakes Tilak nagar,"Tilak Nagar, Delhi",110058,bakeries,4.8,39,0,1,1,0,,6,OPERATIONAL
Dhingra Trading Co.(Regd) (Chocolate Shop),"Tilak Nagar, Delhi",110018,bakeries,4.3,325,0,0,1,0,,6,OPERATIONAL
"OM Sweets, Hari Nagar, Delhi","Tilak Nagar, Delhi",110064,bakeries,4.2,14230,1,1,1,1,2.0,11,OPERATIONAL
ALL FOR BAKES - bakery raw material | bakery ingredients | cake premix wholesaler in delhi,"Tilak Nagar, Delhi",110018,bakeries,3.6,75,0,0,1,0,,5,OPERATIONAL
Monga Sweet House ! Cake Shop ! Best sweet shop in Ashok Nagar ! Tilak Nagar,"Tilak Nagar, Delhi",110018,bakeries,4.3,616,0,1,1,0,,8,OPERATIONAL
Honey & Dough,"Tilak Nagar, Delhi",110018,bakeries,4.0,167,0,1,1,1,2.0,6,OPERATIONAL
Cake Fantasy,"Tilak Nagar, Delhi",110018,bakeries,4.3,91,0,0,1,0,,17,OPERATIONAL
Ranbir Bakery,"Tilak Nagar, Delhi",110058,bakeries,4.0,206,0,0,1,1,1.0,6,OPERATIONAL
Vikas Medicos Chemist,"Tilak Nagar, Delhi",110018,pharmacies,4.6,121,0,0,1,0,,5,OPERATIONAL
Deep Medical Store,"Tilak Nagar, Delhi",110018,pharmacies,3.7,30,0,0,1,0,,6,OPERATIONAL
Ahuja Ayurvedic Store,"Tilak Nagar, Delhi",110018,pharmacies,4.6,184,0,0,1,0,,6,OPERATIONAL
Mohit Medical Corner Pvt Ltd,"Tilak Nagar, Delhi",110018,pharmacies,3.9,30,0,0,1,0,,5,OPERATIONAL
Sunny Medical Store,"Tilak Nagar, Delhi",110018,pharmacies,4.5,13,0,0,1,0,,7,OPERATIONAL
Ashutosh Medicine House,"Tilak Nagar, Delhi",110018,pharmacies,4.6,10,0,0,1,0,,5,OPERATIONAL
Wellness Pharmacy,"Tilak Nagar, Delhi",110018,pharmacies,4.7,3,0,0,1,0,,5,OPERATIONAL
Zeelab Pharmacy - Old Mahavir Nagar,"Tilak Nagar, Delhi",110018,pharmacies,4.9,106,0,1,1,0,,5,OPERATIONAL
Fair Deal Medicos,"Tilak Nagar, Delhi",110018,pharmacies,4.5,27,0,0,1,0,,6,OPERATIONAL
Gurprasad Medimart,"Tilak Nagar, Delhi",110018,pharmacies,5.0,14,0,0,1,0,,8,OPERATIONAL
SIDDHI MEDICOS,"Tilak Nagar, Delhi",110018,pharmacies,4.9,52,0,0,1,0,,5,OPERATIONAL
GuruKripa Pharmacy,"Tilak Nagar, Delhi",110018,pharmacies,5.0,11,0,0,1,0,,5,OPERATIONAL
Apollo Pharmacy Hari Nagar,"Tilak Nagar, Delhi",110064,pharmacies,4.0,124,0,1,1,0,,8,OPERATIONAL
Tilak Medical Store,"Tilak Nagar, Delhi",110018,pharmacies,4.5,4,0,0,1,0,,6,OPERATIONAL
Neelkanth Drug House,"Tilak Nagar, Delhi",110018,pharmacies,5.0,2,0,0,1,0,,5,OPERATIONAL
Seerat Medicos,"Tilak Nagar, Delhi",110018,pharmacies,5.0,27,0,0,0,0,,11,OPERATIONAL
Tejasvi Homeopathic Pharmacy & Clinic,"Tilak Nagar, Delhi",110018,pharmacies,4.4,43,0,0,1,0,,7,OPERATIONAL
Chemist Mahavir Medicos,"Tilak Nagar, Delhi",110018,pharmacies,5.0,3,0,0,0,0,,5,OPERATIONAL
KAPSONS HOMEO PHARMACY,"Tilak Nagar, Delhi",110018,pharmacies,4.1,107,0,1,1,0,,6,OPERATIONAL
Unique Tutorials | Best Coaching Center in Tilak Nagar,"Tilak Nagar, Delhi",110018,tutoring centers,4.9,77,0,1,1,0,,4,OPERATIONAL
Bhardwaj Learning Point - An Academy of Success,"Tilak Nagar, Delhi",110018,tutoring centers,4.9,18,0,1,0,0,,8,OPERATIONAL
MK Tuition Centre,"Tilak Nagar, Delhi",110018,tutoring centers,4.9,54,0,0,1,0,,3,OPERATIONAL
Tution centre in Tilak Nagar,"Tilak Nagar, Delhi",110018,tutoring centers,5.0,3,0,0,1,0,,3,OPERATIONAL
"KK Institute - Home Tuitions in Tilak Nagar, Dwarka, Janakpuri or Rajouri Garden","Tilak Nagar, Delhi",110018,tutoring centers,4.8,140,0,1,1,0,,2,OPERATIONAL
Batra Classes,"Tilak Nagar, Delhi",110018,tutoring centers,4.9,35,0,0,1,0,,3,OPERATIONAL
Guru Nanak Home Tuition,"Tilak Nagar, Delhi",110018,tutoring centers,4.8,57,0,1,1,0,,2,OPERATIONAL
British St. Columbia Academy Best IELTS / Spoken English / French / German / Spanish and computer classes in Delhi,"Tilak Nagar, Delhi",110058,tutoring centers,4.9,383,0,1,1,0,,3,OPERATIONAL
Dhirati Education,"Tilak Nagar, Delhi",110018,tutoring centers,4.8,106,0,1,1,0,,5,OPERATIONAL
Abacus Classes- Abacus Champs Academy Tilak Nagar Sahibpura Academy,"Tilak Nagar, Delhi",110018,tutoring centers,5.0,124,0,1,1,0,,3,OPERATIONAL
Angad Singh Classes,"Tilak Nagar, Delhi",110018,tutoring centers,4.8,318,0,0,1,0,,3,OPERATIONAL
Bhatia Tuition Centre,"Tilak Nagar, Delhi",110018,tutoring centers,5.0,11,0,0,0,0,,2,OPERATIONAL
Success Tutor Bureau Tilak Nagar,"Tilak Nagar, Delhi",110018,tutoring centers,4.5,25,0,0,1,0,,5,OPERATIONAL
BCA - Best Commerce Academy,"Tilak Nagar, Delhi",110018,tutoring centers,4.9,162,0,1,1,0,,3,OPERATIONAL
Tiny Tots Tuition Center,"Tilak Nagar, Delhi",110018,tutoring centers,5.0,2,0,0,1,0,,5,OPERATIONAL
CS Amit Vohra,"Tilak Nagar, Delhi",110018,tutoring centers,4.9,1335,0,0,1,0,,4,OPERATIONAL
Trijal Academy,"Tilak Nagar, Delhi",110018,tutoring centers,5.0,55,0,1,1,0,,2,OPERATIONAL
Surinder Singh Academy (S.S.A.),"Tilak Nagar, Delhi",110018,tutoring centers,4.8,66,0,0,1,0,,6,OPERATIONAL
PAC,"Tilak Nagar, Delhi",110018,tutoring centers,5.0,79,0,0,1,0,,3,OPERATIONAL
Eng Guru | Top English Speaking Institute in Delhi,"Tilak Nagar, Delhi",110018,tutoring centers,4.9,121,0,1,1,0,,4,OPERATIONAL
Kohli Steel Furniture Pvt Ltd- Furniture Shop in Jail Road,"Tilak Nagar, Delhi",110018,furniture stores,3.7,211,0,1,1,0,,9,OPERATIONAL
Sarna Furnishers,"Tilak Nagar, Delhi",110018,furniture stores,3.9,91,0,1,1,0,,6,OPERATIONAL
Arora Steel Industries,"Tilak Nagar, Delhi",110058,furniture stores,3.0,95,0,0,1,0,,9,OPERATIONAL
G M Furnishers,"Tilak Nagar, Delhi",110018,furniture stores,4.4,145,0,0,1,0,,6,OPERATIONAL
Gogia furnitures and decoraters,"Tilak Nagar, Delhi",110058,furniture stores,3.3,170,0,0,1,0,,6,OPERATIONAL
Gambhir Handloom,"Tilak Nagar, Delhi",110018,furniture stores,4.1,24,0,0,1,0,,7,OPERATIONAL
Chadha Furnishers-Since 1982,"Tilak Nagar, Delhi",110058,furniture stores,2.8,17,0,0,1,0,,6,OPERATIONAL
D.K. FURNITURE,"Tilak Nagar, Delhi",110018,furniture stores,2.4,19,0,0,1,0,,6,OPERATIONAL
Bhagat Communication,"Tilak Nagar, Delhi",110018,mobile shops,4.9,72,0,0,1,0,,7,OPERATIONAL
Mobile Tech,"Tilak Nagar, Delhi",110058,mobile shops,4.9,89,0,0,1,0,,4,OPERATIONAL
The Cell Point,"Tilak Nagar, Delhi",110058,mobile shops,4.6,211,0,0,1,0,,5,OPERATIONAL
Mobile Hub,"Tilak Nagar, Delhi",110018,mobile shops,5.0,16,0,0,1,0,,5,OPERATIONAL
"Cashify Mobile Phone Shop | Buy, Sell and Repair in Tilak Nagar, Delhi","Tilak Nagar, Delhi",110058,mobile shops,4.9,648,0,1,1,0,,5,OPERATIONAL
Phone Sudharak,"Tilak Nagar, Delhi",110018,mobile shops,5.0,92,0,0,1,0,,5,OPERATIONAL
MASTERMIND,"Tilak Nagar, Delhi",110018,mobile shops,3.7,367,0,1,1,0,,6,OPERATIONAL
KORE Mobile - Jail Road,"Tilak Nagar, Delhi",110018,mobile shops,4.7,53,0,0,1,0,,4,OPERATIONAL
SUPERB CONNECT,"Tilak Nagar, Delhi",110018,mobile shops,4.7,15,0,0,1,0,,4,OPERATIONAL
MM Enterprises,"Tilak Nagar, Delhi",110018,mobile shops,4.2,27,0,1,1,0,,4,OPERATIONAL
Rahul lambah mobile store,"Tilak Nagar, Delhi",110018,mobile shops,5.0,4,0,1,1,0,,5,OPERATIONAL
Aggarwal Telecom,"Tilak Nagar, Delhi",110018,mobile shops,4.8,338,0,0,1,0,,4,OPERATIONAL
The TECHX store,"Tilak Nagar, Delhi",110018,mobile shops,4.5,4,0,1,1,0,,5,OPERATIONAL
Samsung Experience Store Jail Road,"Tilak Nagar, Delhi",110018,mobile shops,4.3,138,0,1,1,0,,6,OPERATIONAL
Kasturi Jewellers Tilak Nagar,"Tilak Nagar, Delhi",110018,jewellery shops,4.9,956,0,1,1,0,,4,OPERATIONAL
Gurcharan Jewellers Pvt.Ltd,"Tilak Nagar, Delhi",110018,jewellery shops,4.9,443,0,0,1,0,,4,OPERATIONAL
JDs Fashion Jewellery Cosmetics Bangles,"Tilak Nagar, Delhi",110018,jewellery shops,4.6,44,0,1,1,0,,4,OPERATIONAL
Gurcharan Jewellers,"Tilak Nagar, Delhi",110018,jewellery shops,4.9,929,0,0,1,0,,4,OPERATIONAL
KRISHNA JEWELLERS TILAK NAGAR,"Tilak Nagar, Delhi",110018,jewellery shops,4.8,29,0,1,1,0,,4,OPERATIONAL
"Samrat The Jeweller, Tilak Nagar, new delhi","Tilak Nagar, Delhi",110018,jewellery shops,4.9,127,0,1,1,0,,6,OPERATIONAL
Rajput Jewellers Tilak Nagar - Best Gold and Diamond Jewellery shop in Ashok Nagar | Gold Jewellery shop in Tilak Nagar,"Tilak Nagar, Delhi",110018,jewellery shops,4.7,119,0,0,1,0,,4,OPERATIONAL
krishna jewels TILAK NAGAR,"Tilak Nagar, Delhi",110018,jewellery shops,5.0,41,0,1,1,0,,4,OPERATIONAL
Sachin Jewellers - Gold And Diamond In Tilak Nagar,"Tilak Nagar, Delhi",110018,jewellery shops,4.3,31,0,1,1,0,,4,OPERATIONAL
North India Emporium,"Tilak Nagar, Delhi",110018,jewellery shops,4.1,74,0,0,1,0,,4,OPERATIONAL
B K Jewellers centre Pvt Ltd,"Tilak Nagar, Delhi",110018,jewellery shops,4.4,27,0,0,1,0,,4,OPERATIONAL
A.S. Artificial Jewellery and Bangles Store,"Tilak Nagar, Delhi",110018,jewellery shops,5.0,24,0,1,1,0,,4,OPERATIONAL
Shyam Jewellers Mall Road,"Tilak Nagar, Delhi",110018,jewellery shops,5.0,11,0,0,1,0,,5,OPERATIONAL
"BlueStone Jewellery Pacific Mall, New Delhi","Tilak Nagar, Delhi",110018,jewellery shops,4.9,4139,0,1,1,0,,8,OPERATIONAL
Shri Om Balaji Jewellers,"Tilak Nagar, Delhi",110018,jewellery shops,5.0,10,0,0,1,0,,4,OPERATIONAL
Mehrasons Jewellers,"Tilak Nagar, Delhi",110018,jewellery shops,4.0,250,0,0,1,0,,4,OPERATIONAL
Shri Shaam Jewellers Mangal Bazaar,"Tilak Nagar, Delhi",110018,jewellery shops,4.3,25,0,1,1,0,,4,OPERATIONAL
LUXERRA JEWELLERY,"Tilak Nagar, Delhi",110018,jewellery shops,5.0,107,0,0,1,0,,4,OPERATIONAL
Universal Hardware & Sanitary Store,"Tilak Nagar, Delhi",110018,hardware stores,3.8,26,0,0,0,0,,5,OPERATIONAL
Asian Paints Colourideas - AK Paints & Hardware Store,"Tilak Nagar, Delhi",110018,hardware stores,4.8,373,0,1,1,0,,9,OPERATIONAL
Singh Hardware,"Tilak Nagar, Delhi",110018,hardware stores,4.5,13,0,0,1,0,,5,OPERATIONAL
Bhartiya Enterprises Hardware,"Tilak Nagar, Delhi",110018,hardware stores,4.5,11,0,0,1,0,,5,OPERATIONAL
Pappu Hardware,"Tilak Nagar, Delhi",110018,hardware stores,4.4,27,0,0,1,0,,6,OPERATIONAL
Satija Paints & Hardware Store,"Tilak Nagar, Delhi",110018,hardware stores,4.2,98,0,0,1,0,,6,OPERATIONAL
Subhash Hardwares,"Tilak Nagar, Delhi",110018,hardware stores,2.5,14,0,0,1,0,,5,OPERATIONAL
New Deep Electricals & Hardware Store,"Tilak Nagar, Delhi",110018,hardware stores,4.0,1,0,0,1,0,,6,OPERATIONAL
Vishvas Sanitary Emporium,"Tilak Nagar, Delhi",110018,hardware stores,4.5,12,0,0,1,0,,5,OPERATIONAL
Vishal Sanitary Store,"Tilak Nagar, Delhi",110018,hardware stores,5.0,32,0,0,1,0,,5,OPERATIONAL
Hardware Mall ( R.P Garg & Sons ) Atech,"Tilak Nagar, Delhi",110018,hardware stores,3.3,3,0,0,0,0,,5,OPERATIONAL
Sai Prince Hardware,"Tilak Nagar, Delhi",110018,hardware stores,3.4,5,0,0,1,0,,6,OPERATIONAL
"Zurii - Lounge, Dine, Bar & Restaurant in Punjabi Bagh Club Road","Punjabi Bagh, Delhi",110026,restaurants,4.6,2106,0,1,1,0,,6,OPERATIONAL
The Dineroom,"Punjabi Bagh, Delhi",110026,restaurants,4.6,3052,0,1,1,1,2.0,3,OPERATIONAL
Karigari Punjabi Bagh,"Punjabi Bagh, Delhi",110026,restaurants,4.5,1445,0,1,1,0,,6,OPERATIONAL
TEO Lounge and Bar,"Punjabi Bagh, Delhi",110026,restaurants,4.2,6065,0,1,1,1,2.0,11,OPERATIONAL
The Sunday House,"Punjabi Bagh, Delhi",110026,restaurants,4.1,315,0,0,1,0,,9,OPERATIONAL
"The Dom - Lounge, Dine, Bar & Restaurant in Punjabi Bagh Club Road","Punjabi Bagh, Delhi",110026,restaurants,4.4,2104,0,1,1,0,,6,OPERATIONAL
The Taste Of Amritsar | Best Rastaurant In Punjabi Bagh | Best Indian Restaurant,"Punjabi Bagh, Delhi",110026,restaurants,4.8,176,0,1,1,0,,11,OPERATIONAL
The Backyard,"Punjabi Bagh, Delhi",110026,restaurants,4.0,451,0,0,1,1,2.0,8,OPERATIONAL
"one8 Commune, Punjabi Bagh","Punjabi Bagh, Delhi",110026,restaurants,3.9,751,0,0,1,0,,6,OPERATIONAL
Qlub House by Eleven Course,"Punjabi Bagh, Delhi",110026,restaurants,4.4,493,0,1,1,0,,5,OPERATIONAL
Local Heights Kitchen and Bar,"Punjabi Bagh, Delhi",110026,restaurants,4.0,2393,0,0,1,0,,4,OPERATIONAL
Verandah Moonshine,"Punjabi Bagh, Delhi",110026,restaurants,4.0,2520,0,0,1,1,3.0,9,OPERATIONAL
KIPOS,"Punjabi Bagh, Delhi",110026,restaurants,4.3,464,0,0,1,0,,4,OPERATIONAL
Wok In The Clouds - Restaurant,"Punjabi Bagh, Delhi",110026,restaurants,4.2,862,0,1,1,0,,9,OPERATIONAL
Pasta Street - Punjabi Bagh,"Punjabi Bagh, Delhi",110026,restaurants,4.5,765,0,1,1,0,,7,OPERATIONAL
Café Amudham Restaurant Punjabi Bagh,"Punjabi Bagh, Delhi",110026,restaurants,4.6,326,0,0,1,0,,13,OPERATIONAL
AIR,"Punjabi Bagh, Delhi",110026,restaurants,3.7,5340,0,0,1,0,,5,OPERATIONAL
Kalaunji by Sticky Rice,"Punjabi Bagh, Delhi",110026,restaurants,4.3,717,0,1,1,0,,6,OPERATIONAL
BlackJack,"Punjabi Bagh, Delhi",110026,restaurants,4.4,4359,0,0,1,1,2.0,14,OPERATIONAL
CoffeeShop Company,"Punjabi Bagh, Delhi",110026,cafes,4.9,334,0,1,1,0,,4,OPERATIONAL
Honey & Dough,"Punjabi Bagh, Delhi",110026,cafes,4.8,404,0,1,1,1,2.0,4,OPERATIONAL
AD'S Coffee House,"Punjabi Bagh, Delhi",110026,cafes,4.6,219,0,1,0,0,,7,OPERATIONAL
Radioactive Cafe Punjabi Bagh,"Punjabi Bagh, Delhi",110026,cafes,4.1,912,0,0,1,0,,4,OPERATIONAL
Third Wave Coffee,"Punjabi Bagh, Delhi",110026,cafes,4.7,1380,0,1,1,1,2.0,8,OPERATIONAL
Lite Brown Cafe,"Punjabi Bagh, Delhi",110026,cafes,4.6,259,0,1,1,0,,9,OPERATIONAL
The Beer Café,"Punjabi Bagh, Delhi",110026,cafes,4.9,1088,0,1,1,0,,12,OPERATIONAL
Ammy's Coffee,"Punjabi Bagh, Delhi",110026,cafes,4.5,169,0,1,1,0,,4,OPERATIONAL
Teavaro - Global Brewhouse,"Punjabi Bagh, Delhi",110026,cafes,4.6,159,0,0,1,0,,4,OPERATIONAL
Breath - Fine Lounge and Bar,"Punjabi Bagh, Delhi",110026,cafes,3.9,2221,0,1,1,1,3.0,5,OPERATIONAL
"TAN COFFEE | Punjabi Bagh, Delhi","Punjabi Bagh, Delhi",110026,cafes,4.8,708,0,1,1,0,,7,OPERATIONAL
Tim Hortons,"Punjabi Bagh, Delhi",110026,cafes,4.6,1564,0,1,1,1,3.0,7,OPERATIONAL
Geetanjali Salon,"Punjabi Bagh, Delhi",110026,salons,4.8,1922,0,1,1,0,,10,OPERATIONAL
"Hair Masters Luxury Salon, Punjabi Bagh","Punjabi Bagh, Delhi",110026,salons,4.3,1226,0,1,1,0,,4,OPERATIONAL
Headlocks Unisex Salon,"Punjabi Bagh, Delhi",110026,salons,4.9,1376,0,0,1,0,,4,OPERATIONAL
"Looks Salon, Punjabi Bagh","Punjabi Bagh, Delhi",110026,salons,4.6,284,0,1,1,0,,4,OPERATIONAL
"Toni & Guy Hairdressing, Beauty, Make-up, Nail Bar","Punjabi Bagh, Delhi",110026,salons,4.8,1014,0,1,1,0,,11,OPERATIONAL
Lynora luxury salon,"Punjabi Bagh, Delhi",110026,salons,4.9,91,0,0,1,0,,11,OPERATIONAL
Madam makeup unisex salon and academy,"Punjabi Bagh, Delhi",110026,salons,4.8,95,0,1,1,0,,6,OPERATIONAL
"Hk Makeup Studio & Unisex Salon | Best Unisex Salon in punjabi bagh, Bridal Makeup Artist, Salon Near Me,","Punjabi Bagh, Delhi",110026,salons,4.9,65,0,0,0,0,,3,OPERATIONAL
Noi Tre Salon Punjabi Bagh,"Punjabi Bagh, Delhi",110026,salons,4.4,88,0,1,1,0,,12,OPERATIONAL
Cliping's Salon By Mouna Lall,"Punjabi Bagh, Delhi",110026,salons,4.9,209,0,1,1,0,,9,OPERATIONAL
"Welefull Unisex Salon | The Best Unisex Hair Salon In Punjabi Bagh, Delhi","Punjabi Bagh, Delhi",110026,salons,4.8,36,0,1,1,0,,4,OPERATIONAL
Hair Mystery Punjabi Bagh,"Punjabi Bagh, Delhi",110026,salons,4.3,319,0,0,1,0,,9,OPERATIONAL
"New Shape In Style | Unisex Salon for Makeup, Hair Styling & Nail Art in Punjabi Bagh, Delhi","Punjabi Bagh, Delhi",110026,salons,4.2,90,0,1,1,0,,4,OPERATIONAL
HeadOffice Unisex Salon,"Punjabi Bagh, Delhi",110026,salons,4.2,88,0,1,1,0,,4,OPERATIONAL
Lockrock Salon,"Punjabi Bagh, Delhi",110026,salons,4.8,22,0,0,1,0,,4,OPERATIONAL
Figaro's Unisex Salon,"Punjabi Bagh, Delhi",110026,salons,4.1,385,0,1,1,0,,8,OPERATIONAL
MAESTRO UNISEX SALON IN PUNJABI BAGH,"Punjabi Bagh, Delhi",110026,salons,4.5,292,0,1,1,0,,6,OPERATIONAL
Laa Mirrage luxury unisex salon,"Punjabi Bagh, Delhi",110026,salons,4.4,41,0,0,1,0,,4,OPERATIONAL
Sweksha Walia Studio,"Punjabi Bagh, Delhi",110026,salons,4.7,398,0,1,1,0,,5,OPERATIONAL
21 Fitness Punjabi Bagh,"Punjabi Bagh, Delhi",110026,gyms,4.7,75,0,1,1,0,,5,OPERATIONAL
"UFC GYM, Punjabi Bagh","Punjabi Bagh, Delhi",110026,gyms,4.6,573,0,1,1,0,,5,OPERATIONAL
Seven Pillars Fitness,"Punjabi Bagh, Delhi",110026,gyms,4.1,99,0,0,0,0,,5,OPERATIONAL
"Her Fitness Punjabi Bagh - Ladies Gym in Punjabi Bagh, Delhi","Punjabi Bagh, Delhi",110026,gyms,4.5,97,0,1,1,0,,5,OPERATIONAL
Luxury Fitness Punjabi Bagh,"Punjabi Bagh, Delhi",110026,gyms,4.6,100,0,1,1,0,,5,OPERATIONAL
Fitness Factory By Nitesh,"Punjabi Bagh, Delhi",110026,gyms,5.0,57,0,1,0,0,,5,OPERATIONAL
Fitness Mavens,"Punjabi Bagh, Delhi",110026,gyms,4.9,68,0,0,1,0,,5,OPERATIONAL
Ozone Fitness ‘n’ Spa,"Punjabi Bagh, Delhi",110026,gyms,3.9,117,0,1,1,0,,6,OPERATIONAL
SHEalth Fitness,"Punjabi Bagh, Delhi",110026,gyms,4.9,41,0,0,1,0,,11,OPERATIONAL
"WTF Gym - Punjabi Bagh, Delhi","Punjabi Bagh, Delhi",110026,gyms,3.6,27,0,1,1,0,,7,OPERATIONAL
Creed Fitness Studio,"Punjabi Bagh, Delhi",110026,gyms,5.0,13,0,1,1,0,,5,OPERATIONAL
Chisel Fitness,"Punjabi Bagh, Delhi",110026,gyms,4.3,42,0,0,1,0,,6,OPERATIONAL
Punjabi Bagh Club,"Punjabi Bagh, Delhi",110026,gyms,4.2,3702,0,1,1,0,,3,OPERATIONAL
Fitness Hut Gym,"Punjabi Bagh, Delhi",110026,gyms,5.0,17,0,0,0,0,,5,OPERATIONAL
Transformers gym,"Punjabi Bagh, Delhi",110026,gyms,4.7,42,0,0,1,0,,5,OPERATIONAL
I WorkOut Gym,"Punjabi Bagh, Delhi",110026,gyms,4.7,43,0,0,1,0,,5,OPERATIONAL
Anytime Fitness,"Punjabi Bagh, Delhi",110056,gyms,4.1,281,0,1,1,0,,6,OPERATIONAL
Dinesh Fitness,"Punjabi Bagh, Delhi",110063,gyms,4.9,21,0,0,1,0,,5,OPERATIONAL
GFFI Fitness Academy,"Punjabi Bagh, Delhi",110026,gyms,4.8,399,0,1,1,0,,9,OPERATIONAL
Metal Gym,"Punjabi Bagh, Delhi",110026,gyms,4.5,71,0,0,1,0,,5,OPERATIONAL
Sakshi Narula,"Punjabi Bagh, Delhi",110026,clothing stores,5.0,36,0,1,1,0,,5,OPERATIONAL
Swati Narula,"Punjabi Bagh, Delhi",110026,clothing stores,4.5,49,0,1,1,0,,4,OPERATIONAL
Qaiynat,"Punjabi Bagh, Delhi",110026,clothing stores,4.2,23,0,1,1,0,,5,OPERATIONAL
BhumiCloset,"Punjabi Bagh, Delhi",110026,clothing stores,4.1,95,0,1,0,0,,4,OPERATIONAL
Pankh studio,"Punjabi Bagh, Delhi",110026,clothing stores,2.2,27,0,1,0,0,,4,OPERATIONAL
Vivid Lifestyles,"Punjabi Bagh, Delhi",110026,clothing stores,4.3,16,0,0,1,0,,4,OPERATIONAL
Yankita Kapoor Couture,"Punjabi Bagh, Delhi",110026,clothing stores,3.8,389,0,0,0,0,,4,OPERATIONAL
Sonali bansal,"Punjabi Bagh, Delhi",110026,clothing stores,4.3,25,0,0,1,0,,4,OPERATIONAL
"MAYANK CHAWLA MEN'S WEAR SUITS, TUXEDO, INDO WESTERN, SHERWANI, JACKETS, SHOES ETC","Punjabi Bagh, Delhi",110026,clothing stores,3.5,114,0,0,1,0,,5,OPERATIONAL
HARSH KHULLAR COUTURE - MENSWEAR FASHION DESIGNER,"Punjabi Bagh, Delhi",110026,clothing stores,4.8,43,0,0,0,0,,5,OPERATIONAL
Siya Pret & Couture,"Punjabi Bagh, Delhi",110026,clothing stores,5.0,7,0,1,1,0,,4,OPERATIONAL
Krasns Couture By Liza Narula,"Punjabi Bagh, Delhi",110026,clothing stores,4.7,10,0,1,1,0,,4,OPERATIONAL
Jap Apparel | Boutique,"Punjabi Bagh, Delhi",110026,clothing stores,5.0,8,0,1,1,0,,4,OPERATIONAL
WARDROBE Clothing & Accessories store,"Punjabi Bagh, Delhi",110026,clothing stores,4.5,15,0,0,1,0,,3,OPERATIONAL
TANYA GUPPTA,"Punjabi Bagh, Delhi",110026,clothing stores,4.5,44,0,1,1,0,,4,OPERATIONAL
Hermosa Apparel - Clothing Studio,"Punjabi Bagh, Delhi",110026,clothing stores,5.0,2,0,1,1,0,,5,OPERATIONAL
Senorita Design Centre,"Punjabi Bagh, Delhi",110026,clothing stores,4.8,16,0,0,1,0,,4,OPERATIONAL
WANNI,"Punjabi Bagh, Delhi",110026,clothing stores,4.0,30,0,0,0,0,,4,OPERATIONAL
Urvashi by Paridhi Gupta,"Punjabi Bagh, Delhi",110026,clothing stores,4.7,64,0,1,1,0,,4,OPERATIONAL
East Punjabi Bagh Market,"Punjabi Bagh, Delhi",110026,grocery stores,4.0,1960,0,0,0,0,,3,OPERATIONAL
Govind Store,"Punjabi Bagh, Delhi",110026,grocery stores,4.1,162,0,0,1,0,,7,OPERATIONAL
Prerna Store,"Punjabi Bagh, Delhi",110026,grocery stores,4.5,20,0,0,1,0,,7,OPERATIONAL
Electronics Mart - Punjabi Bagh,"Punjabi Bagh, Delhi",110026,grocery stores,4.8,1147,0,1,1,0,,4,OPERATIONAL
Gupta Store,"Punjabi Bagh, Delhi",110026,grocery stores,4.0,38,0,0,1,0,,7,OPERATIONAL
S Mart Departmental Store,"Punjabi Bagh, Delhi",110026,grocery stores,4.9,7,0,0,0,0,,4,OPERATIONAL
Ratan Dairy,"Punjabi Bagh, Delhi",110026,grocery stores,4.3,168,0,0,0,0,,5,OPERATIONAL
Murliwala General Store,"Punjabi Bagh, Delhi",110026,grocery stores,4.1,87,0,0,1,0,,6,OPERATIONAL
CHAUDHARY STORE,"Punjabi Bagh, Delhi",110026,grocery stores,4.0,30,0,0,1,0,,7,OPERATIONAL
Gupta Provision Store,"Punjabi Bagh, Delhi",110026,grocery stores,4.1,28,0,0,0,0,,6,OPERATIONAL
GOOD TO GO STORE,"Punjabi Bagh, Delhi",110026,grocery stores,4.1,58,0,1,1,0,,5,OPERATIONAL
FNP Punjabi Bagh club road,"Punjabi Bagh, Delhi",110026,grocery stores,4.7,301,0,1,1,0,,12,OPERATIONAL
Modern Bazaar,"Punjabi Bagh, Delhi",110054,grocery stores,4.2,205,0,1,1,0,,6,OPERATIONAL
"HealthKart - Punjabi Bagh, New Delhi","Punjabi Bagh, Delhi",110026,grocery stores,4.1,104,0,1,1,0,,8,OPERATIONAL
Pawan Pan,"Punjabi Bagh, Delhi",110026,grocery stores,4.2,10,0,0,1,0,,7,OPERATIONAL
Raju Store,"Punjabi Bagh, Delhi",110026,grocery stores,4.3,20,0,0,0,0,,6,OPERATIONAL
"Imagine Apple Premium Reseller, Punjabi Bagh","Punjabi Bagh, Delhi",110026,electronics shops,4.8,3614,0,1,1,0,,5,OPERATIONAL
Naresh Electrical,"Punjabi Bagh, Delhi",110026,electronics shops,4.7,3,0,0,1,0,,4,OPERATIONAL
S. K. Electricals,"Punjabi Bagh, Delhi",110026,electronics shops,4.3,10,0,0,1,0,,4,OPERATIONAL
DK Electronics,"Punjabi Bagh, Delhi",110063,electronics shops,4.8,675,0,1,1,0,,3,OPERATIONAL
Lekhi Electronics,"Punjabi Bagh, Delhi",110063,electronics shops,3.9,27,0,0,1,0,,4,OPERATIONAL
DT Zone,"Punjabi Bagh, Delhi",110026,electronics shops,4.9,930,0,1,1,0,,3,OPERATIONAL
MITSUBISHI ELECTRIC COOLING PLANET,"Punjabi Bagh, Delhi",110026,electronics shops,5.0,12,0,0,0,0,,4,OPERATIONAL
Aggarwal Electric and Hardware Store,"Punjabi Bagh, Delhi",110063,electronics shops,4.3,28,0,0,1,0,,5,OPERATIONAL
Abhishek communication,"Punjabi Bagh, Delhi",110063,electronics shops,4.4,32,0,0,1,0,,4,OPERATIONAL
Suhavi's Music Studio,"Punjabi Bagh, Delhi",110026,electronics shops,4.6,103,0,1,0,0,,3,OPERATIONAL
Reliance Digital,"Punjabi Bagh, Delhi",110008,electronics shops,4.9,6592,0,1,1,0,,4,OPERATIONAL
Prem Studio Punjabi Bagh,"Punjabi Bagh, Delhi",110026,electronics shops,3.5,86,0,1,1,0,,6,OPERATIONAL
Reliance Digital,"Punjabi Bagh, Delhi",110007,electronics shops,4.8,4918,0,1,1,0,,4,OPERATIONAL
VIJAY SALES - NANGLOI,"Punjabi Bagh, Delhi",110041,electronics shops,4.8,4715,0,1,1,0,,4,OPERATIONAL
Jona Led (Novastar),"Punjabi Bagh, Delhi",110063,electronics shops,4.8,1366,0,1,1,0,,6,OPERATIONAL
VIJAY SALES - BUDH VIHAR,"Punjabi Bagh, Delhi",110086,electronics shops,4.9,5373,0,1,1,0,,4,OPERATIONAL
"Kaya Clinic - West Punjabi Bagh, New Delhi: Laser Hair Reduction, Acne Scar, Hair Loss, Skin Lightening & Fat Loss Treatments","Punjabi Bagh, Delhi",110026,clinics,4.7,563,0,1,1,0,,6,OPERATIONAL
The Specialists Clinic,"Punjabi Bagh, Delhi",110026,clinics,4.9,19,0,1,1,0,,12,OPERATIONAL
Cloudnine Hospital - Punjabi Bagh | Best Maternity & Pregnancy Centre,"Punjabi Bagh, Delhi",110026,clinics,4.9,4397,0,1,1,0,,7,OPERATIONAL
Skin DNA Clinic | Dr Mayuri Jain | Dermatologist & skin specialist in Delhi | PRP Treatment Delhi,"Punjabi Bagh, Delhi",110026,clinics,5.0,256,0,1,1,0,,13,OPERATIONAL
"Alive Wellness Clinics - West Punjabi Bagh, New Delhi","Punjabi Bagh, Delhi",110026,clinics,4.6,224,0,1,1,0,,10,OPERATIONAL
"UNCOVER Laser, Skin & Hair Clinic, Punjabi Bagh | Laser Hair Removal, Acne, Scar, Pigmentation, Hair Loss, Body Contouring","Punjabi Bagh, Delhi",110026,clinics,4.8,276,0,1,1,0,,9,OPERATIONAL
Pachouli Aesthetics and Wellness Clinic,"Punjabi Bagh, Delhi",110026,clinics,4.6,631,0,1,1,0,,5,OPERATIONAL
Tandon Clinic,"Punjabi Bagh, Delhi",110026,clinics,5.0,45,0,1,1,0,,7,OPERATIONAL
Divine Skinsthetic,"Punjabi Bagh, Delhi",110026,clinics,4.7,229,0,0,1,0,,9,OPERATIONAL
The Asense,"Punjabi Bagh, Delhi",110026,clinics,5.0,23,0,1,1,0,,4,OPERATIONAL
"CK Birla Hospital, Delhi","Punjabi Bagh, Delhi",110026,clinics,4.8,5388,0,1,1,0,,5,OPERATIONAL
Doctor's house - Multispeciality Clinic,"Punjabi Bagh, Delhi",110026,clinics,5.0,630,0,1,1,0,,8,OPERATIONAL
"MedLinks Aesthetics: Best Skin & Hair Clinic in Delhi | Acne, Chemical Peel, CO2 Laser, Hydrafacial, Microneedling, Facial","Punjabi Bagh, Delhi",110026,clinics,5.0,286,0,1,1,0,,9,OPERATIONAL
Doctors Plaza,"Punjabi Bagh, Delhi",110026,clinics,4.5,68,0,1,1,0,,6,OPERATIONAL
Kyra by Anita Arya,"Punjabi Bagh, Delhi",110026,clinics,4.8,25,0,1,1,0,,6,OPERATIONAL
HM Skin Clinic by Dr. Priya Anand,"Punjabi Bagh, Delhi",110026,clinics,5.0,16,0,1,1,0,,4,OPERATIONAL
Dr Sehgal's Clinic for Children,"Punjabi Bagh, Delhi",110026,clinics,4.6,62,0,0,1,0,,4,OPERATIONAL
"Dr Sabhya's Homeopathic Clinic In Punjabi Bagh - Chronic Skin Problems, Allergy, Sinusitis, Diabetes","Punjabi Bagh, Delhi",110026,clinics,5.0,3,0,1,0,0,,3,OPERATIONAL
Dr. Aastha Aggarwal - Top Obstetrician & Gynecologist in Punjabi Bagh | Cloudnine Hospitals,"Punjabi Bagh, Delhi",110026,clinics,5.0,64,0,1,1,0,,7,OPERATIONAL
Dr. Suneet Kaur Malhotra – Best Gynecologist in Punjabi Bagh | Gyne Doctor at Cloudnine Hospitals Delhi,"Punjabi Bagh, Delhi",110026,clinics,5.0,51,0,1,1,0,,4,OPERATIONAL
Fronbis Biscuit,"Punjabi Bagh, Delhi",110026,bakeries,4.9,950,0,1,1,0,,15,OPERATIONAL
"Theobroma Bakery and Cake Shop - Punjabi Bagh, New Delhi","Punjabi Bagh, Delhi",110026,bakeries,4.4,634,0,1,1,1,2.0,12,OPERATIONAL
NIK BAKER'S,"Punjabi Bagh, Delhi",110026,bakeries,4.4,2151,0,1,1,1,3.0,8,OPERATIONAL
Defence Bakery SINCE 1962 BISTRO Punjabi Bagh,"Punjabi Bagh, Delhi",110026,bakeries,4.5,177,0,1,1,0,,5,OPERATIONAL
Ever Bake,"Punjabi Bagh, Delhi",110026,bakeries,3.9,234,0,1,1,0,,6,OPERATIONAL
L'Éclat Patisserie,"Punjabi Bagh, Delhi",110026,bakeries,4.9,57,0,1,1,0,,9,OPERATIONAL
Bakerz Lodge,"Punjabi Bagh, Delhi",110026,bakeries,4.2,122,0,0,1,0,,6,OPERATIONAL
The Cake Shop,"Punjabi Bagh, Delhi",110026,bakeries,3.9,82,0,0,1,0,,6,OPERATIONAL
Kumar Pastry Shop,"Punjabi Bagh, Delhi",110026,bakeries,4.2,245,0,0,1,0,,9,OPERATIONAL
Tanviz Dream Oven - DO,"Punjabi Bagh, Delhi",110026,bakeries,4.1,134,0,1,1,0,,6,OPERATIONAL
Dream Oven,"Punjabi Bagh, Delhi",110026,bakeries,3.5,98,0,1,1,0,,12,OPERATIONAL
Lucky's Bakery & Patisserie,"Punjabi Bagh, Delhi",110026,bakeries,3.9,34,0,1,1,0,,9,OPERATIONAL
Harajuku Bakehouse,"Punjabi Bagh, Delhi",110026,bakeries,4.8,288,0,1,1,0,,6,OPERATIONAL
Mrs Foodiest,"Punjabi Bagh, Delhi",110026,bakeries,4.8,122,0,1,1,0,,6,OPERATIONAL
The Cake Point,"Punjabi Bagh, Delhi",110063,bakeries,3.6,97,0,1,1,0,,6,OPERATIONAL
Miam Pâtisserie,"Punjabi Bagh, Delhi",110026,bakeries,4.1,20,0,1,0,0,,6,OPERATIONAL
Puri Bakers,"Punjabi Bagh, Delhi",110063,bakeries,4.2,2123,0,0,1,1,2.0,13,OPERATIONAL
Ishabella Patisserie,"Punjabi Bagh, Delhi",110026,bakeries,4.8,19,0,0,1,0,,9,OPERATIONAL
Apollo Pharmacy West Punjabi Bagh,"Punjabi Bagh, Delhi",110026,pharmacies,4.6,212,0,1,1,0,,8,OPERATIONAL
United Chemist And Druggist,"Punjabi Bagh, Delhi",110026,pharmacies,4.9,154,0,0,1,0,,7,OPERATIONAL
Apollo Pharmacy Punjabi Bagh Central Market,"Punjabi Bagh, Delhi",110026,pharmacies,4.7,37,0,1,1,0,,6,OPERATIONAL
Apollo Pharmacy Basai Darapur,"Punjabi Bagh, Delhi",110026,pharmacies,4.5,54,0,1,1,0,,8,OPERATIONAL
Guardian Pharmacy,"Punjabi Bagh, Delhi",110026,pharmacies,3.8,11,0,0,1,0,,5,OPERATIONAL
"Cloudnine Pharmacy - Punjabi Bagh, New Delhi","Punjabi Bagh, Delhi",110026,pharmacies,4.7,7,0,1,1,0,,6,OPERATIONAL
Apollo Pharmacy West Punjabi Bagh Extension,"Punjabi Bagh, Delhi",110026,pharmacies,4.8,16,0,1,1,0,,5,OPERATIONAL
Ashish Medicos,"Punjabi Bagh, Delhi",110026,pharmacies,3.7,11,0,0,1,0,,5,OPERATIONAL
DISCOUNT MEDICOS,"Punjabi Bagh, Delhi",110026,pharmacies,3.6,34,0,0,1,0,,5,OPERATIONAL
Sitra Pharmacy,"Punjabi Bagh, Delhi",110026,pharmacies,2.6,7,0,0,0,0,,5,OPERATIONAL
Apollo Pharmacy Basai Darapur,"Punjabi Bagh, Delhi",110026,pharmacies,3.4,14,0,1,0,0,,6,OPERATIONAL
Vikas Chemist,"Punjabi Bagh, Delhi",110026,pharmacies,2.1,8,0,0,1,0,,5,OPERATIONAL
The Bhatia Chemist,"Punjabi Bagh, Delhi",110026,pharmacies,4.6,5,0,0,1,0,,6,OPERATIONAL
Z7 Medicare,"Punjabi Bagh, Delhi",110026,pharmacies,3.0,2,0,0,1,0,,5,OPERATIONAL
Shree Ganesh Medicos,"Punjabi Bagh, Delhi",110026,pharmacies,3.1,7,0,0,1,0,,5,OPERATIONAL
Hari Om Pharmacy,"Punjabi Bagh, Delhi",110063,pharmacies,5.0,36,0,0,1,0,,5,OPERATIONAL
LifePills Pharmacy,"Punjabi Bagh, Delhi",110026,pharmacies,5.0,2,0,0,1,0,,5,OPERATIONAL
Janseva Medicos,"Punjabi Bagh, Delhi",110026,pharmacies,3.9,19,0,0,0,0,,5,OPERATIONAL
Doctors Plaza Pharmacy,"Punjabi Bagh, Delhi",110026,pharmacies,5.0,4,0,0,1,0,,5,OPERATIONAL
Easybee Academy of Excellence - CUET & Boards Coaching Centre,"Punjabi Bagh, Delhi",110026,tutoring centers,4.9,231,0,1,1,0,,6,OPERATIONAL
A1 Studies - Home Tuition Classes Near Me in Delhi,"Punjabi Bagh, Delhi",110026,tutoring centers,5.0,29,0,0,1,0,,3,OPERATIONAL
NEERAJ CLASSES,"Punjabi Bagh, Delhi",110063,tutoring centers,5.0,162,0,0,1,0,,3,OPERATIONAL
MATH TUTOR,"Punjabi Bagh, Delhi",110015,tutoring centers,5.0,11,0,0,1,0,,3,OPERATIONAL
Abacus Classes in Punjabi Bagh - BrainiacGym - Academy of Abacus,"Punjabi Bagh, Delhi",110026,tutoring centers,4.9,35,0,1,1,0,,3,OPERATIONAL
Kumon Maths & English Classes:Best Kids Learning Centre in Punjabi Bagh,"Punjabi Bagh, Delhi",110026,tutoring centers,4.4,37,0,1,1,0,,7,OPERATIONAL
SHREE RAM HOME TUTORS,"Punjabi Bagh, Delhi",110026,tutoring centers,5.0,5,0,1,1,0,,2,OPERATIONAL
RC Learning Classes,"Punjabi Bagh, Delhi",110063,tutoring centers,4.9,133,0,0,1,0,,3,OPERATIONAL
"The Quantum Academy,","Punjabi Bagh, Delhi",110063,tutoring centers,4.9,34,0,1,1,0,,3,OPERATIONAL
EduGyani (Institute and Home Tutors),"Punjabi Bagh, Delhi",110026,tutoring centers,5.0,3,0,1,1,0,,3,OPERATIONAL
Divine Classes,"Punjabi Bagh, Delhi",110063,tutoring centers,4.9,90,0,1,1,0,,3,OPERATIONAL
Riya Group Foundation coaching|Maths|Physics|Chemistry|Tuition||Science|Tutorials|Class 6|Class7|Class 8|Class 9|Class 10,"Punjabi Bagh, Delhi",110027,tutoring centers,4.9,426,0,0,1,0,,6,OPERATIONAL
THE GLOBAL EXPOSURE,"Punjabi Bagh, Delhi",110026,tutoring centers,4.5,163,0,0,1,0,,6,OPERATIONAL
EduGyani (Institutes and Home Tutors),"Punjabi Bagh, Delhi",110081,tutoring centers,4.9,270,0,1,1,0,,3,OPERATIONAL
Infinity Learning,"Punjabi Bagh, Delhi",110026,tutoring centers,5.0,3,0,1,0,0,,2,OPERATIONAL
Math,"Punjabi Bagh, Delhi",110026,tutoring centers,5.0,1,0,1,1,0,,3,OPERATIONAL
Prodigy Consultancy Services,"Punjabi Bagh, Delhi",110026,tutoring centers,4.8,60,0,1,1,0,,4,OPERATIONAL
AADINATH FURNITURE,"Punjabi Bagh, Delhi",110026,furniture stores,4.7,47,0,1,1,0,,8,OPERATIONAL
ARTERIO,"Punjabi Bagh, Delhi",110015,furniture stores,4.6,159,0,1,1,0,,6,OPERATIONAL
Durian Furniture - Delhi - Kirti Nagar,"Punjabi Bagh, Delhi",110015,furniture stores,4.5,1202,0,1,1,0,,9,OPERATIONAL
Furniture Point,"Punjabi Bagh, Delhi",110015,furniture stores,4.3,231,0,1,1,0,,6,OPERATIONAL
Furniture Point(Luxury Home),"Punjabi Bagh, Delhi",110025,furniture stores,4.4,80,0,0,1,0,,6,OPERATIONAL
JK FURNISHINGS,"Punjabi Bagh, Delhi",110063,furniture stores,4.2,5,0,0,1,0,,6,OPERATIONAL
ibaby | one stop baby and toy shop,"Punjabi Bagh, Delhi",110026,furniture stores,4.9,290,0,1,1,0,,11,OPERATIONAL
Sofakraft,"Punjabi Bagh, Delhi",110015,furniture stores,4.0,54,0,0,0,0,,6,OPERATIONAL
Luxury Furniture,"Punjabi Bagh, Delhi",110015,furniture stores,5.0,1,0,0,0,0,,6,OPERATIONAL
Mahto Office Chair Repair Service,"Punjabi Bagh, Delhi",110026,furniture stores,5.0,27,0,0,1,0,,3,OPERATIONAL
Z S Sports & Furniture,"Punjabi Bagh, Delhi",110026,furniture stores,5.0,3,0,0,1,0,,6,OPERATIONAL
"J.P plastic chairs(Nilkamal and cello )deals also in matteresses (sleepwell,feather foam)","Punjabi Bagh, Delhi",110063,furniture stores,3.5,45,0,0,1,0,,6,OPERATIONAL
Punjab Furniture,"Punjabi Bagh, Delhi",110015,furniture stores,3.0,8,0,0,0,0,,3,OPERATIONAL
HOME ZONE INDIA,"Punjabi Bagh, Delhi",110063,furniture stores,4.9,157,0,1,1,0,,3,OPERATIONAL
Fabiti Laether Studio,"Punjabi Bagh, Delhi",110026,furniture stores,5.0,8,0,1,1,0,,3,OPERATIONAL
SMART MOBILE STORE,"Punjabi Bagh, Delhi",110026,mobile shops,4.8,37,0,1,1,0,,6,OPERATIONAL
"Authorized Samsung Mobiles Stores - West Punjabi Bagh, New Delhi","Punjabi Bagh, Delhi",110026,mobile shops,5.0,1,0,1,1,0,,7,OPERATIONAL
MiniGaffar,"Punjabi Bagh, Delhi",110063,mobile shops,3.8,64,0,1,1,0,,4,OPERATIONAL
NIXBUG,"Punjabi Bagh, Delhi",110063,mobile shops,4.4,666,0,1,1,0,,3,OPERATIONAL
Authorised Samsung Service Center - Winspir Communications Pvt Limited,"Punjabi Bagh, Delhi",110026,mobile shops,5.0,23,0,1,1,0,,3,OPERATIONAL
"Tresor Apple Authorised Service Centre, Punjabi Bagh","Punjabi Bagh, Delhi",110026,mobile shops,4.9,300,0,1,1,0,,5,OPERATIONAL
My Digital Space,"Punjabi Bagh, Delhi",110026,mobile shops,5.0,2,0,0,0,0,,3,OPERATIONAL
Cuboid mobile accessories,"Punjabi Bagh, Delhi",110026,mobile shops,3.8,5,0,0,0,0,,2,OPERATIONAL
S.S STATIONERS & MOBILE ACCESSORIES,"Punjabi Bagh, Delhi",110026,mobile shops,4.9,19,0,0,1,0,,3,OPERATIONAL
SATYAM Jewels,"Punjabi Bagh, Delhi",110026,jewellery shops,4.9,43,0,1,1,0,,7,OPERATIONAL
Bhola Jewellers,"Punjabi Bagh, Delhi",110026,jewellery shops,4.7,16,0,0,1,0,,4,OPERATIONAL
Om Shivam Jewellers,"Punjabi Bagh, Delhi",110026,jewellery shops,4.2,5,0,0,1,0,,4,OPERATIONAL
SS Jewels,"Punjabi Bagh, Delhi",110026,jewellery shops,5.0,4,0,0,0,0,,4,OPERATIONAL
Manoj Kumar Jewellerz,"Punjabi Bagh, Delhi",110063,jewellery shops,4.9,15,0,1,1,0,,4,OPERATIONAL
Bahiti Creatives,"Punjabi Bagh, Delhi",110026,jewellery shops,5.0,15,0,1,1,0,,5,OPERATIONAL
Shiv Shakti Jewellers,"Punjabi Bagh, Delhi",110063,jewellery shops,4.9,107,0,1,1,0,,4,OPERATIONAL
Caraterati,"Punjabi Bagh, Delhi",110026,jewellery shops,5.0,1,0,1,0,0,,6,OPERATIONAL
Dillano Luxurious Jewels Ltd.,"Punjabi Bagh, Delhi",110026,jewellery shops,4.1,17,0,1,1,0,,4,OPERATIONAL
Dhawan Jewellers Pvt Ltd,"Punjabi Bagh, Delhi",110015,jewellery shops,4.2,311,0,1,1,0,,4,OPERATIONAL
Jewels By Darmya (Lab Grown Diamonds),"Punjabi Bagh, Delhi",110026,jewellery shops,5.0,19,0,0,1,0,,4,OPERATIONAL
Le Marquise by Jasmine and Sambhav,"Punjabi Bagh, Delhi",110026,jewellery shops,4.3,7,0,1,1,0,,4,OPERATIONAL
24Karat We Buy Gold Get Instant Cash For Your Gold,"Punjabi Bagh, Delhi",110026,jewellery shops,4.9,149,0,1,1,0,,7,OPERATIONAL
Sole and Bloom,"Punjabi Bagh, Delhi",110063,jewellery shops,4.9,17,0,1,1,0,,4,OPERATIONAL
Tanishq Jewellery - Delhi - Paschim Vihar,"Punjabi Bagh, Delhi",110063,jewellery shops,4.7,1589,0,1,1,0,,6,OPERATIONAL
Kapurthala Jewellers,"Punjabi Bagh, Delhi",110005,jewellery shops,4.4,93,0,1,1,0,,4,OPERATIONAL
"AMIT HARDWARE AND SANITARY, ELECTRICAL STORE","Punjabi Bagh, Delhi",110026,hardware stores,5.0,2,0,0,1,0,,5,OPERATIONAL
Shri Balaji H/W Sanitary & Paints,"Punjabi Bagh, Delhi",110026,hardware stores,5.0,1,0,0,1,0,,6,OPERATIONAL
Batra Hardware & Paints,"Punjabi Bagh, Delhi",110063,hardware stores,3.7,43,0,0,1,0,,6,OPERATIONAL
Shyam Paints Hardware & Sanitary Store Pvt Ltd|Paints|Hardware|Sanitary|Wallpaper|Bathroom Mirror and Accessories,"Punjabi Bagh, Delhi",110034,hardware stores,4.9,203,0,1,1,0,,9,OPERATIONAL
Rama Store,"Punjabi Bagh, Delhi",110026,hardware stores,4.3,3,0,0,1,0,,7,OPERATIONAL
Malik Hardware,"Punjabi Bagh, Delhi",110015,hardware stores,3.9,85,0,0,1,0,,5,OPERATIONAL
CEE PEE ENTERPRISES (Hardware Store),"Punjabi Bagh, Delhi",110064,hardware stores,4.7,17,0,0,1,0,,5,OPERATIONAL
Shakti Hardware,"Punjabi Bagh, Delhi",110015,hardware stores,4.2,26,0,0,1,0,,5,OPERATIONAL
The Narayanam,"Shalimar Bagh, Delhi",110088,restaurants,4.6,893,0,1,1,0,,8,OPERATIONAL
SPICE SEA RESTAURANT,"Shalimar Bagh, Delhi",110088,restaurants,4.1,1691,0,0,1,1,2.0,6,OPERATIONAL
Soma The Ayurvedic Kitchen,"Shalimar Bagh, Delhi",110088,restaurants,4.7,511,0,0,1,0,,5,OPERATIONAL
Sapnazzz Kitchen - Best Restaurant in Delhi,"Shalimar Bagh, Delhi",110088,restaurants,4.7,51,0,0,1,0,,4,OPERATIONAL
The Indian Spoon,"Shalimar Bagh, Delhi",110088,restaurants,4.2,162,0,0,1,0,,7,OPERATIONAL
Dada Ji Di Punjabi Rasoi,"Shalimar Bagh, Delhi",110088,restaurants,3.8,749,0,1,1,1,2.0,7,OPERATIONAL
Chitrakut Bhojanalaya Shalimar Bagh,"Shalimar Bagh, Delhi",110088,restaurants,3.9,2132,0,0,1,1,2.0,9,OPERATIONAL
Slic Chic,"Shalimar Bagh, Delhi",110088,restaurants,4.2,772,0,1,1,1,2.0,6,OPERATIONAL
EAT & TREAT By NITIN ARORA,"Shalimar Bagh, Delhi",110088,restaurants,4.4,332,0,0,1,1,2.0,8,OPERATIONAL
34 Chowringhee Lane,"Shalimar Bagh, Delhi",110088,restaurants,4.8,64,0,0,1,0,,5,OPERATIONAL
La Casa The Home,"Shalimar Bagh, Delhi",110088,restaurants,4.2,72,0,0,1,0,,6,OPERATIONAL
Linx,"Shalimar Bagh, Delhi",110088,restaurants,4.1,23,0,0,1,0,,6,OPERATIONAL
McDonald's Shalimar Bagh,"Shalimar Bagh, Delhi",110088,restaurants,4.1,4314,0,1,1,1,2.0,7,OPERATIONAL
Shalimar Cafe,"Shalimar Bagh, Delhi",110088,restaurants,4.0,65,0,0,1,0,,5,OPERATIONAL
The Urban Canteen,"Shalimar Bagh, Delhi",110088,restaurants,4.2,991,0,0,1,0,,8,OPERATIONAL
Chawla's chic-inn,"Shalimar Bagh, Delhi",110088,restaurants,3.7,60,0,0,1,0,,6,OPERATIONAL
Guruji restaurant Ac block DDA market,"Shalimar Bagh, Delhi",110088,restaurants,4.9,15,0,0,1,0,,5,OPERATIONAL
Chaayos Cafe At Shalimar bagh City Center Mall,"Shalimar Bagh, Delhi",110088,cafes,4.9,69,0,1,1,0,,4,OPERATIONAL
TRAINING DAY CAFE,"Shalimar Bagh, Delhi",110088,cafes,5.0,74,0,1,1,0,,4,OPERATIONAL
Blue Tokai Coffee Roasters | Shalimar Bagh,"Shalimar Bagh, Delhi",110088,cafes,4.0,24,0,1,1,0,,8,OPERATIONAL
Koffie Break,"Shalimar Bagh, Delhi",110088,cafes,4.8,33,0,0,0,0,,7,OPERATIONAL
7 Days Coffee,"Shalimar Bagh, Delhi",110088,cafes,4.9,57,0,0,1,0,,7,OPERATIONAL
MASTANA BAR & LOUNGE IN Delhi,"Shalimar Bagh, Delhi",110088,cafes,4.2,67,0,0,1,0,,13,OPERATIONAL
We grill cafe,"Shalimar Bagh, Delhi",110088,cafes,5.0,11,0,1,1,0,,4,OPERATIONAL
"Café de Fables - Coffee, Pizza & Desserts | Shalimar Bagh","Shalimar Bagh, Delhi",110088,cafes,5.0,2,0,0,1,0,,4,OPERATIONAL
Amandeep Dhaba,"Shalimar Bagh, Delhi",110088,cafes,4.0,359,0,0,1,1,1.0,7,OPERATIONAL
Mitthu Tikki Wala,"Shalimar Bagh, Delhi",110088,cafes,3.9,754,0,0,1,1,1.0,6,OPERATIONAL
Café Coffee Day,"Shalimar Bagh, Delhi",110088,cafes,3.6,116,0,1,1,1,2.0,14,OPERATIONAL
"Trendz Salon Shalimar Bagh - Best Unisex Salon for Makeup, Hair, Beauty, PMU & Nails","Shalimar Bagh, Delhi",110088,salons,4.7,2340,0,1,1,0,,14,OPERATIONAL
"Lakme Salon for Him and Her in Shalimar Bagh, Delhi","Shalimar Bagh, Delhi",110088,salons,4.9,768,0,1,1,0,,4,OPERATIONAL
Roop Nikhar - Herbal Beauty Salon for Women - Delhi,"Shalimar Bagh, Delhi",110088,salons,5.0,571,0,1,1,0,,13,OPERATIONAL
"Stylush-Unisex Salon,Makeup Studio & Academy","Shalimar Bagh, Delhi",110088,salons,4.4,376,0,1,1,0,,9,OPERATIONAL
Earth luxury salon,"Shalimar Bagh, Delhi",110088,salons,4.6,94,0,1,1,0,,7,OPERATIONAL
Simran Gambhir Makeovers - Bridal Salon | Hair Salon | Beauty Salon In Shalimar Bagh,"Shalimar Bagh, Delhi",110088,salons,5.0,169,0,1,1,0,,11,OPERATIONAL
TheBelleYou,"Shalimar Bagh, Delhi",110088,salons,4.9,127,0,1,1,0,,8,OPERATIONAL
Makeover by nancy Unisex Salon,"Shalimar Bagh, Delhi",110088,salons,4.9,281,0,1,1,0,,12,OPERATIONAL
Nulook A Luxury salon,"Shalimar Bagh, Delhi",110088,salons,4.9,111,0,1,1,0,,4,OPERATIONAL
Hair XO Salon By KK,"Shalimar Bagh, Delhi",110088,salons,4.8,267,0,1,1,0,,12,OPERATIONAL
Bold N Blush Unisex Salon,"Shalimar Bagh, Delhi",110088,salons,4.5,513,0,1,1,0,,4,OPERATIONAL
SS SALON ACADEMY,"Shalimar Bagh, Delhi",110088,salons,5.0,131,0,1,1,0,,7,OPERATIONAL
NAYAN SALON,"Shalimar Bagh, Delhi",110088,salons,4.9,115,0,0,1,0,,9,OPERATIONAL
"Looks Salon, Shalimar Bagh","Shalimar Bagh, Delhi",110088,salons,3.7,495,0,1,1,0,,6,OPERATIONAL
Treatah Salon,"Shalimar Bagh, Delhi",110088,salons,4.8,49,0,0,1,0,,4,OPERATIONAL
"Hair Masters Luxury Salon, Shalimar Bagh","Shalimar Bagh, Delhi",110088,salons,4.1,151,0,1,1,0,,4,OPERATIONAL
Friend's Saloon unisex,"Shalimar Bagh, Delhi",110088,salons,4.9,57,0,0,1,0,,4,OPERATIONAL
Meraki unisex salon & academy,"Shalimar Bagh, Delhi",110088,salons,4.6,52,0,1,1,0,,4,OPERATIONAL
Studio 79 Unisex salon by puneet,"Shalimar Bagh, Delhi",110088,salons,4.5,50,0,0,1,0,,6,OPERATIONAL
Big Feather Makeovers,"Shalimar Bagh, Delhi",110088,salons,4.8,161,0,0,1,0,,3,OPERATIONAL
DK FITNESS,"Shalimar Bagh, Delhi",110088,gyms,4.9,215,0,0,1,0,,5,OPERATIONAL
Energy Fitness - Best Gym in Shalimar Bagh,"Shalimar Bagh, Delhi",110088,gyms,4.9,172,0,0,1,0,,5,OPERATIONAL
Vault By Virat Kohli (Shalimar Bagh),"Shalimar Bagh, Delhi",110088,gyms,4.7,187,0,1,1,0,,5,OPERATIONAL
"Pure Training - Best Gym in Shalimar Bagh yoga,aerobics & fitness Centre","Shalimar Bagh, Delhi",110088,gyms,4.8,182,0,1,1,0,,13,OPERATIONAL
"Dronacharya The Gym, Behind BH Market (East), SHALIMAR BAGH","Shalimar Bagh, Delhi",110088,gyms,5.0,106,0,0,1,0,,5,OPERATIONAL
INSANITY (ERA OF SIGMA REVOLUTION),"Shalimar Bagh, Delhi",110088,gyms,4.7,119,0,0,1,0,,5,OPERATIONAL
X Power House Gym,"Shalimar Bagh, Delhi",110088,gyms,5.0,346,0,0,1,0,,5,OPERATIONAL
The Hale X Fitness,"Shalimar Bagh, Delhi",110088,gyms,4.9,41,0,0,1,0,,5,OPERATIONAL
Crunch Fitness Shalimar Bagh Delhi,"Shalimar Bagh, Delhi",110088,gyms,5.0,5,0,1,1,0,,5,OPERATIONAL
Xceptiion Gym and Yoga,"Shalimar Bagh, Delhi",110088,gyms,4.4,216,0,1,1,0,,6,OPERATIONAL
Anytime Fitness,"Shalimar Bagh, Delhi",110088,gyms,4.0,793,0,1,1,0,,6,OPERATIONAL
The Global Fitness,"Shalimar Bagh, Delhi",110088,gyms,4.0,224,0,0,0,0,,5,OPERATIONAL
Brothers Fitness Club Gym,"Shalimar Bagh, Delhi",110088,gyms,4.9,27,0,0,1,0,,6,OPERATIONAL
OXZYGYM FITNESS CENTRE,"Shalimar Bagh, Delhi",110088,gyms,4.4,88,0,0,1,0,,5,OPERATIONAL
Shiva's Gym & Yoga,"Shalimar Bagh, Delhi",110088,gyms,4.8,136,0,0,0,0,,11,OPERATIONAL
Xfitness Gym,"Shalimar Bagh, Delhi",110088,gyms,4.6,56,0,0,1,0,,5,OPERATIONAL
MGL Fitness Studio,"Shalimar Bagh, Delhi",110088,gyms,4.9,43,0,0,1,0,,6,OPERATIONAL
The ELEVATE Fitness,"Shalimar Bagh, Delhi",110088,gyms,4.9,59,0,0,1,0,,6,OPERATIONAL
My fitness world,"Shalimar Bagh, Delhi",110088,gyms,4.9,190,0,0,0,0,,5,OPERATIONAL
The Personality Unisex Gym,"Shalimar Bagh, Delhi",110088,gyms,4.9,46,0,0,1,0,,5,OPERATIONAL
DESIGNER HOOD,"Shalimar Bagh, Delhi",110088,clothing stores,3.8,568,0,1,1,0,,5,OPERATIONAL
Down Town,"Shalimar Bagh, Delhi",110088,clothing stores,4.5,67,0,1,1,0,,6,OPERATIONAL
ZURI BY AJAY FABRICS,"Shalimar Bagh, Delhi",110088,clothing stores,4.9,177,0,0,1,0,,4,OPERATIONAL
SHREE - She is Special,"Shalimar Bagh, Delhi",110088,clothing stores,3.6,17,0,1,0,0,,7,OPERATIONAL
Golden Threads,"Shalimar Bagh, Delhi",110088,clothing stores,4.1,130,0,0,1,0,,4,OPERATIONAL
Pacific garments,"Shalimar Bagh, Delhi",110088,clothing stores,3.9,74,0,0,0,0,,4,OPERATIONAL
Classy Looks,"Shalimar Bagh, Delhi",110088,clothing stores,4.9,138,0,1,1,0,,4,OPERATIONAL
Classy Missy Sassy,"Shalimar Bagh, Delhi",110088,clothing stores,4.8,650,0,1,1,0,,4,OPERATIONAL
Designer hub,"Shalimar Bagh, Delhi",110088,clothing stores,4.8,24,0,0,1,0,,4,OPERATIONAL
Saanjh,"Shalimar Bagh, Delhi",110088,clothing stores,4.9,29,0,1,1,0,,4,OPERATIONAL
AL Market Shalimar Bagh,"Shalimar Bagh, Delhi",110088,clothing stores,4.0,5070,0,1,1,0,,3,OPERATIONAL
Richlook Shalimar Bagh,"Shalimar Bagh, Delhi",110088,clothing stores,4.4,18,0,1,0,0,,4,OPERATIONAL
om selection,"Shalimar Bagh, Delhi",110088,clothing stores,4.4,21,0,0,1,0,,4,OPERATIONAL
GOLDEN GIRLS,"Shalimar Bagh, Delhi",110088,clothing stores,3.9,67,0,1,1,0,,3,OPERATIONAL
Paras Fabrics,"Shalimar Bagh, Delhi",110088,clothing stores,4.2,131,0,1,1,0,,4,OPERATIONAL
VISTA apparels,"Shalimar Bagh, Delhi",110088,clothing stores,4.1,41,0,0,1,0,,4,OPERATIONAL
Shasha Fashion Hub,"Shalimar Bagh, Delhi",110088,clothing stores,5.0,4,0,1,1,0,,4,OPERATIONAL
Style Union - Haiderpur Badli Mor Metro Station,"Shalimar Bagh, Delhi",110088,clothing stores,4.9,4271,0,1,1,0,,4,OPERATIONAL
PANACHE (fabric and boutique),"Shalimar Bagh, Delhi",110088,clothing stores,5.0,20,0,0,1,0,,4,OPERATIONAL
Minocha Cloth Store,"Shalimar Bagh, Delhi",110088,clothing stores,4.5,11,0,0,1,0,,4,OPERATIONAL
SUPER MART,"Shalimar Bagh, Delhi",110088,grocery stores,3.9,287,0,0,1,0,,9,OPERATIONAL
DLF City Centre Mall,"Shalimar Bagh, Delhi",110088,grocery stores,4.1,1416,0,0,0,0,,3,OPERATIONAL
AD Market,"Shalimar Bagh, Delhi",110088,grocery stores,4.1,166,0,0,0,0,,3,OPERATIONAL
Shop n save,"Shalimar Bagh, Delhi",110088,grocery stores,4.3,40,0,1,1,0,,6,OPERATIONAL
AC Block Market - DDA,"Shalimar Bagh, Delhi",110088,grocery stores,3.8,382,0,0,0,0,,3,OPERATIONAL
BF Block Market,"Shalimar Bagh, Delhi",110088,grocery stores,4.0,675,0,0,1,0,,3,OPERATIONAL
24SEVEN,"Shalimar Bagh, Delhi",110088,grocery stores,4.0,67,0,1,1,0,,11,OPERATIONAL
U and V Block Market,"Shalimar Bagh, Delhi",110088,grocery stores,4.0,922,0,0,0,0,,3,OPERATIONAL
Haiderpur Village Market,"Shalimar Bagh, Delhi",110088,grocery stores,3.9,706,0,0,0,0,,3,OPERATIONAL
BP Block Market,"Shalimar Bagh, Delhi",110088,grocery stores,4.0,768,0,0,0,0,,3,OPERATIONAL
Shri Shyam Bazaar,"Shalimar Bagh, Delhi",110088,grocery stores,4.3,31,0,0,1,0,,4,OPERATIONAL
Patanjali Mega Store,"Shalimar Bagh, Delhi",110088,grocery stores,4.2,160,0,1,1,0,,10,OPERATIONAL
Garg Super Store,"Shalimar Bagh, Delhi",110088,grocery stores,5.0,5,0,0,1,0,,7,OPERATIONAL
Vardhman Market,"Shalimar Bagh, Delhi",110088,grocery stores,3.7,175,0,0,1,0,,3,OPERATIONAL
Rajmandir Hypermarket Shalimar Bagh,"Shalimar Bagh, Delhi",110088,grocery stores,3.8,64,0,1,1,0,,7,OPERATIONAL
Jindal store {dinesh jindal},"Shalimar Bagh, Delhi",110088,grocery stores,4.0,69,0,0,1,0,,7,OPERATIONAL
Star Electronics,"Shalimar Bagh, Delhi",110088,electronics shops,4.7,51,0,0,1,0,,4,OPERATIONAL
Channa Electronics,"Shalimar Bagh, Delhi",110088,electronics shops,4.2,122,0,0,1,0,,5,OPERATIONAL
Akash electronics,"Shalimar Bagh, Delhi",110088,electronics shops,4.9,45,0,1,1,0,,4,OPERATIONAL
"NewTek Electronics - Mobile Shop In Shalimar Bagh - Mobile Store In Shalimar Bagh,Delhi","Shalimar Bagh, Delhi",110088,electronics shops,4.7,140,0,0,1,0,,5,OPERATIONAL
Hari Om Electric Company,"Shalimar Bagh, Delhi",110088,electronics shops,4.8,50,0,0,1,0,,8,OPERATIONAL
Kusal electronics,"Shalimar Bagh, Delhi",110088,electronics shops,4.3,20,0,0,0,0,,5,OPERATIONAL
BHAKTI ELECTRONICS,"Shalimar Bagh, Delhi",110088,electronics shops,4.4,7,0,1,1,0,,4,OPERATIONAL
Bhakti Electronics,"Shalimar Bagh, Delhi",110088,electronics shops,4.5,10,0,1,1,0,,4,OPERATIONAL
SHYAM ELECTRONICS,"Shalimar Bagh, Delhi",110088,electronics shops,5.0,2,0,0,0,0,,3,OPERATIONAL
Om Electronics & Electricals Sales & Services,"Shalimar Bagh, Delhi",110088,electronics shops,5.0,21,0,0,1,0,,3,OPERATIONAL
Gupta Electricals,"Shalimar Bagh, Delhi",110088,electronics shops,3.8,10,0,0,1,0,,4,OPERATIONAL
Vardhan Electronic,"Shalimar Bagh, Delhi",110088,electronics shops,4.9,106,0,1,1,0,,3,OPERATIONAL
Mukesh Electronics,"Shalimar Bagh, Delhi",110088,electronics shops,5.0,5,0,0,0,0,,3,OPERATIONAL
Sharma electricals,"Shalimar Bagh, Delhi",110088,electronics shops,4.3,6,0,0,1,0,,4,OPERATIONAL
My Jio Store,"Shalimar Bagh, Delhi",110088,electronics shops,4.7,245,0,1,1,0,,6,OPERATIONAL
Sk Electronics,"Shalimar Bagh, Delhi",110088,electronics shops,5.0,1,0,0,1,0,,5,OPERATIONAL
Sumit Computer Care,"Shalimar Bagh, Delhi",110088,electronics shops,4.7,28,0,0,1,0,,4,OPERATIONAL
"Fortis Hospital, Shalimar Bagh - Best Hospital in New Delhi","Shalimar Bagh, Delhi",110088,clinics,4.6,12212,1,1,1,0,,8,OPERATIONAL
"Max Super Speciality Hospital, Shalimar Bagh","Shalimar Bagh, Delhi",110088,clinics,4.3,6711,0,1,1,0,,9,OPERATIONAL
"Veramed Diagnostics- Best Radiology & Path Lab in Shalimar Bagh, Delhi","Shalimar Bagh, Delhi",110088,clinics,4.9,1161,0,1,1,0,,4,OPERATIONAL
Dr Mahima Wadhwa,"Shalimar Bagh, Delhi",110088,clinics,4.9,907,0,1,1,0,,9,OPERATIONAL
Miracle Health Centre,"Shalimar Bagh, Delhi",110088,clinics,5.0,32,0,0,1,0,,4,OPERATIONAL
"APEX CLINIC,DR.SUDHANSU MISHRA SURGEON GENERAL LAPAROSCOPIC LASER SURGERY","Shalimar Bagh, Delhi",110088,clinics,4.9,149,0,1,1,0,,4,OPERATIONAL
Dr Wadhwa Ultrasound CliniQ & lab | Ultrasound | Diagnostic Centre in Shalimar Bagh | colour Doppler | Radiologist,"Shalimar Bagh, Delhi",110088,clinics,5.0,205,0,1,1,0,,4,OPERATIONAL
Dr Passi wellness clinic,"Shalimar Bagh, Delhi",110088,clinics,5.0,31,0,0,1,0,,6,OPERATIONAL
"Dr Rakesh Sood Clinic Shalimar Bagh, INTERNAL MEDICINE AND CARDIAC PHYSICIAN","Shalimar Bagh, Delhi",110088,clinics,4.8,16,0,0,1,0,,4,OPERATIONAL
Dr Gajendra Bansal,"Shalimar Bagh, Delhi",110088,clinics,4.9,60,0,0,1,0,,6,OPERATIONAL
Jain Multispeciality Hospital I Advanced Laparoscopy & Surgery Center North Delhi I Urology I Gallbladder Hernia,"Shalimar Bagh, Delhi",110088,clinics,4.5,282,0,1,1,0,,6,OPERATIONAL
Rajmit Health Care,"Shalimar Bagh, Delhi",110088,clinics,3.9,363,0,1,1,0,,6,OPERATIONAL
Bansal Skin & Smile Clinic,"Shalimar Bagh, Delhi",110088,clinics,4.7,256,0,1,1,0,,11,OPERATIONAL
Shree Meenakshi Sports Medicine Clinic,"Shalimar Bagh, Delhi",110088,clinics,4.8,510,0,1,1,0,,5,OPERATIONAL
"Dr. Devendra's Heart Clinic | Best DM Cardiologist Shalimar Bagh Delhi | ECG, echo, TMT, Stress echo center","Shalimar Bagh, Delhi",110088,clinics,4.8,225,0,0,1,0,,8,OPERATIONAL
Jhamb Multispeciality Hospital - Best Hospital in Shalimar Bagh | Best Multispeciality Hospital in Shalimar Bagh,"Shalimar Bagh, Delhi",110088,clinics,4.6,99,0,1,1,0,,6,OPERATIONAL
𝗗𝗿 𝗣𝗮𝗿𝗮𝘀 𝗣𝗮𝘀𝘀𝗶-𝗳𝗲𝘃𝗲𝗿/𝗛𝘆𝗽𝗲𝗿𝘁𝗲𝗻𝘀𝗶𝗼𝗻/𝗦𝗶𝗻𝘂𝘀𝗶𝘁𝗶𝘀/𝗮𝘀𝘁𝗵𝗺𝗮/𝗖𝗢𝗣𝗗/𝗽𝗻𝗲𝘂𝗺𝗼𝗻𝗶𝗮/𝗗𝗶𝗮𝗯𝗲𝘁𝗲𝘀 𝗗𝗼𝗰𝘁𝗼𝗿/𝗚𝗲𝗻𝗲𝗿𝗮𝗹 𝗣𝗵𝘆𝘀𝗶𝗰𝗶𝗮𝗻 𝗻𝗲𝗮𝗿 𝗺𝗲 𝗶𝗻 𝘀𝗵𝗮𝗹𝗶𝗺𝗮𝗿 𝗯𝗮𝗴𝗵,"Shalimar Bagh, Delhi",110088,clinics,5.0,30,0,1,1,0,,7,OPERATIONAL
APEX CLINIC,"Shalimar Bagh, Delhi",110088,clinics,5.0,10,0,1,1,0,,4,OPERATIONAL
Samyak Hospital,"Shalimar Bagh, Delhi",110088,clinics,4.3,393,0,1,1,0,,5,OPERATIONAL
Ashish Clinic,"Shalimar Bagh, Delhi",110088,clinics,4.9,10,0,0,1,0,,4,OPERATIONAL
Smile Baker's,"Shalimar Bagh, Delhi",110088,bakeries,4.2,378,0,0,1,1,2.0,8,OPERATIONAL
Cake Creations,"Shalimar Bagh, Delhi",110088,bakeries,4.9,224,0,0,1,0,,6,OPERATIONAL
Shawtcaked by Ridhi,"Shalimar Bagh, Delhi",110088,bakeries,5.0,34,0,1,0,0,,6,OPERATIONAL
Kwality Pastry Parlour,"Shalimar Bagh, Delhi",110088,bakeries,4.1,477,0,1,1,1,2.0,6,OPERATIONAL
Lajwab Bakery,"Shalimar Bagh, Delhi",110088,bakeries,4.5,97,0,0,1,0,,6,OPERATIONAL
Bakingo,"Shalimar Bagh, Delhi",110088,bakeries,4.5,744,0,1,1,1,2.0,6,OPERATIONAL
Grace Bakers,"Shalimar Bagh, Delhi",110088,bakeries,4.9,31,0,0,1,0,,6,OPERATIONAL
Bakeofy,"Shalimar Bagh, Delhi",110085,bakeries,5.0,111,0,1,1,0,,6,OPERATIONAL
Mr. Crust Bakers,"Shalimar Bagh, Delhi",110088,bakeries,5.0,11,0,1,0,0,,6,OPERATIONAL
Nidhis Art Terrace Baking and Culinary Classes | cakes,"Shalimar Bagh, Delhi",110088,bakeries,4.8,74,0,1,1,0,,12,OPERATIONAL
Garhwal Bakers,"Shalimar Bagh, Delhi",110033,bakeries,4.5,505,0,0,1,0,,8,OPERATIONAL
FlowerAura - Florist & Cake Shop in Delhi,"Shalimar Bagh, Delhi",110088,bakeries,4.3,261,0,1,1,0,,6,OPERATIONAL
Aggarwal Sweet Palace,"Shalimar Bagh, Delhi",110088,bakeries,4.3,861,0,0,1,1,2.0,16,OPERATIONAL
Bakers Fantasy,"Shalimar Bagh, Delhi",110088,bakeries,4.8,49,0,1,1,0,,4,OPERATIONAL
FNP: Bakery & Florist in New Delhi,"Shalimar Bagh, Delhi",110088,bakeries,4.7,174,0,1,1,0,,12,OPERATIONAL
Priyanka Bakers,"Shalimar Bagh, Delhi",110088,bakeries,4.8,22,0,0,0,0,,6,OPERATIONAL
Star Bakes,"Shalimar Bagh, Delhi",110088,bakeries,5.0,4,0,0,1,0,,6,OPERATIONAL
ZEELAB Pharmacy - Haiderpur Village,"Shalimar Bagh, Delhi",110088,pharmacies,5.0,1483,0,1,1,0,,5,OPERATIONAL
Apollo Pharmacy Shalimar Bagh,"Shalimar Bagh, Delhi",110088,pharmacies,3.4,47,0,1,1,0,,8,OPERATIONAL
Apollo Pharmacy AB Block Shalimar Bagh,"Shalimar Bagh, Delhi",110088,pharmacies,4.0,46,0,1,1,0,,8,OPERATIONAL
Zeelab Pharmacy - Shalimar Bagh (FOFO),"Shalimar Bagh, Delhi",110088,pharmacies,4.9,88,0,1,1,0,,5,OPERATIONAL
Vardhman Medicos,"Shalimar Bagh, Delhi",110088,pharmacies,4.5,40,0,0,1,0,,5,OPERATIONAL
Gupta Medicos,"Shalimar Bagh, Delhi",110088,pharmacies,3.4,14,0,0,1,0,,7,OPERATIONAL
Laxmi Medicos,"Shalimar Bagh, Delhi",110088,pharmacies,3.0,20,0,0,1,0,,5,OPERATIONAL
Shuvrat Medicos,"Shalimar Bagh, Delhi",110088,pharmacies,5.0,62,0,0,1,0,,5,OPERATIONAL
Medicine Hub,"Shalimar Bagh, Delhi",110088,pharmacies,3.3,10,0,0,1,0,,5,OPERATIONAL
Apollo Pharmacy Shalimar Bagh Block BF,"Shalimar Bagh, Delhi",110088,pharmacies,4.6,11,0,1,1,0,,9,OPERATIONAL
Healthmart Pharmacy,"Shalimar Bagh, Delhi",110088,pharmacies,4.7,7,0,1,1,0,,5,OPERATIONAL
C. D. Medicos,"Shalimar Bagh, Delhi",110088,pharmacies,5.0,15,0,1,1,0,,10,OPERATIONAL
Faarmacia Chemist & Cosmetics,"Shalimar Bagh, Delhi",110088,pharmacies,5.0,9,0,0,1,0,,5,OPERATIONAL
Shakti Medicos,"Shalimar Bagh, Delhi",110088,pharmacies,4.6,7,0,0,1,0,,5,OPERATIONAL
Neeraj Medicos,"Shalimar Bagh, Delhi",110088,pharmacies,4.6,7,0,0,1,0,,7,OPERATIONAL
Raj Chemist,"Shalimar Bagh, Delhi",110088,pharmacies,4.1,8,0,0,1,0,,5,OPERATIONAL
Joshi Medicos,"Shalimar Bagh, Delhi",110088,pharmacies,3.0,8,0,0,1,0,,6,OPERATIONAL
JanSeva Pharmacy,"Shalimar Bagh, Delhi",110088,pharmacies,5.0,2,0,0,0,0,,5,OPERATIONAL
Amit Homoeo Pharmacy,"Shalimar Bagh, Delhi",110088,pharmacies,3.9,14,0,1,1,0,,6,OPERATIONAL
EDU-SUCCESS,"Shalimar Bagh, Delhi",110088,tutoring centers,4.9,247,0,0,1,0,,3,OPERATIONAL
Kavita Tutors (Competent Tutors Bureau),"Shalimar Bagh, Delhi",110088,tutoring centers,5.0,29,0,1,1,0,,4,OPERATIONAL
Edulearn Tutors | Online Classes 1st to 12th Class | Home Tuition | Home Tutor | Shalimar Bagh | Rohini | Pitampura,"Shalimar Bagh, Delhi",110088,tutoring centers,4.7,3,0,1,1,0,,4,OPERATIONAL
Pradeep Rastogi Classes Shalimar Bagh For 11th 12th 9th 10th B.com,"Shalimar Bagh, Delhi",110088,tutoring centers,5.0,71,0,0,1,0,,5,OPERATIONAL
SHiKSHa The Education Hub,"Shalimar Bagh, Delhi",110088,tutoring centers,4.8,107,0,1,1,0,,2,OPERATIONAL
"The Pathway Academy, Shalimar Bagh","Shalimar Bagh, Delhi",110088,tutoring centers,4.6,80,0,0,1,0,,3,OPERATIONAL
Levelup Learning | Best Coaching Institute in Shalimar Bagh,"Shalimar Bagh, Delhi",110088,tutoring centers,5.0,21,0,1,1,0,,3,OPERATIONAL
A.G. Brilliant Academy,"Shalimar Bagh, Delhi",110088,tutoring centers,4.9,50,0,0,1,0,,3,OPERATIONAL
MATH-MAX GLOBAL,"Shalimar Bagh, Delhi",110088,tutoring centers,5.0,92,0,0,1,0,,3,OPERATIONAL
STUDY ABACUS SHALIMAR BAGH,"Shalimar Bagh, Delhi",110088,tutoring centers,5.0,14,0,0,1,0,,2,OPERATIONAL
Vidya coaching centre,"Shalimar Bagh, Delhi",110088,tutoring centers,5.0,22,0,0,1,0,,3,OPERATIONAL
Eduspred,"Shalimar Bagh, Delhi",110088,tutoring centers,4.9,238,0,1,1,0,,3,OPERATIONAL
Maths Tutoring by Isha,"Shalimar Bagh, Delhi",110088,tutoring centers,5.0,2,0,0,1,0,,2,OPERATIONAL
Pacific Tutorial / Bhupi Sir/ Maths Classes,"Shalimar Bagh, Delhi",110088,tutoring centers,4.2,34,0,0,1,0,,2,OPERATIONAL
"SIP abacus, shalimar bagh","Shalimar Bagh, Delhi",110088,tutoring centers,4.9,79,0,1,1,0,,3,OPERATIONAL
Ignition Career Institute | Vedantu Partner Institute,"Shalimar Bagh, Delhi",110088,tutoring centers,4.9,254,0,1,1,0,,4,OPERATIONAL
B.JHA edupoint,"Shalimar Bagh, Delhi",110088,tutoring centers,4.9,8,0,0,1,0,,4,OPERATIONAL
Mj ki ganit institute,"Shalimar Bagh, Delhi",110088,tutoring centers,4.9,37,0,0,1,0,,3,OPERATIONAL
Kosmos Institute,"Shalimar Bagh, Delhi",110088,tutoring centers,4.2,21,0,0,1,0,,2,OPERATIONAL
Harisons Furnishings,"Shalimar Bagh, Delhi",110088,furniture stores,4.6,341,0,1,1,0,,6,OPERATIONAL
Sofa Solution Shalimar Bagh,"Shalimar Bagh, Delhi",110088,furniture stores,4.7,53,0,0,1,0,,9,OPERATIONAL
Samir Furniture,"Shalimar Bagh, Delhi",110088,furniture stores,4.4,8,0,0,1,0,,6,OPERATIONAL
NIRMAL FURNITURE,"Shalimar Bagh, Delhi",110088,furniture stores,4.6,29,0,0,1,0,,8,OPERATIONAL
CHANDNI CHOWK SELECTION- The Furnishing Studio,"Shalimar Bagh, Delhi",110088,furniture stores,4.6,67,0,1,1,0,,8,OPERATIONAL
Deep Sofa,"Shalimar Bagh, Delhi",110088,furniture stores,4.7,7,0,0,1,0,,8,OPERATIONAL
Seth Furniture Gallery,"Shalimar Bagh, Delhi",110033,furniture stores,4.3,26,0,0,1,0,,6,OPERATIONAL
Furniture Shala,"Shalimar Bagh, Delhi",110033,furniture stores,5.0,20,0,0,1,0,,8,OPERATIONAL
Surgical Bazaar,"Shalimar Bagh, Delhi",110088,furniture stores,4.7,250,0,1,1,0,,7,OPERATIONAL
Enigmatic Woodworks,"Shalimar Bagh, Delhi",110088,furniture stores,4.8,16,0,0,1,0,,3,OPERATIONAL
R S old furniture,"Shalimar Bagh, Delhi",110033,furniture stores,5.0,5,0,0,1,0,,6,OPERATIONAL
Zoopie,"Shalimar Bagh, Delhi",110088,furniture stores,5.0,1,0,1,0,0,,6,OPERATIONAL
"Laxmi Charpai, Mattress, Chair and temple store","Shalimar Bagh, Delhi",110088,furniture stores,4.3,3,0,0,1,0,,8,OPERATIONAL
BAJAJ FURNITURE,"Shalimar Bagh, Delhi",110033,furniture stores,4.1,20,0,0,1,0,,6,OPERATIONAL
J K Traders,"Shalimar Bagh, Delhi",110088,furniture stores,5.0,2,0,0,1,0,,10,OPERATIONAL
SHREE SHYAM MOBILES (since 2005) GSTIN: 07AUSPD3186A2ZP,"Shalimar Bagh, Delhi",110088,mobile shops,5.0,440,0,1,1,0,,4,OPERATIONAL
CELLFORT,"Shalimar Bagh, Delhi",110088,mobile shops,4.9,19,0,0,1,0,,4,OPERATIONAL
Talkify store,"Shalimar Bagh, Delhi",110088,mobile shops,4.0,23,0,0,1,0,,4,OPERATIONAL
Shree balaji infotech,"Shalimar Bagh, Delhi",110088,mobile shops,4.9,16,0,0,0,0,,2,OPERATIONAL
S.S. Communication,"Shalimar Bagh, Delhi",110088,mobile shops,5.0,21,0,0,0,0,,4,OPERATIONAL
Chhota Gaffar,"Shalimar Bagh, Delhi",110088,mobile shops,4.8,138,0,0,1,0,,3,OPERATIONAL
J M Communications,"Shalimar Bagh, Delhi",110088,mobile shops,3.7,6,0,0,1,0,,5,OPERATIONAL
DiL Mobile All Accessories,"Shalimar Bagh, Delhi",110088,mobile shops,5.0,36,0,0,1,0,,3,OPERATIONAL
Baba Cell World,"Shalimar Bagh, Delhi",110088,mobile shops,4.8,10,0,0,1,0,,4,OPERATIONAL
Raj Mobile Care,"Shalimar Bagh, Delhi",110088,mobile shops,3.4,5,0,0,1,0,,6,OPERATIONAL
PARADISE TELECOM,"Shalimar Bagh, Delhi",110088,mobile shops,4.0,2,0,0,1,0,,5,OPERATIONAL
Kumar communication,"Shalimar Bagh, Delhi",110088,mobile shops,5.0,11,0,0,1,0,,3,OPERATIONAL
S.S communication mob lap,"Shalimar Bagh, Delhi",110088,mobile shops,4.9,31,0,1,1,0,,5,OPERATIONAL
Mobile Qlinic98,"Shalimar Bagh, Delhi",110088,mobile shops,4.8,13,0,1,1,0,,2,OPERATIONAL
Mayank Vip Numbers ( Best VIP Number Dealer In Delhi),"Shalimar Bagh, Delhi",110088,mobile shops,3.9,15,0,0,1,0,,4,OPERATIONAL
Verma Jewellers,"Shalimar Bagh, Delhi",110088,jewellery shops,4.6,232,0,1,1,0,,6,OPERATIONAL
Sindhi Jewellers Pvt. Ltd.,"Shalimar Bagh, Delhi",110088,jewellery shops,4.4,131,0,1,1,0,,4,OPERATIONAL
Top Jewellers,"Shalimar Bagh, Delhi",110088,jewellery shops,4.1,12,0,0,1,0,,4,OPERATIONAL
SB JEWEL'S,"Shalimar Bagh, Delhi",110088,jewellery shops,4.7,32,0,0,1,0,,4,OPERATIONAL
Sayda Jewels - Artificial Jewellery Shop in Shalimar Bagh,"Shalimar Bagh, Delhi",110088,jewellery shops,4.8,19,0,1,1,0,,6,OPERATIONAL
Rajrani Jewels,"Shalimar Bagh, Delhi",110088,jewellery shops,5.0,33,0,0,1,0,,5,OPERATIONAL
Darshraj Jewels,"Shalimar Bagh, Delhi",110088,jewellery shops,5.0,158,0,1,1,0,,4,OPERATIONAL
Deep Jyoti Jewellers,"Shalimar Bagh, Delhi",110088,jewellery shops,3.9,10,0,0,1,0,,4,OPERATIONAL
Nagi Jewels,"Shalimar Bagh, Delhi",110088,jewellery shops,4.8,4,0,1,1,0,,8,OPERATIONAL
Durga Jewellers(Trusted Silver Jeweller Since 1985),"Shalimar Bagh, Delhi",110088,jewellery shops,4.7,22,0,0,1,0,,6,OPERATIONAL
TDJ - Shri Tandhan Jewellers,"Shalimar Bagh, Delhi",110088,jewellery shops,5.0,18,0,0,1,0,,5,OPERATIONAL
Abhinandan Jewellers Private Limited,"Shalimar Bagh, Delhi",110088,jewellery shops,3.8,35,0,1,1,0,,3,OPERATIONAL
Ganesh Jewellery,"Shalimar Bagh, Delhi",110088,jewellery shops,4.8,32,0,1,1,0,,4,OPERATIONAL
Riddhi Siddhi Jewellers,"Shalimar Bagh, Delhi",110088,jewellery shops,5.0,6,0,0,1,0,,4,OPERATIONAL
Manya Creation By Kashish Kalra,"Shalimar Bagh, Delhi",110088,jewellery shops,4.2,66,0,0,1,0,,4,OPERATIONAL
24karat We Buy Gold,"Shalimar Bagh, Delhi",110088,jewellery shops,4.9,234,0,1,1,0,,4,OPERATIONAL
A&A Creations,"Shalimar Bagh, Delhi",110088,jewellery shops,5.0,5,0,1,1,0,,4,OPERATIONAL
M.L GOEL HARDWARE & PLYWOOD,"Shalimar Bagh, Delhi",110088,hardware stores,4.4,14,0,0,1,0,,7,OPERATIONAL
Ram Naresh Paints & Hardware Sanitary Store,"Shalimar Bagh, Delhi",110088,hardware stores,5.0,4,0,1,1,0,,9,OPERATIONAL
Suri Paints & Hardware Store,"Shalimar Bagh, Delhi",110088,hardware stores,4.5,15,0,0,1,0,,10,OPERATIONAL
Oswal Hardware & Sanitary Works,"Shalimar Bagh, Delhi",110088,hardware stores,5.0,3,0,0,1,0,,5,OPERATIONAL
Bansal H/W & Sanitary Store,"Shalimar Bagh, Delhi",110088,hardware stores,4.3,10,0,0,1,0,,5,OPERATIONAL
Bansal Hardware,"Shalimar Bagh, Delhi",110088,hardware stores,4.1,22,0,0,0,0,,5,OPERATIONAL
Goel Trade & Agency,"Shalimar Bagh, Delhi",110088,hardware stores,4.8,6,0,0,1,0,,7,OPERATIONAL
Goyal Hardware,"Shalimar Bagh, Delhi",110088,hardware stores,5.0,1,0,0,1,0,,5,OPERATIONAL
Aggarwal Traders,"Shalimar Bagh, Delhi",110088,hardware stores,4.3,3,0,1,1,0,,6,OPERATIONAL
Khushboo Sanitary And Hardware Store,"Shalimar Bagh, Delhi",110088,hardware stores,4.0,1,0,0,1,0,,5,OPERATIONAL
Goyal Hardware,"Shalimar Bagh, Delhi",110088,hardware stores,5.0,2,0,0,1,0,,5,OPERATIONAL
Jai Jagannath Hardware,"Shalimar Bagh, Delhi",110088,hardware stores,4.0,2,0,0,1,0,,5,OPERATIONAL
Hindustan sanitary and hardware store,"Shalimar Bagh, Delhi",110088,hardware stores,4.3,8,0,1,0,0,,9,OPERATIONAL
Dr. Fixit - Hindustan H/W And Paint Store Fv,"Shalimar Bagh, Delhi",110088,hardware stores,4.3,24,0,1,1,0,,4,OPERATIONAL
"Perfect Plywood & Hardware - Shop Plywood, MDF, Flush Door, HDHMR Buy at Best Price","Shalimar Bagh, Delhi",110088,hardware stores,5.0,4,0,1,1,0,,11,OPERATIONAL
Sumit Hardware Paints & Electric Store,"Shalimar Bagh, Delhi",110088,hardware stores,4.3,4,0,0,1,0,,5,OPERATIONAL
Karigari Civil Lines,"Civil Lines, Delhi",110054,restaurants,4.6,3335,0,1,1,0,,9,OPERATIONAL
Daryaganj Restaurant,"Civil Lines, Delhi",110054,restaurants,4.7,1103,0,1,1,0,,12,OPERATIONAL
BOA Village,"Civil Lines, Delhi",110054,restaurants,4.2,4350,0,0,1,1,3.0,8,OPERATIONAL
Romeo Lane,"Civil Lines, Delhi",110054,restaurants,4.1,3699,0,1,1,1,3.0,5,OPERATIONAL
Civil Lines SOCIAL,"Civil Lines, Delhi",110054,restaurants,4.2,977,0,1,1,1,3.0,12,OPERATIONAL
"Dhaba Estd 1986 Delhi, Civil Lines","Civil Lines, Delhi",110054,restaurants,4.7,241,0,1,1,1,3.0,6,OPERATIONAL
Sagar Ratna,"Civil Lines, Delhi",110054,restaurants,4.8,665,0,1,1,1,2.0,4,OPERATIONAL
Moets Civil Lines,"Civil Lines, Delhi",110054,restaurants,4.2,1143,0,1,1,1,2.0,7,OPERATIONAL
"Gola Sizzlers, Civil Lines","Civil Lines, Delhi",110054,restaurants,4.1,308,0,1,1,0,,7,OPERATIONAL
Cling,"Civil Lines, Delhi",110054,restaurants,3.9,821,0,0,1,0,,5,OPERATIONAL
The Curzon Room,"Civil Lines, Delhi",110054,restaurants,4.7,27,0,0,1,0,,6,OPERATIONAL
Cïel Civil Lines,"Civil Lines, Delhi",110054,restaurants,4.7,416,0,1,1,0,,10,OPERATIONAL
Busan Korean Restaurant,"Civil Lines, Delhi",110054,restaurants,4.2,3273,0,1,1,1,2.0,5,OPERATIONAL
Living Room by Kalsang,"Civil Lines, Delhi",110054,restaurants,4.6,1645,0,0,1,0,,5,OPERATIONAL
Zomsa Restaurant Ladakh Buddhist Vihar Bela Road Delhi 110054 India,"Civil Lines, Delhi",110054,restaurants,4.3,555,0,0,1,1,2.0,6,OPERATIONAL
Cuisaro,"Civil Lines, Delhi",110054,restaurants,4.2,30,0,0,0,0,,4,OPERATIONAL
Amritsariya Restaurant,"Civil Lines, Delhi",110054,restaurants,4.2,418,0,0,1,1,2.0,7,OPERATIONAL
Fateh Chand Ki Kachori,"Civil Lines, Delhi",110054,restaurants,4.3,4777,0,0,1,1,1.0,4,OPERATIONAL
L'Opéra Civil Lines,"Civil Lines, Delhi",110054,cafes,4.3,496,0,1,1,1,3.0,6,OPERATIONAL
Delhi 2D Cafe,"Civil Lines, Delhi",110054,cafes,4.0,553,0,1,1,1,2.0,4,OPERATIONAL
Himalayan Java Coffee | Majnu Ka Tila Delhi | Cafe,"Civil Lines, Delhi",110054,cafes,4.6,267,0,1,1,0,,10,OPERATIONAL
Gatsby Coffee Company,"Civil Lines, Delhi",110054,cafes,4.1,113,0,1,1,0,,7,OPERATIONAL
Sanchi cafeteria,"Civil Lines, Delhi",110054,cafes,4.1,27,0,0,0,0,,5,OPERATIONAL
The Third Level Cafe,"Civil Lines, Delhi",110006,cafes,4.4,137,0,1,1,0,,4,OPERATIONAL
The Dessert Studio Civil Lines,"Civil Lines, Delhi",110054,cafes,4.2,187,0,0,1,1,2.0,6,OPERATIONAL
Kalsang Cafe Majnu Ka Tilla Delhi,"Civil Lines, Delhi",110054,cafes,4.0,538,0,1,0,0,,5,OPERATIONAL
PG ANNA SOUTH INDIAN CAFE,"Civil Lines, Delhi",110007,cafes,4.4,252,0,0,1,0,,6,OPERATIONAL
Hair Candy Luxury Salon,"Civil Lines, Delhi",110054,salons,4.7,26,0,1,1,0,,11,OPERATIONAL
The Hair Direction Salon ( best salon in delhi),"Civil Lines, Delhi",110007,salons,4.7,2406,0,1,1,0,,7,OPERATIONAL
Glimmer Unisex Salon,"Civil Lines, Delhi",110054,salons,3.9,72,0,0,1,0,,6,OPERATIONAL
Yewong Salon,"Civil Lines, Delhi",110054,salons,4.8,1298,0,1,1,0,,4,OPERATIONAL
Sparsh Salon,"Civil Lines, Delhi",110054,salons,4.9,493,0,1,1,0,,9,OPERATIONAL
Daisy Ladies Salon,"Civil Lines, Delhi",110007,salons,4.7,3247,0,0,1,0,,9,OPERATIONAL
H2B Salon,"Civil Lines, Delhi",110007,salons,4.8,2280,0,0,1,0,,8,OPERATIONAL
Sangam Unisex Salon,"Civil Lines, Delhi",110054,salons,3.7,72,0,0,1,0,,4,OPERATIONAL
Porsh salon,"Civil Lines, Delhi",110054,salons,4.6,12,0,0,1,0,,4,OPERATIONAL
Appearance Unisex Salon ( Best salon Near me),"Civil Lines, Delhi",110007,salons,4.8,1024,0,0,1,0,,8,OPERATIONAL
"D’Ikonic Unisex Salon in Kamla Nagar, Delhi","Civil Lines, Delhi",110007,salons,4.8,719,0,1,1,0,,9,OPERATIONAL
Ted Salon,"Civil Lines, Delhi",110054,salons,4.6,204,0,1,1,0,,4,OPERATIONAL
"Jawed Habib Hair & Beauty Salon, Kamla Nagar","Civil Lines, Delhi",110007,salons,4.8,2050,0,0,1,0,,5,OPERATIONAL
HeadznBeauty Unisex Salon Makeup & Academy,"Civil Lines, Delhi",110033,salons,4.4,924,0,1,1,0,,8,OPERATIONAL
Blossom Salon and Academy,"Civil Lines, Delhi",110054,salons,4.7,163,0,0,1,0,,11,OPERATIONAL
Edwin's hair-beauty-make-up,"Civil Lines, Delhi",110054,salons,5.0,2,0,0,1,0,,4,OPERATIONAL
K-Cut Professional,"Civil Lines, Delhi",110007,salons,4.6,547,0,0,1,0,,4,OPERATIONAL
SK27 GYM - CIVIL LINES,"Civil Lines, Delhi",110054,gyms,4.1,119,0,1,1,0,,5,OPERATIONAL
Olive Fitness Forever - Gym and Fitness Centre,"Civil Lines, Delhi",110054,gyms,3.5,42,0,0,1,0,,6,OPERATIONAL
Complete Fitness,"Civil Lines, Delhi",110007,gyms,4.7,173,0,0,1,0,,8,OPERATIONAL
POWERBUILDER GYM,"Civil Lines, Delhi",110007,gyms,4.7,86,0,1,1,0,,5,OPERATIONAL
"Iron Addiction, Fitness Zone, Kamla Nagar","Civil Lines, Delhi",110007,gyms,4.8,161,0,0,1,0,,5,OPERATIONAL
Wisdom Gym,"Civil Lines, Delhi",110007,gyms,4.9,82,0,0,1,0,,5,OPERATIONAL
Dronacharya The Gym,"Civil Lines, Delhi",110033,gyms,4.4,471,0,0,1,0,,9,OPERATIONAL
WOLF FITNESS ( World Of Life Fitness),"Civil Lines, Delhi",110055,gyms,4.5,217,0,1,1,0,,5,OPERATIONAL
The pump factory,"Civil Lines, Delhi",110033,gyms,4.9,107,0,1,0,0,,5,OPERATIONAL
Super Fitness by Abhishek kant,"Civil Lines, Delhi",110007,gyms,4.8,42,0,1,1,0,,6,OPERATIONAL
"Revamp Fitness Studio - The Best Gym in Shakti Nagar, Delhi","Civil Lines, Delhi",110007,gyms,4.6,447,0,1,1,0,,11,OPERATIONAL
All Time Fitness,"Civil Lines, Delhi",110052,gyms,4.6,188,0,1,1,0,,6,OPERATIONAL
THE WARRIOR FITNESS,"Civil Lines, Delhi",110007,gyms,4.6,181,0,0,1,0,,6,OPERATIONAL
Monastery Market,"Civil Lines, Delhi",110054,clothing stores,4.1,12800,1,0,0,0,,3,OPERATIONAL
"The Souled Store, Kamla Nagar Market, Delhi","Civil Lines, Delhi",110007,clothing stores,4.9,1399,0,1,1,0,,4,OPERATIONAL
Grace and glitter by preet,"Civil Lines, Delhi",110054,clothing stores,4.9,25,0,0,1,0,,4,OPERATIONAL
Nobero Clothing Store - Kamla Nagar Delhi,"Civil Lines, Delhi",110007,clothing stores,4.7,42,0,1,0,0,,4,OPERATIONAL
RSVP by Roli and SSorabh,"Civil Lines, Delhi",110054,clothing stores,4.8,24,0,1,1,0,,9,OPERATIONAL
The Fashion Hut,"Civil Lines, Delhi",110007,clothing stores,4.1,44,0,0,1,0,,4,OPERATIONAL
V-Mart -Prayagraj-Civil lines,"Civil Lines, Delhi",,clothing stores,4.9,6780,0,1,1,0,,4,OPERATIONAL
Madan Collection,"Civil Lines, Delhi",,clothing stores,4.6,1166,0,1,1,0,,5,OPERATIONAL
The Exchange Stores,"Civil Lines, Delhi",110054,clothing stores,4.3,91,0,1,1,0,,7,OPERATIONAL
Bewakoof Clothing Store - Kamla Nagar New Delhi,"Civil Lines, Delhi",110007,clothing stores,4.7,839,0,1,1,0,,4,OPERATIONAL
"Khadow - Designer Kurta Sets, Gowns & Bridal Lehenga in Prayagraj","Civil Lines, Delhi",,clothing stores,4.9,1301,0,1,1,0,,8,OPERATIONAL
Park Avenue,"Civil Lines, Delhi",,clothing stores,4.7,286,0,1,1,0,,5,OPERATIONAL
Karv Family Store,"Civil Lines, Delhi",,clothing stores,4.9,682,0,0,1,0,,4,OPERATIONAL
Being Human Clothing Counter,"Civil Lines, Delhi",110007,clothing stores,4.3,147,0,1,1,0,,7,OPERATIONAL
Delhi Market,"Civil Lines, Delhi",110054,clothing stores,4.2,11,0,0,0,0,,4,OPERATIONAL
Khoobsurat Boutique,"Civil Lines, Delhi",,clothing stores,4.4,130,0,0,1,0,,5,OPERATIONAL
"Pantaloons (Vinayak City Centre, Prayagraj)","Civil Lines, Delhi",,clothing stores,4.3,1801,0,1,1,0,,5,OPERATIONAL
Trending Apparels,"Civil Lines, Delhi",110054,clothing stores,5.0,1,0,0,0,0,,5,OPERATIONAL
Tibbat Market,"Civil Lines, Delhi",110054,clothing stores,4.0,3,0,0,0,0,,4,OPERATIONAL
TRENDS,"Civil Lines, Delhi",,clothing stores,4.0,4741,0,1,1,0,,4,OPERATIONAL
Manglam Departmental Store,"Civil Lines, Delhi",110054,grocery stores,4.1,298,0,0,1,0,,10,OPERATIONAL
Khanna Market,"Civil Lines, Delhi",110054,grocery stores,3.8,3722,0,1,0,0,,3,OPERATIONAL
New Bansal Store,"Civil Lines, Delhi",110007,grocery stores,4.9,51,0,0,0,0,,7,OPERATIONAL
"Mukesh Store/kirana in Civil Lines, Delhi-54","Civil Lines, Delhi",110054,grocery stores,5.0,1,0,0,1,0,,9,OPERATIONAL
Gol market toSarvodyabal vidyalaya,"Civil Lines, Delhi",110054,grocery stores,4.0,1481,0,0,0,0,,3,OPERATIONAL
Safal,"Civil Lines, Delhi",110007,grocery stores,3.8,70,0,0,0,0,,7,OPERATIONAL
In & Out,"Civil Lines, Delhi",110054,grocery stores,3.3,8,0,0,0,0,,7,OPERATIONAL
Vishal Mega Mart,"Civil Lines, Delhi",,grocery stores,3.8,10883,1,1,1,0,,10,OPERATIONAL
9Eleven My Family Mart (Civil Lines),"Civil Lines, Delhi",,grocery stores,4.3,732,0,1,1,0,,7,OPERATIONAL
Sehgal Stores,"Civil Lines, Delhi",,grocery stores,4.2,192,0,1,1,0,,7,OPERATIONAL
Kendriya Bhandar,"Civil Lines, Delhi",110054,grocery stores,4.6,34,0,1,1,0,,6,OPERATIONAL
Ashoka Market,"Civil Lines, Delhi",110007,grocery stores,3.8,251,0,0,1,0,,3,OPERATIONAL
Gokhale Market,"Civil Lines, Delhi",110006,grocery stores,3.7,2628,0,0,0,0,,3,OPERATIONAL
Storeex 24/7,"Civil Lines, Delhi",110054,grocery stores,3.0,2,0,1,0,0,,6,OPERATIONAL
7X Basket Supermarket,"Civil Lines, Delhi",,grocery stores,4.5,16,0,0,0,0,,6,OPERATIONAL
"Sant Parmanand Hospital, Civil Lines, Delhi","Civil Lines, Delhi",110054,clinics,3.9,1433,0,1,1,0,,6,OPERATIONAL
"Dr. Utsav Clinic, Honest Physician & Dedicated Diabetologist","Civil Lines, Delhi",110054,clinics,4.9,248,0,1,1,0,,5,OPERATIONAL
Dr. Dubey's Physiotherapy Clinic,"Civil Lines, Delhi",110054,clinics,5.0,55,0,0,1,0,,4,OPERATIONAL
Dr Lal PathLabs - Patient Service Centre,"Civil Lines, Delhi",110054,clinics,4.9,276,0,1,1,0,,4,OPERATIONAL
"Sant Parmanand Hospital, Kashmere Gate, Delhi","Civil Lines, Delhi",110006,clinics,4.7,1366,0,1,1,0,,7,OPERATIONAL
Capri Spine Clinic Civil Lines | Best Physiotherapy Clinic in Civil Lines Delhi,"Civil Lines, Delhi",110054,clinics,4.9,516,0,1,1,0,,8,OPERATIONAL
"SKINOS | Dr. Shruti Gupta, MD","Civil Lines, Delhi",110007,clinics,4.8,7410,0,1,1,0,,12,OPERATIONAL
Tirath Ram Shah Hospital,"Civil Lines, Delhi",110054,clinics,2.9,569,0,1,1,0,,5,OPERATIONAL
Care Medicos,"Civil Lines, Delhi",110054,clinics,3.6,11,0,0,1,0,,5,OPERATIONAL
THE CLINIQ(DR AMAN ROHATGI),"Civil Lines, Delhi",110054,clinics,4.8,32,0,0,1,0,,4,OPERATIONAL
Meena Devi Jindal Medical Institute And Research Centre,"Civil Lines, Delhi",110054,clinics,4.0,98,0,0,1,0,,5,OPERATIONAL
St. Stephen's Hospital,"Civil Lines, Delhi",110054,clinics,3.4,1355,0,1,1,0,,5,OPERATIONAL
Aruna Asaf Ali Govt Hospital,"Civil Lines, Delhi",110054,clinics,3.5,341,0,1,1,0,,6,OPERATIONAL
Jaws and joints wellness clinic,"Civil Lines, Delhi",110054,clinics,5.0,7,0,0,0,0,,3,OPERATIONAL
"Senior Spine Surgeon(Dr Sanyam Jain) - Sant Pramanand Hospital, Civil Lines","Civil Lines, Delhi",110054,clinics,5.0,30,0,1,0,0,,4,OPERATIONAL
"Dr. Shaukat Rai Malick, M.D","Civil Lines, Delhi",110054,clinics,5.0,1,0,0,1,0,,5,OPERATIONAL
NKS Super Speciality Hospital,"Civil Lines, Delhi",110007,clinics,4.6,5828,0,1,1,0,,7,OPERATIONAL
Dr Payal Agarwal,"Civil Lines, Delhi",110054,clinics,4.9,61,0,1,1,0,,4,OPERATIONAL
Sushruta Trauma Centre,"Civil Lines, Delhi",110054,clinics,2.5,34,0,0,0,0,,5,OPERATIONAL
Authentique Bites Designer Cakes & Baking classes,"Civil Lines, Delhi",110054,bakeries,4.7,308,0,1,1,0,,6,OPERATIONAL
Chockerybykrishna,"Civil Lines, Delhi",110054,bakeries,5.0,87,0,1,1,0,,12,OPERATIONAL
La Creme - Wedding Cakes,"Civil Lines, Delhi",110054,bakeries,4.8,111,0,1,0,0,,11,OPERATIONAL
Sethi's The Cake Shop,"Civil Lines, Delhi",110033,bakeries,4.2,544,0,0,1,1,2.0,6,OPERATIONAL
Woeser Cafe & Bakery,"Civil Lines, Delhi",110054,bakeries,5.0,250,0,0,0,0,,6,OPERATIONAL
Sethi’s the cake shop,"Civil Lines, Delhi",110007,bakeries,3.8,140,0,1,1,0,,6,OPERATIONAL
Narang’s Bake N Cake,"Civil Lines, Delhi",110054,bakeries,4.1,150,0,0,1,1,1.0,6,OPERATIONAL
Wongdhen Cafe,"Civil Lines, Delhi",110054,bakeries,4.4,2164,0,0,1,1,2.0,4,OPERATIONAL
"Theobroma Bakery and Cake Shop - Kamla Nagar, New Delhi","Civil Lines, Delhi",110007,bakeries,4.2,156,0,1,1,0,,12,OPERATIONAL
Civil lines store,"Civil Lines, Delhi",110054,bakeries,5.0,2,0,0,0,0,,6,OPERATIONAL
Manohar Bikkaneri - Cake and Pastry in Jawahar Nagar,"Civil Lines, Delhi",110007,bakeries,4.1,1545,0,1,1,1,2.0,6,OPERATIONAL
"FNP- Flowers, Cakes And Gift Hampers","Civil Lines, Delhi",110054,bakeries,4.2,97,0,1,1,0,,12,OPERATIONAL
"Theobroma Bakery and Cake Shop - Kashmere Gate, New Delhi","Civil Lines, Delhi",110006,bakeries,4.7,83,0,1,1,0,,12,OPERATIONAL
MSD PHARMACY,"Civil Lines, Delhi",110007,pharmacies,4.9,47,0,0,1,0,,5,OPERATIONAL
Zeelab Pharmacy - GTB Nagar,"Civil Lines, Delhi",110033,pharmacies,4.9,1220,0,1,1,0,,5,OPERATIONAL
Lifeline medical store,"Civil Lines, Delhi",110054,pharmacies,5.0,4,0,0,1,0,,5,OPERATIONAL
King pharmacy,"Civil Lines, Delhi",110054,pharmacies,5.0,169,0,1,1,0,,5,OPERATIONAL
ZEELAB Pharmacy - Ghanta Ghar,"Civil Lines, Delhi",110007,pharmacies,4.9,363,0,1,1,0,,5,OPERATIONAL
Apollo Pharmacy Kingsway Camp,"Civil Lines, Delhi",110009,pharmacies,4.0,65,0,1,1,0,,8,OPERATIONAL
Careongo Pharmacy,"Civil Lines, Delhi",110054,pharmacies,3.7,7,0,1,0,0,,5,OPERATIONAL
Next Door Pharma,"Civil Lines, Delhi",110007,pharmacies,5.0,23,0,0,1,0,,5,OPERATIONAL
Tulsi medicos,"Civil Lines, Delhi",110054,pharmacies,4.7,14,0,0,1,0,,5,OPERATIONAL
Apollo Pharmacy Kamla Nagar,"Civil Lines, Delhi",110007,pharmacies,4.4,82,0,1,1,0,,9,OPERATIONAL
"ZEELAB Pharmacy -Vijay Nagar, Single Storey","Civil Lines, Delhi",110033,pharmacies,4.9,798,0,1,1,0,,5,OPERATIONAL
ZEELAB Pharmacy - Shakti Nagar,"Civil Lines, Delhi",110007,pharmacies,4.9,910,0,1,1,0,,5,OPERATIONAL
Sahib Medicos,"Civil Lines, Delhi",110054,pharmacies,4.7,22,0,0,1,0,,5,OPERATIONAL
Apollo Pharmacy Kingsway Outram Lines,"Civil Lines, Delhi",110033,pharmacies,3.7,65,0,1,1,0,,8,OPERATIONAL
Life Care Pharmacy,"Civil Lines, Delhi",110006,pharmacies,4.5,8,0,0,1,0,,5,OPERATIONAL
Apollo Pharmacy Jawahar Marg,"Civil Lines, Delhi",110007,pharmacies,4.3,48,0,1,1,0,,8,OPERATIONAL
Parkash Medicos,"Civil Lines, Delhi",110054,pharmacies,4.0,4,0,0,1,0,,5,OPERATIONAL
Kidznmore Tuition & Activity Centre,"Civil Lines, Delhi",110054,tutoring centers,5.0,61,0,1,1,0,,4,OPERATIONAL
Khatter International Academy,"Civil Lines, Delhi",110054,tutoring centers,5.0,34,0,1,1,0,,4,OPERATIONAL
Bodhicitta Academy,"Civil Lines, Delhi",110054,tutoring centers,5.0,127,0,1,1,0,,5,OPERATIONAL
Bharti Tuition Center,"Civil Lines, Delhi",110007,tutoring centers,4.9,123,0,0,0,0,,2,OPERATIONAL
Learn Spanish,"Civil Lines, Delhi",110054,tutoring centers,5.0,50,0,1,1,0,,2,OPERATIONAL
Cuemath Offline Tuition Center | Gurpreet kaur,"Civil Lines, Delhi",110054,tutoring centers,5.0,7,0,1,1,0,,3,OPERATIONAL
KR HOME TUTOR - South delhi,"Civil Lines, Delhi",110016,tutoring centers,4.9,165,0,1,1,0,,4,OPERATIONAL
Parom education,"Civil Lines, Delhi",110054,tutoring centers,5.0,12,0,0,1,0,,3,OPERATIONAL
NextGen Learning Academy,"Civil Lines, Delhi",110007,tutoring centers,5.0,12,0,0,1,0,,3,OPERATIONAL
Moti Lal Furniture,"Civil Lines, Delhi",,furniture stores,4.1,330,0,1,1,0,,9,OPERATIONAL
M.R Furniture,"Civil Lines, Delhi",110007,furniture stores,4.6,63,0,0,1,0,,9,OPERATIONAL
S.T. Paras furniture,"Civil Lines, Delhi",110007,furniture stores,4.3,11,0,0,1,0,,6,OPERATIONAL
Kamal Furniture house,"Civil Lines, Delhi",110007,furniture stores,4.5,13,0,0,1,0,,6,OPERATIONAL
"Interio by Godrej- Furniture & Mattress Store in Civil lines, Prayagraj","Civil Lines, Delhi",,furniture stores,4.2,113,0,1,1,0,,7,OPERATIONAL
Arcadia interiors,"Civil Lines, Delhi",110054,furniture stores,5.0,12,0,0,1,0,,9,OPERATIONAL
Unique Furnitures | Best Furniture shop in prayagraj | Home furniture store near me Prayagraj,"Civil Lines, Delhi",,furniture stores,3.5,38,0,0,1,0,,6,OPERATIONAL
Durian Furniture - Prayagraj - Civil Lines,"Civil Lines, Delhi",,furniture stores,4.4,118,0,1,1,0,,9,OPERATIONAL
✅𝗔𝗱𝗮𝗿𝘀𝗵 𝐅𝘂𝗿𝗻𝗶𝘁𝘂𝗿𝗲 | Best Furniture Showroom in Prayagraj | Furniture Showroom in Prayagraj | Furniture Showroom | Furniture,"Civil Lines, Delhi",,furniture stores,4.7,60,0,1,1,0,,10,OPERATIONAL
The Home Furnishing,"Civil Lines, Delhi",,furniture stores,4.9,910,0,1,1,0,,6,OPERATIONAL
"Elite Furniture's (Pepperfry, Best Furniture shop in Prayagraj)","Civil Lines, Delhi",,furniture stores,4.4,176,0,1,1,0,,6,OPERATIONAL
Ravi Brothers Private Limited,"Civil Lines, Delhi",110006,furniture stores,4.8,16,0,0,1,0,,9,OPERATIONAL
KCM FURNITURES,"Civil Lines, Delhi",,furniture stores,4.7,51,0,0,1,0,,6,OPERATIONAL
"Godrej Interio Furniture Store & Modular Kitchen Gallery Near Me, Civil Lines (Hanumate Enterprises)","Civil Lines, Delhi",,furniture stores,3.6,127,0,1,1,0,,6,OPERATIONAL
Goderj Interio Furniture- Hanumate Enterprises,"Civil Lines, Delhi",,furniture stores,4.2,12,0,1,1,0,,3,OPERATIONAL
Sarvodaya Traders,"Civil Lines, Delhi",110015,furniture stores,4.0,285,0,1,1,0,,7,OPERATIONAL
Mobile Store,"Civil Lines, Delhi",110007,mobile shops,4.8,288,0,1,0,0,,4,OPERATIONAL
"Cashify Mobile Phone Shop | Buy, Sell & Repair in Kashmiri Gate Metro","Civil Lines, Delhi",110006,mobile shops,4.5,394,0,1,1,0,,6,OPERATIONAL
Vipin Enterprises,"Civil Lines, Delhi",,mobile shops,4.9,4645,0,1,1,0,,4,OPERATIONAL
Mr mobile tis Hazari,"Civil Lines, Delhi",110054,mobile shops,5.0,18,0,0,1,0,,2,OPERATIONAL
New Prayagraj Mobile Shop,"Civil Lines, Delhi",,mobile shops,4.9,142,0,0,0,0,,4,OPERATIONAL
Asiatick Auto Car and Mobile accessories wholesaler,"Civil Lines, Delhi",110006,mobile shops,4.8,225,0,1,1,0,,12,OPERATIONAL
Duggal Mobile accessories,"Civil Lines, Delhi",110006,mobile shops,3.5,76,0,0,1,0,,4,OPERATIONAL
Prayagraj Mobile Shop,"Civil Lines, Delhi",,mobile shops,4.4,526,0,1,1,0,,8,OPERATIONAL
Digital Mobile Collection,"Civil Lines, Delhi",,mobile shops,3.7,133,0,0,1,0,,4,OPERATIONAL
Kamal Jewellers | Artificial Jewellery Manufacturer & Wholesaler,"Civil Lines, Delhi",110006,jewellery shops,4.8,1047,0,1,1,0,,8,OPERATIONAL
Opal Whimsy,"Civil Lines, Delhi",110054,jewellery shops,4.8,23,0,1,0,0,,4,OPERATIONAL
Etchcraft Emporium Store : Personalised Gifts & Jewellery Shop,"Civil Lines, Delhi",110054,jewellery shops,4.4,260,0,1,1,0,,4,OPERATIONAL
A.R.TRADERS,"Civil Lines, Delhi",110054,jewellery shops,5.0,2,0,0,1,0,,7,OPERATIONAL
GIVA Silver & Gold Jewellery | Kamla Nagar | Lab Grown Diamonds,"Civil Lines, Delhi",110007,jewellery shops,4.9,2006,0,1,1,0,,6,OPERATIONAL
Jai Shree Jewels,"Civil Lines, Delhi",110006,jewellery shops,4.4,492,0,1,1,0,,6,OPERATIONAL
GemArt,"Civil Lines, Delhi",110054,jewellery shops,5.0,28,0,0,1,0,,4,OPERATIONAL
Guruji Jewellers,"Civil Lines, Delhi",110054,jewellery shops,4.6,22,0,0,1,0,,4,OPERATIONAL
Naveen Collection - imitation & fashion Jewellery wholsaler in delhi,"Civil Lines, Delhi",110006,jewellery shops,4.7,205,0,1,1,0,,4,OPERATIONAL
BLING,"Civil Lines, Delhi",110007,jewellery shops,4.9,51,0,1,1,0,,4,OPERATIONAL
Aggarwal Novelties,"Civil Lines, Delhi",110006,jewellery shops,4.0,21,0,0,1,0,,4,OPERATIONAL
Chaddha Jewellers Pvt. Ltd,"Civil Lines, Delhi",,jewellery shops,4.9,125,0,0,1,0,,4,OPERATIONAL
V Collections,"Civil Lines, Delhi",110006,jewellery shops,4.6,121,0,1,1,0,,5,OPERATIONAL
Chand Paint and Hardware Store,"Civil Lines, Delhi",110054,hardware stores,5.0,1,0,0,1,0,,5,OPERATIONAL
CHOUDHARY HARDWARE STORE,"Civil Lines, Delhi",110006,hardware stores,4.2,13,0,0,1,0,,5,OPERATIONAL
Nand Kishore Panna Lal & Co.,"Civil Lines, Delhi",110054,hardware stores,3.7,7,0,0,1,0,,5,OPERATIONAL
Sachdeva Paints & Hardware Store,"Civil Lines, Delhi",110009,hardware stores,5.0,19,0,0,1,0,,5,OPERATIONAL
Delhi Hardware - Best Hardware In Allahabad | Best Hafele Kitchen Allahabad | Hafele Kitchen | Hardware In Allahabad,"Civil Lines, Delhi",,hardware stores,3.7,46,0,0,1,0,,5,OPERATIONAL
Salamat Enterprises - Best Wholesale Hardware Shop/Top Wholesale Hardware Shop/Wholesale Hardware Shop in Prayagraj,"Civil Lines, Delhi",,hardware stores,4.8,344,0,0,1,0,,5,OPERATIONAL
RAJESH HARDWARE STORE,"Civil Lines, Delhi",110006,hardware stores,4.3,7,0,1,1,0,,5,OPERATIONAL
RAJA HARDWARE STORE,"Civil Lines, Delhi",110033,hardware stores,5.0,2,0,0,1,0,,5,OPERATIONAL
The laalten,"Kamla Nagar, Delhi",110007,restaurants,3.7,378,0,0,1,0,,6,OPERATIONAL
GRAND MADRAS CAFE,"Kamla Nagar, Delhi",110007,restaurants,4.1,1278,0,0,1,1,2.0,8,OPERATIONAL
Chache Di Hatti,"Kamla Nagar, Delhi",110007,restaurants,4.3,4932,0,0,1,1,1.0,8,OPERATIONAL
Udupi Krishna,"Kamla Nagar, Delhi",110007,restaurants,4.3,2661,0,0,1,1,2.0,10,OPERATIONAL
Vikrant Cafe | Kamla Nagar,"Kamla Nagar, Delhi",110007,restaurants,4.1,2376,0,0,1,1,2.0,9,OPERATIONAL
Momo's Point,"Kamla Nagar, Delhi",110007,restaurants,4.3,4300,0,0,1,1,2.0,6,OPERATIONAL
Pure Pahadi Restaurant,"Kamla Nagar, Delhi",110007,restaurants,4.8,58,0,0,1,0,,4,OPERATIONAL
"Ricos, Kamla Nagar","Kamla Nagar, Delhi",110007,restaurants,4.4,3836,0,0,1,1,2.0,6,OPERATIONAL
Bikanervala | Kamla Nagar Delhi,"Kamla Nagar, Delhi",110007,restaurants,4.3,4262,0,1,1,1,2.0,16,OPERATIONAL
Bille Di Hatti,"Kamla Nagar, Delhi",110007,restaurants,4.0,4990,0,0,1,1,1.0,10,OPERATIONAL
DELHI STREET'S RESTAURANT,"Kamla Nagar, Delhi",110007,restaurants,4.0,72,0,0,1,1,1.0,5,OPERATIONAL
Vaishnav Chaat Bhandar,"Kamla Nagar, Delhi",110007,restaurants,4.1,3935,0,0,0,1,1.0,11,OPERATIONAL
Subgrills | Restaurant in Kamla Nagar | Near Me | New Delhi,"Kamla Nagar, Delhi",110007,restaurants,4.8,73,0,1,1,0,,4,OPERATIONAL
Bistro 57,"Kamla Nagar, Delhi",110007,restaurants,4.5,2379,0,1,1,1,1.0,10,OPERATIONAL
Chennai Maratha Delhi,"Kamla Nagar, Delhi",110007,restaurants,4.8,64,0,1,1,0,,6,OPERATIONAL
Laphing Wala,"Kamla Nagar, Delhi",110007,restaurants,4.4,795,0,0,1,1,1.0,11,OPERATIONAL
McDonald’s,"Kamla Nagar, Delhi",110007,restaurants,4.2,10724,1,1,1,1,2.0,7,OPERATIONAL
Govardhan Vegetarian,"Kamla Nagar, Delhi",110033,restaurants,3.9,2461,0,1,1,1,2.0,9,OPERATIONAL
Brew-Berry KamlaNagar,"Kamla Nagar, Delhi",110007,cafes,4.8,1111,0,0,1,0,,4,OPERATIONAL
"FES Cafe & Desserts | Kamla Nagar, Delhi","Kamla Nagar, Delhi",110007,cafes,4.9,236,0,0,0,0,,4,OPERATIONAL
Cafe Loco Moco,"Kamla Nagar, Delhi",110007,cafes,4.9,533,0,1,1,0,,4,OPERATIONAL
Charcha,"Kamla Nagar, Delhi",110007,cafes,3.9,228,0,0,1,0,,4,OPERATIONAL
Alienkind | Kamla Nagar,"Kamla Nagar, Delhi",110007,cafes,4.6,538,0,0,0,0,,4,OPERATIONAL
The Hide Out Cafe & Lounge,"Kamla Nagar, Delhi",110007,cafes,4.2,126,0,0,0,0,,6,OPERATIONAL
Mojo Jojo cafe,"Kamla Nagar, Delhi",110007,cafes,4.5,62,0,0,1,0,,4,OPERATIONAL
Bhukkad's Cafe,"Kamla Nagar, Delhi",110007,cafes,4.2,119,0,0,1,0,,5,OPERATIONAL
Bistro Blends,"Kamla Nagar, Delhi",110007,cafes,5.0,26,0,0,1,0,,4,OPERATIONAL
New Street Coffee,"Kamla Nagar, Delhi",110007,cafes,4.5,46,0,0,1,0,,7,OPERATIONAL
Let's Coffee | Kamla Nagar,"Kamla Nagar, Delhi",110007,cafes,4.8,181,0,0,1,0,,4,OPERATIONAL
Cocopots by Ritika,"Kamla Nagar, Delhi",110007,cafes,4.3,396,0,0,1,1,2.0,4,OPERATIONAL
La Baksh,"Kamla Nagar, Delhi",110007,cafes,4.8,25,0,0,1,0,,10,OPERATIONAL
Wafflicks,"Kamla Nagar, Delhi",110007,cafes,4.8,88,0,0,1,0,,7,OPERATIONAL
"Geetanjali Salon - Kamla Nagar, New Delhi","Kamla Nagar, Delhi",110007,salons,4.8,2374,0,1,1,0,,10,OPERATIONAL
Al Habib Unisex Salon,"Kamla Nagar, Delhi",110007,salons,4.8,260,0,0,1,0,,7,OPERATIONAL
Black Studio - Unisex Salon,"Kamla Nagar, Delhi",110007,salons,4.8,217,0,0,1,0,,12,OPERATIONAL
VS MAKEOOVERS LUXURY UNISEX SALON & ACADEMY,"Kamla Nagar, Delhi",110007,salons,5.0,685,0,1,1,0,,12,OPERATIONAL
BB's Salon By Pooja,"Kamla Nagar, Delhi",110007,salons,4.6,481,0,0,1,0,,7,OPERATIONAL
Varun Attri Salon,"Kamla Nagar, Delhi",110007,salons,4.9,75,0,1,1,0,,8,OPERATIONAL
Toni & Guy Essensuals kamla nagar,"Kamla Nagar, Delhi",110007,salons,4.7,474,0,1,1,0,,7,OPERATIONAL
Black & Blonde Unisex Saloon,"Kamla Nagar, Delhi",110007,salons,4.9,170,0,0,1,0,,5,OPERATIONAL
The Hair Affair Luxury Salon,"Kamla Nagar, Delhi",110007,salons,4.9,152,0,1,1,0,,7,OPERATIONAL
Xpressions Salon by Simmi Ghai,"Kamla Nagar, Delhi",110007,salons,4.5,492,0,0,1,0,,4,OPERATIONAL
"Jawed Habib - HairXpreso, Kamla Nagar","Kamla Nagar, Delhi",110007,salons,4.1,798,0,1,1,0,,5,OPERATIONAL
ZULF STUDIO UNISEX SALON,"Kamla Nagar, Delhi",110007,salons,4.7,55,0,0,1,0,,7,OPERATIONAL
Anytime Fitness,"Kamla Nagar, Delhi",110007,gyms,4.6,1612,0,1,1,0,,6,OPERATIONAL
Ignite Fitness - Kamla Nagar,"Kamla Nagar, Delhi",110007,gyms,4.9,101,0,0,1,0,,11,OPERATIONAL
Roadies Gym Kamla Nagar,"Kamla Nagar, Delhi",110007,gyms,4.4,223,0,0,1,0,,5,OPERATIONAL
Amogha Fitness,"Kamla Nagar, Delhi",110007,gyms,4.7,82,0,0,0,0,,5,OPERATIONAL
Aarambh Gyms & Chains of Health Clubs,"Kamla Nagar, Delhi",110007,gyms,4.9,147,0,0,1,0,,5,OPERATIONAL
Dronacharya The Gym Kamla Nagar,"Kamla Nagar, Delhi",110007,gyms,4.7,46,0,0,1,0,,7,OPERATIONAL
Fitness one gym,"Kamla Nagar, Delhi",110007,gyms,4.9,27,0,0,0,0,,5,OPERATIONAL
VAULT By Virat Kohli (Bunglow Road),"Kamla Nagar, Delhi",110007,gyms,4.8,77,0,1,1,0,,6,OPERATIONAL
Road 2 Fitness Unisex Gym,"Kamla Nagar, Delhi",110007,gyms,4.6,29,0,1,1,0,,5,OPERATIONAL
Gymbuddy (supplement | gym wear | gym accessories),"Kamla Nagar, Delhi",110007,gyms,5.0,91,0,0,1,0,,4,OPERATIONAL
Amorefit Zumba Fitness Studio,"Kamla Nagar, Delhi",110007,gyms,5.0,44,0,0,1,0,,6,OPERATIONAL
Fitness physio,"Kamla Nagar, Delhi",110007,gyms,4.8,82,0,0,1,0,,5,OPERATIONAL
"THE GLOBAL FITNESS, Malkaganj road Kamla Nagar","Kamla Nagar, Delhi",110007,gyms,4.5,31,0,0,1,0,,5,OPERATIONAL
Evolution dance and fitness zone,"Kamla Nagar, Delhi",110007,gyms,4.8,509,0,1,1,0,,6,OPERATIONAL
Max,"Kamla Nagar, Delhi",110007,clothing stores,4.0,5526,0,1,1,0,,6,OPERATIONAL
SANMIT BY BANSALS ( KAMLA NAGAR),"Kamla Nagar, Delhi",110007,clothing stores,4.8,374,0,0,1,0,,5,OPERATIONAL
Gupta Creations Private Limited,"Kamla Nagar, Delhi",110007,clothing stores,4.0,481,0,1,1,0,,4,OPERATIONAL
nettwear kamlanagar,"Kamla Nagar, Delhi",110007,clothing stores,4.1,92,0,1,1,0,,4,OPERATIONAL
"Pantaloons (Kamla Nagar, New Delhi)","Kamla Nagar, Delhi",110007,clothing stores,4.6,2485,0,1,1,0,,5,OPERATIONAL
Meena Bazaar,"Kamla Nagar, Delhi",110007,clothing stores,4.9,1256,0,1,1,0,,5,OPERATIONAL
Libas,"Kamla Nagar, Delhi",110007,clothing stores,5.0,782,0,0,1,0,,4,OPERATIONAL
POSH AFFAIR BY LOVELY LIBAS,"Kamla Nagar, Delhi",110007,clothing stores,4.6,255,0,1,1,0,,5,OPERATIONAL
Blackberrys,"Kamla Nagar, Delhi",110007,clothing stores,4.9,1050,0,1,1,0,,4,OPERATIONAL
TRENDS,"Kamla Nagar, Delhi",110007,clothing stores,4.0,1396,0,1,1,0,,4,OPERATIONAL
GCS the fashion paradise | Best Sarees Shop In Kamla Nagar |,"Kamla Nagar, Delhi",110007,clothing stores,4.8,422,0,1,1,0,,5,OPERATIONAL
Stanmax Kamla Nagar,"Kamla Nagar, Delhi",110007,clothing stores,4.6,4143,0,1,1,0,,4,OPERATIONAL
Bombay Creations,"Kamla Nagar, Delhi",110007,clothing stores,4.3,213,0,1,1,0,,5,OPERATIONAL
COTTON LOTUS,"Kamla Nagar, Delhi",110007,clothing stores,4.9,131,0,1,1,0,,4,OPERATIONAL
Palika Palace- Plus Size | Big Size Readymade Garments In Kamla Nagar,"Kamla Nagar, Delhi",110007,clothing stores,4.3,132,0,0,1,0,,6,OPERATIONAL
Uni.Vastrr | Best Family Garments Store In Kamla Nagar |,"Kamla Nagar, Delhi",110007,clothing stores,4.2,119,0,1,1,0,,6,OPERATIONAL
KAMLA NAGAR MARKET,"Kamla Nagar, Delhi",110007,grocery stores,4.3,9025,0,0,1,0,,3,OPERATIONAL
Miniso,"Kamla Nagar, Delhi",110007,grocery stores,4.1,2812,0,1,0,0,,4,OPERATIONAL
Wholesale Walaa – Grocery Suppliers & Wholesalers,"Kamla Nagar, Delhi",110007,grocery stores,4.8,29,0,1,1,0,,10,OPERATIONAL
Sardarji Di Hatti,"Kamla Nagar, Delhi",110007,grocery stores,4.0,36,0,0,1,0,,6,OPERATIONAL
Storeex 24/7,"Kamla Nagar, Delhi",110007,grocery stores,4.5,14,0,1,1,0,,6,OPERATIONAL
Maheshwary Mega Mart,"Kamla Nagar, Delhi",110007,grocery stores,4.5,4,0,0,1,0,,3,OPERATIONAL
Sabhyata_Kamla Nagar,"Kamla Nagar, Delhi",110007,grocery stores,4.1,134,0,1,1,0,,4,OPERATIONAL
Aggarwal & Sons,"Kamla Nagar, Delhi",110007,grocery stores,3.7,101,0,0,1,0,,4,OPERATIONAL
New Shop,"Kamla Nagar, Delhi",110007,grocery stores,3.3,15,0,1,0,0,,6,OPERATIONAL
Pasta Strike,"Kamla Nagar, Delhi",110007,grocery stores,5.0,96,0,0,1,0,,6,OPERATIONAL
"Himalaya Wellness Store - Kamala Nagar, New Delhi","Kamla Nagar, Delhi",110007,grocery stores,4.6,220,0,1,1,0,,9,OPERATIONAL
Delhi Electronics,"Kamla Nagar, Delhi",110007,electronics shops,4.4,38,0,1,1,0,,6,OPERATIONAL
Croma - Kamla Nagar,"Kamla Nagar, Delhi",110007,electronics shops,4.1,4812,0,1,1,0,,5,OPERATIONAL
Juneja Electricals,"Kamla Nagar, Delhi",110007,electronics shops,4.4,168,0,0,1,0,,4,OPERATIONAL
Hari Sharan & Sons,"Kamla Nagar, Delhi",110007,electronics shops,3.8,81,0,0,1,0,,5,OPERATIONAL
Kishan Enterprises - Electronics shop in shakti nagar - Electronics shop in kamla nagar,"Kamla Nagar, Delhi",110007,electronics shops,4.4,45,0,0,1,0,,4,OPERATIONAL
Hariom Electronics - Ghanta Ghar,"Kamla Nagar, Delhi",110007,electronics shops,4.7,2237,0,1,1,0,,3,OPERATIONAL
Saini Electronics,"Kamla Nagar, Delhi",110007,electronics shops,4.1,11,0,0,1,0,,4,OPERATIONAL
KIRPAL ELECTRIC HARDWARE AND SANITARY HOUSE/Best electrical shop in Kamla Nagar DELHI,"Kamla Nagar, Delhi",110007,electronics shops,4.9,106,0,0,0,0,,6,OPERATIONAL
Bhola Electrical Shop,"Kamla Nagar, Delhi",110007,electronics shops,5.0,68,0,0,1,0,,5,OPERATIONAL
Bharat Electricals - Home Appliances and Repair shop in Kamla Nagar Delhi,"Kamla Nagar, Delhi",110007,electronics shops,5.0,6,0,1,1,0,,4,OPERATIONAL
Gadget Arena,"Kamla Nagar, Delhi",110007,electronics shops,4.8,1116,0,0,1,0,,6,OPERATIONAL
LG Best Shop-SHRI MANGLA ELECTRONICS,"Kamla Nagar, Delhi",110007,electronics shops,2.8,5,0,1,1,0,,4,OPERATIONAL
Om shiva enterprises,"Kamla Nagar, Delhi",110007,electronics shops,4.9,144,0,0,1,0,,4,OPERATIONAL
Orion Computers & communications,"Kamla Nagar, Delhi",110007,electronics shops,4.1,21,0,0,1,0,,5,OPERATIONAL
Hariom Electronics - Mobile World,"Kamla Nagar, Delhi",110007,electronics shops,4.9,273,0,1,1,0,,3,OPERATIONAL
Lenovo Exclusive Store - KPNG Technologies,"Kamla Nagar, Delhi",110007,electronics shops,4.9,2155,0,1,1,0,,5,OPERATIONAL
USHA Company Store,"Kamla Nagar, Delhi",110007,electronics shops,4.8,1424,0,0,1,0,,4,OPERATIONAL
VIJAY SALES - ROOP NAGAR,"Kamla Nagar, Delhi",110007,electronics shops,4.9,2473,0,1,1,0,,4,OPERATIONAL
Dr Balani's Clinic,"Kamla Nagar, Delhi",110007,clinics,4.6,63,0,1,1,0,,4,OPERATIONAL
Dr. Aastha Gupta,"Kamla Nagar, Delhi",110007,clinics,4.2,350,0,1,1,0,,6,OPERATIONAL
Sethi's Multispeciality Clinic,"Kamla Nagar, Delhi",110007,clinics,4.8,25,0,1,1,0,,5,OPERATIONAL
"Dr Batra’s Homeopathy, Hair & Skin Clinic","Kamla Nagar, Delhi",110007,clinics,4.6,1058,0,1,1,0,,6,OPERATIONAL
MY FAMILY DOCTOR,"Kamla Nagar, Delhi",110007,clinics,4.9,66,0,1,1,0,,4,OPERATIONAL
"Clove Dental Clinic - Kamla Nagar, Delhi","Kamla Nagar, Delhi",110007,clinics,4.9,966,0,1,1,0,,7,OPERATIONAL
Dr. Anil Jain,"Kamla Nagar, Delhi",110007,clinics,4.2,101,0,1,1,0,,4,OPERATIONAL
Aam Aadmi Mohalla Clinic Kamla Nagar,"Kamla Nagar, Delhi",110007,clinics,3.8,30,0,0,0,0,,4,OPERATIONAL
"VLCC BEAUTY CLINIC (Kamla Nagar, Delhi)","Kamla Nagar, Delhi",110007,clinics,4.8,199,0,1,1,0,,12,OPERATIONAL
Dr. Sanjay Gupta Clinic - Kamla Nagar,"Kamla Nagar, Delhi",110007,clinics,4.4,61,0,1,1,0,,4,OPERATIONAL
Kidney And Brain Clinic,"Kamla Nagar, Delhi",110007,clinics,3.9,149,0,0,1,0,,4,OPERATIONAL
Qurederma Aesthetic Centre,"Kamla Nagar, Delhi",110007,clinics,5.0,56,0,1,1,0,,5,OPERATIONAL
"Dr. Shikha Gupta - Best Pediatrician, Child Specialist","Kamla Nagar, Delhi",110007,clinics,4.9,153,0,1,1,0,,5,OPERATIONAL
Jaya Skin Clinic- Skin clinic in Kamla Nagar,"Kamla Nagar, Delhi",110007,clinics,4.8,35,0,1,1,0,,9,OPERATIONAL
Taraash Dental Clinic,"Kamla Nagar, Delhi",110007,clinics,5.0,292,0,1,1,0,,8,OPERATIONAL
Homoeo Amigo Homeopathy clinic in Kamla Nagar New Delhi,"Kamla Nagar, Delhi",110007,clinics,4.9,204,0,1,1,0,,6,OPERATIONAL
My Denntiist Dental Clinic,"Kamla Nagar, Delhi",110007,clinics,4.9,235,0,0,1,0,,5,OPERATIONAL
Gouri Hospital,"Kamla Nagar, Delhi",110007,clinics,4.5,408,0,1,1,0,,6,OPERATIONAL
Dr jain eye care,"Kamla Nagar, Delhi",110007,clinics,4.4,75,0,0,1,0,,4,OPERATIONAL
"Oasis Baklawa, kamla nagar","Kamla Nagar, Delhi",110007,bakeries,4.3,1001,0,1,1,1,3.0,7,OPERATIONAL
Chefair The Pastry Shop,"Kamla Nagar, Delhi",110007,bakeries,4.3,83,0,0,0,1,2.0,6,OPERATIONAL
GOPAL SWEETS CORNER,"Kamla Nagar, Delhi",110007,bakeries,4.0,5918,0,0,1,1,1.0,9,OPERATIONAL
Gujrati Namkeen & Bakers,"Kamla Nagar, Delhi",110007,bakeries,4.4,406,0,0,1,0,,6,OPERATIONAL
MANOHAR BIKKANERI - Bhaji Boxes in Delhi,"Kamla Nagar, Delhi",110007,bakeries,4.1,4621,0,1,1,1,2.0,11,OPERATIONAL
Kunj Bihari bakers,"Kamla Nagar, Delhi",110007,bakeries,4.9,41,0,0,1,0,,6,OPERATIONAL
Yadav Namkeen & Bakers,"Kamla Nagar, Delhi",110007,bakeries,3.9,180,0,0,1,0,,7,OPERATIONAL
Frontier Biscuits,"Kamla Nagar, Delhi",110007,bakeries,4.5,41,0,1,1,1,2.0,6,OPERATIONAL
🍞 Sharma Bakers Handmade Atta Biscuits • Rusk • Muffins • Cream Rolls • Bakery Biscuits,"Kamla Nagar, Delhi",110007,bakeries,4.8,6,0,0,1,0,,6,OPERATIONAL
Reliable Pharmacy,"Kamla Nagar, Delhi",110007,pharmacies,5.0,13,0,0,1,0,,5,OPERATIONAL
United Pharmacy,"Kamla Nagar, Delhi",110007,pharmacies,4.2,19,0,0,0,0,,5,OPERATIONAL
Bharat Chemist,"Kamla Nagar, Delhi",110007,pharmacies,3.1,24,0,0,1,0,,5,OPERATIONAL
Medicine Point,"Kamla Nagar, Delhi",110007,pharmacies,5.0,6,0,0,1,0,,5,OPERATIONAL
RELIABLE PHARMACY,"Kamla Nagar, Delhi",110007,pharmacies,5.0,1,0,0,1,0,,5,OPERATIONAL
PRIME PHARMACY,"Kamla Nagar, Delhi",110007,pharmacies,4.8,57,0,0,1,0,,5,OPERATIONAL
Pharmacy Express,"Kamla Nagar, Delhi",110007,pharmacies,5.0,1,0,0,1,0,,5,OPERATIONAL
davaindia Generic Pharmacy,"Kamla Nagar, Delhi",110007,pharmacies,4.1,10,0,1,1,0,,10,OPERATIONAL
Sanjivani,"Kamla Nagar, Delhi",110007,pharmacies,4.0,1,0,0,1,0,,5,OPERATIONAL
Homoeo Drug Centre,"Kamla Nagar, Delhi",110007,pharmacies,3.9,21,0,0,1,0,,6,OPERATIONAL
Lifecare Medical,"Kamla Nagar, Delhi",110007,pharmacies,3.5,31,0,0,0,0,,6,OPERATIONAL
"Swarnim Homoeopathic Pharmacy | Dr Swarnim Agrawal | Shakti Nagar, Delhi","Kamla Nagar, Delhi",110007,pharmacies,4.9,138,0,0,1,0,,6,OPERATIONAL
Sharma Medicos,"Kamla Nagar, Delhi",110007,pharmacies,4.8,4,0,0,1,0,,5,OPERATIONAL
PARDHAN MANTRI BHARTIYA JAN AUSHADHI KENDRA KAMLA NAGAR,"Kamla Nagar, Delhi",110007,pharmacies,4.3,3,0,0,1,0,,5,OPERATIONAL
K.C. Ayurvedic Store,"Kamla Nagar, Delhi",110007,pharmacies,3.8,18,0,0,1,0,,6,OPERATIONAL
Sabby Study Centre,"Kamla Nagar, Delhi",110007,tutoring centers,4.9,287,0,1,1,0,,4,OPERATIONAL
Guru Nanak Coaching Centre (Kamla Nagar Branch),"Kamla Nagar, Delhi",110007,tutoring centers,4.9,271,0,1,1,0,,3,OPERATIONAL
Ambitious Learning Academy,"Kamla Nagar, Delhi",110007,tutoring centers,5.0,47,0,1,1,0,,3,OPERATIONAL
Genius Students Academy,"Kamla Nagar, Delhi",110007,tutoring centers,4.7,91,0,1,1,0,,3,OPERATIONAL
The Rk Education,"Kamla Nagar, Delhi",110007,tutoring centers,4.9,21,0,1,1,0,,3,OPERATIONAL
Germanacharya,"Kamla Nagar, Delhi",110007,tutoring centers,4.9,209,0,1,1,0,,2,OPERATIONAL
Anurag Aggarwal Institute of Public Speaking and Personality Development Course (in Delhi),"Kamla Nagar, Delhi",110007,tutoring centers,4.8,466,0,1,1,0,,6,OPERATIONAL
Shravan Academy,"Kamla Nagar, Delhi",110007,tutoring centers,4.9,20,0,1,1,0,,5,OPERATIONAL
KASHIKA TUITION CENTRE,"Kamla Nagar, Delhi",110007,tutoring centers,5.0,1,0,1,1,0,,4,OPERATIONAL
THE LEARNING ACADEMY,"Kamla Nagar, Delhi",110007,tutoring centers,5.0,9,0,0,1,0,,3,OPERATIONAL
Mind Developers Academy,"Kamla Nagar, Delhi",110007,tutoring centers,5.0,1,0,1,1,0,,7,OPERATIONAL
R.A. COMPUTERS INSTITUTE,"Kamla Nagar, Delhi",110007,tutoring centers,4.9,134,0,0,1,0,,2,OPERATIONAL
ABHAYAAS STUDY CENTRE BY BINAY SIR,"Kamla Nagar, Delhi",110007,tutoring centers,4.7,45,0,0,1,0,,4,OPERATIONAL
Cuemath Online Tution Center,"Kamla Nagar, Delhi",110007,tutoring centers,5.0,15,0,1,1,0,,4,OPERATIONAL
Likhavat Academy,"Kamla Nagar, Delhi",110007,tutoring centers,4.9,352,0,1,1,0,,2,OPERATIONAL
First Journey Play School and Day Care Creche Kamla Nagar,"Kamla Nagar, Delhi",110007,tutoring centers,4.7,130,0,1,1,0,,7,OPERATIONAL
Ace Education Academy,"Kamla Nagar, Delhi",110007,tutoring centers,4.5,17,0,0,1,0,,3,OPERATIONAL
Devyani Home Furnishing,"Kamla Nagar, Delhi",110007,furniture stores,4.2,43,0,1,1,0,,7,OPERATIONAL
Gupta Furnishings,"Kamla Nagar, Delhi",110007,furniture stores,4.1,7,0,1,1,0,,7,OPERATIONAL
Style Furnishers : Best Furniture Store in Kirti Nagar,"Kamla Nagar, Delhi",110015,furniture stores,4.5,463,0,1,1,0,,9,OPERATIONAL
Edens Home Concept,"Kamla Nagar, Delhi",110007,furniture stores,4.8,56,0,1,1,0,,6,OPERATIONAL
Omsons,"Kamla Nagar, Delhi",110007,furniture stores,4.6,49,0,1,1,0,,6,OPERATIONAL
Guru Kirpa Furniture,"Kamla Nagar, Delhi",110015,furniture stores,4.2,102,0,1,1,0,,7,OPERATIONAL
TOY FORT,"Kamla Nagar, Delhi",110007,furniture stores,4.5,226,0,1,1,0,,13,OPERATIONAL
Designer cushion cover/ personalized cushion cover,"Kamla Nagar, Delhi",110007,furniture stores,4.9,75,0,0,1,0,,5,OPERATIONAL
GOBIND HANDLOOM,"Kamla Nagar, Delhi",110007,furniture stores,4.9,9,0,1,1,0,,6,OPERATIONAL
Dream Planner Home Furnishing and Birthday Planner,"Kamla Nagar, Delhi",110007,furniture stores,5.0,38,0,0,1,0,,6,OPERATIONAL
Revika Furnishing,"Kamla Nagar, Delhi",110007,furniture stores,4.2,18,0,0,1,0,,6,OPERATIONAL
R.K. Furniture House (RKF),"Kamla Nagar, Delhi",110007,furniture stores,4.2,6,0,0,1,0,,4,OPERATIONAL
Raj Kamal Emporium,"Kamla Nagar, Delhi",110007,furniture stores,4.5,14,0,0,1,0,,5,OPERATIONAL
Mobile Hub - Mobile Shop In Kamla Nagar Delhi,"Kamla Nagar, Delhi",110007,mobile shops,4.1,148,0,1,1,0,,4,OPERATIONAL
Cariano Telecom,"Kamla Nagar, Delhi",110007,mobile shops,3.9,195,0,0,1,0,,4,OPERATIONAL
Cariano Next,"Kamla Nagar, Delhi",110007,mobile shops,3.5,85,0,0,1,0,,4,OPERATIONAL
Mowo Communication,"Kamla Nagar, Delhi",110007,mobile shops,3.5,11,0,0,1,0,,4,OPERATIONAL
Priyanshi smart gadgets,"Kamla Nagar, Delhi",110007,mobile shops,5.0,177,0,1,1,0,,2,OPERATIONAL
Vinayak Infotech,"Kamla Nagar, Delhi",110007,mobile shops,4.4,8,0,0,1,0,,4,OPERATIONAL
"Gadget Arena | Laptop Repair | Laptop Accessories | Mobile Repair | Shop In Kamla Nagar, Delhi","Kamla Nagar, Delhi",110007,mobile shops,4.8,44,0,0,1,0,,5,OPERATIONAL
Samsung Experience Store Kamla Nagar,"Kamla Nagar, Delhi",110007,mobile shops,2.5,79,0,1,1,0,,6,OPERATIONAL
Sudershan Telecom,"Kamla Nagar, Delhi",110007,mobile shops,4.4,69,0,0,1,0,,4,OPERATIONAL
Realme Experience Store,"Kamla Nagar, Delhi",110007,mobile shops,4.7,241,0,0,1,0,,4,OPERATIONAL
Singh Mobile Store,"Kamla Nagar, Delhi",110007,mobile shops,5.0,6,0,0,0,0,,4,OPERATIONAL
Logica Mobile Store - Kamla Nagar,"Kamla Nagar, Delhi",110007,mobile shops,5.0,6,0,0,1,0,,4,OPERATIONAL
"Apple Premium Reseller - Aptronix - Kamla Nagar, New Delhi","Kamla Nagar, Delhi",110007,mobile shops,4.5,1492,0,1,1,0,,7,OPERATIONAL
Mittal Telecom,"Kamla Nagar, Delhi",110007,mobile shops,4.4,41,0,0,1,0,,5,OPERATIONAL
My Jio Store,"Kamla Nagar, Delhi",110007,mobile shops,4.7,390,0,1,1,0,,6,OPERATIONAL
"BlueStone Jewellery Kamla Nagar, New Delhi","Kamla Nagar, Delhi",110007,jewellery shops,4.9,909,0,1,1,0,,8,OPERATIONAL
Kaka Jewellers,"Kamla Nagar, Delhi",110007,jewellery shops,4.9,403,0,0,1,0,,4,OPERATIONAL
Jewellery Hut,"Kamla Nagar, Delhi",110007,jewellery shops,4.6,1564,0,1,1,0,,7,OPERATIONAL
Malabar Gold and Diamonds - Kamla Nagar - Delhi,"Kamla Nagar, Delhi",110007,jewellery shops,4.9,2155,0,1,1,0,,4,OPERATIONAL
Adarsh jewel,"Kamla Nagar, Delhi",110007,jewellery shops,4.7,1214,0,1,1,0,,6,OPERATIONAL
"Kalyan Jewellers - Kamla Nagar, New Delhi","Kamla Nagar, Delhi",110007,jewellery shops,4.8,693,0,1,1,0,,4,OPERATIONAL
"CaratLane Jewellery Kamla Nagar, Delhi","Kamla Nagar, Delhi",110007,jewellery shops,4.9,1209,0,1,1,0,,5,OPERATIONAL
Silverfied - Jewelery And Piercings (Hypoallergenic / 92.5 Silver / Safe / Painless ),"Kamla Nagar, Delhi",110007,jewellery shops,4.8,2045,0,1,1,0,,6,OPERATIONAL
THE MOD SHOPPE,"Kamla Nagar, Delhi",110007,jewellery shops,4.0,77,0,0,1,0,,4,OPERATIONAL
Tanishq Jewellery - Delhi - Kamala Nagar,"Kamla Nagar, Delhi",110007,jewellery shops,4.7,1818,0,1,1,0,,6,OPERATIONAL
D Lara - 925 Silver Jewellery | Piercings | Freshwater Pearls | Gemstones | Birth Stones | Healing Crystals,"Kamla Nagar, Delhi",110007,jewellery shops,5.0,407,0,1,1,0,,8,OPERATIONAL
Megami | Artificial Jewellery & Purses | Bridal Jewellery on Rent,"Kamla Nagar, Delhi",110007,jewellery shops,4.9,711,0,0,1,0,,4,OPERATIONAL
"Kushal's Fashion Jewellery - Kamla Nagar, New Delhi","Kamla Nagar, Delhi",110007,jewellery shops,4.9,295,0,1,1,0,,4,OPERATIONAL
CJ's (Cosmetics Jewellery & Wedding souk),"Kamla Nagar, Delhi",110007,jewellery shops,4.9,209,0,1,1,0,,5,OPERATIONAL
"Indriya - Aditya Birla Jewellery - Kamalanagar, Delhi","Kamla Nagar, Delhi",110007,jewellery shops,4.8,131,0,1,1,0,,4,OPERATIONAL
"GIVA Silver & Gold Jewellery Store | Bunglow Road Kamla Nagar, New Delhi","Kamla Nagar, Delhi",110007,jewellery shops,5.0,153,0,1,1,0,,7,OPERATIONAL
Shivara Jewels | Jewellery In Delhi | Artificial Jewellery shop,"Kamla Nagar, Delhi",110007,jewellery shops,4.8,65,0,0,1,0,,6,OPERATIONAL
V M Jewellers,"Kamla Nagar, Delhi",110007,jewellery shops,4.7,18,0,1,1,0,,4,OPERATIONAL
Ganpati Jewellers,"Kamla Nagar, Delhi",110007,jewellery shops,4.9,78,0,0,1,0,,7,OPERATIONAL
Bodhraj and sons,"Kamla Nagar, Delhi",110007,hardware stores,4.4,10,0,0,1,0,,6,OPERATIONAL
Tara Trading Company,"Kamla Nagar, Delhi",110007,hardware stores,4.8,533,0,1,1,0,,9,OPERATIONAL
Mahalaxmi Hardwares,"Kamla Nagar, Delhi",110007,hardware stores,3.9,12,0,0,1,0,,5,OPERATIONAL
Gupta Hardware & Sanitary Store,"Kamla Nagar, Delhi",110007,hardware stores,4.9,27,0,0,1,0,,5,OPERATIONAL
MR.DIY,"Kamla Nagar, Delhi",110007,hardware stores,4.2,941,0,1,1,0,,5,OPERATIONAL
Shiv Shakti sanitary,"Kamla Nagar, Delhi",110007,hardware stores,4.5,6,0,0,1,0,,5,OPERATIONAL
Bansal Hardware & Sanitary,"Kamla Nagar, Delhi",110007,hardware stores,4.0,6,0,0,1,0,,5,OPERATIONAL
Chawnsan Chef BBQ Mukherjee Nagar,"Mukherjee Nagar, Delhi",110033,restaurants,4.9,40,0,0,1,0,,4,OPERATIONAL
Apni Rasoi,"Mukherjee Nagar, Delhi",110033,restaurants,3.7,1923,0,1,1,1,2.0,7,OPERATIONAL
Chugli Adda The Food Court,"Mukherjee Nagar, Delhi",110033,restaurants,4.8,123,0,0,1,0,,4,OPERATIONAL
Teekha Zaika - Pure Veg Restaurant,"Mukherjee Nagar, Delhi",110033,restaurants,4.7,31,0,0,1,0,,5,OPERATIONAL
Catch 39,"Mukherjee Nagar, Delhi",110033,restaurants,4.3,432,0,1,1,0,,5,OPERATIONAL
Oh Delhi - A Fusion Kitchen,"Mukherjee Nagar, Delhi",110033,restaurants,4.2,117,0,1,1,0,,6,OPERATIONAL
Chawla Fast Food,"Mukherjee Nagar, Delhi",110033,restaurants,3.6,372,0,1,1,1,2.0,4,OPERATIONAL
Haweli Da Dhaba- Champaran Chicken And Mutton,"Mukherjee Nagar, Delhi",110033,restaurants,4.7,398,0,0,1,0,,8,OPERATIONAL
Madras Cafe,"Mukherjee Nagar, Delhi",110033,restaurants,4.0,1839,0,1,1,1,1.0,6,OPERATIONAL
Sahni Fish Corner,"Mukherjee Nagar, Delhi",110033,restaurants,4.4,378,0,0,1,1,2.0,5,OPERATIONAL
Housefull Cafe Lounge,"Mukherjee Nagar, Delhi",110033,restaurants,3.9,1153,0,0,1,0,,9,OPERATIONAL
Grain Bell Restaurant,"Mukherjee Nagar, Delhi",110009,restaurants,3.7,659,0,0,1,1,2.0,7,OPERATIONAL
Apni Rasoi,"Mukherjee Nagar, Delhi",110033,restaurants,3.7,1467,0,1,1,1,2.0,8,OPERATIONAL
Miglani Eating House,"Mukherjee Nagar, Delhi",110033,restaurants,3.5,717,0,1,1,1,2.0,9,OPERATIONAL
Honey's Veg,"Mukherjee Nagar, Delhi",110033,restaurants,3.7,1710,0,1,1,1,2.0,12,OPERATIONAL
"MOMITOZ - Best Restaurant and Home like Delicious Food, Special Offers for Students and Working Professionals","Mukherjee Nagar, Delhi",110009,restaurants,5.0,42,0,0,0,0,,4,OPERATIONAL
Kaffe De Rose,"Mukherjee Nagar, Delhi",110033,cafes,4.9,11,0,0,1,0,,4,OPERATIONAL
Sprouts & chai cafe,"Mukherjee Nagar, Delhi",110033,cafes,4.9,22,0,0,1,0,,7,OPERATIONAL
Chai Churi,"Mukherjee Nagar, Delhi",110009,cafes,4.5,92,0,0,1,0,,4,OPERATIONAL
Ganga Cafe,"Mukherjee Nagar, Delhi",110009,cafes,5.0,18,0,0,0,0,,4,OPERATIONAL
Benam Cafe,"Mukherjee Nagar, Delhi",110009,cafes,4.6,10,0,0,0,0,,4,OPERATIONAL
Aspirants' Adda Cafe,"Mukherjee Nagar, Delhi",110033,cafes,4.9,47,0,0,0,0,,4,OPERATIONAL
Bunzo cafe,"Mukherjee Nagar, Delhi",110009,cafes,4.3,79,0,1,1,0,,4,OPERATIONAL
Chai chuski,"Mukherjee Nagar, Delhi",110033,cafes,4.6,33,0,0,0,0,,7,OPERATIONAL
Global Tea Cafe Mukharjee Nagar,"Mukherjee Nagar, Delhi",110009,cafes,4.8,8,0,0,1,0,,4,OPERATIONAL
The epic cafe,"Mukherjee Nagar, Delhi",110009,cafes,5.0,3,0,0,1,0,,4,OPERATIONAL
Engineer'ss Tandoori Chai (Mukherjee Nagar),"Mukherjee Nagar, Delhi",110033,cafes,4.9,425,0,1,1,0,,5,OPERATIONAL
Down Town Cafe,"Mukherjee Nagar, Delhi",110033,cafes,4.8,26,0,0,1,0,,4,OPERATIONAL
New Look Salon,"Mukherjee Nagar, Delhi",110033,salons,4.9,250,0,0,1,0,,8,OPERATIONAL
GLOWISH BEAUTY SALON,"Mukherjee Nagar, Delhi",110033,salons,4.9,217,0,0,1,0,,8,OPERATIONAL
The Hair House unisex salon,"Mukherjee Nagar, Delhi",110033,salons,4.4,248,0,0,1,0,,6,OPERATIONAL
"Tress Trance Unisex Salon - Best Bridal Makeup Artist in Delhi, Nail Extensions & best hair salon in Mukherjee Nagar, Delhi","Mukherjee Nagar, Delhi",110009,salons,5.0,32,0,0,1,0,,8,OPERATIONAL
Soni's Shine,"Mukherjee Nagar, Delhi",110033,salons,4.9,119,0,1,1,0,,6,OPERATIONAL
REMMEI HAIR BEAUTY SALON,"Mukherjee Nagar, Delhi",110033,salons,4.7,225,0,0,1,0,,4,OPERATIONAL
Priya Gupta makeovers,"Mukherjee Nagar, Delhi",110009,salons,4.6,189,0,1,1,0,,5,OPERATIONAL
Nitanjali unisex salon,"Mukherjee Nagar, Delhi",110033,salons,4.9,43,0,1,1,0,,4,OPERATIONAL
Jawed Habib Hair & Beauty Salon,"Mukherjee Nagar, Delhi",110009,salons,3.5,504,0,1,1,0,,6,OPERATIONAL
Relaxable Beauty Point,"Mukherjee Nagar, Delhi",110033,salons,4.8,119,0,0,1,0,,4,OPERATIONAL
Hair by Arjun,"Mukherjee Nagar, Delhi",110009,salons,5.0,48,0,1,0,0,,4,OPERATIONAL
I Style Unisex. Salon,"Mukherjee Nagar, Delhi",110033,salons,4.4,69,0,0,1,0,,4,OPERATIONAL
New Lakme Unisex salon,"Mukherjee Nagar, Delhi",110033,salons,4.4,79,0,0,1,0,,13,OPERATIONAL
"Purplle - Mukherjee Nagar, Delhi","Mukherjee Nagar, Delhi",110033,salons,4.9,355,0,1,0,0,,10,OPERATIONAL
Seema Makeover,"Mukherjee Nagar, Delhi",110033,salons,4.9,168,0,1,1,0,,4,OPERATIONAL
Kaur Studio by sandy,"Mukherjee Nagar, Delhi",110033,salons,4.9,120,0,0,1,0,,3,OPERATIONAL
The Fitness Czars Unisex Gym,"Mukherjee Nagar, Delhi",110009,gyms,4.8,565,0,1,1,0,,5,OPERATIONAL
The Sweat Yard,"Mukherjee Nagar, Delhi",110033,gyms,4.8,380,0,0,1,0,,5,OPERATIONAL
GS Gym & Crossfit,"Mukherjee Nagar, Delhi",110033,gyms,5.0,839,0,1,1,0,,13,OPERATIONAL
YP Elite Fitness Club,"Mukherjee Nagar, Delhi",110009,gyms,5.0,20,0,1,1,0,,7,OPERATIONAL
wellness warriors gym,"Mukherjee Nagar, Delhi",110033,gyms,4.9,29,0,1,1,0,,5,OPERATIONAL
Mogli fitness unisex gym,"Mukherjee Nagar, Delhi",110033,gyms,3.9,93,0,0,1,0,,5,OPERATIONAL
Star Fitness Club Gym,"Mukherjee Nagar, Delhi",110033,gyms,4.4,52,0,0,1,0,,5,OPERATIONAL
Cosmic Arena,"Mukherjee Nagar, Delhi",110033,gyms,4.3,216,0,0,0,0,,7,OPERATIONAL
RP FITNESS GYM,"Mukherjee Nagar, Delhi",110033,gyms,4.4,41,0,0,0,0,,5,OPERATIONAL
Kosmic Fitness -Mantra,"Mukherjee Nagar, Delhi",110033,gyms,4.7,123,0,0,1,0,,5,OPERATIONAL
C Fitness Physical Academy Mukherjee Nagar(C Fitness Athletic Club),"Mukherjee Nagar, Delhi",110033,gyms,4.9,138,0,0,1,0,,6,OPERATIONAL
Be young fitness studio - Best Zumba and Dance classes in Mukherjee nagar,"Mukherjee Nagar, Delhi",110009,gyms,5.0,66,0,0,1,0,,9,OPERATIONAL
SHAPE UP FITNESS & DANCE STUDIO,"Mukherjee Nagar, Delhi",110033,gyms,5.0,95,0,1,1,0,,12,OPERATIONAL
Fit squad unisex gym,"Mukherjee Nagar, Delhi",110033,gyms,5.0,11,0,0,0,0,,5,OPERATIONAL
OCTAVE - Mukherjee Nagar,"Mukherjee Nagar, Delhi",110033,clothing stores,4.9,736,0,0,1,0,,4,OPERATIONAL
Ajay Readymade Garments | Best Clothing Store In Mukherjee Nagar North Delhi NCR,"Mukherjee Nagar, Delhi",110033,clothing stores,4.3,101,0,1,1,0,,4,OPERATIONAL
King Exclusive Clothes,"Mukherjee Nagar, Delhi",110033,clothing stores,3.6,64,0,0,1,0,,5,OPERATIONAL
Elements Store,"Mukherjee Nagar, Delhi",110033,clothing stores,4.9,83,0,0,1,0,,4,OPERATIONAL
Queen's,"Mukherjee Nagar, Delhi",110033,clothing stores,3.8,24,0,0,1,0,,5,OPERATIONAL
Jockey Exclusive Store,"Mukherjee Nagar, Delhi",110033,clothing stores,4.4,245,0,1,1,0,,7,OPERATIONAL
Malik Brothers Readymade Garments,"Mukherjee Nagar, Delhi",110033,clothing stores,3.9,52,0,0,1,0,,4,OPERATIONAL
Born Collection,"Mukherjee Nagar, Delhi",110033,clothing stores,4.5,15,0,0,1,0,,5,OPERATIONAL
Sports and Fashion,"Mukherjee Nagar, Delhi",110033,clothing stores,4.6,10,0,0,1,0,,7,OPERATIONAL
Zoe By Bani,"Mukherjee Nagar, Delhi",110033,clothing stores,4.1,182,0,1,0,0,,4,OPERATIONAL
Mumkids (Kids Wear & Accessories),"Mukherjee Nagar, Delhi",110033,clothing stores,5.0,57,0,0,1,0,,6,OPERATIONAL
Cantabil,"Mukherjee Nagar, Delhi",110033,clothing stores,5.0,36,0,1,1,0,,5,OPERATIONAL
Grover selection,"Mukherjee Nagar, Delhi",110033,clothing stores,4.1,25,0,0,1,0,,4,OPERATIONAL
Embassy-budhiraja,"Mukherjee Nagar, Delhi",110033,clothing stores,4.1,90,0,1,0,0,,10,OPERATIONAL
Jockey Exclusive Store - Woman,"Mukherjee Nagar, Delhi",110033,clothing stores,4.5,52,0,1,1,0,,7,OPERATIONAL
Saavi Garments,"Mukherjee Nagar, Delhi",110033,clothing stores,5.0,25,0,0,0,0,,4,OPERATIONAL
Vastram clothing,"Mukherjee Nagar, Delhi",110033,clothing stores,5.0,3,0,0,1,0,,4,OPERATIONAL
RG’S The Creative Designer,"Mukherjee Nagar, Delhi",110033,clothing stores,3.7,9,0,0,0,0,,5,OPERATIONAL
Taranhar - Premium Ladies Suits,"Mukherjee Nagar, Delhi",110009,clothing stores,5.0,8,0,1,1,0,,4,OPERATIONAL
Balaji Fancy Dress Shop,"Mukherjee Nagar, Delhi",110033,clothing stores,4.5,113,0,0,1,0,,4,OPERATIONAL
MUNAFA MART,"Mukherjee Nagar, Delhi",110033,grocery stores,4.0,75,0,0,1,0,,9,OPERATIONAL
New Shop,"Mukherjee Nagar, Delhi",110033,grocery stores,4.3,21,0,1,0,0,,6,OPERATIONAL
Gagan Store,"Mukherjee Nagar, Delhi",110033,grocery stores,4.1,412,0,0,1,0,,7,OPERATIONAL
Pal Brothers,"Mukherjee Nagar, Delhi",110009,grocery stores,4.0,377,0,0,1,0,,4,OPERATIONAL
Gopalpur Fish Market,"Mukherjee Nagar, Delhi",110033,grocery stores,3.7,930,0,0,0,0,,3,OPERATIONAL
MCD Market,"Mukherjee Nagar, Delhi",110033,grocery stores,3.6,393,0,0,0,0,,3,OPERATIONAL
Super Fresh Market,"Mukherjee Nagar, Delhi",110033,grocery stores,5.0,2,0,1,1,0,,8,OPERATIONAL
Parveen Store,"Mukherjee Nagar, Delhi",110033,grocery stores,4.3,21,0,0,1,0,,6,OPERATIONAL
The Book Shop,"Mukherjee Nagar, Delhi",110033,grocery stores,4.2,1504,0,0,1,0,,4,OPERATIONAL
Ahuja Store,"Mukherjee Nagar, Delhi",110033,grocery stores,4.0,117,0,0,1,0,,8,OPERATIONAL
Cig mart,"Mukherjee Nagar, Delhi",110033,grocery stores,3.8,11,0,0,0,0,,7,OPERATIONAL
GTB Street Local market,"Mukherjee Nagar, Delhi",110033,grocery stores,3.9,14,0,0,0,0,,3,OPERATIONAL
Safal,"Mukherjee Nagar, Delhi",110033,grocery stores,3.7,111,0,1,0,0,,5,OPERATIONAL
Rai book shop,"Mukherjee Nagar, Delhi",110033,grocery stores,4.2,622,0,1,1,0,,4,OPERATIONAL
Storeex 24/7,"Mukherjee Nagar, Delhi",110009,grocery stores,5.0,3,0,1,1,0,,6,OPERATIONAL
Best price store,"Mukherjee Nagar, Delhi",110033,grocery stores,3.7,40,0,0,1,0,,6,OPERATIONAL
LG BEST SHOP RAZZLE DAZZLE ELECTRONICS,"Mukherjee Nagar, Delhi",110033,electronics shops,4.5,102,0,0,1,0,,5,OPERATIONAL
Deepak Electronics,"Mukherjee Nagar, Delhi",110033,electronics shops,3.9,7,0,0,1,0,,6,OPERATIONAL
Diwan Electrical,"Mukherjee Nagar, Delhi",110033,electronics shops,2.8,12,0,0,1,0,,5,OPERATIONAL
Indian Electronics by Zaki Malik,"Mukherjee Nagar, Delhi",110033,electronics shops,4.4,29,0,0,0,0,,3,OPERATIONAL
Amit Electrical,"Mukherjee Nagar, Delhi",110033,electronics shops,5.0,3,0,0,1,0,,4,OPERATIONAL
ULTRA ELECTRONIC,"Mukherjee Nagar, Delhi",110009,electronics shops,3.7,9,0,0,1,0,,4,OPERATIONAL
Mobile And Accessories Hub,"Mukherjee Nagar, Delhi",110009,electronics shops,5.0,52,0,0,0,0,,4,OPERATIONAL
Chawla Electric Works,"Mukherjee Nagar, Delhi",110054,electronics shops,5.0,5,0,0,1,0,,4,OPERATIONAL
Future World,"Mukherjee Nagar, Delhi",110033,electronics shops,4.8,1129,0,1,1,0,,6,OPERATIONAL
Guru Ji Mobile & Laptop Repairing Center,"Mukherjee Nagar, Delhi",110033,electronics shops,4.3,57,0,0,1,0,,5,OPERATIONAL
Paras Electirical & telecom,"Mukherjee Nagar, Delhi",110054,electronics shops,4.7,27,0,0,0,0,,3,OPERATIONAL
Rajkamal Electronics & Electricals Best LCD.LED TV Installation & Repair Services in GTB Nagar Delhi,"Mukherjee Nagar, Delhi",110033,electronics shops,5.0,10,0,0,1,0,,7,OPERATIONAL
Gandhi Electricals & Electronics,"Mukherjee Nagar, Delhi",110033,electronics shops,4.6,19,0,0,1,0,,7,OPERATIONAL
ZAINA INTERIORS & ELECTRONICS,"Mukherjee Nagar, Delhi",110033,electronics shops,4.8,32,0,0,1,0,,4,OPERATIONAL
Cutefix Technology's,"Mukherjee Nagar, Delhi",110033,electronics shops,4.8,168,0,0,1,0,,5,OPERATIONAL
Adarsh Clinic (Orthopedics & Medicine Clinic),"Mukherjee Nagar, Delhi",110033,clinics,4.8,425,0,1,1,0,,4,OPERATIONAL
DIVINE HEALTH CLINIC,"Mukherjee Nagar, Delhi",110033,clinics,4.8,58,0,1,1,0,,6,OPERATIONAL
Anandmaya Clinic -Dr.Preeti Anand - Best Doctor in Mukherjee Nagar,"Mukherjee Nagar, Delhi",110009,clinics,4.9,132,0,0,1,0,,4,OPERATIONAL
Dr Lal PathLabs - Patient Service Centre,"Mukherjee Nagar, Delhi",110033,clinics,4.9,1813,0,1,1,0,,3,OPERATIONAL
Adarsh Clinic,"Mukherjee Nagar, Delhi",110033,clinics,5.0,5,0,0,1,0,,4,OPERATIONAL
Physiotherapist Clinic Dr. kamal,"Mukherjee Nagar, Delhi",110033,clinics,5.0,135,0,0,1,0,,4,OPERATIONAL
Raj Clinic,"Mukherjee Nagar, Delhi",110033,clinics,4.8,5,0,0,1,0,,4,OPERATIONAL
Ayurvedic Clinic,"Mukherjee Nagar, Delhi",110009,clinics,4.9,238,0,1,1,0,,3,OPERATIONAL
Dr. S.S. Bhatia clinic,"Mukherjee Nagar, Delhi",110033,clinics,4.4,7,0,0,0,0,,4,OPERATIONAL
Malik Maternity and Ultrasound clinic,"Mukherjee Nagar, Delhi",110009,clinics,4.9,125,0,0,1,0,,4,OPERATIONAL
North Delhi Chest Centre and Quit Smoking Centre and Vaccination Centre,"Mukherjee Nagar, Delhi",110033,clinics,2.9,29,0,1,1,0,,4,OPERATIONAL
Dr Rahul Rajput,"Mukherjee Nagar, Delhi",110009,clinics,5.0,638,0,1,1,0,,4,OPERATIONAL
Dr Sushil Gupta Diagnostic Centre,"Mukherjee Nagar, Delhi",110033,clinics,3.9,55,0,0,1,0,,4,OPERATIONAL
Anand Clinic,"Mukherjee Nagar, Delhi",110033,clinics,5.0,2,0,0,1,0,,4,OPERATIONAL
Blossoms Kids Clinic Dr. Rajat Goswami,"Mukherjee Nagar, Delhi",110033,clinics,5.0,134,0,1,1,0,,4,OPERATIONAL
Dr.Shyam Sundar Sharma Clinic,"Mukherjee Nagar, Delhi",110033,clinics,4.2,33,0,0,1,0,,4,OPERATIONAL
Nulife Multi Specialty Hospital,"Mukherjee Nagar, Delhi",110033,clinics,4.7,3799,0,1,1,0,,5,OPERATIONAL
Vardaan to heal you…Physiotherapy Clinic+PEMF Therapy,"Mukherjee Nagar, Delhi",110033,clinics,5.0,177,0,0,1,0,,4,OPERATIONAL
Care for you clinic,"Mukherjee Nagar, Delhi",110033,clinics,5.0,3,0,0,0,0,,4,OPERATIONAL
Cakelawa,"Mukherjee Nagar, Delhi",110033,bakeries,5.0,188,0,1,1,0,,12,OPERATIONAL
Choco love the cake shop | best cake shop in mukherjee nagar,"Mukherjee Nagar, Delhi",110033,bakeries,4.2,26,0,0,1,0,,16,OPERATIONAL
Sunpreet bakers,"Mukherjee Nagar, Delhi",110033,bakeries,4.3,80,0,0,1,0,,6,OPERATIONAL
Monginis Cake Shop,"Mukherjee Nagar, Delhi",110033,bakeries,4.5,127,0,1,1,1,2.0,13,OPERATIONAL
CHAWLA THE PASTRY PALACE,"Mukherjee Nagar, Delhi",110054,bakeries,4.2,77,0,0,1,1,2.0,4,OPERATIONAL
Sethi's the Cake Shop,"Mukherjee Nagar, Delhi",110033,bakeries,3.9,54,0,0,1,0,,6,OPERATIONAL
Preety Bakery,"Mukherjee Nagar, Delhi",110033,bakeries,4.5,32,0,0,1,0,,6,OPERATIONAL
AMAIRA,"Mukherjee Nagar, Delhi",110033,bakeries,4.0,600,0,0,1,1,2.0,8,OPERATIONAL
Jamyang 's Bakery,"Mukherjee Nagar, Delhi",110054,bakeries,5.0,562,0,1,1,0,,6,OPERATIONAL
"CAKE ‘O’ CLOCKS - VIJAY NAGAR BEST BAKERY, DESIGNER CAKE SHOP WITH FREE HOME DELIVERY & DISCOUNT ON STORE PICKUP","Mukherjee Nagar, Delhi",110009,bakeries,4.8,259,0,1,1,0,,14,OPERATIONAL
Ambrosial Stories by amisha kohli,"Mukherjee Nagar, Delhi",110033,bakeries,4.9,40,0,0,1,0,,6,OPERATIONAL
Cooking by Alphabet,"Mukherjee Nagar, Delhi",110033,bakeries,4.8,23,0,0,0,0,,6,OPERATIONAL
Sweets Aggarwal sweets,"Mukherjee Nagar, Delhi",110033,bakeries,4.0,3247,0,0,1,1,2.0,6,OPERATIONAL
"Vitalth - Medicine delivery & Compare pharmacy discounts, Mukherjee Nagar","Mukherjee Nagar, Delhi",110009,pharmacies,5.0,40,0,1,1,0,,12,OPERATIONAL
The Chemist,"Mukherjee Nagar, Delhi",110033,pharmacies,4.0,50,0,0,1,0,,5,OPERATIONAL
Chemist Shop,"Mukherjee Nagar, Delhi",110033,pharmacies,5.0,6,0,0,1,0,,5,OPERATIONAL
Medicine Hub,"Mukherjee Nagar, Delhi",110033,pharmacies,4.3,4,0,0,1,0,,5,OPERATIONAL
Chemist Shop,"Mukherjee Nagar, Delhi",110033,pharmacies,2.9,9,0,0,0,0,,5,OPERATIONAL
Karshni Pharmacy,"Mukherjee Nagar, Delhi",110033,pharmacies,4.0,1,0,0,1,0,,5,OPERATIONAL
Pharmacy,"Mukherjee Nagar, Delhi",110033,pharmacies,3.6,5,0,0,1,0,,5,OPERATIONAL
Sachdeva Medico,"Mukherjee Nagar, Delhi",110033,pharmacies,3.6,14,0,0,1,0,,5,OPERATIONAL
Heema Medicos,"Mukherjee Nagar, Delhi",110033,pharmacies,4.3,25,0,0,1,0,,6,OPERATIONAL
Aman Medicos,"Mukherjee Nagar, Delhi",110033,pharmacies,4.3,12,0,0,1,0,,6,OPERATIONAL
SURGICHEM PHARMA,"Mukherjee Nagar, Delhi",110009,pharmacies,5.0,1,0,0,1,0,,5,OPERATIONAL
Raman Medicos,"Mukherjee Nagar, Delhi",110033,pharmacies,4.7,3,0,0,1,0,,5,OPERATIONAL
Oneness Pharmacy,"Mukherjee Nagar, Delhi",110033,pharmacies,4.4,8,0,0,1,0,,8,OPERATIONAL
SANJEEVANI DRUGS & COSMETICS,"Mukherjee Nagar, Delhi",110033,pharmacies,5.0,9,0,0,1,0,,5,OPERATIONAL
Hans Pharmacy,"Mukherjee Nagar, Delhi",110033,pharmacies,2.7,7,0,0,1,0,,5,OPERATIONAL
Om Sai Medicos - Chemist Shop In Mukherjee Nagar - Chemist Shop In GTB Nagar Delhi,"Mukherjee Nagar, Delhi",110033,pharmacies,3.1,7,0,0,1,0,,5,OPERATIONAL
MgiEdu | Coaching and Tuition Centre,"Mukherjee Nagar, Delhi",110033,tutoring centers,4.8,104,0,1,1,0,,4,OPERATIONAL
Sai coaching centre,"Mukherjee Nagar, Delhi",110054,tutoring centers,4.9,277,0,0,1,0,,3,OPERATIONAL
Forum Learning Center - Mukherjee Nagar by ForumIAS,"Mukherjee Nagar, Delhi",110033,tutoring centers,4.9,321,0,1,1,0,,4,OPERATIONAL
BHARTI CONCEPT,"Mukherjee Nagar, Delhi",110033,tutoring centers,4.6,491,0,1,1,0,,2,OPERATIONAL
GUPTA Coaching Institute (GCI),"Mukherjee Nagar, Delhi",110033,tutoring centers,4.9,86,0,0,1,0,,2,OPERATIONAL
Maths with s.k.singh Best maths Academy,"Mukherjee Nagar, Delhi",110033,tutoring centers,5.0,107,0,1,1,0,,3,OPERATIONAL
Tapasya Academy,"Mukherjee Nagar, Delhi",110009,tutoring centers,4.9,192,0,1,1,0,,3,OPERATIONAL
Nucleus coaching,"Mukherjee Nagar, Delhi",110033,tutoring centers,4.8,190,0,1,1,0,,2,OPERATIONAL
"Shresth PCS Academy, Best PCS Test Series Coaching in Mukharjee nagar delhi","Mukherjee Nagar, Delhi",110033,tutoring centers,5.0,447,0,0,1,0,,3,OPERATIONAL
Mukesh Coaching Classes (MCC),"Mukherjee Nagar, Delhi",110033,tutoring centers,4.8,237,0,0,1,0,,2,OPERATIONAL
HONOURS ACADEMY - Best SSC Coaching in Mukherjee Nagar.,"Mukherjee Nagar, Delhi",110033,tutoring centers,4.9,58,0,0,0,0,,3,OPERATIONAL
Home Tutor AGENCY,"Mukherjee Nagar, Delhi",110033,tutoring centers,4.7,116,0,1,1,0,,4,OPERATIONAL
Abhinay Sharma Classes,"Mukherjee Nagar, Delhi",110033,tutoring centers,4.6,233,0,0,1,0,,2,OPERATIONAL
Maths Mantra Best Maths Institute(Maths by Puneet chaudhary),"Mukherjee Nagar, Delhi",110033,tutoring centers,5.0,499,0,0,1,0,,3,OPERATIONAL
Christopher Phoenix,"Mukherjee Nagar, Delhi",110009,tutoring centers,4.6,889,0,0,1,0,,2,OPERATIONAL
Raj Dixit Physics Classes,"Mukherjee Nagar, Delhi",110009,tutoring centers,5.0,24,0,0,1,0,,3,OPERATIONAL
Ek Prayas Coaching Center,"Mukherjee Nagar, Delhi",110009,tutoring centers,4.5,485,0,1,0,0,,7,OPERATIONAL
KD Campus Pvt Ltd,"Mukherjee Nagar, Delhi",110009,tutoring centers,3.8,1049,0,1,1,0,,3,OPERATIONAL
Law Prep Tutorial GTB Nagar: CLAT Coaching in Delhi,"Mukherjee Nagar, Delhi",110033,tutoring centers,5.0,676,0,1,1,0,,4,OPERATIONAL
Arora Furnishers,"Mukherjee Nagar, Delhi",110033,furniture stores,4.3,177,0,1,1,0,,6,OPERATIONAL
Arora Furniture House,"Mukherjee Nagar, Delhi",110009,furniture stores,4.8,4,0,0,1,0,,4,OPERATIONAL
Moonlight®️Furniture,"Mukherjee Nagar, Delhi",110033,furniture stores,3.6,18,0,1,1,0,,7,OPERATIONAL
Thakral Store | FURNITURE SHOP,"Mukherjee Nagar, Delhi",110033,furniture stores,4.9,286,0,0,1,0,,9,OPERATIONAL
CHUGH STUDENT FURNITURE,"Mukherjee Nagar, Delhi",110033,furniture stores,5.0,2,0,0,0,0,,6,OPERATIONAL
Gumber Steel Furniture,"Mukherjee Nagar, Delhi",110033,furniture stores,3.8,32,0,0,1,0,,4,OPERATIONAL
SHIVA HOME FURNISHINGS,"Mukherjee Nagar, Delhi",110033,furniture stores,4.3,18,0,0,1,0,,9,OPERATIONAL
Sleepwell Shoppe - Dream Nest Living,"Mukherjee Nagar, Delhi",110033,furniture stores,4.7,6,0,1,1,0,,6,OPERATIONAL
Raj Furniture,"Mukherjee Nagar, Delhi",110054,furniture stores,5.0,1,0,0,1,0,,6,OPERATIONAL
"Godrej Interio - Mattress & Furniture Store in Kirti Nagar, New Delhi","Mukherjee Nagar, Delhi",110015,furniture stores,4.6,814,0,1,1,0,,8,OPERATIONAL
Kitchen Gallery & Glow up secrets,"Mukherjee Nagar, Delhi",110033,furniture stores,3.6,19,0,0,1,0,,8,OPERATIONAL
Dev Furniture And Interiors,"Mukherjee Nagar, Delhi",110033,furniture stores,3.0,5,0,0,1,0,,4,OPERATIONAL
Nirankari Handloom Industries,"Mukherjee Nagar, Delhi",110033,furniture stores,4.7,23,0,0,0,0,,6,OPERATIONAL
Gadget Galleria,"Mukherjee Nagar, Delhi",110033,mobile shops,4.8,22,0,1,1,0,,5,OPERATIONAL
Tecnico Store,"Mukherjee Nagar, Delhi",110033,mobile shops,4.1,25,0,0,1,0,,4,OPERATIONAL
SAI ENTERPRISES,"Mukherjee Nagar, Delhi",110033,mobile shops,4.8,111,0,0,1,0,,5,OPERATIONAL
Perfect Telecom,"Mukherjee Nagar, Delhi",110033,mobile shops,4.3,18,0,0,1,0,,6,OPERATIONAL
Shiva Telemart,"Mukherjee Nagar, Delhi",110033,mobile shops,3.6,22,0,0,1,0,,4,OPERATIONAL
Simro Ji,"Mukherjee Nagar, Delhi",110033,mobile shops,4.9,23,0,0,0,0,,4,OPERATIONAL
Mahadev Telecom,"Mukherjee Nagar, Delhi",110033,mobile shops,5.0,12,0,0,1,0,,3,OPERATIONAL
Amit mobile repairing centar,"Mukherjee Nagar, Delhi",110033,mobile shops,3.8,6,0,0,1,0,,4,OPERATIONAL
Mobiliti World,"Mukherjee Nagar, Delhi",110033,mobile shops,4.3,12,0,0,1,0,,4,OPERATIONAL
Mobile Care,"Mukherjee Nagar, Delhi",110033,mobile shops,3.6,68,0,0,1,0,,4,OPERATIONAL
Mobile Wala,"Mukherjee Nagar, Delhi",110033,mobile shops,5.0,4,0,0,1,0,,2,OPERATIONAL
Ram Lal Jewel's,"Mukherjee Nagar, Delhi",110033,jewellery shops,5.0,2029,0,1,1,0,,4,OPERATIONAL
Narang Legacy | Nirankari Gems & Jewels,"Mukherjee Nagar, Delhi",110033,jewellery shops,4.8,2495,0,0,0,0,,5,OPERATIONAL
Fancy Rawalpindi Jewellers,"Mukherjee Nagar, Delhi",110033,jewellery shops,4.3,28,0,1,1,0,,4,OPERATIONAL
Richa Jewels,"Mukherjee Nagar, Delhi",110033,jewellery shops,4.1,9,0,0,1,0,,4,OPERATIONAL
Narang Nirankari Jewellers | Flagship Nirankari Jewellers Since 1798,"Mukherjee Nagar, Delhi",110033,jewellery shops,4.7,241,0,1,1,0,,7,OPERATIONAL
RV Sparkle Jewels,"Mukherjee Nagar, Delhi",110009,jewellery shops,5.0,10,0,0,1,0,,4,OPERATIONAL
Kapoor Abhushan Palace Pvt Ltd.,"Mukherjee Nagar, Delhi",110033,jewellery shops,4.1,175,0,0,1,0,,4,OPERATIONAL
Alankrit Chain and Jewellery,"Mukherjee Nagar, Delhi",110033,jewellery shops,5.0,3,0,0,1,0,,4,OPERATIONAL
Nirankari Jewels,"Mukherjee Nagar, Delhi",110033,jewellery shops,3.6,21,0,1,0,0,,7,OPERATIONAL
Verma Ji Jewellers,"Mukherjee Nagar, Delhi",110054,jewellery shops,3.3,6,0,0,1,0,,4,OPERATIONAL
R.V.L. JEWELLERS,"Mukherjee Nagar, Delhi",110033,jewellery shops,4.3,55,0,1,1,0,,4,OPERATIONAL
Naveen Sanitary & Hardware Store,"Mukherjee Nagar, Delhi",110033,hardware stores,3.8,11,0,0,1,0,,5,OPERATIONAL
Puri Paints & Hardware Store,"Mukherjee Nagar, Delhi",110033,hardware stores,5.0,3,0,0,0,0,,6,OPERATIONAL
Chauhan Hardware Store,"Mukherjee Nagar, Delhi",110033,hardware stores,4.4,5,0,0,1,0,,5,OPERATIONAL
Mehta Paint & Hardware,"Mukherjee Nagar, Delhi",110033,hardware stores,3.6,9,0,0,1,0,,5,OPERATIONAL
Punjab Hardware And Sanitary Electricals,"Mukherjee Nagar, Delhi",110033,hardware stores,2.3,3,0,0,1,0,,5,OPERATIONAL
Bedi Hardware and Paints,"Mukherjee Nagar, Delhi",110033,hardware stores,5.0,16,0,0,0,0,,6,OPERATIONAL
Thukral Hardware And Sanitary Store,"Mukherjee Nagar, Delhi",110033,hardware stores,2.6,14,0,0,1,0,,5,OPERATIONAL
Parveen Hardware Store,"Mukherjee Nagar, Delhi",110035,hardware stores,4.0,56,0,0,1,0,,5,OPERATIONAL
Bhai Sahab Enterprises,"Mukherjee Nagar, Delhi",110033,hardware stores,3.3,3,0,0,0,0,,5,OPERATIONAL
Pinjore Indian Dining Kitchen and Bar,"Patel Nagar, Delhi",110008,restaurants,4.0,810,0,0,1,1,2.0,7,OPERATIONAL
Darlings Patel Road,"Patel Nagar, Delhi",110008,restaurants,4.0,184,0,0,1,0,,5,OPERATIONAL
The Grand Kitchen,"Patel Nagar, Delhi",110008,restaurants,4.8,129,0,0,1,0,,7,OPERATIONAL
Berco's - If You Love Chinese,"Patel Nagar, Delhi",110008,restaurants,4.0,1048,0,1,1,1,2.0,7,OPERATIONAL
Naivedyam,"Patel Nagar, Delhi",110008,restaurants,4.3,5871,0,1,1,1,2.0,8,OPERATIONAL
The Tandoori Bites,"Patel Nagar, Delhi",110008,restaurants,4.8,162,0,1,1,0,,6,OPERATIONAL
Royal Restaurant,"Patel Nagar, Delhi",110008,restaurants,4.5,77,0,1,0,0,,10,OPERATIONAL
MAHARAJA Pure veg restaurant,"Patel Nagar, Delhi",110008,restaurants,4.6,159,0,0,1,0,,5,OPERATIONAL
south Indian fast food,"Patel Nagar, Delhi",110008,restaurants,4.1,1170,0,0,1,1,2.0,6,OPERATIONAL
Amit Uncle's Food Court,"Patel Nagar, Delhi",110008,restaurants,4.3,200,0,0,1,1,1.0,9,OPERATIONAL
Flavour Plates,"Patel Nagar, Delhi",110008,restaurants,4.9,18,0,1,1,0,,6,OPERATIONAL
The Thai Guy (Kitchen),"Patel Nagar, Delhi",110008,restaurants,4.8,58,0,1,1,0,,5,OPERATIONAL
"Anand Ji Malai Chaap Wale,Patel Nagar","Patel Nagar, Delhi",110008,restaurants,4.1,271,0,0,1,0,,6,OPERATIONAL
Forty 3 East,"Patel Nagar, Delhi",110008,restaurants,4.0,102,0,1,1,0,,7,OPERATIONAL
Lama Chinese Food - Chinese food in patel nagar,"Patel Nagar, Delhi",110008,restaurants,4.2,935,0,0,1,1,1.0,8,OPERATIONAL
Josie's Coffee House,"Patel Nagar, Delhi",110008,cafes,4.2,205,0,0,1,0,,4,OPERATIONAL
Mom’s Cafe,"Patel Nagar, Delhi",110008,cafes,4.8,184,0,0,1,0,,4,OPERATIONAL
sanDunes,"Patel Nagar, Delhi",110008,cafes,4.8,51,0,0,1,0,,4,OPERATIONAL
Le winkies,"Patel Nagar, Delhi",110008,cafes,4.6,446,0,0,1,1,2.0,4,OPERATIONAL
Panther Cafe & Lounge,"Patel Nagar, Delhi",110008,cafes,4.2,64,0,0,1,0,,7,OPERATIONAL
The House,"Patel Nagar, Delhi",110008,cafes,4.9,28,0,0,1,0,,7,OPERATIONAL
"Nothing Before Coffee - Patel Nagar, New Delhi","Patel Nagar, Delhi",110008,cafes,4.7,458,0,1,1,1,2.0,15,OPERATIONAL
Empire Cafe House Branch - 7,"Patel Nagar, Delhi",110008,cafes,5.0,19,0,0,1,0,,7,OPERATIONAL
Tree house Cafe,"Patel Nagar, Delhi",110008,cafes,5.0,12,0,0,0,0,,4,OPERATIONAL
SAZ - sip & bite,"Patel Nagar, Delhi",110008,cafes,5.0,25,0,0,0,0,,4,OPERATIONAL
Bean Sahab Coffee,"Patel Nagar, Delhi",110008,cafes,4.4,116,0,1,1,0,,4,OPERATIONAL
Drinks & Bytes,"Patel Nagar, Delhi",110008,cafes,4.9,155,0,0,1,0,,7,OPERATIONAL
Chaayos Cafe at East Patel Nagar,"Patel Nagar, Delhi",110008,cafes,4.3,520,0,1,1,1,2.0,14,OPERATIONAL
Blends & Brews Cafe,"Patel Nagar, Delhi",110008,cafes,4.9,32,0,0,1,0,,4,OPERATIONAL
Cozy cup cafe,"Patel Nagar, Delhi",110008,cafes,4.7,19,0,0,0,0,,7,OPERATIONAL
The Himalayan Cafe,"Patel Nagar, Delhi",110008,cafes,4.9,18,0,0,1,0,,4,OPERATIONAL
The Glamour studio,"Patel Nagar, Delhi",110008,salons,4.9,309,0,0,1,0,,4,OPERATIONAL
Toni&Guy Patel Nagar,"Patel Nagar, Delhi",110008,salons,4.8,465,0,1,1,0,,11,OPERATIONAL
LAVISH - Luxury Unisex Salon By Happy,"Patel Nagar, Delhi",110008,salons,4.7,519,0,0,1,0,,4,OPERATIONAL
-QU’ELLE EST BELLE SALON,"Patel Nagar, Delhi",110008,salons,5.0,231,0,1,1,0,,5,OPERATIONAL
"Geetanjali Studio - East Patel Nagar, New Delhi","Patel Nagar, Delhi",110008,salons,4.6,775,0,1,1,0,,10,OPERATIONAL
Bo & Bella Aesthetics & salon,"Patel Nagar, Delhi",110008,salons,4.7,489,0,1,1,0,,11,OPERATIONAL
"NSalon - Patel Nagar, New Delhi","Patel Nagar, Delhi",110008,salons,4.5,134,0,1,1,0,,4,OPERATIONAL
Glow 365 Hair Nails Beauty And Makeup Unisex Salon,"Patel Nagar, Delhi",110008,salons,4.6,134,0,1,1,0,,14,OPERATIONAL
M Studio Unisex Salon,"Patel Nagar, Delhi",110008,salons,4.9,45,0,0,0,0,,4,OPERATIONAL
"Looks Salon, East Patel Nagar","Patel Nagar, Delhi",110008,salons,4.3,351,0,1,1,0,,5,OPERATIONAL
Pushpanju Unisex Salon,"Patel Nagar, Delhi",110008,salons,5.0,88,0,0,1,0,,4,OPERATIONAL
Elegance Luxury Salon,"Patel Nagar, Delhi",110008,salons,3.8,334,0,0,1,0,,4,OPERATIONAL
La Blanche Unisex Salon,"Patel Nagar, Delhi",110008,salons,4.0,741,0,1,1,0,,13,OPERATIONAL
Attraction Salon,"Patel Nagar, Delhi",110008,salons,4.4,125,0,0,1,0,,13,OPERATIONAL
Neeru Deluxe Salon & Academy,"Patel Nagar, Delhi",110008,salons,4.8,43,0,1,1,0,,17,OPERATIONAL
Maestro Unisex Salon,"Patel Nagar, Delhi",110008,salons,3.6,526,0,0,1,0,,4,OPERATIONAL
Glam Impressions Salon,"Patel Nagar, Delhi",110008,salons,4.3,154,0,1,1,0,,4,OPERATIONAL
Makeover by MD,"Patel Nagar, Delhi",110008,salons,4.8,49,0,0,1,0,,4,OPERATIONAL
Behold Unisex Salon,"Patel Nagar, Delhi",110008,salons,4.4,84,0,0,0,0,,5,OPERATIONAL
The Wellness Club Gym Xpress Patel nagar,"Patel Nagar, Delhi",110008,gyms,4.8,341,0,1,1,0,,5,OPERATIONAL
Team Satpal gym (Arun yadav),"Patel Nagar, Delhi",110008,gyms,4.9,574,0,0,1,0,,8,OPERATIONAL
Anytime Fitness,"Patel Nagar, Delhi",110008,gyms,4.3,297,0,1,1,0,,6,OPERATIONAL
Delhi fitness gym,"Patel Nagar, Delhi",110008,gyms,4.5,90,0,1,1,0,,5,OPERATIONAL
FIT GYM,"Patel Nagar, Delhi",110008,gyms,5.0,18,0,0,1,0,,10,OPERATIONAL
HR7 Fitness,"Patel Nagar, Delhi",110008,gyms,4.7,161,0,1,1,0,,6,OPERATIONAL
Carbon Culture Fitness,"Patel Nagar, Delhi",110008,gyms,4.9,104,0,0,1,0,,6,OPERATIONAL
Raghav Fitness Gym,"Patel Nagar, Delhi",110008,gyms,5.0,52,0,0,1,0,,5,OPERATIONAL
S.K Fitness Gym,"Patel Nagar, Delhi",110008,gyms,4.9,112,0,0,1,0,,5,OPERATIONAL
"Cult Gym Patel Nagar | Best Gym in Patel Nagar, New Delhi","Patel Nagar, Delhi",110008,gyms,4.4,325,0,1,1,0,,13,OPERATIONAL
Great Gym,"Patel Nagar, Delhi",110008,gyms,4.6,112,0,0,1,0,,5,OPERATIONAL
ns fitness gym,"Patel Nagar, Delhi",110008,gyms,5.0,23,0,0,1,0,,5,OPERATIONAL
Thunder The Gym Delhi,"Patel Nagar, Delhi",110008,gyms,4.8,43,0,1,0,0,,5,OPERATIONAL
Rep Max Gym,"Patel Nagar, Delhi",110008,gyms,4.9,119,0,0,1,0,,6,OPERATIONAL
THE GYM health planet,"Patel Nagar, Delhi",110008,gyms,4.1,254,0,1,0,0,,5,OPERATIONAL
Butterfly Gym & Fitness Academy,"Patel Nagar, Delhi",110008,gyms,4.2,86,0,1,1,0,,5,OPERATIONAL
Trackfit gym,"Patel Nagar, Delhi",110008,gyms,5.0,43,0,0,1,0,,5,OPERATIONAL
Sun Fitness Xpert Gym,"Patel Nagar, Delhi",110008,gyms,4.9,63,0,1,1,0,,5,OPERATIONAL
The Zeus Gym,"Patel Nagar, Delhi",110008,gyms,4.9,58,0,1,1,0,,6,OPERATIONAL
Punit fitness coach (unisex),"Patel Nagar, Delhi",110008,gyms,4.7,154,0,1,1,0,,7,OPERATIONAL
Fashion Club,"Patel Nagar, Delhi",110008,clothing stores,3.8,907,0,0,1,0,,4,OPERATIONAL
SHREE - She is Special,"Patel Nagar, Delhi",110008,clothing stores,4.8,18,0,1,1,0,,7,OPERATIONAL
Studio Rx,"Patel Nagar, Delhi",110008,clothing stores,4.0,84,0,0,1,0,,4,OPERATIONAL
Gaytri's Fab | Ladies Boutique Shop | Ladies Suits | Best Boutique in Patel Nagar,"Patel Nagar, Delhi",110008,clothing stores,4.9,49,0,0,1,0,,5,OPERATIONAL
Pinnacle Cloth Store,"Patel Nagar, Delhi",110008,clothing stores,3.6,243,0,1,1,0,,4,OPERATIONAL
Rampage,"Patel Nagar, Delhi",110008,clothing stores,3.5,59,0,0,1,0,,4,OPERATIONAL
Dabkaa boutique,"Patel Nagar, Delhi",110008,clothing stores,4.9,63,0,0,0,0,,4,OPERATIONAL
Kapda By Mani Oberoi,"Patel Nagar, Delhi",110008,clothing stores,4.8,18,0,0,1,0,,4,OPERATIONAL
Namasya,"Patel Nagar, Delhi",110008,clothing stores,4.5,28,0,0,1,0,,4,OPERATIONAL
"Kwabey, Patel Nagar","Patel Nagar, Delhi",110008,clothing stores,4.5,216,0,1,0,0,,3,OPERATIONAL
Urban Libaas,"Patel Nagar, Delhi",110008,clothing stores,5.0,19,0,0,1,0,,4,OPERATIONAL
Deepak S. Chhabra,"Patel Nagar, Delhi",110008,clothing stores,3.9,558,0,1,1,0,,4,OPERATIONAL
W For Woman,"Patel Nagar, Delhi",110008,clothing stores,4.0,61,0,1,1,0,,5,OPERATIONAL
Lakshita,"Patel Nagar, Delhi",110008,clothing stores,4.2,32,0,1,0,0,,4,OPERATIONAL
Fashion hub,"Patel Nagar, Delhi",110008,clothing stores,4.0,7,0,0,0,0,,5,OPERATIONAL
Brands In,"Patel Nagar, Delhi",110008,clothing stores,4.1,12,0,0,1,0,,6,OPERATIONAL
Clothing Lab,"Patel Nagar, Delhi",110008,clothing stores,4.3,10,0,0,1,0,,4,OPERATIONAL
SANGUINE,"Patel Nagar, Delhi",110008,clothing stores,4.6,57,0,0,1,0,,4,OPERATIONAL
Babyhug Store Delhi Patel Nagar,"Patel Nagar, Delhi",110008,clothing stores,4.8,1223,0,0,1,0,,6,OPERATIONAL
Fancy Mart,"Patel Nagar, Delhi",110008,clothing stores,3.4,35,0,0,1,0,,4,OPERATIONAL
Gurbachan's,"Patel Nagar, Delhi",110008,grocery stores,4.1,107,0,0,1,0,,10,OPERATIONAL
Arora Paneer & Milk Products,"Patel Nagar, Delhi",110008,grocery stores,4.2,787,0,0,1,0,,6,OPERATIONAL
East Patel Nagar Market,"Patel Nagar, Delhi",110008,grocery stores,4.1,2634,0,0,0,0,,3,OPERATIONAL
Vishal Mega Mart,"Patel Nagar, Delhi",110008,grocery stores,3.9,440,0,1,1,0,,10,OPERATIONAL
Shakun Store,"Patel Nagar, Delhi",110008,grocery stores,4.6,79,0,0,0,0,,6,OPERATIONAL
Arora milk products,"Patel Nagar, Delhi",110008,grocery stores,4.2,481,0,0,1,0,,9,OPERATIONAL
Shakun General Store,"Patel Nagar, Delhi",110008,grocery stores,4.3,148,0,0,1,0,,8,OPERATIONAL
The Empire Store,"Patel Nagar, Delhi",110008,grocery stores,4.6,65,0,1,1,0,,10,OPERATIONAL
Dharamveer Store,"Patel Nagar, Delhi",110008,grocery stores,4.4,40,0,0,1,0,,6,OPERATIONAL
NEW PANDEY STORE,"Patel Nagar, Delhi",110008,grocery stores,3.6,75,0,1,1,0,,9,OPERATIONAL
Amarjyot Enterprises,"Patel Nagar, Delhi",110008,grocery stores,4.2,50,0,0,1,0,,13,OPERATIONAL
Gujarat Namkeen House,"Patel Nagar, Delhi",110008,grocery stores,3.7,88,0,0,1,0,,6,OPERATIONAL
Khanna market Sabji Mandi,"Patel Nagar, Delhi",110008,grocery stores,3.8,477,0,0,0,0,,3,OPERATIONAL
JHA GENERAL STORE,"Patel Nagar, Delhi",110008,grocery stores,4.9,10,0,0,0,0,,6,OPERATIONAL
West Patel Nagar Khanna Market,"Patel Nagar, Delhi",110008,grocery stores,4.1,17,0,0,1,0,,6,OPERATIONAL
P S MEGA MART,"Patel Nagar, Delhi",110008,grocery stores,4.5,8,0,0,1,0,,4,OPERATIONAL
Hardwari Sweets,"Patel Nagar, Delhi",110008,grocery stores,3.9,494,0,0,1,1,2.0,7,OPERATIONAL
Electronics Mart - Patel Nagar,"Patel Nagar, Delhi",110008,electronics shops,4.9,2520,0,1,1,0,,4,OPERATIONAL
RAKESH RETAILS PATEL NAGAR,"Patel Nagar, Delhi",110008,electronics shops,4.0,335,0,1,1,0,,5,OPERATIONAL
VIJAY SALES - PATEL NAGAR,"Patel Nagar, Delhi",110008,electronics shops,4.6,7029,0,1,1,0,,4,OPERATIONAL
Vardhman Electronics | Patel Nagar | New Delhi,"Patel Nagar, Delhi",110008,electronics shops,3.8,10,0,1,1,0,,6,OPERATIONAL
Tyagi Electronics (Patel Nagar),"Patel Nagar, Delhi",110008,electronics shops,5.0,287,0,0,1,0,,4,OPERATIONAL
Electro Guru,"Patel Nagar, Delhi",110008,electronics shops,4.8,81,0,1,1,0,,2,OPERATIONAL
Sanjay Accessories,"Patel Nagar, Delhi",110008,electronics shops,4.6,152,0,1,1,0,,8,OPERATIONAL
Gandhi Electricals,"Patel Nagar, Delhi",110008,electronics shops,4.2,22,0,0,1,0,,4,OPERATIONAL
Binny Electronics,"Patel Nagar, Delhi",110008,electronics shops,4.4,17,0,0,1,0,,6,OPERATIONAL
Sai Electricals and Air Conditioner,"Patel Nagar, Delhi",110008,electronics shops,5.0,10,0,0,1,0,,4,OPERATIONAL
Dewan Electricals,"Patel Nagar, Delhi",110008,electronics shops,4.0,4,0,0,1,0,,4,OPERATIONAL
Sharma electronics & shri krishna real estate,"Patel Nagar, Delhi",110008,electronics shops,4.2,18,0,0,1,0,,6,OPERATIONAL
Brothers Electronics,"Patel Nagar, Delhi",110008,electronics shops,2.8,9,0,0,1,0,,4,OPERATIONAL
Sai Kripa Electronics,"Patel Nagar, Delhi",110008,electronics shops,4.7,21,0,0,1,0,,5,OPERATIONAL
Reliance JIO Store,"Patel Nagar, Delhi",110008,electronics shops,3.4,654,0,1,1,0,,4,OPERATIONAL
JAIN ELECTRONICS,"Patel Nagar, Delhi",110008,electronics shops,4.5,4,0,0,1,0,,4,OPERATIONAL
The Westside Clinic,"Patel Nagar, Delhi",110008,clinics,4.5,200,0,0,1,0,,4,OPERATIONAL
"DERMADEX CLINIC - DR BHAWUK DHIR SKIN, HAIR, AESTHETICS","Patel Nagar, Delhi",110008,clinics,5.0,249,0,1,1,0,,10,OPERATIONAL
Dr. Nitika Nijhara- Best Dermatologist & Skin Clinic in Patel Nagar (Delhi),"Patel Nagar, Delhi",110008,clinics,4.6,289,0,1,1,0,,9,OPERATIONAL
Dermatales Clinic,"Patel Nagar, Delhi",110008,clinics,4.8,289,0,1,1,0,,9,OPERATIONAL
Clinic Skin Essence - Best Skin Specialist Doctor in Delhi,"Patel Nagar, Delhi",110008,clinics,4.8,381,0,1,1,0,,9,OPERATIONAL
Dr. Ankit Nijhara - Best General Physician & Diabetologist,"Patel Nagar, Delhi",110008,clinics,4.8,113,0,1,1,0,,5,OPERATIONAL
"Dr Waryam Singh Rajput Clinic (50 year old clinic) Best Sexologist, Dermatologist,","Patel Nagar, Delhi",110008,clinics,4.9,97,0,1,1,0,,5,OPERATIONAL
CGM Clinic Cardiologist Gastroenterologist Metabolic General Physician Gynecologist Patel Nagar,"Patel Nagar, Delhi",110008,clinics,5.0,64,0,1,1,0,,5,OPERATIONAL
Khanna Medicare Centre,"Patel Nagar, Delhi",110008,clinics,4.9,927,0,1,1,0,,7,OPERATIONAL
Dr. Mahajan's Bone & Joint Clinic- Dr. Atul Mahajan Patel Nagar,"Patel Nagar, Delhi",110008,clinics,4.9,73,0,0,1,0,,4,OPERATIONAL
Bedi Ultrasound,"Patel Nagar, Delhi",110008,clinics,4.8,479,0,0,1,0,,5,OPERATIONAL
SANJEEV CLINIC DENTAL & COSMETIC,"Patel Nagar, Delhi",110008,clinics,4.7,132,0,1,1,0,,7,OPERATIONAL
Dr.Rishi Parashar,"Patel Nagar, Delhi",110008,clinics,3.8,207,0,1,1,0,,4,OPERATIONAL
Aadhya9 Multi-speciality Hospital,"Patel Nagar, Delhi",110008,clinics,4.4,168,0,1,1,0,,7,OPERATIONAL
Skinfinity Clinic | Aesthetic & Wellness,"Patel Nagar, Delhi",110008,clinics,5.0,52,0,1,1,0,,10,OPERATIONAL
Mehta Clinic,"Patel Nagar, Delhi",110008,clinics,4.1,12,0,0,0,0,,4,OPERATIONAL
Dr. Alok Agarwal (HOD ENT SGRH) - Nidanta ENT Super Speciality Clinic,"Patel Nagar, Delhi",110008,clinics,4.5,187,0,0,1,0,,5,OPERATIONAL
Rediscover Clinic Pvt Ltd,"Patel Nagar, Delhi",110008,clinics,4.0,77,0,0,1,0,,6,OPERATIONAL
"Dr. Anuva Bansal, Gold Medalist, Skin and Hair Specialist, Patel Nagar, BLK-MAX Hospital","Patel Nagar, Delhi",110008,clinics,4.8,211,0,1,1,0,,9,OPERATIONAL
Bak On Holliccs,"Patel Nagar, Delhi",110008,bakeries,4.8,510,0,0,1,0,,7,OPERATIONAL
"FNP Cakes - Cake Delivery in West Patel Nagar, Delhi","Patel Nagar, Delhi",110008,bakeries,4.7,70,0,1,1,0,,13,OPERATIONAL
Winni Cakes & More,"Patel Nagar, Delhi",110008,bakeries,4.8,149,0,1,1,0,,6,OPERATIONAL
Porusta,"Patel Nagar, Delhi",110008,bakeries,3.8,126,0,0,1,0,,6,OPERATIONAL
Chef Baker's | Cake Shop in West Patel Nagar,"Patel Nagar, Delhi",110008,bakeries,4.2,29,0,0,1,0,,11,OPERATIONAL
"Theobroma Bakery and Cake Shop - East Patel Nagar, New Delhi","Patel Nagar, Delhi",110008,bakeries,3.4,123,0,1,1,1,2.0,13,OPERATIONAL
Rasm Sweets And Bakers,"Patel Nagar, Delhi",110008,bakeries,5.0,48,0,0,1,0,,7,OPERATIONAL
"FNP- Flowers, Plants & Gift Hampers in East Patel Nagar, Delhi","Patel Nagar, Delhi",110008,bakeries,4.7,292,0,1,1,0,,12,OPERATIONAL
National Bakery,"Patel Nagar, Delhi",110008,bakeries,4.0,89,0,0,0,1,1.0,6,OPERATIONAL
Sweet Sins A House Of Bakers,"Patel Nagar, Delhi",110008,bakeries,4.5,18,0,1,1,0,,12,OPERATIONAL
Cake & Cream,"Patel Nagar, Delhi",110008,bakeries,3.6,64,0,1,1,0,,6,OPERATIONAL
A - One Bakery,"Patel Nagar, Delhi",110008,bakeries,3.9,88,0,0,1,0,,8,OPERATIONAL
Chawla Baker's Delhi,"Patel Nagar, Delhi",110008,bakeries,3.9,190,0,0,1,0,,6,OPERATIONAL
Waffle Castle Delhi ( East Patel Nagar),"Patel Nagar, Delhi",110008,bakeries,4.9,91,0,1,0,0,,12,OPERATIONAL
Monginis Cake Shop,"Patel Nagar, Delhi",110008,bakeries,4.5,72,0,1,1,1,2.0,13,OPERATIONAL
Apollo Pharmacy New Patel Nagar,"Patel Nagar, Delhi",110008,pharmacies,3.3,48,0,1,1,0,,8,OPERATIONAL
One Bharat Pharmacy - East Patel Nagar,"Patel Nagar, Delhi",110008,pharmacies,4.9,90,0,1,1,0,,6,OPERATIONAL
ZEELAB Pharmacy - West Patel Nagar,"Patel Nagar, Delhi",110008,pharmacies,4.9,563,0,1,1,0,,5,OPERATIONAL
Delhi Medicos,"Patel Nagar, Delhi",110008,pharmacies,3.4,48,0,0,1,0,,5,OPERATIONAL
Apollo Pharmacy East Patel Nagar,"Patel Nagar, Delhi",110008,pharmacies,4.3,14,0,1,1,0,,5,OPERATIONAL
Divine Pharmacy,"Patel Nagar, Delhi",110008,pharmacies,4.2,10,0,0,1,0,,5,OPERATIONAL
KAILASH PHARMACY-Trusted Name for Genuine Medicine(BABY CARE Products/EYE & DENTAL & IVF MEDICINE),"Patel Nagar, Delhi",110008,pharmacies,4.6,22,0,0,1,0,,5,OPERATIONAL
Surya Medicos,"Patel Nagar, Delhi",110008,pharmacies,5.0,16,0,0,1,0,,11,OPERATIONAL
Kamal Medicos,"Patel Nagar, Delhi",110008,pharmacies,4.2,15,0,0,1,0,,5,OPERATIONAL
Sabka Chemist,"Patel Nagar, Delhi",110008,pharmacies,4.5,24,0,0,1,0,,5,OPERATIONAL
Sanjay Medical Store,"Patel Nagar, Delhi",110008,pharmacies,4.5,10,0,0,1,0,,5,OPERATIONAL
Shivansh Medicos,"Patel Nagar, Delhi",110008,pharmacies,4.1,41,0,0,1,0,,5,OPERATIONAL
Rite Pharmacy,"Patel Nagar, Delhi",110008,pharmacies,4.7,6,0,0,1,0,,5,OPERATIONAL
Guardian Pharmacy,"Patel Nagar, Delhi",110008,pharmacies,4.4,16,0,1,1,0,,5,OPERATIONAL
Shashi Medicos,"Patel Nagar, Delhi",110008,pharmacies,4.9,20,0,0,1,0,,5,OPERATIONAL
JB Medicos,"Patel Nagar, Delhi",110008,pharmacies,3.6,39,0,0,1,0,,5,OPERATIONAL
Luthra Homoeo Pharmacy,"Patel Nagar, Delhi",110008,pharmacies,4.8,48,0,0,1,0,,6,OPERATIONAL
Lifecure Pharmacy,"Patel Nagar, Delhi",110008,pharmacies,5.0,2,0,0,1,0,,5,OPERATIONAL
Guru Ji Jan Sewa Pharmacy,"Patel Nagar, Delhi",110008,pharmacies,5.0,2,0,0,1,0,,5,OPERATIONAL
Upchaar Medicos,"Patel Nagar, Delhi",110008,pharmacies,4.1,25,0,0,1,0,,5,OPERATIONAL
School of Maths,"Patel Nagar, Delhi",110008,tutoring centers,5.0,489,0,1,1,0,,3,OPERATIONAL
Sharma Coaching Centre,"Patel Nagar, Delhi",110008,tutoring centers,4.7,219,0,0,1,0,,5,OPERATIONAL
The Learners Point (tution),"Patel Nagar, Delhi",110008,tutoring centers,5.0,34,0,0,1,0,,6,OPERATIONAL
Sanjeev Dawar Classes,"Patel Nagar, Delhi",110008,tutoring centers,4.6,88,0,1,1,0,,7,OPERATIONAL
Guidanceopedia Classes,"Patel Nagar, Delhi",110008,tutoring centers,4.8,233,0,1,1,0,,5,OPERATIONAL
Manav coaching center,"Patel Nagar, Delhi",110008,tutoring centers,4.9,232,0,0,1,0,,2,OPERATIONAL
Classic Tutorials,"Patel Nagar, Delhi",110008,tutoring centers,4.8,51,0,0,1,0,,4,OPERATIONAL
Kwatra's Tuition Centre,"Patel Nagar, Delhi",110008,tutoring centers,5.0,11,0,0,1,0,,3,OPERATIONAL
Seema ma'am's coaching centre,"Patel Nagar, Delhi",110008,tutoring centers,5.0,65,0,0,1,0,,2,OPERATIONAL
Parmaar Classes - Computer & Educational Institute,"Patel Nagar, Delhi",110008,tutoring centers,4.9,143,0,1,1,0,,4,OPERATIONAL
Diempy coaching center,"Patel Nagar, Delhi",110008,tutoring centers,5.0,91,0,0,1,0,,3,OPERATIONAL
Pratibha Gupta Classes,"Patel Nagar, Delhi",110008,tutoring centers,4.8,102,0,0,1,0,,2,OPERATIONAL
PANKAJ KAINTH CLASSES | Best coaching centre in patel nagar | Tuition Classes in Patel Nagar,"Patel Nagar, Delhi",110008,tutoring centers,4.9,70,0,1,1,0,,3,OPERATIONAL
Kids Castle Global,"Patel Nagar, Delhi",110008,tutoring centers,5.0,22,0,0,0,0,,2,OPERATIONAL
"Bhupesh Anand Classes-ACCA,CMA USA, CFA & IFRS Classes","Patel Nagar, Delhi",110008,tutoring centers,4.8,279,0,1,1,0,,3,OPERATIONAL
Best Tuition Teacher | Home Tutors,"Patel Nagar, Delhi",110008,tutoring centers,5.0,1,0,1,0,0,,4,OPERATIONAL
Sachdeva’s Coaching Classes,"Patel Nagar, Delhi",110008,tutoring centers,5.0,31,0,1,1,0,,3,OPERATIONAL
Ashu tutorials,"Patel Nagar, Delhi",110008,tutoring centers,4.8,20,0,0,1,0,,2,OPERATIONAL
Excellent Tuition centre,"Patel Nagar, Delhi",110008,tutoring centers,5.0,1,0,0,0,0,,3,OPERATIONAL
Maa Bhumika Furniture,"Patel Nagar, Delhi",110008,furniture stores,4.6,32,0,0,1,0,,4,OPERATIONAL
Channa & Sons Furniture store,"Patel Nagar, Delhi",110008,furniture stores,2.0,10,0,0,1,0,,6,OPERATIONAL
WENSKART.com,"Patel Nagar, Delhi",110008,furniture stores,4.7,42,0,1,1,0,,5,OPERATIONAL
Desiway Furniture,"Patel Nagar, Delhi",110008,furniture stores,5.0,46,0,0,0,0,,3,OPERATIONAL
Narsons Furniture,"Patel Nagar, Delhi",110015,furniture stores,4.4,312,0,0,1,0,,6,OPERATIONAL
R.K. Furniture Point,"Patel Nagar, Delhi",110008,furniture stores,4.0,5,0,0,1,0,,6,OPERATIONAL
S.G KITCHEN APPLIANCES,"Patel Nagar, Delhi",110008,furniture stores,4.9,61,0,0,1,0,,6,OPERATIONAL
CROCKERY ZONE,"Patel Nagar, Delhi",110008,furniture stores,4.9,13,0,0,1,0,,6,OPERATIONAL
Professional Assistance Group,"Patel Nagar, Delhi",110008,furniture stores,4.7,22,0,1,1,0,,6,OPERATIONAL
Timber Market KIRTI Nagar,"Patel Nagar, Delhi",110015,furniture stores,4.0,266,0,0,1,0,,11,OPERATIONAL
Ram Kumar Carpenter (Himalaya Products ),"Patel Nagar, Delhi",110008,furniture stores,4.6,70,0,0,1,0,,4,OPERATIONAL
The Essentials,"Patel Nagar, Delhi",110008,furniture stores,4.6,24,0,0,1,0,,5,OPERATIONAL
"Interio by Godrej- Furniture & Mattress Store in Mangolpur Khurd, New Delhi","Patel Nagar, Delhi",110083,furniture stores,4.9,242,0,1,1,0,,8,OPERATIONAL
Best Price Mobile Accessories And Repairing,"Patel Nagar, Delhi",110008,mobile shops,5.0,56,0,1,1,0,,2,OPERATIONAL
MobiHub,"Patel Nagar, Delhi",110008,mobile shops,4.8,56,0,0,1,0,,4,OPERATIONAL
Samsung Experience Store Patel Nagar,"Patel Nagar, Delhi",110008,mobile shops,4.4,277,0,1,1,0,,6,OPERATIONAL
Awesome Mobile Accessories Wholesale,"Patel Nagar, Delhi",110008,mobile shops,4.8,50,0,1,1,0,,6,OPERATIONAL
Fun Communication,"Patel Nagar, Delhi",110008,mobile shops,4.9,10,0,0,0,0,,7,OPERATIONAL
Advance mobile,"Patel Nagar, Delhi",110008,mobile shops,4.7,25,0,0,1,0,,4,OPERATIONAL
Shankar Communication,"Patel Nagar, Delhi",110008,mobile shops,3.9,127,0,0,0,0,,4,OPERATIONAL
Mi Studio (Xiaomi Exclusive),"Patel Nagar, Delhi",110008,mobile shops,4.9,325,0,1,1,0,,4,OPERATIONAL
Smart World - The iPhone Specialist,"Patel Nagar, Delhi",110008,mobile shops,4.8,20,0,0,1,0,,3,OPERATIONAL
Sonu Mobile,"Patel Nagar, Delhi",110008,mobile shops,3.7,33,0,0,1,0,,5,OPERATIONAL
Sudershan Gadget Store,"Patel Nagar, Delhi",110008,mobile shops,3.9,939,0,0,1,0,,3,OPERATIONAL
VINTAGE COMPUTECH,"Patel Nagar, Delhi",110008,mobile shops,4.1,31,0,0,1,0,,4,OPERATIONAL
My Jio Store,"Patel Nagar, Delhi",110008,mobile shops,4.4,811,0,1,1,0,,6,OPERATIONAL
ShopOnCliQ,"Patel Nagar, Delhi",110008,mobile shops,4.7,287,0,1,1,0,,2,OPERATIONAL
Kanak Jewellers,"Patel Nagar, Delhi",110008,jewellery shops,4.8,2374,0,0,1,0,,4,OPERATIONAL
Subhaash Jewellers,"Patel Nagar, Delhi",110008,jewellery shops,4.4,411,0,1,1,0,,4,OPERATIONAL
Man singh jewellers,"Patel Nagar, Delhi",110008,jewellery shops,4.6,354,0,0,0,0,,5,OPERATIONAL
GUPTA & SONS JEWELLERS,"Patel Nagar, Delhi",110008,jewellery shops,4.4,9,0,0,1,0,,4,OPERATIONAL
Raj Kumar Jewellers,"Patel Nagar, Delhi",110008,jewellery shops,5.0,76,0,1,1,0,,4,OPERATIONAL
Dubai Jewels,"Patel Nagar, Delhi",110008,jewellery shops,4.6,22,0,0,0,0,,8,OPERATIONAL
Trendy handicrafts & jewellery,"Patel Nagar, Delhi",110008,jewellery shops,4.9,38,0,1,1,0,,4,OPERATIONAL
"BlueStone Jewellery DLF Midtown, New Delhi","Patel Nagar, Delhi",110015,jewellery shops,5.0,69,0,1,1,0,,8,OPERATIONAL
Preet Jewellers,"Patel Nagar, Delhi",110008,jewellery shops,3.4,11,0,0,1,0,,4,OPERATIONAL
Shree Laxmi Jewellers,"Patel Nagar, Delhi",110008,jewellery shops,4.1,9,0,0,0,0,,4,OPERATIONAL
Nagi Jewellers,"Patel Nagar, Delhi",110008,jewellery shops,4.4,7,0,0,1,0,,4,OPERATIONAL
KRISHNA JEWELLERS,"Patel Nagar, Delhi",110008,jewellery shops,4.4,13,0,0,1,0,,4,OPERATIONAL
Chandranshu Gems & Jewels,"Patel Nagar, Delhi",110008,jewellery shops,4.9,51,0,0,1,0,,5,OPERATIONAL
Silver Emporium By Himani Mittal,"Patel Nagar, Delhi",110008,jewellery shops,4.6,10,0,0,1,0,,5,OPERATIONAL
S.P. Jewellers,"Patel Nagar, Delhi",110008,jewellery shops,4.1,10,0,0,1,0,,4,OPERATIONAL
R.S Bobal Jewelers,"Patel Nagar, Delhi",110008,jewellery shops,5.0,2,0,0,1,0,,4,OPERATIONAL
WHY NOT JEWELLERY( INDIA),"Patel Nagar, Delhi",110008,jewellery shops,4.7,15,0,0,1,0,,6,OPERATIONAL
Kangan Jewellers,"Patel Nagar, Delhi",110008,jewellery shops,4.7,3,0,0,1,0,,4,OPERATIONAL
"Sahil Jewellers, Ranjeet Nagar","Patel Nagar, Delhi",110008,jewellery shops,4.4,17,0,0,0,0,,4,OPERATIONAL
Bharat Paint & Hardware Store,"Patel Nagar, Delhi",110008,hardware stores,4.0,25,0,0,1,0,,6,OPERATIONAL
R S Bhatia Hardware Store,"Patel Nagar, Delhi",110008,hardware stores,3.8,4,0,0,1,0,,5,OPERATIONAL
MR Sanitary & Hardware,"Patel Nagar, Delhi",110008,hardware stores,4.6,7,0,0,1,0,,5,OPERATIONAL
Neelam Stores,"Patel Nagar, Delhi",110008,hardware stores,4.3,6,0,1,1,0,,10,OPERATIONAL
Rajdhani Hardware Store,"Patel Nagar, Delhi",110035,hardware stores,5.0,1,0,0,1,0,,5,OPERATIONAL
Sethi Stores,"Patel Nagar, Delhi",110008,hardware stores,4.0,8,0,0,1,0,,6,OPERATIONAL
Pandey Hardware Store,"Patel Nagar, Delhi",110008,hardware stores,5.0,2,0,0,1,0,,5,OPERATIONAL
Mangal Sain Ram Sarup - Hardware Dealer In Central Delhi,"Patel Nagar, Delhi",110008,hardware stores,4.1,9,0,0,1,0,,5,OPERATIONAL
Anil Gupta and Sons,"Patel Nagar, Delhi",110012,hardware stores,4.5,90,0,0,1,0,,8,OPERATIONAL
Chadha Hardware,"Patel Nagar, Delhi",110008,hardware stores,2.0,3,0,0,1,0,,5,OPERATIONAL
National Paints & Hardware,"Patel Nagar, Delhi",110015,hardware stores,4.2,141,0,0,1,0,,6,OPERATIONAL
Sachdeva Hardware,"Patel Nagar, Delhi",110008,hardware stores,4.0,1,0,0,0,0,,5,OPERATIONAL
Rajawat Electrical And Hardware,"Patel Nagar, Delhi",110008,hardware stores,5.0,2,0,1,1,0,,5,OPERATIONAL
SS HARDWARE AND PLUMBING WORK,"Patel Nagar, Delhi",110008,hardware stores,5.0,2,0,0,1,0,,5,OPERATIONAL
Singla traders and hardware store,"Patel Nagar, Delhi",110008,hardware stores,4.5,4,0,0,1,0,,8,OPERATIONAL
Nikita Hardware & Sanitary Store,"Patel Nagar, Delhi",110008,hardware stores,5.0,2,0,0,1,0,,5,OPERATIONAL
"Anardana Dlf Midtown Plaza, Moti Nagar","Moti Nagar, Delhi",110015,restaurants,4.9,756,0,1,1,0,,4,OPERATIONAL
Clay 1 Grill – Restaurant & Party Hall in Moti Nagar,"Moti Nagar, Delhi",110015,restaurants,4.1,6822,0,1,1,1,2.0,10,OPERATIONAL
Dasaprakash - Moti Nagar,"Moti Nagar, Delhi",110015,restaurants,4.7,319,0,1,1,0,,6,OPERATIONAL
Haldiram's - Moti Nagar,"Moti Nagar, Delhi",110015,restaurants,4.2,10865,1,1,1,1,2.0,4,OPERATIONAL
NEW GOLDEN BOWL,"Moti Nagar, Delhi",110015,restaurants,4.7,94,0,0,1,0,,6,OPERATIONAL
Flavours From Heaven,"Moti Nagar, Delhi",110015,restaurants,4.0,2105,0,0,0,1,2.0,4,OPERATIONAL
"ASUR Microbrewery, Bar & Kitchen","Moti Nagar, Delhi",110015,restaurants,4.5,781,0,1,1,0,,14,OPERATIONAL
Vah Family,"Moti Nagar, Delhi",110015,restaurants,5.0,16,0,0,1,0,,4,OPERATIONAL
The Marketplace,"Moti Nagar, Delhi",110015,restaurants,3.8,2940,0,0,1,1,2.0,12,OPERATIONAL
Couple Curry,"Moti Nagar, Delhi",110015,restaurants,5.0,24,0,0,0,0,,4,OPERATIONAL
Sahtain,"Moti Nagar, Delhi",110015,restaurants,4.6,107,0,0,1,0,,8,OPERATIONAL
Rajan Corner,"Moti Nagar, Delhi",110015,restaurants,4.3,2321,0,0,0,1,2.0,8,OPERATIONAL
Kumar Samosa Wala,"Moti Nagar, Delhi",110015,restaurants,4.3,4272,0,0,1,1,1.0,5,OPERATIONAL
Spezia Bistro,"Moti Nagar, Delhi",110015,restaurants,4.9,26,0,0,0,0,,4,OPERATIONAL
Draavin Canteen | Authentic South Indian Restaurant,"Moti Nagar, Delhi",110015,restaurants,4.6,132,0,1,1,0,,6,OPERATIONAL
Kasso,"Moti Nagar, Delhi",110015,restaurants,3.7,373,0,1,1,0,,5,OPERATIONAL
Yaaran Da Sanjha Chulha,"Moti Nagar, Delhi",110015,restaurants,4.0,49,0,0,1,0,,6,OPERATIONAL
Guru Rakha,"Moti Nagar, Delhi",110015,restaurants,3.9,1870,0,0,1,1,2.0,9,OPERATIONAL
Rajindra Refreshment Corner,"Moti Nagar, Delhi",110015,restaurants,4.3,1077,0,0,1,1,2.0,8,OPERATIONAL
Kumar Hotel,"Moti Nagar, Delhi",110015,restaurants,4.0,899,0,0,1,1,2.0,6,OPERATIONAL
Day & night cafe moti nagar,"Moti Nagar, Delhi",110015,cafes,4.2,104,0,0,1,1,1.0,8,OPERATIONAL
Third Wave Coffee,"Moti Nagar, Delhi",110015,cafes,4.9,67,0,1,1,0,,4,OPERATIONAL
The Coffee Bean & Tea Leaf,"Moti Nagar, Delhi",110015,cafes,5.0,45,0,1,1,0,,4,OPERATIONAL
Chaayos cafe at DLF Midtown Plaza Motinagar,"Moti Nagar, Delhi",110015,cafes,5.0,10,0,1,0,0,,4,OPERATIONAL
Nukkad -The Gossip Adda,"Moti Nagar, Delhi",110015,cafes,4.9,50,0,1,1,0,,16,OPERATIONAL
Blue Tokai Coffee Roasters | DLF Midtown Plaza,"Moti Nagar, Delhi",110015,cafes,4.5,11,0,1,1,0,,8,OPERATIONAL
BRICKYARD CAFE AND LOUNGE,"Moti Nagar, Delhi",110021,cafes,4.6,746,0,1,1,0,,5,OPERATIONAL
Mum cafe & bakery,"Moti Nagar, Delhi",110021,cafes,4.6,101,0,0,1,0,,6,OPERATIONAL
दो Bara Cafe,"Moti Nagar, Delhi",110015,cafes,4.2,29,0,0,1,0,,4,OPERATIONAL
BUILD & BLEND (Mix.Match.Thrive),"Moti Nagar, Delhi",110021,cafes,4.9,252,0,1,1,0,,9,OPERATIONAL
Star peach cafe,"Moti Nagar, Delhi",110015,cafes,5.0,24,0,1,1,0,,5,OPERATIONAL
Cafe Emojis,"Moti Nagar, Delhi",110021,cafes,4.8,351,0,0,1,0,,4,OPERATIONAL
Cafe Unbound Satya Niketan,"Moti Nagar, Delhi",110021,cafes,4.8,96,0,0,0,0,,7,OPERATIONAL
Cafe West Delhi,"Moti Nagar, Delhi",110064,cafes,4.0,175,0,0,0,0,,4,OPERATIONAL
Back Benchers,"Moti Nagar, Delhi",110021,cafes,4.4,342,0,1,1,1,2.0,5,OPERATIONAL
"Geetanjali Salon - DLF Capital Greens, Moti Nagar","Moti Nagar, Delhi",110015,salons,4.7,636,0,1,1,0,,12,OPERATIONAL
Blushberry Nextlevel Salon,"Moti Nagar, Delhi",110015,salons,4.9,213,0,1,1,0,,8,OPERATIONAL
Galaxy Unisex Salon ®,"Moti Nagar, Delhi",110015,salons,4.8,456,0,0,1,0,,4,OPERATIONAL
AMEEROS SALON,"Moti Nagar, Delhi",110015,salons,4.8,116,0,1,1,0,,4,OPERATIONAL
ElegancE Luxury Unisex Salon,"Moti Nagar, Delhi",110015,salons,4.3,698,0,0,1,0,,4,OPERATIONAL
Beyond_thesalon,"Moti Nagar, Delhi",110015,salons,4.8,200,0,0,1,0,,4,OPERATIONAL
Elysian luxury unisex salon,"Moti Nagar, Delhi",110015,salons,4.8,65,0,0,1,0,,4,OPERATIONAL
The Beauty Palace,"Moti Nagar, Delhi",110015,salons,4.8,150,0,0,1,0,,4,OPERATIONAL
Aashvi unisex & Makeover,"Moti Nagar, Delhi",110015,salons,4.9,50,0,0,0,0,,5,OPERATIONAL
Ashes And Blond Unisex Salon - Makeover And Nail Art and hair colour In Moti Nagar,"Moti Nagar, Delhi",110015,salons,4.8,5,0,1,1,0,,4,OPERATIONAL
New Affinity Salon,"Moti Nagar, Delhi",110015,salons,4.3,60,0,0,1,0,,6,OPERATIONAL
MAESTRO SALON IN NEW MOTI NAGAR,"Moti Nagar, Delhi",110015,salons,4.0,135,0,0,1,0,,5,OPERATIONAL
Attraction Salon,"Moti Nagar, Delhi",110015,salons,4.5,51,0,0,1,0,,5,OPERATIONAL
Flawless Unisex Salon,"Moti Nagar, Delhi",110015,salons,5.0,16,0,0,0,0,,4,OPERATIONAL
Arash Beauty Studio and Wellness Zone(only for ladies),"Moti Nagar, Delhi",110015,salons,4.8,31,0,0,1,0,,4,OPERATIONAL
BM Studio & Academy,"Moti Nagar, Delhi",110015,salons,5.0,16,0,0,0,0,,4,OPERATIONAL
Dinky Arya The Makeup Studio (Luxury salon),"Moti Nagar, Delhi",110015,salons,4.3,12,0,0,1,0,,4,OPERATIONAL
Love Unisex Salon,"Moti Nagar, Delhi",110015,salons,4.4,72,0,0,1,0,,4,OPERATIONAL
Hair and Makeup World,"Moti Nagar, Delhi",110015,salons,4.7,26,0,1,1,0,,3,OPERATIONAL
She Make up Studio,"Moti Nagar, Delhi",110015,salons,4.3,22,0,0,1,0,,4,OPERATIONAL
"Cult Gym Moti Nagar | Best Gym in Moti Nagar, Delhi","Moti Nagar, Delhi",110015,gyms,4.5,262,0,1,1,0,,13,OPERATIONAL
Muscle Maratha Fitness | Biggest Gym in Moti Nagar,"Moti Nagar, Delhi",110015,gyms,5.0,45,0,0,0,0,,6,OPERATIONAL
Trainers Fitness Academy,"Moti Nagar, Delhi",110015,gyms,5.0,96,0,1,1,0,,6,OPERATIONAL
VFIT Unisex Gym & Crossfit,"Moti Nagar, Delhi",110015,gyms,4.9,179,0,0,1,0,,11,OPERATIONAL
"24Hs FITNESS, Kirti Nagar","Moti Nagar, Delhi",110015,gyms,4.6,287,0,1,1,0,,5,OPERATIONAL
"X"" Caliber Gym","Moti Nagar, Delhi",110015,gyms,4.8,213,0,1,1,0,,5,OPERATIONAL
A.S fitness gym,"Moti Nagar, Delhi",110015,gyms,5.0,2,0,0,0,0,,5,OPERATIONAL
"Redox- Gym, Aerobics & Zumba Studio","Moti Nagar, Delhi",110015,gyms,4.3,91,0,0,1,0,,5,OPERATIONAL
Spartan Gym & Spa,"Moti Nagar, Delhi",110015,gyms,4.4,110,0,0,1,0,,5,OPERATIONAL
The Gym health planet,"Moti Nagar, Delhi",110015,gyms,3.9,124,0,1,1,0,,5,OPERATIONAL
Anytime Fitness,"Moti Nagar, Delhi",110015,gyms,4.0,324,0,1,1,0,,6,OPERATIONAL
THE WARRIOR FITNESS,"Moti Nagar, Delhi",110015,gyms,4.2,19,0,0,1,0,,5,OPERATIONAL
Fitness21Gym,"Moti Nagar, Delhi",110015,gyms,5.0,19,0,0,1,0,,6,OPERATIONAL
Arya Fitness World,"Moti Nagar, Delhi",110015,gyms,4.8,60,0,0,1,0,,5,OPERATIONAL
Fat 2 Fit Fitness Club,"Moti Nagar, Delhi",110015,gyms,4.8,42,0,1,1,0,,5,OPERATIONAL
Kia Fitness,"Moti Nagar, Delhi",110021,gyms,5.0,104,0,1,1,0,,5,OPERATIONAL
Fitness Paradise,"Moti Nagar, Delhi",110015,gyms,4.4,105,0,0,1,0,,5,OPERATIONAL
Nmbc health club,"Moti Nagar, Delhi",110023,gyms,4.2,368,0,0,1,0,,5,OPERATIONAL
Urban Attire,"Moti Nagar, Delhi",110015,clothing stores,5.0,119,0,1,1,0,,4,OPERATIONAL
Modesty,"Moti Nagar, Delhi",110015,clothing stores,4.2,83,0,0,1,0,,4,OPERATIONAL
"Kiyan Fashionista - Ladies Designer Suits , Cord Sets and Indo Western Dress in Moti Nagar","Moti Nagar, Delhi",110015,clothing stores,4.5,61,0,1,1,0,,4,OPERATIONAL
Go Colors Store -DLF Moti Nagar 3266,"Moti Nagar, Delhi",110015,clothing stores,5.0,3,0,1,1,0,,6,OPERATIONAL
Sunil Cloth Emporium,"Moti Nagar, Delhi",110015,clothing stores,4.5,24,0,0,1,0,,5,OPERATIONAL
Tushita Clothing Company Moti Nagar,"Moti Nagar, Delhi",110015,clothing stores,4.8,471,0,0,1,0,,4,OPERATIONAL
Sale Point- House of Kurtis,"Moti Nagar, Delhi",110015,clothing stores,4.9,22,0,0,1,0,,5,OPERATIONAL
Ladies Junction,"Moti Nagar, Delhi",110015,clothing stores,4.3,28,0,0,1,0,,4,OPERATIONAL
Raj Exclusive - Raj Di Hatti,"Moti Nagar, Delhi",110015,clothing stores,3.6,48,0,0,1,0,,5,OPERATIONAL
Chopra Hosiery,"Moti Nagar, Delhi",110015,clothing stores,3.7,72,0,0,1,0,,4,OPERATIONAL
CANTABIL,"Moti Nagar, Delhi",110015,clothing stores,4.9,82,0,1,1,0,,3,OPERATIONAL
BrandMeUp,"Moti Nagar, Delhi",110015,clothing stores,4.4,342,0,1,1,0,,3,OPERATIONAL
Sudershan Cloth House,"Moti Nagar, Delhi",110021,clothing stores,5.0,175,0,0,1,0,,4,OPERATIONAL
BAOMEE- WHOLESALER AND IMPORTERS,"Moti Nagar, Delhi",110015,clothing stores,4.6,129,0,1,1,0,,3,OPERATIONAL
Fashion Inn,"Moti Nagar, Delhi",110015,clothing stores,4.2,5,0,0,1,0,,4,OPERATIONAL
Trendee,"Moti Nagar, Delhi",110015,clothing stores,3.7,25,0,0,1,0,,5,OPERATIONAL
Ruchi Kaj Button Overlock Shop,"Moti Nagar, Delhi",110015,clothing stores,5.0,38,0,0,1,0,,4,OPERATIONAL
Epicah Mall & Business Centre - Mall in West Delhi,"Moti Nagar, Delhi",110015,clothing stores,4.2,661,0,1,1,0,,3,OPERATIONAL
Dashmesh Clothing,"Moti Nagar, Delhi",110015,clothing stores,3.0,5,0,0,1,0,,4,OPERATIONAL
Grover Boot House (Since 1958),"Moti Nagar, Delhi",110015,clothing stores,4.9,66,0,0,1,0,,5,OPERATIONAL
"Baniya Ki Dukan , Moti Nagar","Moti Nagar, Delhi",110015,grocery stores,4.1,503,0,1,1,0,,7,OPERATIONAL
Sadana Agencies,"Moti Nagar, Delhi",110015,grocery stores,4.3,53,0,0,1,0,,7,OPERATIONAL
Kailash Departmental Store,"Moti Nagar, Delhi",110015,grocery stores,4.4,375,0,0,1,0,,7,OPERATIONAL
Mukand Store,"Moti Nagar, Delhi",110015,grocery stores,4.7,34,0,1,1,0,,6,OPERATIONAL
South Moti Bagh Market,"Moti Nagar, Delhi",110021,grocery stores,4.1,3711,0,0,0,0,,3,OPERATIONAL
D Mart,"Moti Nagar, Delhi",110015,grocery stores,4.4,71,0,1,1,0,,6,OPERATIONAL
Shanti Store,"Moti Nagar, Delhi",110015,grocery stores,3.8,28,0,0,1,0,,6,OPERATIONAL
Ishar Dass And Sons,"Moti Nagar, Delhi",110015,grocery stores,4.7,46,0,0,1,0,,8,OPERATIONAL
Apna Department Store,"Moti Nagar, Delhi",110015,grocery stores,4.0,63,0,0,1,0,,4,OPERATIONAL
Patanjali Mega Store,"Moti Nagar, Delhi",110015,grocery stores,4.3,130,0,1,1,0,,10,OPERATIONAL
DDA Market,"Moti Nagar, Delhi",110015,grocery stores,3.8,33,0,0,0,0,,3,OPERATIONAL
Ram Confectioners,"Moti Nagar, Delhi",110015,grocery stores,4.2,127,0,0,1,0,,6,OPERATIONAL
Livsmart -Stationary Birthday Return Gift Wholesaler,"Moti Nagar, Delhi",110015,grocery stores,4.9,248,0,1,1,0,,7,OPERATIONAL
More Supermarket - Hari Nagar,"Moti Nagar, Delhi",110064,grocery stores,4.0,1131,0,1,1,0,,9,OPERATIONAL
Taneja General Store,"Moti Nagar, Delhi",110015,grocery stores,4.6,18,0,0,1,0,,7,OPERATIONAL
Brothers Shop(SINDHI MOTI NAGAR),"Moti Nagar, Delhi",110015,grocery stores,3.0,4,0,0,1,0,,6,OPERATIONAL
Kumar Traders,"Moti Nagar, Delhi",110015,grocery stores,4.4,9,0,0,1,0,,6,OPERATIONAL
Amul Store,"Moti Nagar, Delhi",110023,grocery stores,4.2,61,0,1,1,0,,7,OPERATIONAL
Ankit Electronics,"Moti Nagar, Delhi",110015,electronics shops,4.8,374,0,1,1,0,,4,OPERATIONAL
Guru Ji Electronics,"Moti Nagar, Delhi",110015,electronics shops,4.3,218,0,0,1,0,,8,OPERATIONAL
SABHARWAL ELECTRONICS,"Moti Nagar, Delhi",110015,electronics shops,3.0,205,0,0,1,0,,5,OPERATIONAL
"Chawla Electronics - Laptop Mobile Accessories,OEM Led tv Laptops Sales Repair In Moti Nagar","Moti Nagar, Delhi",110015,electronics shops,4.9,58,0,1,1,0,,4,OPERATIONAL
Ashoka Electricals,"Moti Nagar, Delhi",110015,electronics shops,4.3,52,0,1,1,0,,4,OPERATIONAL
Aircon Electronics,"Moti Nagar, Delhi",110015,electronics shops,3.9,38,0,0,1,0,,4,OPERATIONAL
Havells Authorised Retailers - M/S Deepsun Electricals,"Moti Nagar, Delhi",110015,electronics shops,4.2,33,0,1,1,0,,4,OPERATIONAL
Aryan Electronics,"Moti Nagar, Delhi",110015,electronics shops,3.8,5,0,0,1,0,,4,OPERATIONAL
Croma - Epicah Mall (Moti Nagar),"Moti Nagar, Delhi",110015,electronics shops,4.7,1559,0,1,1,0,,5,OPERATIONAL
PULSE CLINIC(Dr SHANKAR GUPTA BEST SURGEON )AND DR NEHA Best physician and diabetologist),"Moti Nagar, Delhi",110015,clinics,4.9,129,0,1,1,0,,5,OPERATIONAL
v care super speciality clinics,"Moti Nagar, Delhi",110015,clinics,5.0,22,0,0,0,0,,4,OPERATIONAL
New Medical Centre,"Moti Nagar, Delhi",110015,clinics,4.3,312,0,1,0,0,,7,OPERATIONAL
Dr Akshay Midha Multi Speciality Dental Clinic,"Moti Nagar, Delhi",110015,clinics,4.3,66,0,0,1,0,,5,OPERATIONAL
"Apollo Cradle & Children's Hospital in Moti Nagar, New Delhi","Moti Nagar, Delhi",110015,clinics,4.8,7158,0,1,1,0,,7,OPERATIONAL
Dr Rahul kumar B2 Medical Centre,"Moti Nagar, Delhi",110015,clinics,5.0,8,0,0,1,0,,4,OPERATIONAL
Dr. Gulati's Clinic,"Moti Nagar, Delhi",110015,clinics,4.1,9,0,0,0,0,,4,OPERATIONAL
Acharya Shree Bhikshu Hospital,"Moti Nagar, Delhi",110015,clinics,3.5,533,0,1,1,0,,6,OPERATIONAL
Allergy & Asthma Clinic,"Moti Nagar, Delhi",110015,clinics,4.9,15,0,0,1,0,,4,OPERATIONAL
Arora's Homeo Clinic - Homeopathic Clinic,"Moti Nagar, Delhi",110015,clinics,4.9,335,0,1,1,0,,9,OPERATIONAL
Yadav Medical Clinic,"Moti Nagar, Delhi",110021,clinics,4.5,53,0,0,0,0,,4,OPERATIONAL
Kalra Hospitals,"Moti Nagar, Delhi",110015,clinics,4.4,2699,0,1,1,0,,7,OPERATIONAL
Dr Lal PathLabs - Patient Service Centre,"Moti Nagar, Delhi",110015,clinics,4.8,28,0,1,1,0,,4,OPERATIONAL
Dr. Seema Bhasin - Best Obstetrician Gynecologist in New Delhi,"Moti Nagar, Delhi",110015,clinics,5.0,7,0,1,1,0,,6,OPERATIONAL
Sunshine Skin & Hair Clinic by Dr. Namrata Ghai,"Moti Nagar, Delhi",110015,clinics,4.6,141,0,1,1,0,,6,OPERATIONAL
Dental Care,"Moti Nagar, Delhi",110015,clinics,5.0,1,0,0,1,0,,5,OPERATIONAL
Dr. Ritika Nagpal Online Clinic,"Moti Nagar, Delhi",110015,clinics,5.0,16,0,0,0,0,,9,OPERATIONAL
KUMAR PASTRY SHOP,"Moti Nagar, Delhi",110015,bakeries,4.1,1077,0,1,1,1,2.0,6,OPERATIONAL
Best Cakes-The House of cakes & Bouquets,"Moti Nagar, Delhi",110015,bakeries,4.3,256,0,1,1,0,,15,OPERATIONAL
Bakers Island,"Moti Nagar, Delhi",110015,bakeries,4.1,322,0,0,1,0,,6,OPERATIONAL
Bake Zone,"Moti Nagar, Delhi",110015,bakeries,4.6,75,0,0,1,0,,6,OPERATIONAL
Cakes Dot Com,"Moti Nagar, Delhi",110015,bakeries,4.0,94,0,0,0,1,2.0,6,OPERATIONAL
Giore Bakehouse,"Moti Nagar, Delhi",110015,bakeries,5.0,12,0,0,0,0,,6,OPERATIONAL
Star Cake & Pastry,"Moti Nagar, Delhi",110015,bakeries,4.8,4,0,0,1,0,,9,OPERATIONAL
New Amit Bakery,"Moti Nagar, Delhi",110015,bakeries,4.1,58,0,0,1,0,,6,OPERATIONAL
Dayal Bakers and Confectioners,"Moti Nagar, Delhi",110015,bakeries,4.3,223,0,1,1,0,,13,OPERATIONAL
Bakeology By Mehak Arora | Best Home Bakery For Customised Cakes in Delhi,"Moti Nagar, Delhi",110015,bakeries,4.9,18,0,0,1,0,,6,OPERATIONAL
Shahjee's Bakery and Confectionery,"Moti Nagar, Delhi",110015,bakeries,4.4,888,0,0,1,1,2.0,6,OPERATIONAL
Cake's Sake,"Moti Nagar, Delhi",110015,bakeries,5.0,4,0,0,1,0,,9,OPERATIONAL
DC Bakery & Sweets,"Moti Nagar, Delhi",110021,bakeries,5.0,57,0,0,0,0,,6,OPERATIONAL
Madaan Bakers & Confectioners,"Moti Nagar, Delhi",110015,bakeries,4.1,9,0,0,1,0,,6,OPERATIONAL
Gagan Bakers,"Moti Nagar, Delhi",110015,bakeries,3.7,3,0,0,1,0,,6,OPERATIONAL
Bhatia Chemist,"Moti Nagar, Delhi",110015,pharmacies,4.1,45,0,0,1,0,,5,OPERATIONAL
Smile medicos,"Moti Nagar, Delhi",110015,pharmacies,4.9,92,0,0,1,0,,5,OPERATIONAL
Sachdeva Chemist,"Moti Nagar, Delhi",110015,pharmacies,5.0,3,0,0,1,0,,5,OPERATIONAL
SACHIN MEDICOS,"Moti Nagar, Delhi",110015,pharmacies,4.9,7,0,0,1,0,,5,OPERATIONAL
Jan Sewa Chemist,"Moti Nagar, Delhi",110015,pharmacies,4.3,6,0,1,1,0,,5,OPERATIONAL
Healthysphere Homoeopathic Pharmacy,"Moti Nagar, Delhi",110015,pharmacies,4.9,20,0,0,1,0,,8,OPERATIONAL
KATHURIA CHEMIST,"Moti Nagar, Delhi",110015,pharmacies,5.0,2,0,0,1,0,,5,OPERATIONAL
Friends Medicos,"Moti Nagar, Delhi",110015,pharmacies,5.0,3,0,0,1,0,,7,OPERATIONAL
Apollo Pharmacy Kirti Nagar,"Moti Nagar, Delhi",110015,pharmacies,3.7,70,0,1,1,0,,8,OPERATIONAL
Kapil Chemist,"Moti Nagar, Delhi",110015,pharmacies,4.0,6,0,0,1,0,,5,OPERATIONAL
Homeoved - Homeopathy & Ayurvedic Pharmacy | Homeopathy Pharmacy in Moti Nagar,"Moti Nagar, Delhi",110015,pharmacies,4.9,238,0,1,1,0,,9,OPERATIONAL
Kohli Medicos,"Moti Nagar, Delhi",110015,pharmacies,4.9,8,0,0,1,0,,5,OPERATIONAL
Durga Medical Store,"Moti Nagar, Delhi",110015,pharmacies,3.0,3,0,0,1,0,,5,OPERATIONAL
Pradhan Mantri Bhartiya Janaushadhi Kendra,"Moti Nagar, Delhi",110015,pharmacies,4.3,8,0,0,1,0,,5,OPERATIONAL
Aggarwal Medicos,"Moti Nagar, Delhi",110015,pharmacies,4.5,4,0,1,1,0,,6,OPERATIONAL
Midha+Care,"Moti Nagar, Delhi",110015,pharmacies,4.2,9,0,0,1,0,,6,OPERATIONAL
Medgroc Pharmacy,"Moti Nagar, Delhi",110015,pharmacies,4.0,8,0,0,1,0,,5,OPERATIONAL
Ashoka Medicine House,"Moti Nagar, Delhi",110021,pharmacies,4.3,9,0,0,1,0,,5,OPERATIONAL
Luthra Dawakhana,"Moti Nagar, Delhi",110015,pharmacies,3.9,16,0,0,1,0,,5,OPERATIONAL
Learning centre,"Moti Nagar, Delhi",110015,tutoring centers,4.9,40,0,0,1,0,,3,OPERATIONAL
"Brilliant's Academy: Best Tution Center, Private Tutor, Tution upto class 10th, cbse Exam tution, tution, tutor","Moti Nagar, Delhi",110015,tutoring centers,5.0,2,0,0,0,0,,4,OPERATIONAL
Abacus Champs Academy - Abacus classes in Moti Nagar Abacus classes in Kirti Nagar,"Moti Nagar, Delhi",110015,tutoring centers,5.0,548,0,1,1,0,,3,OPERATIONAL
Vishwas Academy by Mamta soorma,"Moti Nagar, Delhi",110015,tutoring centers,5.0,12,0,0,0,0,,3,OPERATIONAL
BrainiacGym - Abacus Classes in Delhi,"Moti Nagar, Delhi",110015,tutoring centers,4.9,462,0,1,1,0,,3,OPERATIONAL
"Skylight Institute of Advanced studies- coaching and abacus classes - Abacus Champs Academy, moti nagar","Moti Nagar, Delhi",110015,tutoring centers,4.9,18,0,0,1,0,,3,OPERATIONAL
German Classes by Paridhi,"Moti Nagar, Delhi",110015,tutoring centers,5.0,31,0,0,1,0,,3,OPERATIONAL
STUDY ABACUS & VEDIC MATHS,"Moti Nagar, Delhi",110015,tutoring centers,5.0,3,0,1,1,0,,3,OPERATIONAL
"Wabs Talk - Awarded Best English, Top Public Speaking, Personality Development Training Classes in Delhi","Moti Nagar, Delhi",110015,tutoring centers,4.8,1847,0,1,1,0,,3,OPERATIONAL
Shiksha Pathh,"Moti Nagar, Delhi",110015,tutoring centers,5.0,1,0,0,1,0,,3,OPERATIONAL
VEDA TUITION CENTRE,"Moti Nagar, Delhi",110021,tutoring centers,4.8,30,0,0,1,0,,3,OPERATIONAL
A 1 tution centre,"Moti Nagar, Delhi",110015,tutoring centers,5.0,1,0,0,1,0,,3,OPERATIONAL
"Wooden Street - Furniture Shop/Store in Kirti Nagar, Delhi","Moti Nagar, Delhi",110015,furniture stores,4.4,564,0,1,1,0,,9,OPERATIONAL
Dreams Furnishings,"Moti Nagar, Delhi",110015,furniture stores,4.0,326,0,0,1,0,,10,OPERATIONAL
Alder Furniture | Home Furniture | Office Modular Furniture | Furniture Store in Kirti Nagar,"Moti Nagar, Delhi",110015,furniture stores,4.1,196,0,1,1,0,,7,OPERATIONAL
Royaloak Furniture Kirti Nagar 2,"Moti Nagar, Delhi",110015,furniture stores,4.7,934,0,1,1,0,,6,OPERATIONAL
Home City Kirti Nagar,"Moti Nagar, Delhi",110015,furniture stores,4.2,457,0,1,1,0,,6,OPERATIONAL
Wakefit - Furniture Store in Kirti Nagar,"Moti Nagar, Delhi",110015,furniture stores,4.8,5640,0,1,1,0,,7,OPERATIONAL
Home Sajawat,"Moti Nagar, Delhi",110015,furniture stores,4.1,26,0,0,1,0,,8,OPERATIONAL
POSH LIVING FURNISHERS - Largest Home|Office furniture collection,"Moti Nagar, Delhi",110015,furniture stores,4.3,137,0,0,1,0,,3,OPERATIONAL
Furncasa - Furniture & Interiors People,"Moti Nagar, Delhi",110015,furniture stores,5.0,3,0,1,1,0,,9,OPERATIONAL
Aashish Mobile Gallery .,"Moti Nagar, Delhi",110015,mobile shops,3.8,29,0,0,1,0,,5,OPERATIONAL
iNvent - Apple Authorised Reseller,"Moti Nagar, Delhi",110015,mobile shops,4.7,921,0,1,1,0,,6,OPERATIONAL
GALAXY MOBILE ACCESSORIES,"Moti Nagar, Delhi",110015,mobile shops,4.2,5,0,0,1,0,,4,OPERATIONAL
S k Mobile and Toys,"Moti Nagar, Delhi",110015,mobile shops,4.2,5,0,0,1,0,,5,OPERATIONAL
SAFARI SHOWROOM MOTI NAGAR,"Moti Nagar, Delhi",110015,mobile shops,4.6,5,0,1,0,0,,3,OPERATIONAL
Yash Mobile,"Moti Nagar, Delhi",110015,mobile shops,2.3,3,0,0,1,0,,2,OPERATIONAL
Vishal Jewellers,"Moti Nagar, Delhi",110015,jewellery shops,4.2,467,0,1,1,0,,4,OPERATIONAL
"Tosawar Jewellers Gold Diamond And Kundan Polki & Sterling Silver Jewellery Showroom in Moti Nagar,New Delhi, Delhi","Moti Nagar, Delhi",110015,jewellery shops,5.0,102,0,1,1,0,,5,OPERATIONAL
KAMALVASINI JEWELS,"Moti Nagar, Delhi",110015,jewellery shops,5.0,71,0,1,1,0,,4,OPERATIONAL
Sidhartha Jewellers,"Moti Nagar, Delhi",110015,jewellery shops,4.9,39,0,0,1,0,,4,OPERATIONAL
Palkee The Silver & Designer Jewellery,"Moti Nagar, Delhi",110015,jewellery shops,4.7,151,0,1,1,0,,4,OPERATIONAL
Palkee Jewellers by Manish,"Moti Nagar, Delhi",110015,jewellery shops,4.8,172,0,1,1,0,,4,OPERATIONAL
Gehna Jewellers Moti Nagar,"Moti Nagar, Delhi",110015,jewellery shops,3.6,13,0,1,1,0,,4,OPERATIONAL
RAJENDER SONS JEWELLERS,"Moti Nagar, Delhi",110015,jewellery shops,4.6,22,0,0,1,0,,4,OPERATIONAL
New sialkot jewellers,"Moti Nagar, Delhi",110015,jewellery shops,5.0,35,0,0,1,0,,4,OPERATIONAL
Saluja Jewellers,"Moti Nagar, Delhi",110015,jewellery shops,4.6,8,0,0,0,0,,4,OPERATIONAL
Luxmi Jewellers,"Moti Nagar, Delhi",110015,jewellery shops,3.1,9,0,1,1,0,,5,OPERATIONAL
Nitin Jewellers,"Moti Nagar, Delhi",110021,jewellery shops,3.9,33,0,0,1,0,,4,OPERATIONAL
Mahna Jewellers,"Moti Nagar, Delhi",110015,jewellery shops,4.5,107,0,1,1,0,,4,OPERATIONAL
Bhalla Jewellers,"Moti Nagar, Delhi",110015,jewellery shops,3.0,24,0,0,1,0,,4,OPERATIONAL
Lalwani Collection,"Moti Nagar, Delhi",110015,jewellery shops,5.0,2,0,0,1,0,,6,OPERATIONAL
Harbans Jewellers,"Moti Nagar, Delhi",110046,jewellery shops,4.3,334,0,0,1,0,,5,OPERATIONAL
Shri jewellers,"Moti Nagar, Delhi",110046,jewellery shops,4.9,90,0,1,1,0,,4,OPERATIONAL
SHRI RAJ HARDWARE - BLUM / HAFELE AUTHORIZE DEALER / FRANCHISE,"Moti Nagar, Delhi",110015,hardware stores,4.5,57,0,0,1,0,,5,OPERATIONAL
Garg Cement & Hardware Store,"Moti Nagar, Delhi",110015,hardware stores,3.9,16,0,0,1,0,,5,OPERATIONAL
Gulati Hardware and Paints - Sanitary Store In Moti Nagar,"Moti Nagar, Delhi",110015,hardware stores,5.0,3,0,1,1,0,,5,OPERATIONAL
Arora Traders,"Moti Nagar, Delhi",110015,hardware stores,4.4,17,0,0,1,0,,5,OPERATIONAL
Vijay Hardwares,"Moti Nagar, Delhi",110015,hardware stores,4.1,18,0,1,1,0,,8,OPERATIONAL
MANGLA HARDWARE (KITCHEN AND WARDROBE FITTINGS),"Moti Nagar, Delhi",110015,hardware stores,4.5,28,0,1,1,0,,5,OPERATIONAL
"Home Shark (Hardware, Paints and Sanitary) | One Stop Solution","Moti Nagar, Delhi",110015,hardware stores,4.7,21,0,1,1,0,,7,OPERATIONAL
Khan Chand And Sons,"Moti Nagar, Delhi",110015,hardware stores,3.8,11,0,0,1,0,,5,OPERATIONAL
Rohit Hardware,"Moti Nagar, Delhi",110015,hardware stores,3.9,19,0,0,1,0,,5,OPERATIONAL
Delhi hardware stores,"Moti Nagar, Delhi",110018,hardware stores,5.0,1,0,0,0,0,,5,OPERATIONAL
Ashoka Hardware & Sanitary Ware,"Moti Nagar, Delhi",110015,hardware stores,4.1,15,0,0,1,0,,5,OPERATIONAL
Taneja Handloom The Furnishing Store - Furniture Hardware | Sofa Hardware In Kirti Nagar Delhi,"Moti Nagar, Delhi",110015,hardware stores,4.9,11,0,0,1,0,,10,OPERATIONAL
Vishal Paint & Hardwares | Ozone Dealer,"Moti Nagar, Delhi",110015,hardware stores,3.5,49,0,1,1,0,,8,OPERATIONAL
Jawahar Restaurant,"Okhla, Delhi",110025,restaurants,4.3,677,0,1,1,1,2.0,6,OPERATIONAL
Jawahar - Shaheen Bagh,"Okhla, Delhi",110025,restaurants,4.7,627,0,1,1,0,,5,OPERATIONAL
Malamen The Kitchen and Bar,"Okhla, Delhi",110025,restaurants,4.6,595,0,1,1,0,,6,OPERATIONAL
Suprasaad South and North Indian Restaurant Mathura Road,"Okhla, Delhi",110020,restaurants,4.4,861,0,1,1,0,,6,OPERATIONAL
Zahra Restaurant & Café,"Okhla, Delhi",110025,restaurants,4.4,5988,0,1,1,1,2.0,4,OPERATIONAL
Zahra Restaurant & Café - Shaheen bagh,"Okhla, Delhi",110025,restaurants,4.4,3907,0,0,1,1,2.0,5,OPERATIONAL
Sandoz Restaurant - Mathura Road,"Okhla, Delhi",110020,restaurants,4.6,3044,0,1,1,1,2.0,9,OPERATIONAL
Edesia,"Okhla, Delhi",110020,restaurants,4.5,735,0,0,1,1,3.0,5,OPERATIONAL
Swaad ( A unit of A.I.FOODS ),"Okhla, Delhi",110025,restaurants,4.1,1435,0,0,1,1,2.0,9,OPERATIONAL
Al-Nawaz Restaurant,"Okhla, Delhi",110025,restaurants,4.1,5233,0,1,1,1,3.0,6,OPERATIONAL
Daa'in Bistro,"Okhla, Delhi",110025,restaurants,4.9,35,0,1,1,0,,5,OPERATIONAL
Goshtana Restaurant,"Okhla, Delhi",110025,restaurants,3.8,124,0,1,1,0,,6,OPERATIONAL
Chao Bella,"Okhla, Delhi",110020,restaurants,4.6,137,0,0,1,0,,6,OPERATIONAL
Gautam's Paradise Restaurant,"Okhla, Delhi",110020,restaurants,4.2,865,0,1,1,1,2.0,8,OPERATIONAL
H.O.D,"Okhla, Delhi",110025,restaurants,4.2,2916,0,1,1,1,2.0,7,OPERATIONAL
Mizaaj Restaurant & Cafe,"Okhla, Delhi",110025,restaurants,4.1,222,0,0,1,0,,4,OPERATIONAL
Al Nihar,"Okhla, Delhi",110025,restaurants,4.4,1742,0,1,1,0,,6,OPERATIONAL
Zoobys Kitchen,"Okhla, Delhi",110025,restaurants,4.3,2247,0,0,1,1,2.0,9,OPERATIONAL
"Bikanervala | Okhla NSIC, Delhi","Okhla, Delhi",110020,restaurants,4.1,791,0,1,1,1,2.0,16,OPERATIONAL
The Eden Cafe Rooftop,"Okhla, Delhi",110025,cafes,4.2,379,0,0,1,0,,4,OPERATIONAL
Avaya Cafe And Bakery | Sukhdev Vihar,"Okhla, Delhi",110025,cafes,4.8,115,0,1,1,0,,4,OPERATIONAL
The Moon Height's Cafe,"Okhla, Delhi",110025,cafes,4.4,70,0,0,0,0,,4,OPERATIONAL
Cafe Skylawn,"Okhla, Delhi",110025,cafes,3.4,912,0,0,1,0,,4,OPERATIONAL
abcoffee Max House Okhla,"Okhla, Delhi",110020,cafes,4.8,121,0,1,1,0,,13,OPERATIONAL
Cafe Temptation,"Okhla, Delhi",110025,cafes,4.2,321,0,0,0,1,2.0,7,OPERATIONAL
Gulmohar cafe,"Okhla, Delhi",110020,cafes,4.6,47,0,1,0,0,,4,OPERATIONAL
Royal Cafe,"Okhla, Delhi",110025,cafes,4.9,15,0,0,0,0,,4,OPERATIONAL
The Vaultt Cafe,"Okhla, Delhi",110020,cafes,4.8,24,0,0,1,0,,4,OPERATIONAL
Mehraab Cafe,"Okhla, Delhi",110025,cafes,5.0,64,0,0,0,0,,10,OPERATIONAL
Yoube’s Cafe,"Okhla, Delhi",110025,cafes,4.4,104,0,1,1,0,,7,OPERATIONAL
Shayari Cafe,"Okhla, Delhi",110025,cafes,4.6,179,0,0,1,0,,4,OPERATIONAL
CAFE SKY LAWN 2.0,"Okhla, Delhi",110025,cafes,3.9,49,0,1,0,0,,5,OPERATIONAL
Cafe MainStreet,"Okhla, Delhi",110025,cafes,4.7,46,0,0,0,0,,4,OPERATIONAL
Formula cafe,"Okhla, Delhi",110025,cafes,4.6,19,0,0,0,0,,7,OPERATIONAL
Okhla Express Cafe,"Okhla, Delhi",110020,cafes,4.9,23,0,0,1,0,,4,OPERATIONAL
The Flavour Junction,"Okhla, Delhi",110025,cafes,4.8,58,0,0,0,0,,4,OPERATIONAL
Cyrus Cafe,"Okhla, Delhi",110020,cafes,4.6,38,0,0,1,0,,4,OPERATIONAL
Looksalon,"Okhla, Delhi",110025,salons,4.8,982,0,1,1,0,,15,OPERATIONAL
Jawed Habib Unisex Salon - Okhla,"Okhla, Delhi",110025,salons,4.8,833,0,0,1,0,,13,OPERATIONAL
DIVINE UNISEX SALON,"Okhla, Delhi",110025,salons,4.9,355,0,1,1,0,,4,OPERATIONAL
GLAM & BLUSH BEAUTY SALON AYESHA MAKEOVER,"Okhla, Delhi",110025,salons,4.9,75,0,1,1,0,,4,OPERATIONAL
All Days Beauty Salon,"Okhla, Delhi",110025,salons,4.9,66,0,0,1,0,,4,OPERATIONAL
GlamEra | Luxury Hair & Beauty Unisex Salon,"Okhla, Delhi",110025,salons,4.8,30,0,1,1,0,,12,OPERATIONAL
BS Unisex SALON,"Okhla, Delhi",110025,salons,4.8,317,0,0,1,0,,8,OPERATIONAL
Inspo Salon,"Okhla, Delhi",110025,salons,4.5,166,0,1,1,0,,4,OPERATIONAL
Deeba’s Delhi Girl Hair and Beauty Salon,"Okhla, Delhi",110025,salons,4.8,366,0,0,1,0,,4,OPERATIONAL
JD Unisex Salon,"Okhla, Delhi",110025,salons,4.2,929,0,0,1,0,,11,OPERATIONAL
Beautiful Beginning By F. Fatima,"Okhla, Delhi",110025,salons,4.8,510,0,0,1,0,,4,OPERATIONAL
G&I beauty lounge,"Okhla, Delhi",110025,salons,5.0,20,0,1,1,0,,4,OPERATIONAL
The Pixie Dust Salon,"Okhla, Delhi",110025,salons,5.0,33,0,0,1,0,,4,OPERATIONAL
Glam Beauty Studio (by Asfiya),"Okhla, Delhi",110025,salons,5.0,15,0,0,1,0,,4,OPERATIONAL
Cuts & Curls salon,"Okhla, Delhi",110025,salons,4.3,43,0,0,1,0,,6,OPERATIONAL
Gk Makeovers - Beauty Salon,"Okhla, Delhi",110025,salons,4.7,62,0,0,1,0,,4,OPERATIONAL
A R Beauty Salon,"Okhla, Delhi",110025,salons,5.0,37,0,0,1,0,,4,OPERATIONAL
Beauty Blossom Center,"Okhla, Delhi",110025,salons,4.8,53,0,0,1,0,,7,OPERATIONAL
Cut And Scissors,"Okhla, Delhi",110025,salons,4.8,44,0,0,1,0,,4,OPERATIONAL
LOTUS MAKEOVER STUDIO | Best Hair Salon in Okhla | Parlour in Okhla,"Okhla, Delhi",110025,salons,4.7,20,0,0,1,0,,13,OPERATIONAL
Haven Fitness & Gaming Cafe,"Okhla, Delhi",110020,gyms,4.7,131,0,0,1,0,,6,OPERATIONAL
GYM F1,"Okhla, Delhi",110025,gyms,4.9,218,0,1,1,0,,7,OPERATIONAL
Shapes Of You Fitness Club,"Okhla, Delhi",110025,gyms,4.8,97,0,1,1,0,,5,OPERATIONAL
Wow Gym.,"Okhla, Delhi",110025,gyms,4.2,430,0,0,1,0,,5,OPERATIONAL
Alpha Gym,"Okhla, Delhi",110025,gyms,4.9,106,0,1,1,0,,5,OPERATIONAL
The Ultimate Fitness Club,"Okhla, Delhi",110025,gyms,4.7,76,0,0,1,0,,5,OPERATIONAL
The Fitness Club,"Okhla, Delhi",110025,gyms,4.8,94,0,0,1,0,,5,OPERATIONAL
"The Big Muscles Gym ""Ghaffar Manzil Colony Okhla ""","Okhla, Delhi",110025,gyms,4.6,176,0,0,1,0,,5,OPERATIONAL
MS Fitness Gym & Club,"Okhla, Delhi",110025,gyms,4.6,47,0,0,1,0,,5,OPERATIONAL
FIT YOU GYM,"Okhla, Delhi",110025,gyms,4.1,164,0,0,1,0,,5,OPERATIONAL
Wana b fit gym,"Okhla, Delhi",110025,gyms,4.8,111,0,0,1,0,,4,OPERATIONAL
Gym boxx,"Okhla, Delhi",110025,gyms,4.5,70,0,0,1,0,,5,OPERATIONAL
Athletic Fitness,"Okhla, Delhi",110025,gyms,4.7,47,0,1,1,0,,8,OPERATIONAL
Body Balance Fitness Club,"Okhla, Delhi",110025,gyms,4.9,271,0,0,1,0,,12,OPERATIONAL
Raw fitness gym,"Okhla, Delhi",110025,gyms,3.9,26,0,0,0,0,,5,OPERATIONAL
The fit life style gym women's only,"Okhla, Delhi",110025,gyms,4.9,47,0,0,1,0,,5,OPERATIONAL
Gym point,"Okhla, Delhi",110025,gyms,4.1,76,0,0,1,0,,4,OPERATIONAL
IK Fitness,"Okhla, Delhi",110025,gyms,4.8,115,0,1,1,0,,7,OPERATIONAL
Gym City,"Okhla, Delhi",110025,gyms,4.2,79,0,0,0,0,,5,OPERATIONAL
Galaxy The Gym,"Okhla, Delhi",110025,gyms,4.2,205,0,0,1,0,,5,OPERATIONAL
Libas The Fashion Plaza,"Okhla, Delhi",110025,clothing stores,4.8,146,0,0,1,0,,7,OPERATIONAL
"Kiaasa - Sarita Vihar, Delhi","Okhla, Delhi",110025,clothing stores,4.9,301,0,1,1,0,,5,OPERATIONAL
WARDROBE-E-JAMIA,"Okhla, Delhi",110025,clothing stores,4.2,357,0,1,1,0,,4,OPERATIONAL
Ali Colours,"Okhla, Delhi",110025,clothing stores,4.8,396,0,1,1,0,,5,OPERATIONAL
WARDROBE-E-JAMIA,"Okhla, Delhi",110025,clothing stores,4.8,259,0,1,1,0,,4,OPERATIONAL
Ali fashion women collection,"Okhla, Delhi",110025,clothing stores,4.7,102,0,0,1,0,,4,OPERATIONAL
Raymond Ready To Wear,"Okhla, Delhi",110025,clothing stores,4.8,279,0,1,1,0,,5,OPERATIONAL
OCTAVE - Shaheen Bagh,"Okhla, Delhi",110025,clothing stores,4.9,292,0,0,1,0,,4,OPERATIONAL
Morus Alba – Korean Fashion & Best Women’s Clothing store in Delhi,"Okhla, Delhi",110025,clothing stores,4.9,32,0,1,1,0,,5,OPERATIONAL
D.S.FASHION,"Okhla, Delhi",110025,clothing stores,4.9,79,0,0,1,0,,4,OPERATIONAL
Brand Hub,"Okhla, Delhi",110025,clothing stores,4.9,35,0,1,1,0,,4,OPERATIONAL
HIDE,"Okhla, Delhi",110025,clothing stores,4.9,67,0,1,1,0,,6,OPERATIONAL
Tgs Oufits,"Okhla, Delhi",110025,clothing stores,4.2,96,0,0,1,0,,4,OPERATIONAL
The Fashion Gallery – Wedding & Festive Kurtas,"Okhla, Delhi",110025,clothing stores,4.9,45,0,0,1,0,,4,OPERATIONAL
FRONT ROW,"Okhla, Delhi",110025,clothing stores,4.6,131,0,1,1,0,,7,OPERATIONAL
"Sweet Dreams - Shaheen Bagh, Delhi","Okhla, Delhi",110025,clothing stores,5.0,45,0,1,0,0,,5,OPERATIONAL
Muskan Collection,"Okhla, Delhi",110025,clothing stores,4.7,36,0,0,1,0,,5,OPERATIONAL
My Mania l Designer kurta l Professional kurta shop l kurta manufacture in jamianagar | Designer kurta shop in south delhi,"Okhla, Delhi",110025,clothing stores,4.9,62,0,1,1,0,,4,OPERATIONAL
R&B – Shaheen Bagh,"Okhla, Delhi",110025,clothing stores,4.9,145,0,1,1,0,,4,OPERATIONAL
Shades Of Linen,"Okhla, Delhi",110025,clothing stores,4.1,62,0,1,1,0,,4,OPERATIONAL
Mirza Super Market,"Okhla, Delhi",110025,grocery stores,4.3,638,0,0,1,0,,7,OPERATIONAL
Daily Super Mart,"Okhla, Delhi",110025,grocery stores,5.0,85,0,0,1,0,,6,OPERATIONAL
Mark Super Store,"Okhla, Delhi",110025,grocery stores,4.1,1196,0,0,1,0,,7,OPERATIONAL
BATLA HOUSE MARKET,"Okhla, Delhi",110025,grocery stores,4.1,11870,1,0,0,0,,3,OPERATIONAL
New Super Bazaar,"Okhla, Delhi",110025,grocery stores,4.7,38,0,0,1,0,,16,OPERATIONAL
Okhla Bazaar,"Okhla, Delhi",110025,grocery stores,3.9,139,0,0,1,0,,9,OPERATIONAL
Okhla Main Market,"Okhla, Delhi",110025,grocery stores,4.0,902,0,1,1,0,,3,OPERATIONAL
Modern Bazaar,"Okhla, Delhi",110025,grocery stores,4.1,913,0,1,1,0,,6,OPERATIONAL
DaalCheeni Supermart,"Okhla, Delhi",110025,grocery stores,4.3,124,0,0,1,0,,6,OPERATIONAL
ILQA Departmental Store & Almani Fo,"Okhla, Delhi",110025,grocery stores,4.1,823,0,0,1,0,,6,OPERATIONAL
Family Needs Super Market,"Okhla, Delhi",110025,grocery stores,4.7,18,0,0,1,0,,4,OPERATIONAL
Jamia Bazaar,"Okhla, Delhi",110025,grocery stores,4.7,41,0,1,1,0,,10,OPERATIONAL
Haryana Store,"Okhla, Delhi",110025,grocery stores,4.3,392,0,0,1,0,,6,OPERATIONAL
Super Store,"Okhla, Delhi",110025,grocery stores,4.6,11,0,0,1,0,,7,OPERATIONAL
All in One Store,"Okhla, Delhi",110025,grocery stores,4.7,10,0,0,1,0,,11,OPERATIONAL
TAJ SUPER STORE,"Okhla, Delhi",110025,grocery stores,4.1,16,0,0,1,0,,6,OPERATIONAL
easyday,"Okhla, Delhi",110025,grocery stores,3.6,156,0,0,0,0,,7,OPERATIONAL
Simra Super Store,"Okhla, Delhi",110025,grocery stores,4.1,10,0,0,0,0,,6,OPERATIONAL
SS WHOLESALE MART,"Okhla, Delhi",110020,grocery stores,4.6,12,0,1,1,0,,8,OPERATIONAL
Mark super store Hari kothi lane E Block,"Okhla, Delhi",110025,grocery stores,4.3,1135,0,0,0,0,,6,OPERATIONAL
A SQUARE ELECTRONICS,"Okhla, Delhi",110025,electronics shops,4.5,113,0,0,1,0,,4,OPERATIONAL
Malik Electronics,"Okhla, Delhi",110025,electronics shops,3.9,295,0,0,1,0,,4,OPERATIONAL
M.M Electronics,"Okhla, Delhi",110025,electronics shops,4.8,34,0,0,1,0,,4,OPERATIONAL
Electronic & Home Appliances,"Okhla, Delhi",110025,electronics shops,4.1,55,0,0,1,0,,4,OPERATIONAL
Al Emirate Electronics,"Okhla, Delhi",110025,electronics shops,4.3,58,0,0,1,0,,4,OPERATIONAL
SHAHEED ELECTRONICS AVENUE,"Okhla, Delhi",110025,electronics shops,4.4,63,0,0,1,0,,4,OPERATIONAL
Taj Electronics,"Okhla, Delhi",110025,electronics shops,4.3,4,0,0,1,0,,4,OPERATIONAL
Alam Mart,"Okhla, Delhi",110025,electronics shops,4.2,97,0,0,1,0,,8,OPERATIONAL
Capital Electronics,"Okhla, Delhi",110025,electronics shops,4.0,9,0,0,1,0,,4,OPERATIONAL
Kelkon Electronics,"Okhla, Delhi",110025,electronics shops,4.5,2,0,0,1,0,,4,OPERATIONAL
Delhi Discount Electricals,"Okhla, Delhi",110025,electronics shops,4.9,37,0,1,1,0,,7,OPERATIONAL
Shamim Electronic,"Okhla, Delhi",110025,electronics shops,4.0,1,0,0,1,0,,4,OPERATIONAL
City Electronics,"Okhla, Delhi",110025,electronics shops,5.0,5,0,0,1,0,,4,OPERATIONAL
MUMTAZ ELECTRICAL AND ELECTRONIC,"Okhla, Delhi",110025,electronics shops,3.7,6,0,0,1,0,,5,OPERATIONAL
A.S Electronics,"Okhla, Delhi",110025,electronics shops,4.8,39,0,1,1,0,,3,OPERATIONAL
A.M Electronics,"Okhla, Delhi",110025,electronics shops,4.3,3,0,1,0,0,,4,OPERATIONAL
The Cafe...Multi Brand Store,"Okhla, Delhi",110025,electronics shops,4.8,67,0,0,1,0,,5,OPERATIONAL
Kashif Electronics,"Okhla, Delhi",110025,electronics shops,4.2,6,0,0,1,0,,4,OPERATIONAL
Prime Care Clinic,"Okhla, Delhi",110025,clinics,5.0,22,0,1,0,0,,4,OPERATIONAL
Shifa Clinic,"Okhla, Delhi",110025,clinics,4.9,33,0,0,1,0,,4,OPERATIONAL
Dr. Mariya Polyclinic,"Okhla, Delhi",110025,clinics,5.0,52,0,0,1,0,,4,OPERATIONAL
HMK Diagnostics & Clinic,"Okhla, Delhi",110025,clinics,4.9,515,0,1,1,0,,5,OPERATIONAL
"Best physician, royal medical and dental centre","Okhla, Delhi",110025,clinics,5.0,26,0,1,1,0,,10,OPERATIONAL
Sewa poly clinic,"Okhla, Delhi",110025,clinics,5.0,20,0,0,1,0,,4,OPERATIONAL
MY CLINIC,"Okhla, Delhi",110025,clinics,4.9,426,0,0,1,0,,8,OPERATIONAL
Dr. Parvez Skin & Hair clinic,"Okhla, Delhi",100025,clinics,4.9,496,0,1,1,0,,4,OPERATIONAL
Healing Touch Clinic,"Okhla, Delhi",110025,clinics,4.5,18,0,0,0,0,,4,OPERATIONAL
Mishra Clinic,"Okhla, Delhi",110020,clinics,5.0,3,0,0,1,0,,4,OPERATIONAL
Vital Point Clinic,"Okhla, Delhi",110025,clinics,5.0,1,0,0,0,0,,4,OPERATIONAL
HL Multispeciality Clinic(Dr. Naushad Alam),"Okhla, Delhi",110025,clinics,4.9,9,0,1,0,0,,4,OPERATIONAL
Maheshwari Clinics,"Okhla, Delhi",110025,clinics,3.9,30,0,0,1,0,,6,OPERATIONAL
City clinic,"Okhla, Delhi",110025,clinics,5.0,1,0,0,1,0,,4,OPERATIONAL
Holy Family Hospital,"Okhla, Delhi",110025,clinics,4.0,2660,0,1,1,0,,6,OPERATIONAL
Doctor's Clinic,"Okhla, Delhi",110025,clinics,5.0,13,0,0,1,0,,4,OPERATIONAL
Well care poly clinic,"Okhla, Delhi",110025,clinics,5.0,1,0,0,1,0,,4,OPERATIONAL
The Clinic,"Okhla, Delhi",110025,clinics,5.0,1,0,0,1,0,,4,OPERATIONAL
"Batla Clinic – Best Dermatologist & Dentist in Delhi | Hair Fall, Hair Transplant, Skin & Dental Care","Okhla, Delhi",110025,clinics,4.5,178,0,0,1,0,,10,OPERATIONAL
"Limra Clinic | Best Physiotherapy clinic in Okhla, Delhi","Okhla, Delhi",110025,clinics,5.0,129,0,1,1,0,,4,OPERATIONAL
Unique Bakers & Confectioners,"Okhla, Delhi",110025,bakeries,4.3,2016,0,1,1,1,1.0,7,OPERATIONAL
A.S bakers and confectioners,"Okhla, Delhi",110025,bakeries,4.8,196,0,1,0,0,,9,OPERATIONAL
The Bakest Cafe,"Okhla, Delhi",110025,bakeries,4.9,395,0,0,1,0,,6,OPERATIONAL
HTW bakers & Sweets,"Okhla, Delhi",110025,bakeries,4.2,730,0,1,1,1,2.0,10,OPERATIONAL
CAKE ARTS,"Okhla, Delhi",110020,bakeries,4.9,65,0,1,1,0,,9,OPERATIONAL
Bon Bon Le Pastry Shop,"Okhla, Delhi",110025,bakeries,4.1,549,0,0,1,1,2.0,12,OPERATIONAL
The Bake N Take,"Okhla, Delhi",110025,bakeries,3.9,129,0,0,1,0,,6,OPERATIONAL
Al Amin Bakers,"Okhla, Delhi",110025,bakeries,4.5,77,0,0,1,0,,6,OPERATIONAL
The bake bon,"Okhla, Delhi",110025,bakeries,5.0,21,0,0,1,0,,6,OPERATIONAL
Classic Bakery,"Okhla, Delhi",110025,bakeries,3.9,223,0,0,1,1,1.0,6,OPERATIONAL
Ambrosia Bakery,"Okhla, Delhi",110020,bakeries,3.3,97,0,1,1,0,,6,OPERATIONAL
The Bakehouse by Ishika,"Okhla, Delhi",110020,bakeries,5.0,28,0,1,1,0,,6,OPERATIONAL
Famous Bakers,"Okhla, Delhi",110025,bakeries,4.3,24,0,0,1,0,,6,OPERATIONAL
"The Bakest, Tikona Park","Okhla, Delhi",110025,bakeries,4.9,110,0,0,1,0,,6,OPERATIONAL
Muara Bake,"Okhla, Delhi",110025,bakeries,5.0,17,0,1,1,0,,9,OPERATIONAL
KH Bakes - Bakery,"Okhla, Delhi",110025,bakeries,5.0,31,0,1,0,0,,9,OPERATIONAL
KneadWhisking,"Okhla, Delhi",110025,bakeries,5.0,29,0,0,1,0,,6,OPERATIONAL
Ello Bakehouse,"Okhla, Delhi",110020,bakeries,4.5,118,0,1,1,0,,6,OPERATIONAL
A-One Bakery,"Okhla, Delhi",110025,bakeries,4.4,91,0,0,1,0,,6,OPERATIONAL
"Nath Brothers Southend Chemists & Cosmetics - Best Chemist in New Friends Colony, Okhla","Okhla, Delhi",110025,pharmacies,3.9,77,0,0,1,0,,5,OPERATIONAL
KHADIJA PHARMACY,"Okhla, Delhi",110025,pharmacies,5.0,74,0,0,1,0,,5,OPERATIONAL
Sanjivani Chemist,"Okhla, Delhi",110025,pharmacies,4.1,36,0,1,1,0,,5,OPERATIONAL
Aviva Pharmacy,"Okhla, Delhi",110025,pharmacies,5.0,17,0,0,1,0,,5,OPERATIONAL
Insha pharmacy(chemist Shop),"Okhla, Delhi",110025,pharmacies,4.8,27,0,0,1,0,,6,OPERATIONAL
JAMIA PHARMACY - Best pharmacy in Jamia nagar Shaheen bagh,"Okhla, Delhi",110025,pharmacies,4.8,21,0,1,1,0,,5,OPERATIONAL
24 HOURS PHARMACY,"Okhla, Delhi",110025,pharmacies,4.8,8,0,0,0,0,,5,OPERATIONAL
SAIF CHEMIST,"Okhla, Delhi",110025,pharmacies,4.6,26,0,1,1,0,,5,OPERATIONAL
MedRev Healthcare - Hospital Pharmacy Management Services Benefits and Outsourcing Pharmacy Chain Stores,"Okhla, Delhi",110020,pharmacies,4.5,53,0,1,0,0,,5,OPERATIONAL
Alshifa Medicos,"Okhla, Delhi",110025,pharmacies,4.8,16,0,0,1,0,,5,OPERATIONAL
SHRI SHYAM PHARMA - SARITA VIHAR,"Okhla, Delhi",110076,pharmacies,4.9,335,0,0,1,0,,8,OPERATIONAL
Kairo Exclusive Pharmacy,"Okhla, Delhi",110025,pharmacies,4.8,82,0,0,1,0,,5,OPERATIONAL
Wellness Pharmacy,"Okhla, Delhi",110025,pharmacies,4.5,19,0,1,1,0,,5,OPERATIONAL
Sitra Healthcare For Life,"Okhla, Delhi",110025,pharmacies,4.0,32,0,0,1,0,,6,OPERATIONAL
NIZAM KHIDMAT MEDICOS,"Okhla, Delhi",110025,pharmacies,4.5,18,0,0,0,0,,5,OPERATIONAL
Metro Pharmacy,"Okhla, Delhi",110025,pharmacies,4.3,20,0,0,1,0,,5,OPERATIONAL
A Plus Medicos | Best Pharmacy in Delhi and Noida | Branded & Generic Medicines | Home Delivery,"Okhla, Delhi",110096,pharmacies,5.0,37,0,1,1,0,,5,OPERATIONAL
Javed Pharmacy,"Okhla, Delhi",110025,pharmacies,4.7,3,0,1,0,0,,5,OPERATIONAL
TRUST MED PHARMACY,"Okhla, Delhi",110025,pharmacies,5.0,7,0,1,0,0,,5,OPERATIONAL
JK SURGICALS AND PHARMACY,"Okhla, Delhi",110025,pharmacies,4.0,4,0,0,1,0,,6,OPERATIONAL
MathScienceTutorial (Best Home Tutors),"Okhla, Delhi",110025,tutoring centers,4.9,135,0,1,1,0,,5,OPERATIONAL
Okhla Tutors,"Okhla, Delhi",110025,tutoring centers,5.0,14,0,1,1,0,,4,OPERATIONAL
"Home Tutor zakir nagar by Ashhar (Maths ,science ,english & sst) contact for Online & offline Tutor","Okhla, Delhi",110025,tutoring centers,5.0,116,0,1,1,0,,2,OPERATIONAL
Advanced Home Tutor in Okhla,"Okhla, Delhi",110025,tutoring centers,5.0,15,0,0,0,0,,4,OPERATIONAL
Gurucool Coaching (Okhla Head),"Okhla, Delhi",110025,tutoring centers,4.7,92,0,1,1,0,,2,OPERATIONAL
IS. STUDY ZONE,"Okhla, Delhi",110025,tutoring centers,4.9,11,0,0,1,0,,3,OPERATIONAL
Aimers Classes,"Okhla, Delhi",110025,tutoring centers,4.9,123,0,0,1,0,,3,OPERATIONAL
Ambition Education Center,"Okhla, Delhi",110025,tutoring centers,4.2,27,0,0,1,0,,3,OPERATIONAL
AK Tuition & Coaching Centre in Shaheen Bagh | Jamia Nagar | Okhla,"Okhla, Delhi",110025,tutoring centers,5.0,39,0,0,0,0,,3,OPERATIONAL
ILM EDUCATION ACADEMY,"Okhla, Delhi",110025,tutoring centers,5.0,60,0,0,1,0,,3,OPERATIONAL
Maths Home Tutor in Delhi,"Okhla, Delhi",110025,tutoring centers,5.0,27,0,1,1,0,,5,OPERATIONAL
e-Tuitions Learning Private Limited,"Okhla, Delhi",110020,tutoring centers,4.6,65,0,1,1,0,,5,OPERATIONAL
Special Education Home tutor (learning Disability) Certified by Rehabilitation of Council,"Okhla, Delhi",110025,tutoring centers,4.8,87,0,0,1,0,,2,OPERATIONAL
Home Tuition - READ WITH RITIK | Zakir Nagar near Okhla (Class 1-12),"Okhla, Delhi",110025,tutoring centers,4.5,11,0,1,0,0,,4,OPERATIONAL
Tuition & Guidance Centre,"Okhla, Delhi",110025,tutoring centers,4.8,138,0,0,1,0,,5,OPERATIONAL
INS LEARNING CENTER,"Okhla, Delhi",110025,tutoring centers,4.9,29,0,1,0,0,,4,OPERATIONAL
Star Education Centre,"Okhla, Delhi",110025,tutoring centers,4.7,140,0,1,1,0,,4,OPERATIONAL
El Capital Home Tutor,"Okhla, Delhi",110025,tutoring centers,4.7,77,0,1,1,0,,3,OPERATIONAL
Knowledge Hub Academy,"Okhla, Delhi",110025,tutoring centers,4.9,76,0,0,1,0,,2,OPERATIONAL
HTSD-Home Tutors in South Delhi,"Okhla, Delhi",110025,tutoring centers,5.0,2,0,1,1,0,,3,OPERATIONAL
Nawab Furniture,"Okhla, Delhi",110025,furniture stores,3.3,267,0,1,1,0,,6,OPERATIONAL
M8 Furniture | Best Furniture In Delhi,"Okhla, Delhi",110025,furniture stores,4.8,71,0,0,1,0,,8,OPERATIONAL
ZR Enterprises Sell furniture Online,"Okhla, Delhi",110025,furniture stores,5.0,57,0,0,1,0,,7,OPERATIONAL
Style Furniture,"Okhla, Delhi",110025,furniture stores,3.2,18,0,1,1,0,,6,OPERATIONAL
Old Furniture Buyer And Seller_JK Enterprises,"Okhla, Delhi",110025,furniture stores,4.7,137,0,1,1,0,,7,OPERATIONAL
Delhi Old Furniture,"Okhla, Delhi",110025,furniture stores,3.9,168,0,1,1,0,,7,OPERATIONAL
Royal furniture,"Okhla, Delhi",110025,furniture stores,3.6,19,0,0,1,0,,8,OPERATIONAL
Al Khidmat Furniture,"Okhla, Delhi",110025,furniture stores,4.9,28,0,1,1,0,,7,OPERATIONAL
Sk furniture zone,"Okhla, Delhi",110025,furniture stores,3.2,77,0,1,1,0,,9,OPERATIONAL
SK99.Furnitures,"Okhla, Delhi",110025,furniture stores,2.9,65,0,0,1,0,,6,OPERATIONAL
"Livspace - Interior Design Studio, Okhla","Okhla, Delhi",110020,furniture stores,4.7,5977,0,1,1,0,,9,OPERATIONAL
J.k furniture & interior,"Okhla, Delhi",110025,furniture stores,4.0,32,0,0,1,0,,4,OPERATIONAL
MASHA Furniture,"Okhla, Delhi",110025,furniture stores,5.0,9,0,0,1,0,,3,OPERATIONAL
Home decor mattresses rizvi,"Okhla, Delhi",110025,furniture stores,5.0,34,0,1,1,0,,6,OPERATIONAL
Sk Furniture Buyer,"Okhla, Delhi",110020,furniture stores,5.0,5,0,1,0,0,,7,OPERATIONAL
Godrej Interio Experience Center - Only Office Furniture,"Okhla, Delhi",110020,furniture stores,4.3,70,0,1,1,0,,8,OPERATIONAL
Lucky Sofa Repairing,"Okhla, Delhi",110025,furniture stores,5.0,14,0,1,1,0,,6,OPERATIONAL
New Mobile Junction,"Okhla, Delhi",110020,mobile shops,4.0,699,0,0,1,0,,5,OPERATIONAL
SMART Mobile Store,"Okhla, Delhi",110020,mobile shops,4.4,15,0,0,1,0,,4,OPERATIONAL
Tallil Communication,"Okhla, Delhi",110025,mobile shops,4.5,95,0,0,1,0,,5,OPERATIONAL
Vivo Mobile Store,"Okhla, Delhi",110025,mobile shops,4.7,102,0,0,1,0,,4,OPERATIONAL
We Mobile Solution,"Okhla, Delhi",110025,mobile shops,4.7,65,0,0,0,0,,4,OPERATIONAL
Royal Communication,"Okhla, Delhi",110025,mobile shops,4.1,99,0,0,1,0,,4,OPERATIONAL
LIMRA ENTERPRISES,"Okhla, Delhi",110025,mobile shops,4.9,24,0,0,1,0,,4,OPERATIONAL
Anam International mobile store,"Okhla, Delhi",110025,mobile shops,4.0,195,0,1,1,0,,4,OPERATIONAL
AJ Mobiles,"Okhla, Delhi",110025,mobile shops,4.8,9,0,0,0,0,,4,OPERATIONAL
Arsh Mobile Care,"Okhla, Delhi",110025,mobile shops,3.8,82,0,0,1,0,,3,OPERATIONAL
The Mobile Street,"Okhla, Delhi",,mobile shops,4.7,151,0,1,1,0,,4,OPERATIONAL
ATEEQ MOBILE SOLUTION,"Okhla, Delhi",110025,mobile shops,4.9,68,0,0,1,0,,3,OPERATIONAL
"GIVA Silver & Gold Jewellery Store | Shaheen Bagh, New Delhi","Okhla, Delhi",110025,jewellery shops,4.9,338,0,1,1,0,,7,OPERATIONAL
Ramesh Chand,"Okhla, Delhi",110025,jewellery shops,4.5,39,0,0,1,0,,4,OPERATIONAL
American Diamond Gallery,"Okhla, Delhi",110025,jewellery shops,4.9,30,0,0,1,0,,4,OPERATIONAL
Anas Jewellers,"Okhla, Delhi",110025,jewellery shops,3.8,52,0,0,1,0,,4,OPERATIONAL
Gold99,"Okhla, Delhi",110025,jewellery shops,4.8,17,0,0,1,0,,4,OPERATIONAL
Nayaab Apparel & Jewellers,"Okhla, Delhi",110025,jewellery shops,4.9,40,0,0,0,0,,6,OPERATIONAL
Syed Jewellers,"Okhla, Delhi",110025,jewellery shops,4.5,10,0,0,1,0,,4,OPERATIONAL
Beauty Collection I Anti Tarnish Jewellery,"Okhla, Delhi",110025,jewellery shops,4.9,12,0,1,1,0,,4,OPERATIONAL
A. K. Jewellers,"Okhla, Delhi",110025,jewellery shops,3.9,10,0,0,1,0,,4,OPERATIONAL
Hassan Jewellers,"Okhla, Delhi",110025,jewellery shops,4.3,6,0,0,0,0,,4,OPERATIONAL
Al Nizam Jewellers,"Okhla, Delhi",110025,jewellery shops,5.0,2,0,0,0,0,,4,OPERATIONAL
Neckella Jewelry,"Okhla, Delhi",110025,jewellery shops,5.0,15,0,1,1,0,,4,OPERATIONAL
M.S. Jewellers,"Okhla, Delhi",110025,jewellery shops,4.1,8,0,0,1,0,,4,OPERATIONAL
Jai Durge Jewellers,"Okhla, Delhi",110020,jewellery shops,5.0,38,0,0,1,0,,6,OPERATIONAL
Nagi Jewellers,"Okhla, Delhi",110025,jewellery shops,3.6,24,0,0,0,0,,4,OPERATIONAL
Anas & Sons Jewellers,"Okhla, Delhi",110025,jewellery shops,3.0,2,0,1,1,0,,4,OPERATIONAL
GOLD TO CASH.IN JEWELLERS,"Okhla, Delhi",110025,jewellery shops,5.0,5,0,1,1,0,,4,OPERATIONAL
Al-Hamid Jeweller,"Okhla, Delhi",110025,jewellery shops,2.8,25,0,0,0,0,,4,OPERATIONAL
Zubair Hardware Store.,"Okhla, Delhi",110025,hardware stores,4.9,31,0,0,1,0,,10,OPERATIONAL
Okhla hardware,"Okhla, Delhi",110025,hardware stores,4.5,13,0,0,1,0,,5,OPERATIONAL
Mirza Hardware,"Okhla, Delhi",110025,hardware stores,4.5,10,0,0,1,0,,7,OPERATIONAL
B K Sanitation (Babu Hardware),"Okhla, Delhi",110025,hardware stores,4.3,26,0,0,1,0,,6,OPERATIONAL
New Delhi Hardware,"Okhla, Delhi",110025,hardware stores,3.0,3,0,0,1,0,,5,OPERATIONAL
A&K Sanitary,"Okhla, Delhi",110025,hardware stores,5.0,39,0,1,1,0,,5,OPERATIONAL
Delhi Traders,"Okhla, Delhi",110025,hardware stores,3.9,52,0,0,1,0,,5,OPERATIONAL
Royal The Perfect Hardware,"Okhla, Delhi",110025,hardware stores,4.5,17,0,0,1,0,,5,OPERATIONAL
A Q Hardware,"Okhla, Delhi",110025,hardware stores,4.8,6,0,0,1,0,,5,OPERATIONAL
Delhi Hardware,"Okhla, Delhi",110025,hardware stores,5.0,6,0,0,0,0,,5,OPERATIONAL
A.B. Hardware & sanitary store,"Okhla, Delhi",110025,hardware stores,5.0,4,0,0,1,0,,5,OPERATIONAL
Ankit Hardware,"Okhla, Delhi",110020,hardware stores,4.7,3,0,0,1,0,,5,OPERATIONAL
Unique Hardware,"Okhla, Delhi",110025,hardware stores,4.6,19,0,0,1,0,,5,OPERATIONAL
Comet Hardware,"Okhla, Delhi",110025,hardware stores,4.4,18,0,0,1,0,,6,OPERATIONAL
S.S.Hardware Store,"Okhla, Delhi",110025,hardware stores,2.7,3,0,0,1,0,,5,OPERATIONAL
"Ozone India | Metro Hardware | Shaheen Bagh, Delhi","Okhla, Delhi",110025,hardware stores,4.0,9,0,1,1,0,,7,OPERATIONAL
New Tech Hardware Shop | Modular Kitchen | Best in Okhla,"Okhla, Delhi",110025,hardware stores,5.0,5,0,0,1,0,,10,OPERATIONAL
Aligarh locks & Hardware Store,"Okhla, Delhi",110025,hardware stores,5.0,2,0,0,1,0,,5,OPERATIONAL
Singhal Hardware,"Okhla, Delhi",110020,hardware stores,4.5,2,0,0,1,0,,5,OPERATIONAL
YouMee Epicuria Nehru Place,"Nehru Place, Delhi",110019,restaurants,4.7,754,0,1,1,1,2.0,11,OPERATIONAL
Sandoz Restaurant - Nehru Place,"Nehru Place, Delhi",110019,restaurants,4.5,2957,0,1,1,1,2.0,6,OPERATIONAL
Nehru Place SOCIAL,"Nehru Place, Delhi",110019,restaurants,4.3,5925,0,1,1,1,3.0,12,OPERATIONAL
FIO - Cookhouse & Bar,"Nehru Place, Delhi",110019,restaurants,4.3,2740,0,0,1,1,4.0,8,OPERATIONAL
Pind Balluchi Nehru Place,"Nehru Place, Delhi",110019,restaurants,4.1,3357,0,1,1,1,2.0,7,OPERATIONAL
Qavalli Delhi,"Nehru Place, Delhi",110019,restaurants,4.6,684,0,1,1,0,,4,OPERATIONAL
Thanks & Beyond,"Nehru Place, Delhi",110019,restaurants,3.9,346,0,1,1,0,,8,OPERATIONAL
Haldiram's - Nehru Place,"Nehru Place, Delhi",110019,restaurants,4.5,2256,0,1,1,1,2.0,4,OPERATIONAL
Epicuria Food & Entertainment HUB,"Nehru Place, Delhi",110019,restaurants,4.4,25741,1,0,1,1,2.0,7,OPERATIONAL
Sri Bhoj - Nehru Place,"Nehru Place, Delhi",110019,restaurants,4.8,578,0,1,1,0,,7,OPERATIONAL
"Dhaba Estd 1986 Delhi, Nehru Place","Nehru Place, Delhi",110019,restaurants,4.0,1401,0,1,1,1,3.0,7,OPERATIONAL
Brown Cortile,"Nehru Place, Delhi",110019,restaurants,3.7,364,0,0,0,0,,5,OPERATIONAL
"The Irish House, Nehru Place","Nehru Place, Delhi",110019,restaurants,4.2,3022,0,1,1,1,3.0,7,OPERATIONAL
Only Bar Restaurant,"Nehru Place, Delhi",110019,restaurants,4.7,5251,0,1,1,1,2.0,7,OPERATIONAL
"Blooms Restaurant Eros Hotel, Nehru Place, New Delhi","Nehru Place, Delhi",110019,restaurants,4.1,250,0,0,1,1,4.0,11,OPERATIONAL
Bikanervala | Nehru Place Delhi,"Nehru Place, Delhi",110019,restaurants,4.0,205,0,1,1,1,2.0,16,OPERATIONAL
Social epicuria,"Nehru Place, Delhi",110019,restaurants,4.5,59,0,0,0,0,,5,OPERATIONAL
Latango,"Nehru Place, Delhi",110019,restaurants,4.1,259,0,1,1,0,,5,OPERATIONAL
Tim Hortons,"Nehru Place, Delhi",110019,cafes,4.8,523,0,1,1,0,,7,OPERATIONAL
Brew & Ice By Brown,"Nehru Place, Delhi",110019,cafes,4.3,59,0,0,1,0,,4,OPERATIONAL
Starbucks,"Nehru Place, Delhi",110019,cafes,4.5,1934,0,1,1,1,3.0,10,OPERATIONAL
The Beer Café,"Nehru Place, Delhi",110019,cafes,4.5,2214,0,1,1,1,2.0,12,OPERATIONAL
Sloppy Dō,"Nehru Place, Delhi",110019,cafes,4.8,74,0,1,1,0,,12,OPERATIONAL
Chill N Roll,"Nehru Place, Delhi",110019,cafes,4.8,10,0,0,1,0,,4,OPERATIONAL
"Lakme Salon For Him and Her in CR Park,Delhi","Nehru Place, Delhi",110019,salons,4.8,1176,0,1,1,0,,4,OPERATIONAL
"CUT&STYLE Salon - Chitranjan Park, New Delhi","Nehru Place, Delhi",110019,salons,4.4,326,0,1,0,0,,8,OPERATIONAL
Plush Luxury Grooming Unisex Salon,"Nehru Place, Delhi",110019,salons,4.8,131,0,0,1,0,,4,OPERATIONAL
HQ Unisex Salon,"Nehru Place, Delhi",110019,salons,3.9,64,0,0,1,0,,5,OPERATIONAL
Girlish Beauty Salon,"Nehru Place, Delhi",110019,salons,4.7,107,0,0,1,0,,4,OPERATIONAL
S Good Looks,"Nehru Place, Delhi",110065,salons,4.6,225,0,0,1,0,,7,OPERATIONAL
"Nails Mantra Salon & Academy (Nails-Hair-Eyelashes) , Greater kailash 1","Nehru Place, Delhi",110048,salons,4.9,572,0,1,1,0,,5,OPERATIONAL
"Affinity Express Hair & Beauty Studio, CR Park","Nehru Place, Delhi",110019,salons,4.1,415,0,1,1,0,,16,OPERATIONAL
Mannat Magnet Unisex Salon,"Nehru Place, Delhi",110065,salons,4.8,179,0,0,1,0,,5,OPERATIONAL
KAEL SALON AND MAKEUP ACADEMY,"Nehru Place, Delhi",110065,salons,4.9,48,0,0,0,0,,3,OPERATIONAL
Knockout Fight Club,"Nehru Place, Delhi",110019,gyms,4.8,1016,0,1,1,0,,11,OPERATIONAL
Cityflex Gym,"Nehru Place, Delhi",110019,gyms,4.8,134,0,0,1,0,,5,OPERATIONAL
O2 Gym,"Nehru Place, Delhi",110019,gyms,3.0,4,0,0,1,0,,7,OPERATIONAL
INOX Nehru Place,"Nehru Place, Delhi",110019,gyms,4.3,25257,1,1,1,0,,3,OPERATIONAL
Open Air Gym @ Kalkaji Park,"Nehru Place, Delhi",110019,gyms,4.3,140,0,0,0,0,,5,OPERATIONAL
Evolve Fitness Redefined,"Nehru Place, Delhi",110065,gyms,4.2,94,0,0,1,0,,5,OPERATIONAL
Reshape Gym,"Nehru Place, Delhi",110065,gyms,3.9,108,0,0,0,0,,5,OPERATIONAL
HP Singh Agencies Private Limited,"Nehru Place, Delhi",110019,clothing stores,4.3,824,0,1,1,0,,7,OPERATIONAL
Kuku Fashion Private Limited,"Nehru Place, Delhi",110019,clothing stores,4.7,82,0,1,1,0,,9,OPERATIONAL
Nehru Place Store,"Nehru Place, Delhi",110019,clothing stores,4.1,5443,0,1,0,0,,3,OPERATIONAL
Charu,"Nehru Place, Delhi",110019,clothing stores,4.8,443,0,1,1,0,,10,OPERATIONAL
Parveen And Company,"Nehru Place, Delhi",110019,clothing stores,4.7,86,0,1,1,0,,7,OPERATIONAL
Jasish,"Nehru Place, Delhi",110019,clothing stores,4.8,67,0,0,1,0,,4,OPERATIONAL
Sonia Textiles,"Nehru Place, Delhi",110019,clothing stores,4.3,40,0,0,1,0,,4,OPERATIONAL
Nehru Place Market,"Nehru Place, Delhi",110019,clothing stores,4.5,630,0,0,0,0,,3,OPERATIONAL
Fashion Fabrics,"Nehru Place, Delhi",110019,clothing stores,4.6,13,0,0,1,0,,4,OPERATIONAL
P S Designs,"Nehru Place, Delhi",110019,clothing stores,4.3,7,0,0,0,0,,8,OPERATIONAL
Sahni Fabs,"Nehru Place, Delhi",110019,clothing stores,4.2,86,0,1,1,0,,7,OPERATIONAL
Textures (A unit of Textures Square LLP),"Nehru Place, Delhi",110019,clothing stores,3.9,87,0,0,1,0,,7,OPERATIONAL
Ambay Collections,"Nehru Place, Delhi",110019,clothing stores,3.7,3,0,1,1,0,,6,OPERATIONAL
M.K. Jindal & Sons,"Nehru Place, Delhi",110019,clothing stores,4.1,26,0,1,1,0,,5,OPERATIONAL
Jagat Singh Kwatra Southend,"Nehru Place, Delhi",110019,clothing stores,4.2,50,0,0,1,0,,5,OPERATIONAL
TESSUTI - Unit of Ajay Goel Textiles,"Nehru Place, Delhi",110019,clothing stores,4.9,348,0,1,1,0,,4,OPERATIONAL
Cost To Cost Computer,"Nehru Place, Delhi",110019,clothing stores,3.8,6983,0,1,0,0,,4,OPERATIONAL
Marche Retail Pvt. Ltd.,"Nehru Place, Delhi",110019,grocery stores,4.0,44,0,1,1,0,,6,OPERATIONAL
Nehru place market skywalk,"Nehru Place, Delhi",110019,grocery stores,4.6,10,0,0,0,0,,3,OPERATIONAL
"B-7, Basement Madhuban Building","Nehru Place, Delhi",110019,grocery stores,4.1,3674,0,0,0,0,,4,OPERATIONAL
Shopping with heart,"Nehru Place, Delhi",110065,grocery stores,3.8,169,0,0,0,0,,3,OPERATIONAL
Shree Sagar General Store,"Nehru Place, Delhi",110019,grocery stores,3.8,5,0,0,1,0,,8,OPERATIONAL
Electronics Bazaar Store - Nehru Place,"Nehru Place, Delhi",110019,grocery stores,3.9,52,0,1,1,0,,4,OPERATIONAL
Nehruplace Market App,"Nehru Place, Delhi",110019,grocery stores,3.6,85,0,1,0,0,,6,OPERATIONAL
Soham Enterprises,"Nehru Place, Delhi",110019,grocery stores,4.2,101,0,0,1,0,,4,OPERATIONAL
Kalka Stationery - Best wholesale stationery shop - Stationery shop-wholesale stationery shop,"Nehru Place, Delhi",110019,grocery stores,4.9,596,0,1,1,0,,7,OPERATIONAL
LOTUS Systems & Services,"Nehru Place, Delhi",110019,grocery stores,4.7,1078,0,1,1,0,,5,OPERATIONAL
Ashoka Electronics,"Nehru Place, Delhi",110019,electronics shops,4.5,35,0,0,1,0,,6,OPERATIONAL
Laxmi Electromart,"Nehru Place, Delhi",110019,electronics shops,4.8,231,0,0,1,0,,4,OPERATIONAL
Computer Empire,"Nehru Place, Delhi",110019,electronics shops,3.8,1279,0,0,1,0,,4,OPERATIONAL
V & V Electronics,"Nehru Place, Delhi",110019,electronics shops,3.4,19,0,1,1,0,,4,OPERATIONAL
Nehru Place computer Market,"Nehru Place, Delhi",110019,electronics shops,4.5,90,0,1,1,0,,4,OPERATIONAL
Infinity Gadgets Delhi,"Nehru Place, Delhi",110019,electronics shops,4.6,134,0,0,1,0,,4,OPERATIONAL
Broadway Computers,"Nehru Place, Delhi",110019,electronics shops,3.8,16,0,0,1,0,,5,OPERATIONAL
SMC International,"Nehru Place, Delhi",110019,electronics shops,4.1,2156,0,1,1,0,,6,OPERATIONAL
Center Point,"Nehru Place, Delhi",110019,electronics shops,3.4,29,0,0,1,0,,8,OPERATIONAL
Computer Components Centre,"Nehru Place, Delhi",110019,electronics shops,4.1,56,0,0,1,0,,4,OPERATIONAL
OPTIMIST COMPUTER - Refurbished Laptops & Desktops,"Nehru Place, Delhi",110019,electronics shops,4.5,898,0,1,1,0,,5,OPERATIONAL
HP World - Saraswati House,"Nehru Place, Delhi",110019,electronics shops,4.0,457,0,1,1,0,,4,OPERATIONAL
Ambika Electronics,"Nehru Place, Delhi",110019,electronics shops,4.5,16,0,1,1,0,,3,OPERATIONAL
Delhi Wound Care Clinics - South Delhi,"Nehru Place, Delhi",110048,clinics,5.0,33,0,1,1,0,,4,OPERATIONAL
"Axis Clinics - Best Spine Pain Endoscopy, Sports injury ACL, Joints Pain and Regenerative clinic in South Delhi","Nehru Place, Delhi",110048,clinics,5.0,187,0,1,1,0,,8,OPERATIONAL
Fortis C-Doc Hospital - Best Hospital in New Delhi,"Nehru Place, Delhi",110048,clinics,4.7,2302,0,1,1,0,,8,OPERATIONAL
MASSH - Minimal Access Smart Surgery Hospital,"Nehru Place, Delhi",110048,clinics,4.7,655,0,1,1,0,,5,OPERATIONAL
"Apollo Cradle & Children's Hospital in Chirag Enclave, New Delhi","Nehru Place, Delhi",110048,clinics,4.8,5387,0,1,1,0,,7,OPERATIONAL
The Scalpel’s Edge Surgical Clinic,"Nehru Place, Delhi",110048,clinics,5.0,1,0,1,1,0,,5,OPERATIONAL
Data Clinic,"Nehru Place, Delhi",110019,clinics,4.7,3,0,1,1,0,,3,OPERATIONAL
Triton Hospital,"Nehru Place, Delhi",110019,clinics,4.7,1714,0,1,1,0,,7,OPERATIONAL
Chloé Clinique,"Nehru Place, Delhi",110019,clinics,4.9,333,0,1,1,0,,9,OPERATIONAL
Medico Hub,"Nehru Place, Delhi",110019,clinics,4.5,14,0,1,1,0,,10,OPERATIONAL
New Look Laser Clinic,"Nehru Place, Delhi",110019,clinics,4.4,192,0,1,1,0,,9,OPERATIONAL
Panmedical Services Private Limited,"Nehru Place, Delhi",110019,clinics,4.9,11,0,1,1,0,,3,OPERATIONAL
Mother Divine Fertility,"Nehru Place, Delhi",110048,clinics,4.9,386,0,1,1,0,,4,OPERATIONAL
Clinic,"Nehru Place, Delhi",110019,clinics,1.0,1,0,0,0,0,,4,OPERATIONAL
Nehru Nagar Chest and T.B. Hospital,"Nehru Place, Delhi",110065,clinics,3.5,132,0,0,1,0,,5,OPERATIONAL
L'Opéra,"Nehru Place, Delhi",110019,bakeries,4.2,121,0,1,1,1,3.0,6,OPERATIONAL
The bakers cake,"Nehru Place, Delhi",110065,bakeries,4.3,16,0,0,0,0,,6,OPERATIONAL
Bakers brown,"Nehru Place, Delhi",110065,bakeries,4.7,45,0,0,1,0,,6,OPERATIONAL
Baker's field bakery,"Nehru Place, Delhi",110065,bakeries,4.8,25,0,0,0,0,,6,OPERATIONAL
Triton Pharmacy,"Nehru Place, Delhi",110019,pharmacies,3.8,5,0,0,1,0,,5,OPERATIONAL
Mathur Medicos,"Nehru Place, Delhi",110065,pharmacies,4.9,112,0,0,1,0,,5,OPERATIONAL
Public Medicos,"Nehru Place, Delhi",110065,pharmacies,4.3,8,0,0,1,0,,5,OPERATIONAL
Fortis C-DOC Pharmacy,"Nehru Place, Delhi",110048,pharmacies,5.0,2,0,1,0,0,,9,OPERATIONAL
Veena pharmacy,"Nehru Place, Delhi",110065,pharmacies,4.0,2,0,0,0,0,,5,OPERATIONAL
Wellness Pharmacy,"Nehru Place, Delhi",110065,pharmacies,4.0,5,0,0,1,0,,5,OPERATIONAL
M Pharmacy,"Nehru Place, Delhi",110019,pharmacies,2.0,1,0,0,1,0,,5,OPERATIONAL
Family Farmace pvt Ltd,"Nehru Place, Delhi",110065,pharmacies,4.5,19,0,0,1,0,,5,OPERATIONAL
Shiv Pharmacy,"Nehru Place, Delhi",110065,pharmacies,5.0,1,0,0,1,0,,5,OPERATIONAL
Vardaan Pharmacy,"Nehru Place, Delhi",110065,pharmacies,4.7,3,0,0,1,0,,7,OPERATIONAL
"IMS Manya - Nehru Place | Study Abroad Consultant - GRE, GMAT, SAT Prep & IGCSE/IB Coaching in New Delhi","Nehru Place, Delhi",110019,tutoring centers,4.8,37,0,1,1,0,,2,OPERATIONAL
Onwardo IMS Manya The Princeton Review,"Nehru Place, Delhi",110019,tutoring centers,4.6,307,0,1,0,0,,5,OPERATIONAL
The Chopras - New Delhi,"Nehru Place, Delhi",110019,tutoring centers,4.9,315,0,1,1,0,,6,OPERATIONAL
OPEN AND DISTANCE LEARNING COUNCIL (ODLC),"Nehru Place, Delhi",110019,tutoring centers,5.0,244,0,1,1,0,,3,OPERATIONAL
Distance Education School,"Nehru Place, Delhi",110019,tutoring centers,4.7,1030,0,1,1,0,,3,OPERATIONAL
Search Education - Study Abroad Consultants | Delhi,"Nehru Place, Delhi",110019,tutoring centers,4.8,407,0,1,1,0,,6,OPERATIONAL
Skillinabox,"Nehru Place, Delhi",110019,tutoring centers,4.7,1095,0,1,1,0,,3,OPERATIONAL
Apriori Education,"Nehru Place, Delhi",110019,tutoring centers,4.4,16,0,1,1,0,,3,OPERATIONAL
Master Dinesh,"Nehru Place, Delhi",110019,tutoring centers,4.6,72,0,1,1,0,,3,OPERATIONAL
Studynama - The Mega Online Education Hub,"Nehru Place, Delhi",110019,tutoring centers,5.0,4,0,1,0,0,,3,OPERATIONAL
"NIIT Learner Hub, Delhi","Nehru Place, Delhi",110019,tutoring centers,5.0,9,0,1,1,0,,3,OPERATIONAL
Open Path,"Nehru Place, Delhi",110019,tutoring centers,4.9,94,0,1,1,0,,2,OPERATIONAL
VNS International Pvt Ltd - HP Z Centre of Excellence,"Nehru Place, Delhi",110019,tutoring centers,4.9,149,0,1,1,0,,3,OPERATIONAL
Jamecho Edu2fly Private Limited,"Nehru Place, Delhi",110019,tutoring centers,4.7,37,0,1,1,0,,4,OPERATIONAL
Studycafe,"Nehru Place, Delhi",110019,tutoring centers,4.6,385,0,1,1,0,,3,OPERATIONAL
FairGaze Skills Pvt Ltd,"Nehru Place, Delhi",110019,tutoring centers,5.0,4,0,1,1,0,,4,OPERATIONAL
upGrad Abroad South Delhi - Study Abroad Consultants,"Nehru Place, Delhi",110019,tutoring centers,4.8,24,0,1,1,0,,4,OPERATIONAL
Singh Furniture Gallery,"Nehru Place, Delhi",110019,furniture stores,4.5,15,0,0,1,0,,7,OPERATIONAL
The Sleep Company Experience Store - Lajpat Nagar,"Nehru Place, Delhi",110024,furniture stores,4.8,915,0,1,1,0,,7,OPERATIONAL
K25 Computers,"Nehru Place, Delhi",110019,furniture stores,4.6,51,0,1,1,0,,9,OPERATIONAL
Hans Furniture,"Nehru Place, Delhi",110019,furniture stores,3.9,12,0,0,1,0,,6,OPERATIONAL
Nirankari Sofa & Chair Servicing in Delhi NCR,"Nehru Place, Delhi",110019,furniture stores,5.0,1,0,1,1,0,,9,OPERATIONAL
DaMobile : Samsung | One Plus | Apple | Vivo | Oppo | Infinix | Tecno | Realme | Motorola Mobile Repair in Nehru Place Delhi,"Nehru Place, Delhi",110019,mobile shops,4.9,1806,0,1,1,1,2.0,3,OPERATIONAL
Kushwaha Telecom Pvt Ltd,"Nehru Place, Delhi",110019,mobile shops,4.9,415,0,1,1,0,,3,OPERATIONAL
"Cashify Mobile Phone Shop | Buy, Sell and Repair in Nehru Place, New Delhi","Nehru Place, Delhi",110019,mobile shops,4.9,345,0,1,1,0,,6,OPERATIONAL
Go Mobile,"Nehru Place, Delhi",110019,mobile shops,3.2,57,0,0,1,0,,4,OPERATIONAL
Logica Mobile Store - Mobiles & Laptop Shop - NP,"Nehru Place, Delhi",110019,mobile shops,4.9,40,0,0,1,0,,4,OPERATIONAL
Mobile Empire (Er shahnwaz),"Nehru Place, Delhi",110019,mobile shops,4.3,12,0,0,0,0,,4,OPERATIONAL
Hotspot Mobile Store,"Nehru Place, Delhi",110019,mobile shops,5.0,1526,0,1,1,0,,4,OPERATIONAL
TS Group Mobile phone IPad and tablet store,"Nehru Place, Delhi",110019,mobile shops,4.6,9,0,0,1,0,,4,OPERATIONAL
RS MOBILE WORLD,"Nehru Place, Delhi",110019,mobile shops,5.0,11,0,0,1,0,,4,OPERATIONAL
Samsung Experience Store Nehru Place,"Nehru Place, Delhi",110019,mobile shops,4.1,221,0,1,1,0,,6,OPERATIONAL
The Mobile Specialist,"Nehru Place, Delhi",110019,mobile shops,4.9,12,0,0,0,0,,3,OPERATIONAL
Sanghi Communication,"Nehru Place, Delhi",110019,mobile shops,4.6,18,0,1,1,0,,4,OPERATIONAL
Tele Care,"Nehru Place, Delhi",110019,mobile shops,4.3,62,0,1,1,0,,4,OPERATIONAL
Shine Mobile Centre,"Nehru Place, Delhi",110019,mobile shops,4.7,153,0,1,1,0,,3,OPERATIONAL
Suman Enterprises Nehru place,"Nehru Place, Delhi",110019,mobile shops,4.8,63,0,1,1,0,,3,OPERATIONAL
Jaipur Jewels N Arts,"Nehru Place, Delhi",110019,jewellery shops,4.0,5,0,0,1,0,,5,OPERATIONAL
Soni Sapphire,"Nehru Place, Delhi",110024,jewellery shops,4.3,619,0,0,1,0,,4,OPERATIONAL
"TOLA & CARAT | Jewellers In Lajpat Nagar,South Delhi","Nehru Place, Delhi",110024,jewellery shops,5.0,91,0,1,1,0,,4,OPERATIONAL
Sangini Bangles,"Nehru Place, Delhi",110024,jewellery shops,4.8,739,0,1,1,0,,5,OPERATIONAL
Rubina Jewellers,"Nehru Place, Delhi",110024,jewellery shops,4.9,55,0,1,0,0,,4,OPERATIONAL
Trikanya Jewellers,"Nehru Place, Delhi",110024,jewellery shops,4.8,50,0,1,1,0,,4,OPERATIONAL
MK Enterprises,"Nehru Place, Delhi",110019,hardware stores,3.7,6,0,1,1,0,,6,OPERATIONAL
IT HUB,"Nehru Place, Delhi",110019,hardware stores,4.4,105,0,0,1,0,,3,OPERATIONAL
Repair Hub,"Nehru Place, Delhi",110019,hardware stores,3.4,5,0,0,1,0,,5,OPERATIONAL
Khalsa Parivar Restaurant,"Mayapuri, Delhi",110064,restaurants,4.0,1617,0,0,1,1,2.0,9,OPERATIONAL
Yara - Terrace Cafe,"Mayapuri, Delhi",110064,restaurants,4.3,159,0,0,1,0,,7,OPERATIONAL
Glori by Noshh,"Mayapuri, Delhi",110064,restaurants,4.2,663,0,0,1,0,,9,OPERATIONAL
New Khalsa Restaurant,"Mayapuri, Delhi",110064,restaurants,3.8,1352,0,0,1,1,2.0,10,OPERATIONAL
Taste of Kerala Mayapuri,"Mayapuri, Delhi",110027,restaurants,4.8,49,0,0,1,0,,4,OPERATIONAL
Woodland Affairs,"Mayapuri, Delhi",110018,restaurants,4.9,3773,0,1,0,0,,6,OPERATIONAL
BeeBa Delhi,"Mayapuri, Delhi",110064,restaurants,4.0,44,0,0,1,0,,6,OPERATIONAL
Glinz - The Air Lounge,"Mayapuri, Delhi",110064,restaurants,4.8,105,0,1,1,0,,8,OPERATIONAL
Mayapuri famous chole kulcha,"Mayapuri, Delhi",110064,restaurants,3.9,4438,0,1,1,1,1.0,9,OPERATIONAL
Jyoti Tandoori Dhaba(Lala ji Motia khan wale),"Mayapuri, Delhi",110064,restaurants,4.2,165,0,0,1,0,,4,OPERATIONAL
Shree Radha Ki Rasoi,"Mayapuri, Delhi",110064,restaurants,4.3,334,0,0,1,0,,7,OPERATIONAL
Chatore,"Mayapuri, Delhi",110064,restaurants,4.1,201,0,0,1,0,,6,OPERATIONAL
Kitchen Klub Bar Restaurant,"Mayapuri, Delhi",110064,restaurants,4.0,58,0,0,0,0,,9,OPERATIONAL
Simpy's Cafe The Best family Restaurant,"Mayapuri, Delhi",110064,restaurants,4.9,451,0,0,1,1,2.0,10,OPERATIONAL
Pritam Meat Wala mayapuri (near cng pump),"Mayapuri, Delhi",110064,restaurants,4.3,33,0,0,1,0,,6,OPERATIONAL
Dhaba A Punjabi Theme Restaurant | Rajouri Garden,"Mayapuri, Delhi",110027,restaurants,3.9,649,0,1,1,0,,7,OPERATIONAL
The Mughal Trail,"Mayapuri, Delhi",110064,restaurants,3.5,44,0,0,1,0,,6,OPERATIONAL
Tapas - The Rooftop Cafe,"Mayapuri, Delhi",110064,cafes,5.0,20,0,1,1,0,,4,OPERATIONAL
Courtside Cafe,"Mayapuri, Delhi",110064,cafes,5.0,10,0,0,0,0,,4,OPERATIONAL
Sukun Lounge,"Mayapuri, Delhi",110064,cafes,4.4,79,0,0,0,0,,5,OPERATIONAL
The BlackFox Cafe,"Mayapuri, Delhi",110064,cafes,4.5,125,0,0,1,0,,5,OPERATIONAL
Smash & Brew,"Mayapuri, Delhi",110027,cafes,4.7,41,0,1,0,0,,4,OPERATIONAL
Rutba Step into Luxury,"Mayapuri, Delhi",110064,cafes,4.7,97,0,1,1,0,,5,OPERATIONAL
Nourish by cafe west delhi,"Mayapuri, Delhi",110064,cafes,3.9,10,0,1,1,0,,4,OPERATIONAL
Cafe in off,"Mayapuri, Delhi",110064,cafes,5.0,33,0,0,1,0,,8,OPERATIONAL
28 Degree Unisex Salon - [ Hari Nagar ],"Mayapuri, Delhi",110064,salons,4.9,668,0,1,1,0,,12,OPERATIONAL
Glamin Unisex Salon - Makeup artist in Hari Nagar - Unisex salon in Hari Nagar - Nail art - bridal makeup in Hari Nagar,"Mayapuri, Delhi",110064,salons,4.8,917,0,1,1,0,,8,OPERATIONAL
Avalon Unisex Salon,"Mayapuri, Delhi",110064,salons,4.7,391,0,0,1,0,,4,OPERATIONAL
Magic Charm Lady Salon,"Mayapuri, Delhi",110064,salons,4.9,174,0,0,1,0,,4,OPERATIONAL
DO MY HAIR UNISEX SALON & MAKEUP STUDIO MAKEUP I NAILS I BEAUTY I HAIRS,"Mayapuri, Delhi",110064,salons,4.8,147,0,1,1,0,,7,OPERATIONAL
Alisha's Empire Salon,"Mayapuri, Delhi",110027,salons,4.5,685,0,0,0,0,,4,OPERATIONAL
Bella Ciao Unisex Salon,"Mayapuri, Delhi",110064,salons,4.5,111,0,0,1,0,,8,OPERATIONAL
Mona Manav Makeovers Unisex Salon And Academy - Hari Nagar,"Mayapuri, Delhi",110064,salons,4.8,123,0,1,1,0,,11,OPERATIONAL
Reet Makeovers Unisex Luxury Salon & Academy | Best Unisex Salon in Hari Nagar | Bridal Makeup Artist in Hari Nagar,"Mayapuri, Delhi",110064,salons,4.7,121,0,1,1,0,,10,OPERATIONAL
Reet Makeovers Luxury Unisex Salon & Academy,"Mayapuri, Delhi",110018,salons,4.4,291,0,1,1,0,,11,OPERATIONAL
"Noble touch unisex salon | luxury salon | skin , hair , makeup , beauty and extensions","Mayapuri, Delhi",110064,salons,4.8,171,0,1,1,0,,10,OPERATIONAL
Portastylistic Salon,"Mayapuri, Delhi",110064,salons,5.0,46,0,0,1,0,,4,OPERATIONAL
Star look Hair Salon - Hari Nagar,"Mayapuri, Delhi",110064,salons,4.9,827,0,0,1,0,,7,OPERATIONAL
Platinum Gym,"Mayapuri, Delhi",110064,gyms,4.8,514,0,0,1,0,,5,OPERATIONAL
Capital Fitness,"Mayapuri, Delhi",110064,gyms,4.6,155,0,1,1,0,,3,OPERATIONAL
Brother'sGym,"Mayapuri, Delhi",110046,gyms,4.9,184,0,0,1,0,,5,OPERATIONAL
FITNESS HORSES GYM,"Mayapuri, Delhi",110046,gyms,5.0,1,0,0,0,0,,5,OPERATIONAL
D3 Fitness,"Mayapuri, Delhi",110046,gyms,4.8,189,0,0,1,0,,5,OPERATIONAL
Veers Gym,"Mayapuri, Delhi",110046,gyms,4.7,373,0,1,1,0,,5,OPERATIONAL
The Crew Unisex Gym,"Mayapuri, Delhi",110028,gyms,4.8,153,0,0,1,0,,5,OPERATIONAL
Randhawa GYM,"Mayapuri, Delhi",110027,gyms,4.7,31,0,0,0,0,,5,OPERATIONAL
Grow with arpit,"Mayapuri, Delhi",110064,gyms,5.0,152,0,1,1,0,,5,OPERATIONAL
AK FITNESS Powered By - Arun Kumar,"Mayapuri, Delhi",110064,gyms,5.0,20,0,0,1,0,,5,OPERATIONAL
Clubfit Gym,"Mayapuri, Delhi",110027,gyms,4.2,101,0,0,1,0,,5,OPERATIONAL
Unstoppable Fitness Gym,"Mayapuri, Delhi",110064,gyms,4.9,42,0,0,1,0,,6,OPERATIONAL
Raw Fitness Garage Gym,"Mayapuri, Delhi",110064,gyms,4.8,141,0,1,1,0,,5,OPERATIONAL
BROTHERS FITNESS CLUB (BFC GYM),"Mayapuri, Delhi",110028,gyms,4.8,88,0,0,1,0,,5,OPERATIONAL
KOBRA Gym Equipment - HEALTHLINE,"Mayapuri, Delhi",110064,gyms,4.4,14,0,0,1,0,,3,OPERATIONAL
POWER SURGE GYM,"Mayapuri, Delhi",110064,gyms,5.0,18,0,0,0,0,,5,OPERATIONAL
"FLUID Gym, Hari Nagar","Mayapuri, Delhi",110064,gyms,4.0,288,0,0,0,0,,5,OPERATIONAL
Next level fitness gym,"Mayapuri, Delhi",110046,gyms,4.3,28,0,0,0,0,,5,OPERATIONAL
Kumardeep Apparels Pvt. Ltd.,"Mayapuri, Delhi",110046,clothing stores,4.1,96,0,1,1,0,,5,OPERATIONAL
Exposure Style Boys Wear,"Mayapuri, Delhi",110064,clothing stores,4.3,1092,0,0,1,0,,4,OPERATIONAL
Tailorworks Company (Formerly Darzi On Call),"Mayapuri, Delhi",110064,clothing stores,4.3,1082,0,1,1,0,,8,OPERATIONAL
Zachi Store,"Mayapuri, Delhi",110064,clothing stores,3.9,16,0,1,1,0,,4,OPERATIONAL
GOTTI,"Mayapuri, Delhi",110046,clothing stores,4.0,171,0,0,1,0,,4,OPERATIONAL
ENDEAVOUR WEAR,"Mayapuri, Delhi",110064,clothing stores,5.0,1,0,1,1,0,,4,OPERATIONAL
Baba Garments,"Mayapuri, Delhi",110046,clothing stores,4.2,48,0,0,1,0,,4,OPERATIONAL
Mculine,"Mayapuri, Delhi",110064,clothing stores,4.6,34,0,1,0,0,,4,OPERATIONAL
"Zudio - Mckenzie Tower, Delhi","Mayapuri, Delhi",110064,clothing stores,4.0,51,0,1,1,0,,5,OPERATIONAL
Indu Silk Store & Indu Sarees,"Mayapuri, Delhi",110046,clothing stores,4.5,100,0,0,1,0,,4,OPERATIONAL
Denimak Clothing,"Mayapuri, Delhi",110064,clothing stores,4.3,8,0,0,0,0,,4,OPERATIONAL
RG FASHION HUB,"Mayapuri, Delhi",110015,clothing stores,3.5,24,0,0,1,0,,4,OPERATIONAL
Classy Art Creation,"Mayapuri, Delhi",110064,clothing stores,4.1,241,0,1,1,0,,6,OPERATIONAL
"G Grace – Manufacturer & Supplier of Customized Polo T-Shirts, Corporate Wear & Apparel in Delhi, India","Mayapuri, Delhi",110064,clothing stores,5.0,18,0,1,1,0,,7,OPERATIONAL
STRAWBERRY FASHION STUDIO DELHI-DESIGNER BOUTIQUE FOR LADIES,"Mayapuri, Delhi",110064,clothing stores,5.0,7,0,0,1,0,,4,OPERATIONAL
Godson Print Shop,"Mayapuri, Delhi",110064,clothing stores,5.0,7,0,0,1,0,,7,OPERATIONAL
SHIVA INTERNATIONAL APPARELS,"Mayapuri, Delhi",110064,clothing stores,2.9,10,0,1,0,0,,4,OPERATIONAL
Akashdeep Selection,"Mayapuri, Delhi",110046,clothing stores,3.6,19,0,1,1,0,,5,OPERATIONAL
LUX GROOM'S STUDIO,"Mayapuri, Delhi",110046,clothing stores,5.0,6,0,0,0,0,,4,OPERATIONAL
ARORA SUPER MART,"Mayapuri, Delhi",110046,grocery stores,4.2,872,0,0,1,0,,7,OPERATIONAL
Tank Market,"Mayapuri, Delhi",110064,grocery stores,3.8,510,0,0,1,0,,3,OPERATIONAL
Dhingra Value Mart,"Mayapuri, Delhi",110064,grocery stores,4.5,229,0,0,0,0,,11,OPERATIONAL
"Gandhi market, Hari nagar","Mayapuri, Delhi",110064,grocery stores,4.2,390,0,1,0,0,,3,OPERATIONAL
Head Light Market,"Mayapuri, Delhi",110064,grocery stores,4.2,5,0,0,0,0,,7,OPERATIONAL
Meghraj & Sons,"Mayapuri, Delhi",110027,grocery stores,4.2,96,0,0,1,0,,7,OPERATIONAL
Db Block Market,"Mayapuri, Delhi",110064,grocery stores,4.0,140,0,0,0,0,,6,OPERATIONAL
Chawla Store,"Mayapuri, Delhi",110064,grocery stores,5.0,23,0,0,1,0,,9,OPERATIONAL
Supermarket Display Racks - VEEJAY SALES CORPORATION (INDIA),"Mayapuri, Delhi",110064,grocery stores,4.1,40,0,1,1,0,,7,OPERATIONAL
Himanshu store,"Mayapuri, Delhi",110077,grocery stores,4.0,97,0,0,1,0,,7,OPERATIONAL
Rajapuri Market,"Mayapuri, Delhi",110059,grocery stores,3.8,1574,0,0,0,0,,3,OPERATIONAL
Shree Ram Food Additives,"Mayapuri, Delhi",110064,grocery stores,3.8,74,0,0,1,0,,5,OPERATIONAL
Shahrukh Communications,"Mayapuri, Delhi",110064,electronics shops,4.1,18,0,0,1,0,,4,OPERATIONAL
Venkateshwar India Sales Pvt.Ltd.,"Mayapuri, Delhi",110064,electronics shops,4.8,33,0,1,1,0,,7,OPERATIONAL
Mayapuri 150. B,"Mayapuri, Delhi",110064,electronics shops,3.6,5,0,0,0,0,,4,OPERATIONAL
S. P. Electrical Engineers,"Mayapuri, Delhi",110064,electronics shops,4.6,5,0,0,1,0,,4,OPERATIONAL
S.R. Electronics | Transformer Manufacturers,"Mayapuri, Delhi",110064,electronics shops,5.0,2,0,1,0,0,,2,OPERATIONAL
Mahima Electronics,"Mayapuri, Delhi",110032,electronics shops,4.9,240,0,1,1,0,,7,OPERATIONAL
Nancy Impex Pvt Ltd,"Mayapuri, Delhi",110064,electronics shops,4.1,41,0,0,1,0,,2,OPERATIONAL
Motor Concept,"Mayapuri, Delhi",110064,electronics shops,4.3,677,0,1,1,0,,7,OPERATIONAL
DASHMESH ENTERPRISE/ best electrical shop in Delhi,"Mayapuri, Delhi",110064,electronics shops,4.9,12,0,0,0,0,,4,OPERATIONAL
Sonia Mahajan & Company,"Mayapuri, Delhi",110064,electronics shops,4.0,51,0,0,1,0,,6,OPERATIONAL
Tiwari Electronics,"Mayapuri, Delhi",110064,electronics shops,2.8,18,0,0,1,0,,4,OPERATIONAL
Softlink Systems,"Mayapuri, Delhi",110064,electronics shops,4.2,19,0,1,1,0,,6,OPERATIONAL
J J Electronics,"Mayapuri, Delhi",110064,electronics shops,5.0,4,0,1,1,0,,5,OPERATIONAL
Kyno Health | Home Visit Doctor & General Physician in Mayapuri,"Mayapuri, Delhi",110064,clinics,4.8,118,0,1,1,0,,7,OPERATIONAL
Orange Health Labs Delhi,"Mayapuri, Delhi",110064,clinics,4.7,422,0,1,1,0,,4,OPERATIONAL
Floret Hospital | Dr.Sanyogita | Dr.Manoj | Best Gynecologist & Pediatrician in Hari nagar New Delhi,"Mayapuri, Delhi",110064,clinics,4.9,230,0,1,1,0,,5,OPERATIONAL
The DANT DENTAL CLINIC,"Mayapuri, Delhi",110046,clinics,4.9,167,0,0,1,0,,5,OPERATIONAL
"Kriti Ayurvedic Clinic - Best Ayurvedic Doctor in Rajouri garden, Harinagar Mayapuri","Mayapuri, Delhi",110064,clinics,5.0,23,0,1,1,0,,3,OPERATIONAL
Dr Upendra Yadav - Home Visit Doctor & General Physician - Kyno Health,"Mayapuri, Delhi",110064,clinics,5.0,6,0,1,1,0,,7,OPERATIONAL
Dr. Bharti Medical & Dental Center,"Mayapuri, Delhi",110064,clinics,4.9,51,0,1,1,0,,9,OPERATIONAL
Dr Vinod Kumar Sehgal,"Mayapuri, Delhi",110027,clinics,4.7,12,0,0,1,0,,4,OPERATIONAL
Dr Nikita Gupta - The Chelmer Clinic,"Mayapuri, Delhi",110027,clinics,4.7,96,0,1,1,0,,4,OPERATIONAL
Medical Avenue,"Mayapuri, Delhi",110064,clinics,5.0,4,0,0,0,0,,4,OPERATIONAL
Global Pathology Centre NABL certified lab,"Mayapuri, Delhi",110064,clinics,4.9,399,0,1,1,0,,4,OPERATIONAL
ESI Dispensary Mayapuri Phase 1,"Mayapuri, Delhi",110064,clinics,3.1,35,0,1,1,0,,5,OPERATIONAL
Dr Prateek dental hospital,"Mayapuri, Delhi",110064,clinics,4.8,23,0,1,1,0,,6,OPERATIONAL
Nurture Life Women Care - Dr Himani Modi Malik,"Mayapuri, Delhi",110064,clinics,5.0,75,0,0,1,0,,4,OPERATIONAL
DCDC Kidney Care,"Mayapuri, Delhi",110064,clinics,4.1,146,0,1,1,0,,3,OPERATIONAL
Pain Nivaran Care Clinic,"Mayapuri, Delhi",110064,clinics,4.8,178,0,1,1,0,,9,OPERATIONAL
Amari Bakehouse,"Mayapuri, Delhi",110064,bakeries,5.0,43,0,0,1,0,,6,OPERATIONAL
Demould Bakery (Central Kitchen),"Mayapuri, Delhi",110064,bakeries,3.6,14,0,0,1,0,,6,OPERATIONAL
Danish Patisserie - Bakery & Confectionery Shop in Delhi,"Mayapuri, Delhi",110064,bakeries,4.8,51,0,1,1,0,,6,OPERATIONAL
Manocha Namkeen & Bakers - Bakery In Hari Nagar,"Mayapuri, Delhi",110064,bakeries,4.3,458,0,0,1,1,2.0,6,OPERATIONAL
Flying Apron Bakers,"Mayapuri, Delhi",110064,bakeries,4.9,85,0,1,1,0,,6,OPERATIONAL
Cake Bake Place,"Mayapuri, Delhi",110064,bakeries,4.6,80,0,0,1,0,,6,OPERATIONAL
Bakington Foods Private Limited,"Mayapuri, Delhi",110064,bakeries,5.0,13,0,0,0,0,,5,OPERATIONAL
Lahore Bakery,"Mayapuri, Delhi",110046,bakeries,4.4,59,0,1,1,0,,17,OPERATIONAL
Bakington Bakery,"Mayapuri, Delhi",110064,bakeries,4.0,423,0,1,1,0,,6,OPERATIONAL
Super Bakers,"Mayapuri, Delhi",110046,bakeries,4.0,82,0,0,1,0,,8,OPERATIONAL
Genie's Magic Bakery,"Mayapuri, Delhi",110064,bakeries,5.0,25,0,0,1,0,,6,OPERATIONAL
Cake Bazaar And More .,"Mayapuri, Delhi",110064,bakeries,4.1,301,0,0,1,1,2.0,6,OPERATIONAL
Shri Ram Bakery,"Mayapuri, Delhi",110064,bakeries,4.2,145,0,0,1,0,,6,OPERATIONAL
JYOTI SWEETS & BAKERY,"Mayapuri, Delhi",110064,bakeries,3.7,318,0,0,1,0,,9,OPERATIONAL
davaindia GENERIC PHARMACY,"Mayapuri, Delhi",110064,pharmacies,4.6,14,0,1,1,0,,10,OPERATIONAL
Ashoka Medicos,"Mayapuri, Delhi",110064,pharmacies,4.8,49,0,0,1,0,,5,OPERATIONAL
Medi Shoppe,"Mayapuri, Delhi",110064,pharmacies,4.7,18,0,1,1,0,,6,OPERATIONAL
pradhan mantri bhartiya janaushadhi kendra,"Mayapuri, Delhi",110064,pharmacies,4.9,54,0,0,1,0,,5,OPERATIONAL
PAWAN PHARMACY,"Mayapuri, Delhi",110064,pharmacies,5.0,1,0,0,1,0,,5,OPERATIONAL
RAJDHANI PHARMACY,"Mayapuri, Delhi",110028,pharmacies,5.0,30,0,0,0,0,,5,OPERATIONAL
Shree Krishna Medicos,"Mayapuri, Delhi",110064,pharmacies,5.0,6,0,0,1,0,,5,OPERATIONAL
ZEELAB Pharmacy - Hari Nagar,"Mayapuri, Delhi",110064,pharmacies,4.9,83,0,1,1,0,,5,OPERATIONAL
Pradhan Mantri Jan Aushadhi Kendra,"Mayapuri, Delhi",110046,pharmacies,4.5,13,0,0,0,0,,5,OPERATIONAL
SMART CARE PHARMACY,"Mayapuri, Delhi",110046,pharmacies,4.7,12,0,0,1,0,,5,OPERATIONAL
Zeelab Pharmacy - Hari Nagar IOCL 2 Maya Enclave,"Mayapuri, Delhi",110064,pharmacies,4.9,130,0,1,1,0,,5,OPERATIONAL
Sars Mediways,"Mayapuri, Delhi",110064,pharmacies,5.0,1,0,0,0,0,,5,OPERATIONAL
I Pharmacy,"Mayapuri, Delhi",110028,pharmacies,5.0,1,0,0,0,0,,5,OPERATIONAL
Zeelab Pharmacy - Block BE Hari Nagar,"Mayapuri, Delhi",110064,pharmacies,5.0,60,0,1,1,0,,5,OPERATIONAL
Life Care Pharmacy,"Mayapuri, Delhi",110064,pharmacies,5.0,2,0,0,1,0,,5,OPERATIONAL
Sanjeevani Medicos,"Mayapuri, Delhi",110064,pharmacies,4.8,28,0,0,1,0,,6,OPERATIONAL
Learning Loftt Tuition Classes,"Mayapuri, Delhi",110064,tutoring centers,5.0,1,0,0,1,0,,3,OPERATIONAL
Roots Education Tuition Centre,"Mayapuri, Delhi",110064,tutoring centers,4.9,72,0,0,1,0,,4,OPERATIONAL
Sky Tutorial,"Mayapuri, Delhi",110046,tutoring centers,5.0,2,0,0,0,0,,3,OPERATIONAL
Arora Academy,"Mayapuri, Delhi",110064,tutoring centers,5.0,15,0,0,0,0,,3,OPERATIONAL
"Edupedia Learning Point ,Edupedia home tutors and Edupedia School of Projects,Hindi and sanskrit classes","Mayapuri, Delhi",110027,tutoring centers,4.8,24,0,0,1,0,,8,OPERATIONAL
"Direct admission in delhi only B.tech Cse, BCA,BBA ipu No donation(B.TECH COACHING& TUTIONS/TUTOR/ DIRECT ADMISSION)","Mayapuri, Delhi",110064,tutoring centers,4.9,367,0,0,1,0,,2,OPERATIONAL
IB AP MYP IGCSE Chemistry Online & Offline Tutor,"Mayapuri, Delhi",110064,tutoring centers,5.0,18,0,0,1,0,,2,OPERATIONAL
Tuition Classes by Jasvinder Kaur,"Mayapuri, Delhi",110064,tutoring centers,5.0,27,0,0,1,0,,3,OPERATIONAL
Grace Coaching Academy,"Mayapuri, Delhi",110064,tutoring centers,4.9,37,0,0,1,0,,3,OPERATIONAL
Jaipuria Educational Services Private Limited | iJaipuria - Best Online Learning Platform in India,"Mayapuri, Delhi",110015,tutoring centers,4.4,51,0,1,0,0,,3,OPERATIONAL
AK Coaching | Entrance Prep Solution,"Mayapuri, Delhi",110064,tutoring centers,4.7,223,0,1,1,0,,2,OPERATIONAL
HOME TUTORS IN HARI NAGAR,"Mayapuri, Delhi",110064,tutoring centers,5.0,2,0,0,0,0,,3,OPERATIONAL
S.S.D.N TUITIONS,"Mayapuri, Delhi",110027,tutoring centers,4.9,46,0,0,1,0,,3,OPERATIONAL
Alpha Coaching Centre,"Mayapuri, Delhi",110064,tutoring centers,4.6,26,0,0,1,0,,5,OPERATIONAL
Future Track Coaching Center,"Mayapuri, Delhi",110027,tutoring centers,5.0,45,0,0,1,0,,2,OPERATIONAL
ARISTOTELIAN AKADEMIA (RPC),"Mayapuri, Delhi",110064,tutoring centers,5.0,226,0,0,0,0,,2,OPERATIONAL
Shiksha Gyaan Tuition Centre,"Mayapuri, Delhi",110064,tutoring centers,5.0,8,0,0,1,0,,3,OPERATIONAL
WHIMS AND FANCIES,"Mayapuri, Delhi",110064,furniture stores,4.2,82,0,0,1,0,,6,OPERATIONAL
Kamya.Home - Furnitures Store in MAYAPURI INDUSTRIAL AREA,"Mayapuri, Delhi",110064,furniture stores,4.4,122,0,1,1,0,,6,OPERATIONAL
Furnikart,"Mayapuri, Delhi",110064,furniture stores,5.0,68,0,1,1,0,,9,OPERATIONAL
Luxewoodindia- Luxury Furniture Store,"Mayapuri, Delhi",110064,furniture stores,4.8,50,0,1,1,0,,6,OPERATIONAL
Casa Vastuvit | Luxury Furniture Showroom,"Mayapuri, Delhi",110064,furniture stores,4.4,7,0,1,0,0,,9,OPERATIONAL
"SUDAMAX -Luxury Furniture-customise furniture, Manufacture unit in Mayapuri","Mayapuri, Delhi",110064,furniture stores,4.0,207,0,1,1,0,,3,OPERATIONAL
The Furniture Store,"Mayapuri, Delhi",110015,furniture stores,5.0,5,0,1,1,0,,6,OPERATIONAL
Woodmac,"Mayapuri, Delhi",110028,furniture stores,4.9,345,0,1,1,0,,8,OPERATIONAL
FURNISIA LIVING,"Mayapuri, Delhi",110064,furniture stores,5.0,7,0,1,1,0,,9,OPERATIONAL
Sunindra Furniture,"Mayapuri, Delhi",110064,furniture stores,3.7,6,0,1,1,0,,4,OPERATIONAL
Plaza Chair,"Mayapuri, Delhi",110028,furniture stores,4.9,17,0,0,1,0,,7,OPERATIONAL
D K Furniture shop shop,"Mayapuri, Delhi",110064,furniture stores,5.0,1,0,0,1,0,,6,OPERATIONAL
SG Interior,"Mayapuri, Delhi",110064,furniture stores,5.0,7,0,0,0,0,,6,OPERATIONAL
Novatic Furniture,"Mayapuri, Delhi",110064,furniture stores,5.0,5,0,1,1,0,,3,OPERATIONAL
Ajai Timber Pvt. Ltd,"Mayapuri, Delhi",110015,furniture stores,4.0,103,0,0,1,0,,6,OPERATIONAL
HBT WOODEN FURNITURE WORK,"Mayapuri, Delhi",110015,furniture stores,5.0,1,0,1,1,0,,9,OPERATIONAL
Trendfinity Trading Co.,"Mayapuri, Delhi",110064,mobile shops,4.2,48,0,0,1,0,,4,OPERATIONAL
Mobile Planet,"Mayapuri, Delhi",110064,mobile shops,4.5,12,0,0,1,0,,4,OPERATIONAL
Aggarwal.Com,"Mayapuri, Delhi",110064,mobile shops,4.3,20,0,0,1,0,,4,OPERATIONAL
Shivam Mobile Shop,"Mayapuri, Delhi",110046,mobile shops,5.0,1,0,0,1,0,,3,OPERATIONAL
Shaws Electronics,"Mayapuri, Delhi",110064,mobile shops,4.3,12,0,1,1,0,,4,OPERATIONAL
Seraj communication,"Mayapuri, Delhi",110064,mobile shops,3.7,3,0,0,1,0,,2,OPERATIONAL
Aap sabka hero ajay,"Mayapuri, Delhi",110064,mobile shops,5.0,5,0,0,1,0,,3,OPERATIONAL
VERMA TELECOM 4,"Mayapuri, Delhi",110064,mobile shops,5.0,2,0,0,1,0,,4,OPERATIONAL
CALLONE IMPORTS PVT.LTD,"Mayapuri, Delhi",110064,mobile shops,4.8,14,0,0,1,0,,2,OPERATIONAL
S.Kumar Jewellers,"Mayapuri, Delhi",110064,jewellery shops,5.0,160,0,0,1,0,,4,OPERATIONAL
Nagi Jewellers by Surinder Nagi,"Mayapuri, Delhi",110018,jewellery shops,4.8,198,0,1,1,0,,6,OPERATIONAL
Miiddas by Sachdeva Jewellers - Natural Gemstones & Hallmarked Gold | Best certified gemstones in Delhi,"Mayapuri, Delhi",110064,jewellery shops,4.9,30,0,1,1,0,,7,OPERATIONAL
Shri Mahalaxmi Jewellers,"Mayapuri, Delhi",110064,jewellery shops,4.0,6,0,0,0,0,,4,OPERATIONAL
Lavanya Luxe,"Mayapuri, Delhi",110027,jewellery shops,5.0,20,0,1,0,0,,4,OPERATIONAL
Vandana Gems Pvt. Ltd.,"Mayapuri, Delhi",110064,jewellery shops,4.8,13,0,0,1,0,,7,OPERATIONAL
Khandelwal Jewellers,"Mayapuri, Delhi",110064,jewellery shops,4.6,25,0,0,1,0,,4,OPERATIONAL
Multan Jewellers,"Mayapuri, Delhi",110046,jewellery shops,4.4,72,0,1,1,0,,4,OPERATIONAL
Veer Jewellers - Silver Shop In Rajouri Garden,"Mayapuri, Delhi",110027,jewellery shops,3.1,52,0,0,1,0,,5,OPERATIONAL
N. K HARDWARE STORE- (HARDWARE SHOP IN MAYAPURI),"Mayapuri, Delhi",110064,hardware stores,4.5,28,0,0,1,0,,5,OPERATIONAL
Soni Enterprises(BOSCH DEALER),"Mayapuri, Delhi",110064,hardware stores,4.5,107,0,0,1,0,,11,OPERATIONAL
Hardware store,"Mayapuri, Delhi",110064,hardware stores,4.0,5,0,0,0,0,,5,OPERATIONAL
Soni hardware store,"Mayapuri, Delhi",110064,hardware stores,5.0,1,0,0,1,0,,3,OPERATIONAL
Hardwyn,"Mayapuri, Delhi",110064,hardware stores,3.5,130,0,1,1,0,,5,OPERATIONAL
VERMA MILL STORE,"Mayapuri, Delhi",110064,hardware stores,4.3,20,0,0,1,0,,5,OPERATIONAL
SANDHU HARDWARE STORE,"Mayapuri, Delhi",110064,hardware stores,5.0,4,0,0,1,0,,5,OPERATIONAL
Gupta Traders,"Mayapuri, Delhi",110046,hardware stores,4.5,52,0,1,1,0,,5,OPERATIONAL
VERMA TRADERS,"Mayapuri, Delhi",110064,hardware stores,4.2,88,0,1,1,0,,10,OPERATIONAL
D R & Company,"Mayapuri, Delhi",110064,hardware stores,4.7,3,0,0,1,0,,5,OPERATIONAL
Ramandeep Singh Shop,"Mayapuri, Delhi",110064,hardware stores,4.5,4,0,0,1,0,,5,OPERATIONAL
Bosch Authorised Service Centre (Power Tool),"Mayapuri, Delhi",110064,hardware stores,4.6,20,0,0,1,0,,7,OPERATIONAL
Meenakshi Sanitary & Hardware Store,"Mayapuri, Delhi",110028,hardware stores,3.8,23,0,0,1,0,,6,OPERATIONAL
