id,title,release_date,popularity,vote_average,vote_count,original_language,genres,budget,revenue,runtime
1368337,The Odyssey,2026-07-15,979.0823,8.0,1313,en,Adventure|Action|Fantasy,250000000,322043315,173
1275779,Disclosure Day,2026-06-10,558.4583,7.226,1558,en,Science Fiction|Thriller,115000000,237274086,146
1108427,Moana,2026-07-08,515.4828,5.9,138,en,Family|Fantasy|Comedy|Adventure,250000000,183581607,115
1339713,Obsession,2026-05-13,407.6643,8.242,3609,en,Horror|Thriller,750000,447862498,109
1083381,Backrooms,2026-05-27,385.4853,7.087,2041,en,Horror|Mystery|Science Fiction,10000000,387700748,111
1315772,Minions & Monsters,2026-06-24,333.0288,6.399,223,en,Adventure|Animation|Comedy|Family|Fantasy,85000000,363645130,90
1081003,Supergirl,2026-06-24,364.8746,6.145,518,en,Action|Adventure|Science Fiction,175000000,120067228,108
1084244,Toy Story 5,2026-06-17,322.0636,7.423,692,en,Animation|Family|Comedy|Adventure,250000000,958418566,102
454639,Masters of the Universe,2026-06-03,359.8509,7.352,874,en,Action|Fantasy|Science Fiction,200000000,113474410,141
1273221,Scary Movie,2026-06-03,314.886,6.47,1038,en,Comedy|Horror,30000000,230307286,96
1228710,The Mandalorian and Grogu,2026-05-20,217.959,7.2,843,en,Action|Adventure|Science Fiction,165000000,344818222,132
1668364,Desire,2026-05-07,308.5165,7.055,109,es,Mystery|Drama,0,0,97
687163,Project Hail Mary,2026-03-15,183.9877,8.7,6391,en,Science Fiction|Adventure,200000000,683979467,157
1318621,Descendants: Wicked Wonderland,2026-07-16,167.2502,7.7,99,en,Fantasy|Family|TV Movie,0,0,98
1523145,Your Heart Will Be Broken,2026-03-26,162.5813,7.2,117,ru,Romance,3716000,7578000,134
1314481,The Devil Wears Prada 2,2026-04-29,153.6012,7.141,1640,en,Comedy|Drama,100000000,689469075,119
1127384,Deep Water,2026-04-30,146.807,7.364,283,en,Horror|Thriller,0,2286163,107
1280738,The Furious,2026-06-10,122.6649,7.345,245,zh,Action|Crime|Thriller,20000000,36653413,113
1110034,Kraken,2026-02-06,134.2635,6.4,234,no,Horror|Action|Thriller,1000000,14329678,94
1284465,The Death of Robin Hood,2026-06-18,145.96,6.742,99,en,Adventure|Drama|Thriller|Action,25000000,3200000,123
1284465,The Death of Robin Hood,2026-06-18,145.96,6.742,99,en,Adventure|Drama|Thriller|Action,25000000,3200000,123
936075,Michael,2026-04-22,117.9223,8.694,3684,en,Music|Drama,250000000,1010218278,128
83533,Avatar: Fire and Ash,2025-12-17,107.7588,7.642,3910,en,Science Fiction|Adventure|Fantasy,350000000,1490477656,198
1413976,Citizen Vigilante,2026-06-19,96.1332,6.395,275,en,Thriller|Action,0,0,89
931285,Mortal Kombat II,2026-05-06,109.3763,7.98,2096,en,Action|Fantasy|Adventure,80000000,129470110,116
47612,Au Bonheur des Dames,1930-07-03,110.3833,6.278,36,fr,Drama|Romance,0,0,95
1226863,The Super Mario Galaxy Movie,2026-04-01,99.649,8.255,3197,en,Family|Comedy|Adventure|Fantasy|Animation,110000000,1009214136,98
1443894,Forgive Us All,2025-05-08,93.4028,5.388,40,en,Horror|Western|Thriller|Action,0,0,93
1304313,Lee Cronin's The Mummy,2026-04-15,93.5636,7.958,2340,en,Horror|Mystery,22000000,90552113,133
1311031,Demon Slayer: Kimetsu no Yaiba Infinity Castle,2025-07-18,86.6785,7.746,911,ja,Animation|Action|Fantasy,20000000,733030221,156
278,The Shawshank Redemption,1994-09-23,93.5973,8.726,30836,en,Drama|Crime,25000000,28341469,142
1321008,Black Box,2026-06-25,71.1855,6.245,49,en,Horror|Thriller|Science Fiction,1000000,224611,85
634649,Spider-Man: No Way Home,2021-12-15,83.8122,7.935,22291,en,Action|Adventure|Science Fiction,200000000,1921206586,148
157336,Interstellar,2014-11-05,72.6471,8.483,40421,en,Adventure|Drama|Science Fiction,165000000,746606706,169
976912,Graphic Desires,2023-08-31,66.9284,7.085,129,en,Thriller|Crime,0,0,90
1595852,Boulevard,2026-04-10,67.0162,7.615,131,es,Romance|Drama,0,0,113
1007757,Swapped,2026-05-01,65.3351,8.901,1989,en,Adventure|Animation|Family|Fantasy,7,7,102
1327819,Hoppers,2026-03-04,64.7443,8.19,2009,en,Adventure|Animation|Comedy|Family|Science Fiction,150000000,389547783,104
1439930,The Punisher: One Last Kill,2026-05-12,62.3141,8.317,1904,en,Action|Drama|Crime,0,0,51
1301421,The Sheep Detectives,2026-04-30,65.5774,7.902,1136,en,Comedy|Family|Mystery,75000000,130574611,109
5721,Vixen!,1968-10-15,70.8216,5.529,105,en,Drama,73000,8000000,72
1290821,Shelter,2026-01-28,62.5463,7.765,1555,en,Action|Crime|Thriller,50000000,53933639,107
1318447,Apex,2026-04-24,61.5971,6.856,1683,en,Action|Thriller,0,0,96
1419406,The Shadow's Edge,2025-08-16,58.5921,7.902,1012,zh,Action|Crime|Drama|Thriller,0,174400000,142
1645603,Night of the Living Dead,2026-07-03,48.956,5.172,64,en,Horror,0,0,87
1212763,Evil Dead Burn,2026-07-07,56.8987,6.824,196,en,Horror|Thriller,20000000,53774454,110
755898,War of the Worlds,2025-07-29,55.514,4.1,1044,en,Science Fiction|Thriller,10000000,0,91
1487861,Elize: Shadows of a Woman,2026-07-22,55.3823,6.3,22,pt,Thriller|Crime|Drama,0,0,93
1380291,Tom Clancy's Jack Ryan: Ghost War,2026-05-20,47.364,6.992,688,en,Action|Thriller,0,0,107
1656220,23 000 Lives,2026-07-02,46.2389,5.235,49,de,Drama,0,0,0
652,Troy,2004-05-13,54.7671,7.181,11223,en,War|Action|History,175000000,497409852,163
1122573,In the Grey,2026-05-13,48.128,7.555,558,en,Action|Thriller,70000000,27225194,97
1468683,Heartstopper Forever,2026-07-14,46.7107,7.143,154,en,Romance|Drama,0,0,110
27205,Inception,2010-07-15,57.0172,8.372,39633,en,Action|Science Fiction|Adventure,160000000,839030630,148
1234821,Jurassic World Rebirth,2025-06-23,52.298,6.275,3557,en,Science Fiction|Adventure|Action,180000000,869146189,134
299536,Avengers: Infinity War,2018-04-25,49.9794,8.239,32347,en,Adventure|Action|Science Fiction,300000000,2052415039,149
1084242,Zootopia 2,2025-11-26,52.1343,7.682,3148,en,Animation|Adventure|Comedy|Mystery|Family,150000000,1868208796,108
11012,Damage,1992-12-02,44.0252,6.606,710,en,Drama|Romance,11000000,31000000,111
949838,72 HOURS,2026-07-20,49.2932,5.5,22,en,Comedy,0,0,102
1368166,The Housemaid,2025-12-18,50.6808,7.276,2693,en,Mystery|Thriller,35000000,399644671,131
1122573,In the Grey,2026-05-13,48.128,7.542,560,en,Action|Thriller,70000000,27225194,97
1380291,Tom Clancy's Jack Ryan: Ghost War,2026-05-20,47.364,6.992,688,en,Action|Thriller,0,0,107
1468683,Heartstopper Forever,2026-07-14,46.7107,7.161,155,en,Romance|Drama,0,0,110
1656220,23 000 Lives,2026-07-02,46.2389,5.29,50,de,Drama,0,0,0
1241982,Moana 2,2024-11-21,44.5001,6.991,3173,en,Adventure|Animation|Comedy|Family|Fantasy,150000000,1059242164,100
122,The Lord of the Rings: The Return of the King,2003-12-17,44.2684,8.502,26905,en,Adventure|Fantasy|Action,94000000,1118888979,201
11012,Damage,1992-12-02,44.0252,6.606,710,en,Drama|Romance,11000000,31000000,111
872585,Oppenheimer,2023-07-19,43.6219,8.024,12059,en,Drama|History,100000000,952000000,181
533535,Deadpool & Wolverine,2024-07-24,43.4057,7.582,8986,en,Action|Comedy|Science Fiction,200000000,1338073645,128
151024,The Soldier with Great Maneuvers,1978-12-07,43.1877,4.967,46,it,Comedy,0,0,96
299710,Being 14,2015-02-25,43.1742,4.1,65,fr,Drama,0,0,90
1297842,GOAT,2026-02-11,43.0905,8.118,927,en,Animation|Comedy|Family,90000000,193566330,100
803796,KPop Demon Hunters,2025-06-20,42.3455,8.019,3020,en,Fantasy|Music|Comedy|Animation,100000000,24619953,96
238,The Godfather,1972-03-14,42.0082,8.687,23209,en,Drama|Crime,6000000,245066411,175
671,Harry Potter and the Philosopher's Stone,2001-11-16,41.6184,7.901,29854,en,Adventure|Fantasy,125000000,976475550,152
557,Spider-Man,2002-05-01,41.1158,7.337,20905,en,Action|Science Fiction,139000000,821708551,121
617126,The Fantastic 4: First Steps,2025-07-23,40.6777,6.956,3539,en,Science Fiction|Adventure|Action,229600000,521858728,115
1279493,The Get Out,2026-06-18,39.8043,6.279,43,en,Action|Thriller,0,0,111
1325734,The Drama,2026-04-01,39.3756,6.9,1331,en,Romance|Comedy|Drama,28000000,132227793,105
120,The Lord of the Rings: The Fellowship of the Ring,2001-12-18,39.2073,8.439,27910,en,Adventure|Fantasy|Action,93000000,871368364,179
617126,The Fantastic 4: First Steps,2025-07-23,40.6777,6.956,3538,en,Science Fiction|Adventure|Action,229600000,521858728,115
238,The Godfather,1972-03-14,42.0082,8.687,23207,en,Drama|Crime,6000000,245066411,175
1305781,Blades of the Guardians,2026-02-17,37.2215,7.57,121,zh,Action|Adventure,123000000,203356793,126
1309083,Dolly,2026-03-06,32.3338,5.921,170,en,Horror,0,1062322,83
1265609,War Machine,2026-02-12,37.4801,7.424,2136,en,Action|Science Fiction|Thriller,73000000,0,110
1397385,Little Brother,2026-06-18,32.3088,6.426,276,en,Comedy,0,0,101
438631,Dune,2021-09-15,35.3254,7.783,15160,en,Science Fiction|Adventure,165000000,410668500,155
76600,Avatar: The Way of Water,2022-12-14,36.4811,7.594,14382,en,Action|Adventure|Science Fiction,460000000,2334484620,192
597,Titanic,1997-12-18,35.2777,7.902,27391,en,Drama|Romance,200000000,2264162353,194
603,The Matrix,1999-03-31,36.1296,8.252,28241,en,Action|Science Fiction,63000000,463517383,136
1184918,The Wild Robot,2024-09-12,38.3813,8.312,6316,en,Family|Animation|Science Fiction|Adventure,78000000,331982078,102
299534,Avengers: Endgame,2019-04-24,36.9976,8.239,28095,en,Adventure|Science Fiction|Action,356000000,2799439100,181
569094,Spider-Man: Across the Spider-Verse,2023-05-31,34.8793,8.34,8834,en,Animation|Action|Adventure|Science Fiction,100000000,690897910,140
1202033,Enola Holmes 3,2026-06-30,32.3318,6.943,491,en,Adventure|Crime|Mystery,0,0,109
11770,Shaolin Soccer,2001-07-05,37.9981,7.19,2590,cn,Action|Comedy,10000005,42776760,113
1242898,Predator: Badlands,2025-11-05,34.5954,7.824,3349,en,Action|Science Fiction|Adventure,105000000,184500000,107
496243,Parasite,2019-05-30,34.9083,8.491,20920,ko,Comedy|Thriller|Drama,11363000,257591776,133
1198994,Send Help,2026-01-22,38.0371,7.05,2020,en,Horror|Thriller|Comedy,40000000,94041481,113
315635,Spider-Man: Homecoming,2017-07-05,38.7828,7.331,23371,en,Action|Adventure|Science Fiction,175000000,880978185,133
350,The Devil Wears Prada,2006-06-29,35.0565,7.441,13942,en,Drama|Comedy,35000000,326588371,109
350,The Devil Wears Prada,2006-06-29,35.0565,7.441,13942,en,Drama|Comedy,35000000,326588371,109
680,Pulp Fiction,1994-09-10,34.9425,8.482,30477,en,Thriller|Crime|Comedy,8000000,213928762,154
1010581,My Fault,2023-06-08,35.4235,7.733,4137,es,Drama|Romance|Thriller,0,0,116
550,Fight Club,1999-10-15,37.2854,8.4,32401,en,Drama|Thriller,63000000,100853753,139
28322,Madness,1980-03-20,27.8218,5.265,34,it,Thriller|Action|Crime,0,0,89
1171145,Crime 101,2026-02-11,31.1279,7.01,1195,en,Crime|Thriller,90000000,72900246,141
324857,Spider-Man: Into the Spider-Verse,2018-12-06,34.9864,8.4,17457,en,Animation|Action|Adventure|Science Fiction,90000000,394884133,117
121,The Lord of the Rings: The Two Towers,2002-12-18,33.6568,8.423,24185,en,Adventure|Fantasy|Action,79000000,926287400,179
1363387,Saccharine,2026-05-22,31.9304,6.431,58,en,Horror,0,0,113
1272837,28 Years Later: The Bone Temple,2026-01-14,35.2457,7.118,1473,en,Horror|Thriller|Science Fiction,63000000,58522222,109
950387,A Minecraft Movie,2025-03-31,31.2653,6.251,3135,en,Family|Fantasy|Comedy|Adventure,150000000,960387780,101
1641319,Sniper: No Nation,2026-03-13,33.3733,6.647,75,en,Action|Thriller,0,0,96
822119,Captain America: Brave New World,2025-02-12,31.0809,5.965,3199,en,Action|Thriller|Science Fiction,180000000,415101577,119
1061474,Superman,2025-07-09,35.5004,7.329,5099,en,Science Fiction|Adventure|Action,225000000,618723803,130
329505,Lola's Secret,1984-05-04,35.446,7.049,71,it,Drama|Comedy|Horror,0,0,88
151024,The Soldier with Great Maneuvers,1978-12-07,43.1877,4.967,46,it,Comedy,0,0,96
497,The Green Mile,1999-12-10,32.1298,8.506,19478,en,Fantasy|Drama|Crime,60000000,286801374,189
19995,Avatar,2009-12-16,34.3159,7.609,34269,en,Action|Science Fiction|Adventure,237000000,2923706026,162
14836,Coraline,2009-02-05,35.4938,7.923,9163,en,Animation|Family|Fantasy,60000000,185860104,100
129,Spirited Away,2001-07-20,32.466,8.534,18580,ja,Animation|Family|Fantasy,19000000,274925095,125
1288341,Seven Snipers,2026-04-30,30.9349,5.664,58,en,Action|Thriller,0,0,87
1430077,Hokum,2026-04-29,31.7545,6.949,587,en,Horror,5000000,24071317,108
1057265,Peddi,2026-06-03,29.7967,5.9,60,te,Action|Drama,36500000,35700000,189
1233413,Sinners,2025-04-16,33.4165,7.497,4845,en,Horror|Action|Thriller,100000000,371368759,138
1632181,Accidental Partners,2026-03-12,30.8838,9.028,320,es,Comedy|Romance,0,0,110
77338,The Intouchables,2011-11-02,30.7212,8.272,18597,fr,Drama|Comedy,13000000,426590315,113
361743,Top Gun: Maverick,2022-05-21,34.819,8.158,11217,en,Action|Drama,170000000,1488732821,131
911430,F1,2025-06-25,30.307,7.815,4307,en,Action|Drama,300000000,634142436,156
950028,The Invite,2026-06-25,31.0334,7.8,88,en,Drama|Comedy,0,15980022,107
13,Forrest Gump,1994-06-23,30.0888,8.465,30022,en,Comedy|Drama|Romance,55000000,677387716,142
99861,Avengers: Age of Ultron,2015-04-22,30.7781,7.275,24639,en,Action|Adventure|Science Fiction,235000000,1405403694,141
1440050,The Breadwinner,2026-05-29,29.0503,7.4,47,en,Comedy|Family,25000000,20247080,100
693134,Dune: Part Two,2024-02-27,29.0031,8.1,8226,en,Science Fiction|Adventure,190000000,714844358,167
672,Harry Potter and the Chamber of Secrets,2002-11-13,29.3579,7.707,23781,en,Adventure|Fantasy,100000000,876688482,161
385687,Fast X,2023-05-17,30.6331,6.989,6401,en,Action|Crime|Thriller,340000000,704709660,142
575265,Mission: Impossible - The Final Reckoning,2025-05-17,29.6125,7.2,2975,en,Action|Thriller|Adventure,400000000,598767057,170
414906,The Batman,2022-03-01,30.389,7.664,12174,en,Crime|Mystery|Thriller,185000000,772775278,177
453395,Doctor Strange in the Multiverse of Madness,2022-05-04,29.383,7.231,10501,en,Fantasy|Action|Adventure,295400000,955775804,126
10681,WALL·E,2008-06-26,30.6562,8.117,20518,en,Animation|Family|Science Fiction,180000000,521311860,98
502356,The Super Mario Bros. Movie,2023-04-05,28.6789,7.602,10926,en,Family|Comedy|Adventure|Fantasy|Animation,100000000,1360879735,93
1930,The Amazing Spider-Man,2012-06-23,33.3586,6.742,18702,en,Action|Adventure|Science Fiction,215000000,758725893,136
1022789,Inside Out 2,2024-06-11,32.1957,7.544,6808,en,Animation|Adventure|Comedy|Family,200000000,1698863816,97
1375646,Colony,2026-05-21,51.0162,7.616,138,ko,Action|Thriller|Horror,0,0,123
585,"Monsters, Inc.",2001-11-01,27.0855,7.855,19977,en,Animation|Comedy|Family|Fantasy,115000000,579700000,92
244786,Whiplash,2014-10-10,29.7012,8.375,16820,en,Drama|Music|Thriller,3300000,50307484,107
98,Gladiator,2000-05-04,29.7876,8.23,21125,en,Action|Drama|Adventure,103000000,465516248,155
177572,Big Hero 6,2014-10-24,28.0419,7.726,16713,en,Adventure|Family|Animation|Action|Comedy,165000000,657870525,102
975511,The Return,2024-11-28,29.0597,6.501,469,en,History|Drama|Adventure,20000000,3300444,116
1613798,Vengeance,2026-02-26,28.1348,7.548,281,es,Action|Thriller,0,0,103
863,Toy Story 2,1999-10-30,27.4486,7.617,15113,en,Animation|Comedy|Family,90000000,497375404,92
12445,Harry Potter and the Deathly Hallows: Part 2,2011-07-12,29.5644,8.081,22163,en,Adventure|Fantasy,125000000,1341511219,130
301528,Toy Story 4,2019-06-19,27.4721,7.464,10772,en,Family|Comedy|Animation|Adventure,175000000,1073841394,100
424,Schindler's List,1993-12-15,28.8342,8.57,17636,en,Drama|History|War,22000000,321365567,195
11,Star Wars,1977-05-25,30.2365,8.206,22538,en,Adventure|Action|Science Fiction,11000000,775398007,121
950396,The Gorge,2025-02-13,27.9777,7.674,3964,en,Romance|Science Fiction|Thriller,70000000,0,128
1087192,How to Train Your Dragon,2025-06-06,28.7328,7.936,2974,en,Fantasy|Family|Action|Adventure,150000000,636351148,125
674,Harry Potter and the Goblet of Fire,2005-11-16,28.0064,7.803,22371,en,Adventure|Fantasy,150000000,895921036,157
572802,Aquaman and the Lost Kingdom,2023-12-20,27.2457,6.521,3567,en,Action|Adventure|Fantasy,205000000,440181226,124
1218925,Chainsaw Man - The Movie: Reze Arc,2025-09-19,27.2526,8.466,1035,ja,Animation|Action|Romance|Fantasy,4100000,191400000,100
240,The Godfather Part II,1974-12-20,29.8783,8.571,14082,en,Drama|Crime,13000000,102600000,202
240,The Godfather Part II,1974-12-20,29.8783,8.571,14082,en,Drama|Crime,13000000,102600000,202
429617,Spider-Man: Far From Home,2019-06-28,31.6107,7.4,17145,en,Action|Adventure|Science Fiction,160000000,1132723226,129
76341,Mad Max: Fury Road,2015-05-13,26.1354,7.635,24278,en,Action|Adventure|Science Fiction,150000000,378858340,121
271110,Captain America: Civil War,2016-04-27,29.7372,7.45,24194,en,Adventure|Action|Science Fiction,250000000,1155046416,147
12444,Harry Potter and the Deathly Hallows: Part 1,2010-11-17,28.8186,7.735,20552,en,Adventure|Fantasy,250000000,954305868,146
102382,The Amazing Spider-Man 2,2014-04-16,28.6079,6.548,14398,en,Action|Adventure|Science Fiction,200000000,716934779,141
2062,Ratatouille,2007-06-28,25.9151,7.846,18669,en,Animation|Comedy|Family|Fantasy,150000000,623726000,111
986056,Thunderbolts*,2025-04-30,29.0037,7.291,3718,en,Action|Science Fiction|Adventure,180000000,382436917,127
1726,Iron Man,2008-04-30,28.5218,7.663,28366,en,Action|Science Fiction|Adventure,140000000,585174222,126
10193,Toy Story 3,2010-06-16,24.9516,7.813,15959,en,Animation|Family|Comedy,200000000,1067316101,103
1156594,Our Fault,2025-10-15,26.6838,7.398,713,es,Romance|Drama,0,0,110
109428,Evil Dead,2013-04-05,25.8755,6.62,5153,en,Horror,17000000,99010045,91
933260,The Substance,2024-09-07,26.5993,7.131,6214,en,Horror|Science Fiction|Thriller,17500000,77316812,141
122917,The Hobbit: The Battle of the Five Armies,2014-12-10,27.613,7.338,15513,en,Action|Adventure|Fantasy,250000000,956019788,144
1168190,The Wrecking Crew,2026-01-28,25.0418,7.069,1163,en,Action|Comedy|Crime|Mystery,78500000,89000000,125
270303,It Follows,2015-02-04,26.5911,6.585,7012,en,Horror|Mystery,2300000,23374076,101
106646,The Wolf of Wall Street,2013-12-25,26.8466,8.028,26149,en,Crime|Drama|Comedy,100000000,407038432,180
8587,The Lion King,1994-06-15,27.794,8.254,19872,en,Animation|Family|Drama,45000000,763455561,89
425274,Now You See Me: Now You Don't,2025-11-12,24.094,6.483,1683,en,Crime|Thriller,90000000,243700000,112
1330021,Remarkably Bright Creatures,2026-05-07,26.4825,8.496,768,en,Drama|Mystery,0,0,114
1284016,Power Ballad,2026-05-18,25.1925,7.1,64,en,Comedy|Music|Drama,0,3324839,99
335984,Blade Runner 2049,2017-10-04,24.9992,7.598,15343,en,Science Fiction|Drama,150000000,259239658,164
1266127,Ready or Not: Here I Come,2026-03-19,25.289,7.6,1356,en,Thriller|Horror|Comedy,14000000,42212563,108
1054867,One Battle After Another,2025-09-23,27.1121,7.342,3948,en,Thriller|Crime|Comedy,175000000,209377100,162
1242332,Normal,2026-04-16,25.0467,7.114,380,en,Action|Crime|Thriller,10000000,6068324,91
68726,Pacific Rim,2013-07-11,24.8031,6.938,13552,en,Action|Science Fiction|Adventure,180000000,411000000,131
105,Back to the Future,1985-07-03,26.8382,8.327,22026,en,Adventure|Comedy|Science Fiction,19000000,381109762,116
694,The Shining,1980-05-23,27.2206,8.202,19096,en,Horror|Thriller,19000000,44781695,144
489,Good Will Hunting,1997-12-05,25.9668,8.163,14013,en,Drama,10000000,225933435,127
1292415,Beast,2026-04-10,23.9676,6.256,78,en,Action|Drama,0,0,115
807,Se7en,1995-09-22,26.1943,8.382,23358,en,Crime|Mystery|Thriller,33000000,327311859,127
12153,White Chicks,2004-06-23,24.7788,6.958,4624,en,Comedy|Crime,37000000,113100000,109
1477317,Your Fault: London,2026-06-17,24.3329,7.5,172,en,Romance|Drama,0,0,123
808,Shrek,2001-05-18,24.637,7.773,18998,en,Animation|Comedy|Fantasy|Adventure|Family,60000000,489676241,90
673,Harry Potter and the Prisoner of Azkaban,2004-05-31,26.9204,8.01,23356,en,Adventure|Fantasy,130000000,789804554,141
798645,The Running Man,2025-11-11,25.1853,6.763,1760,en,Action|Thriller|Science Fiction,110000000,69000000,133
769,GoodFellas,1990-09-12,24.7881,8.5,14527,en,Drama|Crime,25000000,47072327,145
181808,Star Wars: The Last Jedi,2017-12-13,24.3573,6.747,16464,en,Adventure|Action|Science Fiction,300000000,1334407706,152
27449,Baby Face,1933-07-13,28.2745,7.229,155,en,Drama,187000,451000,76
22,Pirates of the Caribbean: The Curse of the Black Pearl,2003-07-09,25.6995,7.831,22466,en,Adventure|Fantasy|Action,140000000,655011224,143
11324,Shutter Island,2010-02-14,24.4677,8.2,26077,en,Drama|Thriller|Mystery,80000000,294804195,138
475557,Joker,2019-10-01,23.7283,8.122,27947,en,Crime|Thriller|Drama,55000000,1078958629,122
1318413,Pressure,2026-05-25,23.7972,7.7,174,en,Thriller|History|War,30000000,18338606,101
324786,Hacksaw Ridge,2016-10-07,23.4401,8.192,15023,en,Drama|History|War,40000000,175302354,139
228150,Fury,2014-10-15,23.1403,7.546,13038,en,War|Drama|Action,68000000,211817906,135
519182,Despicable Me 4,2024-06-20,23.1297,6.985,3282,en,Animation|Comedy|Action|Science Fiction|Family,100000000,972021410,94
823219,Flow,2024-08-29,22.3762,8.075,2934,lv,Adventure|Animation|Family|Fantasy,3700000,17660107,85
767,Harry Potter and the Half-Blood Prince,2009-07-15,24.1968,7.682,20957,en,Adventure|Fantasy,250000000,933959197,153
372058,Your Name.,2016-07-01,24.296,8.481,12720,ja,Animation|Romance|Drama,7500000,405320132,106
150540,Inside Out,2015-06-17,23.94,7.908,23639,en,Animation|Family|Adventure|Drama|Comedy,175000000,857611174,95
354912,Coco,2017-10-27,24.6151,8.198,21155,en,Family|Animation|Music|Adventure,175000000,814641172,105
619,The Bodyguard,1992-11-25,13.7378,6.704,3285,en,Action|Drama|Romance,25000000,411006740,129
272,Batman Begins,2005-06-10,23.8706,7.729,22821,en,Drama|Crime|Action,150000000,374218673,140
574475,Final Destination Bloodlines,2025-05-14,23.3768,7.041,2967,en,Horror|Mystery,50000000,317854739,110
1316092,"""Wuthering Heights""",2026-02-11,22.8502,6.7,1210,en,Romance|Drama,80000000,241601072,137
552524,Lilo & Stitch,2025-05-17,24.5996,7.196,2210,en,Family|Science Fiction|Comedy,100000000,1038027526,108
39254,Real Steel,2011-09-28,22.4894,7.124,9346,en,Action|Science Fiction|Drama,110000000,299300000,127
283995,Guardians of the Galaxy Vol. 2,2017-04-25,23.6611,7.61,23096,en,Science Fiction|Adventure|Action,200000000,863756051,137
269149,Zootopia,2016-02-11,24.6082,7.765,18294,en,Animation|Adventure|Family|Comedy,150000000,1025521689,109
1236153,Mercy,2026-01-19,22.1712,7.097,1509,en,Science Fiction|Action|Thriller,60000000,54708061,100
1078605,Weapons,2025-08-04,24.7677,7.256,3645,en,Horror|Mystery,38000000,269972492,129
858024,Hamnet,2025-11-26,22.19,7.719,1467,en,Drama|Romance,30000000,107756183,125
1630423,My Dearest Assassin,2026-05-06,20.4193,8.575,273,th,Action|Drama|Romance,0,0,128
346698,Barbie,2023-07-19,20.4889,6.916,11272,en,Comedy|Adventure|Fantasy,145000000,1447138421,114
1124,The Prestige,2006-10-19,25.7534,8.21,17784,en,Drama|Mystery|Science Fiction,40000000,109676311,130
545611,Everything Everywhere All at Once,2022-03-24,24.8002,7.716,8154,en,Action|Adventure|Science Fiction,25000000,139200000,140
109445,Frozen,2013-11-20,21.1894,7.25,17697,en,Animation|Family|Adventure|Fantasy,150000000,1274219009,102
1038392,The Conjuring: Last Rites,2025-09-03,24.5153,6.953,1995,en,Horror,55000000,499256445,136
49026,The Dark Knight Rises,2012-07-17,24.7059,7.796,24571,en,Action|Crime|Drama|Thriller,250000000,1081041287,165
1062722,Frankenstein,2025-10-17,23.3786,7.623,3619,en,Drama|Fantasy|Horror,120000000,480678,150
939243,Sonic the Hedgehog 3,2024-12-19,22.1548,7.611,3360,en,Action|Science Fiction|Comedy|Family,122000000,492162604,110
447365,Guardians of the Galaxy Vol. 3,2023-05-03,23.206,7.93,8522,en,Science Fiction|Adventure|Action,250000000,845550000,150
857,Saving Private Ryan,1998-07-24,24.8941,8.23,17463,en,War|Drama|History,70000000,481840909,169
744,Top Gun,1986-05-16,22.6407,7.07,9700,en,Action|Drama|Romance,15000000,356830601,110
138843,The Conjuring,2013-07-18,21.3831,7.542,12860,en,Horror|Thriller,13000000,321293998,112
269955,Obsessed,2014-05-14,21.8161,6.683,82,ko,Drama|Romance,0,0,132
337167,Fifty Shades Freed,2018-01-17,19.5431,6.7,8394,en,Drama|Romance,55000000,371985018,105
389,12 Angry Men,1957-04-10,23.952,8.565,10146,en,Drama,397751,4360000,97
284053,Thor: Ragnarok,2017-10-02,23.6773,7.582,22175,en,Action|Science Fiction|Comedy,180000000,855301806,131
675,Harry Potter and the Order of the Phoenix,2007-07-08,23.2933,7.673,20975,en,Adventure|Fantasy,150000000,938212738,138
284054,Black Panther,2018-02-13,22.7916,7.364,23646,en,Action|Adventure|Science Fiction,200000000,1349926083,135
945961,Alien: Romulus,2024-08-13,22.705,7.167,4692,en,Horror|Science Fiction,80000000,350865342,119
1422,The Departed,2006-10-04,22.6571,8.161,16379,en,Drama|Thriller|Crime,90000000,291465000,151
744,Top Gun,1986-05-16,22.6407,7.07,9700,en,Action|Drama|Romance,15000000,356830601,110
284052,Doctor Strange,2016-10-25,22.5616,7.423,23585,en,Fantasy|Adventure|Action,180000000,676343174,115
39254,Real Steel,2011-09-28,22.4894,7.124,9346,en,Action|Science Fiction|Drama,110000000,299300000,127
823219,Flow,2024-08-29,22.3762,8.075,2934,lv,Adventure|Animation|Family|Fantasy,3700000,17660107,85
11036,The Notebook,2004-06-25,22.3212,7.891,12682,en,Romance|Drama,29000000,115600000,123
466272,Once Upon a Time... in Hollywood,2019-07-24,22.2845,7.421,15000,en,Comedy|Drama|Thriller,95000000,393869691,162
16869,Inglourious Basterds,2009-08-02,22.219,8.2,24421,en,Drama|Thriller|War,70000000,321457747,153
858024,Hamnet,2025-11-26,22.19,7.719,1468,en,Drama|Romance,30000000,107756183,125
1236153,Mercy,2026-01-19,22.1712,7.097,1509,en,Science Fiction|Action|Thriller,60000000,54708061,100
939243,Sonic the Hedgehog 3,2024-12-19,22.1548,7.611,3360,en,Action|Science Fiction|Comedy|Family,122000000,492162604,110
68718,Django Unchained,2012-12-25,22.0939,8.192,28257,en,Drama|Western,100000000,425368238,165
1480387,undertone,2026-03-12,22.0849,6.163,414,en,Horror|Mystery,500000,21610797,94
198663,The Maze Runner,2014-09-10,21.9698,7.191,18254,en,Action|Mystery|Science Fiction|Thriller,34000000,348319861,113
269955,Obsessed,2014-05-14,21.8161,6.683,82,ko,Drama|Romance,0,0,132
564,The Mummy,1999-04-16,21.6194,7.0,10176,en,Adventure|Action|Fantasy,80000000,415885488,124
286217,The Martian,2015-09-30,21.4716,7.705,21479,en,Science Fiction|Drama|Adventure,108000000,631058917,141
280,Terminator 2: Judgment Day,1991-07-03,21.3896,8.158,14514,en,Action|Thriller|Science Fiction,102000000,517778573,137
280,Terminator 2: Judgment Day,1991-07-03,21.3896,8.158,14514,en,Action|Thriller|Science Fiction,102000000,517778573,137
1002398,Virgin,2024-10-29,19.4545,6.3,27,tl,Drama|Romance,0,0,99
68718,Django Unchained,2012-12-25,22.0939,8.193,28255,en,Drama|Western,100000000,425368238,165
466272,Once Upon a Time... in Hollywood,2019-07-24,22.2845,7.421,14999,en,Comedy|Drama|Thriller,95000000,393869691,162
967941,Wicked: For Good,2025-11-19,20.0707,6.626,1072,en,Fantasy|Adventure|Romance,150000000,539042601,137
564,The Mummy,1999-04-16,21.6194,6.985,10175,en,Adventure|Action|Fantasy,80000000,415885488,124
263115,Logan,2017-02-28,20.7135,7.821,20557,en,Action|Drama|Science Fiction,97000000,619021436,137
313369,La La Land,2016-12-01,20.4238,7.9,18247,en,Comedy|Drama|Romance,30000000,509183536,129
577922,Tenet,2020-08-22,20.661,7.2,11257,en,Action|Thriller|Science Fiction,205000000,365304105,150
823464,Godzilla x Kong: The New Empire,2024-03-27,19.2234,7.047,4759,en,Action|Adventure|Science Fiction,150000000,571750016,115
286217,The Martian,2015-09-30,21.4716,7.705,21477,en,Science Fiction|Drama|Adventure,108000000,631058917,141
16869,Inglourious Basterds,2009-08-02,22.219,8.217,24420,en,Drama|Thriller|War,70000000,321457747,153
411,"The Chronicles of Narnia: The Lion, the Witch and the Wardrobe",2005-12-07,20.1335,7.139,11614,en,Adventure|Family|Fantasy,180000000,745013115,143
216919,Deseo,2013-09-13,19.3027,6.5,270,es,Drama,0,0,97
559,Spider-Man 3,2007-05-01,23.172,6.466,15388,en,Action|Adventure|Science Fiction,258000000,894983373,139
507086,Jurassic World Dominion,2022-06-01,19.4212,6.602,7153,en,Adventure|Science Fiction|Thriller,658800000,1004004592,147
284052,Doctor Strange,2016-10-25,22.5616,7.423,23584,en,Fantasy|Adventure|Action,180000000,676343174,115
1246049,Dracula,2025-07-30,19.8462,7.218,1369,fr,Horror|Fantasy|Romance,52000000,42404858,130
829557,365 Days: This Day,2022-04-26,20.0979,5.951,1858,pl,Romance|Drama,0,0,110
786892,Furiosa: A Mad Max Saga,2024-05-22,17.9823,7.446,5006,en,Action|Science Fiction|Adventure,168000000,174287546,149
786892,Furiosa: A Mad Max Saga,2024-05-22,17.9823,7.446,5006,en,Action|Science Fiction|Adventure,168000000,174287546,149
505026,Death on the Nile,2022-02-09,20.0556,6.412,4265,en,Mystery|Crime|Thriller,90000000,137307235,127
290098,The Handmaiden,2016-06-01,19.644,8.182,4400,ko,Thriller|Drama|Romance,8575000,38600000,145
18,The Fifth Element,1997-05-02,23.17,7.586,11904,fr,Science Fiction|Action|Adventure,90000000,263920180,126
348,Alien,1979-05-25,19.5871,8.17,16557,en,Horror|Science Fiction,11000000,104931801,117
111,Scarface,1983-12-09,20.9124,8.2,13201,en,Action|Crime|Drama,25000000,66023329,170
50043,Cousin Bette,1998-06-12,18.4028,5.532,47,en,Comedy|Drama|Romance,0,1295194,108
1292695,They Will Kill You,2026-03-25,19.0263,6.974,971,en,Action|Comedy|Horror,20000000,19382152,94
1422,The Departed,2006-10-04,22.6571,8.161,16376,en,Drama|Thriller|Crime,90000000,291465000,151
106,Predator,1987-06-12,20.0977,7.573,9294,en,Science Fiction|Action|Adventure|Thriller,15000000,98267558,107
1340206,Tuner,2026-05-21,34.7666,7.152,197,en,Crime|Drama|Thriller,7000000,10866039,108
62,2001: A Space Odyssey,1968-04-02,19.7185,8.0,12729,en,Science Fiction|Mystery|Adventure,12000000,71923560,149
210577,Gone Girl,2014-10-01,18.4378,7.891,20128,en,Mystery|Thriller|Drama,61000000,370890259,149
1242265,Fuze,2026-03-23,19.7201,6.8,202,en,Action|Crime|Drama|Thriller,45000000,2890908,96
1317288,Marty Supreme,2025-12-19,20.8829,7.373,1984,en,Drama|Thriller,65000000,191303074,150
101,Léon: The Professional,1994-09-14,23.3575,8.294,16256,fr,Crime|Drama|Action,16000000,20330788,111
558449,Gladiator II,2024-11-13,19.7538,6.602,4572,en,Action|Adventure|Drama,310000000,462180717,148
505642,Black Panther: Wakanda Forever,2022-11-09,21.1418,7.005,7576,en,Action|Adventure|Science Fiction,250000000,859102154,162
293660,Deadpool,2016-02-09,21.369,7.624,32944,en,Action|Adventure|Comedy,58000000,782837347,108
216015,Fifty Shades of Grey,2015-02-11,18.7445,5.867,12462,en,Drama|Romance|Thriller,40000000,569651467,125
1716513,Extreme Makeover: Homer Edition,2026-06-17,19.3064,7.382,55,en,Animation|Comedy|Family,0,0,48
20352,Despicable Me,2010-07-08,20.3988,7.261,16175,en,Animation|Comedy|Crime|Science Fiction|Family,69000000,543284256,95
38757,Tangled,2010-11-24,18.4279,7.614,12508,en,Animation|Family|Adventure,260000000,592461732,100
425,Ice Age,2002-03-14,20.5259,7.38,14424,en,Animation|Comedy|Family|Adventure,59000000,383257136,81
912649,Venom: The Last Dance,2024-10-22,20.5427,6.665,4331,en,Science Fiction|Action|Adventure,120000000,478937618,109
4247,Scary Movie,2000-07-07,20.6172,6.424,7971,en,Comedy,19000000,278023280,88
296096,Me Before You,2016-06-01,18.4799,7.929,13400,en,Drama|Romance,20000000,207945075,110
402431,Wicked,2024-10-16,19.8764,6.913,3125,en,Drama|Romance|Fantasy,150000000,758827029,162
10195,Thor,2011-04-21,17.159,6.771,22492,en,Adventure|Fantasy|Action,150000000,449326618,115
1011985,Kung Fu Panda 4,2024-03-02,19.347,7.004,3594,en,Action|Adventure|Animation|Comedy|Family|Fantasy,80000000,548040835,94
49013,Cars 2,2011-06-11,20.7391,6.185,8562,en,Animation|Family|Adventure|Comedy,200000000,559852396,106
10138,Iron Man 2,2010-04-28,20.9024,6.9,22556,en,Adventure|Action|Science Fiction,200000000,623933331,124
549509,The Brutalist,2024-12-20,19.1401,6.952,1702,en,Drama,9600000,50145227,215
76338,Thor: The Dark World,2013-10-30,19.8006,6.512,18451,en,Action|Adventure|Fantasy,170000000,644783140,112
875828,Peaky Blinders: The Immortal Man,2026-03-05,16.2148,7.241,1096,en,Crime|Drama,0,0,112
57800,Ice Age: Continental Drift,2012-06-27,17.8587,6.392,8178,en,Animation|Comedy|Adventure|Family,95000000,877244782,88
615656,Meg 2: The Trench,2023-08-02,18.8398,6.375,4033,en,Action|Science Fiction|Horror,129000000,398500317,116
1119449,"Good Luck, Have Fun, Don't Die",2026-02-13,18.261,7.063,749,en,Science Fiction|Action|Comedy,20000000,9755038,134
490132,Green Book,2018-11-16,18.7151,8.225,13015,en,Drama|Comedy|History,23000000,321752656,130
6977,No Country for Old Men,2007-11-09,20.017,7.949,13499,en,Crime|Thriller|Western,25000000,171627166,122
39688,Like a Brother,2005-04-17,23.4822,4.188,24,fr,Drama|Romance,0,0,54
567609,Ready or Not,2019-08-21,18.1569,7.093,5676,en,Horror|Comedy,6000000,57615777,96
37165,The Truman Show,1998-06-04,21.037,8.155,20478,en,Comedy|Drama,60000000,264118712,103
1480387,undertone,2026-03-12,22.0849,6.154,413,en,Horror|Mystery,500000,21610797,94
38365,Grown Ups,2010-06-24,18.9789,6.4,6770,en,Comedy,80000000,271457606,102
616037,Thor: Love and Thunder,2022-07-06,20.3561,6.367,8683,en,Fantasy|Action|Comedy,250000000,760928081,119
539972,Kraven the Hunter,2024-12-11,19.8113,6.433,2400,en,Action|Adventure|Thriller,130000000,62076533,127
438148,Minions: The Rise of Gru,2022-06-29,18.272,7.262,4060,en,Animation|Comedy|Science Fiction|Crime|Family,85000000,940203765,87
423,The Pianist,2002-09-17,17.5708,8.371,10254,en,Drama|War,35000000,120098945,150
701387,Bugonia,2025-10-23,17.8939,7.306,2146,en,Science Fiction|Thriller|Comedy,55000000,43500000,119
917496,Beetlejuice Beetlejuice,2024-09-04,16.1469,6.928,3196,en,Comedy|Fantasy|Horror,99000000,452000435,105
1495,Kingdom of Heaven,2005-05-03,17.3504,7.067,5077,en,Drama|Action|Adventure|History|War,130000000,218366336,144
14160,Up,2009-05-28,19.9868,7.961,21843,en,Animation|Comedy|Family|Adventure,175000000,735103954,96
207,Dead Poets Society,1989-06-02,20.7927,8.299,12741,en,Drama,16400000,235860116,129
1724,The Incredible Hulk,2008-06-12,18.974,6.2,12834,en,Science Fiction|Action|Adventure,150000000,264770996,114
1383731,Protector,2026-02-20,20.9764,8.485,462,en,Action|Thriller,0,1,90
1084199,Companion,2025-01-22,19.5868,7.011,2435,en,Horror|Science Fiction|Thriller,10000000,36869122,97
8966,Twilight,2008-11-20,17.3901,6.3,14505,en,Fantasy|Drama|Romance,37000000,393616788,122
72190,World War Z,2013-06-19,17.4241,6.8,16760,en,Action|Horror|Science Fiction,200000000,531865000,116
1228246,Five Nights at Freddy's 2,2025-12-03,17.7761,6.621,1068,en,Horror|Thriller,36000000,239568877,104
604079,The Long Walk,2025-09-10,18.3125,6.875,1712,en,Science Fiction|Thriller|Horror,20000000,63103084,108
855,Black Hawk Down,2001-12-28,17.6349,7.395,6445,en,Action|War|History,92000000,172989651,145
7451,xXx,2002-08-09,17.8869,5.989,4966,en,Action|Adventure|Thriller|Crime|Drama,70000000,277448382,124
58,Pirates of the Caribbean: Dead Man's Chest,2006-07-06,20.1527,7.388,17354,en,Adventure|Fantasy|Action,200000000,1066179747,151
235271,Addicted,2014-10-10,16.9457,5.933,454,en,Drama|Thriller,0,17534314,105
976573,Elemental,2023-06-14,18.024,7.586,5422,en,Animation|Comedy|Family|Romance,200000000,496444308,102
259693,The Conjuring 2,2016-06-08,17.7716,7.293,9283,en,Horror,40000000,322819915,134
1156593,Your Fault,2024-12-26,18.796,7.094,1591,es,Drama|Romance,0,0,117
764,The Evil Dead,1981-10-15,17.9872,7.3,4570,en,Horror,350000,29400000,85
429,"The Good, the Bad and the Ugly",1966-12-23,19.3343,8.465,9768,it,Western,1200000,38900000,161
218,The Terminator,1984-10-26,18.6488,7.684,14799,en,Action|Thriller|Science Fiction,6400000,78371200,108
1064213,Anora,2024-10-14,18.4517,7.073,3282,en,Drama|Comedy|Romance,6000000,56286295,139
181812,Star Wars: The Rise of Skywalker,2019-12-18,18.7282,6.263,10952,en,Adventure|Action|Science Fiction,489900000,1074144248,142
562,Die Hard,1988-07-15,17.7866,7.815,12423,en,Action|Thriller,28000000,140767956,132
508947,Turning Red,2022-03-10,18.1481,7.334,5946,en,Animation|Family|Comedy|Fantasy,175000000,21813358,100
135397,Jurassic World,2015-06-06,18.0182,6.703,21713,en,Adventure|Science Fiction|Thriller,150000000,1671537444,124
667538,Transformers: Rise of the Beasts,2023-06-06,18.2863,7.169,5336,en,Science Fiction|Adventure|Action,195000000,441381193,127
2105,American Pie,1999-07-09,17.7881,6.615,8406,en,Comedy|Romance,11000000,235483004,95
920,Cars,2006-06-08,17.9442,7.041,15266,en,Animation|Adventure|Comedy|Family,120000000,461983149,117
426063,Nosferatu,2024-12-25,17.5071,6.711,3793,en,Horror|Fantasy,50000000,181805645,133
1891,The Empire Strikes Back,1980-05-20,19.015,8.392,18583,en,Adventure|Action|Science Fiction,18000000,538400000,124
288987,That Malicious Age,1975-03-11,19.8524,6.4,87,it,Drama|Romance,0,0,90
405746,Door,1988-05-14,15.0287,6.0,30,ja,Horror|Mystery|Thriller,0,0,94
398818,Call Me by Your Name,2017-10-01,17.8896,8.087,12836,en,Romance|Drama,3500000,43143046,132
637649,Wrath of Man,2021-04-22,18.1939,7.573,6177,en,Thriller|Crime|Drama,40000000,103966489,119
566525,Shang-Chi and the Legend of the Ten Rings,2021-09-01,18.3664,7.493,10512,en,Action|Adventure|Fantasy,150000000,432243292,132
809,Shrek 2,2004-05-19,17.4957,7.3,13576,en,Animation|Comedy|Family|Fantasy|Romance,150000000,932542741,92
246655,X-Men: Apocalypse,2016-05-18,18.1047,6.527,13885,en,Science Fiction|Fantasy|Action,178000000,543934787,144
791373,Zack Snyder's Justice League,2021-03-18,17.4394,8.084,10950,en,Action|Adventure|Fantasy,70000000,0,242
1367220,Karuppu,2026-05-14,18.6011,6.6,21,ta,Action|Fantasy,16000000,3345079,152
578,Jaws,1975-06-20,18.029,7.682,11661,en,Horror|Thriller|Adventure,7000000,470653000,124
27,9 Songs,2004-07-16,17.2207,5.5,586,en,Drama|Music|Romance,1000000,1574623,70
18785,The Hangover,2009-06-02,19.6454,7.336,18255,en,Comedy,35000000,469310836,100
311,Once Upon a Time in America,1984-05-23,17.4208,8.376,6116,en,Drama|Crime,30000000,5500000,229
1234731,Anaconda,2025-12-24,18.7607,5.847,1297,en,Adventure|Comedy|Horror,45000000,135148320,100
330457,Frozen II,2019-11-20,17.943,7.229,10355,en,Family|Animation|Adventure|Comedy|Fantasy,150000000,1453683476,103
436270,Black Adam,2022-10-19,18.4704,6.79,7114,en,Action|Adventure|Science Fiction,200000000,393452111,125
85,Raiders of the Lost Ark,1981-06-12,17.5281,7.926,13774,en,Adventure|Action,18000000,389925971,115
381284,Hidden Figures,2016-12-10,17.3176,8.045,10529,en,Drama|History,25000000,235957472,127
679,Aliens,1986-07-18,18.3172,7.965,10976,en,Action|Thriller|Science Fiction,18500000,183316455,137
679,Aliens,1986-07-18,18.3172,8.0,10976,en,Action|Thriller|Science Fiction,18500000,183316455,137
1257009,Primitive War,2025-08-21,15.9269,6.651,413,en,Action|Horror|War|Science Fiction,0,217753,135
9502,Kung Fu Panda,2008-06-04,17.3245,7.332,12791,en,Action|Animation|Comedy|Family,130000000,632091832,90
9806,The Incredibles,2004-10-27,17.4351,7.728,19050,en,Action|Adventure|Animation|Family,92000000,631442092,115
447273,Snow White,2025-03-19,18.2378,4.285,1686,en,Family|Fantasy,271600000,205679463,109
497698,Black Widow,2021-07-07,18.5105,7.162,11364,en,Action|Adventure|Science Fiction,200000000,379751131,134
953,Madagascar,2005-05-25,17.3415,6.927,11834,en,Adventure|Animation|Comedy|Family,75000000,542064525,86
102899,Ant-Man,2015-07-14,17.8534,7.067,20993,en,Science Fiction|Adventure|Action,130000000,519311965,117
396535,Train to Busan,2016-07-20,17.7377,7.753,8506,ko,Action|Horror|Thriller,8500000,87547518,118
508442,Soul,2020-12-25,16.9194,8.091,11542,en,Animation|Family|Drama|Music|Fantasy,150000000,121977511,101
1064028,Subservience,2024-08-15,17.8662,6.626,1053,en,Horror|Science Fiction|Thriller,4400000,262793,105
126889,Alien: Covenant,2017-05-09,14.0531,6.182,9525,en,Horror|Science Fiction,97000000,240891763,122
1397201,Golden Kamuy -The Abashiri Prison Raid-,2026-03-13,14.6959,7.5,20,ja,Action|Drama|History|Adventure,0,0,124
467905,How to Make a Killing,2026-02-16,16.6421,6.93,592,en,Comedy|Thriller,15000000,21598574,105
32657,Percy Jackson & the Olympians: The Lightning Thief,2010-02-01,13.9116,6.214,7875,en,Adventure|Fantasy|Family,95000000,226497209,118
260514,Cars 3,2017-06-15,17.3588,6.865,6469,en,Animation|Drama|Family,175000000,383925276,102
299537,Captain Marvel,2019-03-06,18.5349,6.779,16880,en,Action|Adventure|Science Fiction,152000000,1131416446,124
1402,The Pursuit of Happyness,2006-12-14,19.0882,7.887,10702,en,Drama,55000000,307077295,117
1315303,Primate,2026-01-01,18.4498,6.536,746,en,Horror|Thriller,21000000,41235665,89
329865,Arrival,2016-11-10,17.9662,7.631,19561,en,Drama|Science Fiction|Mystery,47000000,203388186,116
102899,Ant-Man,2015-07-14,17.8534,7.067,20993,en,Science Fiction|Adventure|Action,130000000,519311965,117
640,Catch Me If You Can,2002-12-16,17.0434,7.979,17280,en,Drama|Crime,52000000,352114312,141
10867,Malena,2000-10-27,17.0429,7.539,2739,it,Drama,0,14493284,108
396535,Train to Busan,2016-07-20,17.7377,7.753,8506,ko,Action|Horror|Thriller,8500000,87547518,118
1064028,Subservience,2024-08-15,17.8662,6.626,1053,en,Horror|Science Fiction|Thriller,4400000,262793,105
126889,Alien: Covenant,2017-05-09,14.0531,6.182,9525,en,Horror|Science Fiction,97000000,240891763,122
508442,Soul,2020-12-25,16.9194,8.091,11543,en,Animation|Family|Drama|Music|Fantasy,150000000,121977511,101
541671,Ballerina,2025-06-04,16.7436,7.3,2764,en,Action|Thriller|Crime,90000000,137408107,125
1315303,Primate,2026-01-01,18.4498,6.54,747,en,Horror|Thriller,21000000,41235665,89
329865,Arrival,2016-11-10,17.9662,7.631,19561,en,Drama|Science Fiction|Mystery,47000000,203388186,116
11852,The Hot Chick,2002-12-13,16.6735,6.366,2208,en,Comedy|Fantasy,34000000,54639553,104
68721,Iron Man 3,2013-04-18,16.9216,6.933,23579,en,Action|Adventure|Science Fiction,200000000,1215577205,130
8363,Superbad,2007-08-17,16.6513,7.268,8189,en,Comedy,20000000,170800000,113
467905,How to Make a Killing,2026-02-16,16.6421,6.935,593,en,Comedy|Thriller,15000000,21598574,105
82702,How to Train Your Dragon 2,2014-06-05,15.8611,7.685,10540,en,Fantasy|Action|Adventure|Animation|Family,145000000,621537519,102
47060,The Hole,1999-03-24,16.6076,7.0,97,zh,Drama|Romance|Science Fiction,0,0,95
460465,Mortal Kombat,2021-04-07,16.5774,7.05,6896,en,Action|Fantasy|Adventure,20000000,84426031,110
78,Blade Runner,1982-06-25,16.5704,7.935,15150,en,Science Fiction|Drama|Thriller,28000000,41722424,118
615,The Passion of the Christ,2004-02-25,16.563,7.547,5254,en,Drama,30000000,610063468,127
1539104,JUJUTSU KAISEN: Execution,2025-11-07,16.7229,6.032,108,ja,Animation|Action|Fantasy,0,44457030,88
3933,Corpse Bride,2005-09-12,14.2113,7.6,10289,en,Romance|Fantasy|Animation,40000000,118133252,77
127585,X-Men: Days of Future Past,2014-05-15,15.93,7.533,16394,en,Action|Adventure|Science Fiction,250000000,748045700,132
49521,Man of Steel,2013-06-12,16.2498,6.653,16357,en,Action|Adventure|Science Fiction,225000000,668045518,143
979,Irreversible,2002-05-22,15.3939,7.181,3357,fr,Drama|Thriller|Crime,3500000,6500000,93
46498,Candy,1968-12-17,11.9175,5.1,83,en,Adventure|Comedy|Fantasy,3000000,0,124
974262,Descendants: The Rise of Red,2024-07-11,15.6322,6.755,502,en,Fantasy|Adventure|Family|Comedy,0,0,92
128,Princess Mononoke,1997-07-12,16.0201,8.322,9119,ja,Adventure|Fantasy|Animation,23500000,176506186,134
406997,Wonder,2017-11-13,16.7503,8.104,8306,en,Family|Drama,20000000,315025930,113
73861,A Serbian Film,2010-01-06,15.9848,5.455,2236,sr,Crime|Horror|Thriller,0,0,104
10191,How to Train Your Dragon,2010-03-18,14.0243,7.864,14510,en,Fantasy|Adventure|Animation|Family,165000000,495141736,98
259316,Fantastic Beasts and Where to Find Them,2016-11-16,16.3508,7.309,19807,en,Fantasy|Adventure,180000000,809342332,133
1414413,Brothers Under Fire,2026-04-15,15.1748,5.838,34,en,Action|Thriller|Mystery|Drama,0,0,99
10625,Mean Girls,2004-04-30,15.3938,7.226,9546,en,Drama|Comedy,17000000,130195052,97
156022,The Equalizer,2014-09-24,15.9365,7.292,10045,en,Thriller|Action|Crime,55000000,192330738,132
588228,The Tomorrow War,2021-09-03,15.0938,7.516,4304,en,Action|Science Fiction|Adventure,200000000,14400000,138
345940,The Meg,2018-08-09,17.3009,6.253,8262,en,Action|Science Fiction|Horror,150000000,530517320,113
50619,The Twilight Saga: Breaking Dawn - Part 1,2011-11-16,15.2199,6.2,9330,en,Adventure|Fantasy|Romance,110000000,712171856,117
637,Life Is Beautiful,1997-12-20,17.5073,8.439,14093,it,Comedy|Drama,20000000,230098753,116
10674,Mulan,1998-06-18,15.3506,7.905,10538,en,Animation|Family|Adventure,90000000,304320254,88
120467,The Grand Budapest Hotel,2014-02-26,16.2953,8.0,16251,en,Comedy|Drama,30000000,174600318,100
47971,xXx: Return of Xander Cage,2017-01-13,14.9812,6.1,9279,en,Action|Adventure|Crime,85000000,346118277,107
573435,Bad Boys: Ride or Die,2024-06-05,14.8062,7.32,3397,en,Action|Comedy|Crime,100000000,404547819,116
277217,Descendants,2015-07-31,15.4401,7.175,2539,en,Family|Adventure|Fantasy|TV Movie,0,0,112
38,Eternal Sunshine of the Spotless Mind,2004-03-19,16.2032,8.09,16483,en,Science Fiction|Drama|Romance,20000000,72258126,108
24,Kill Bill: Vol. 1,2003-10-10,15.9354,7.972,19125,en,Action|Crime,30000000,180906076,111
1865,Pirates of the Caribbean: On Stranger Tides,2011-05-15,17.2986,6.572,15078,en,Adventure|Action|Fantasy,379000000,1046721266,136
533533,TRON: Ares,2025-10-08,15.6458,6.474,1511,en,Science Fiction|Adventure|Action,220000000,142249983,119
898704,Desert Warrior,2026-04-23,15.1151,5.7,23,en,History|War|Action|Drama,150000000,742066,127
140607,Star Wars: The Force Awakens,2015-12-15,18.4828,7.248,20676,en,Adventure|Action|Science Fiction,245000000,2068223624,136
78,Blade Runner,1982-06-25,16.5704,7.935,15150,en,Science Fiction|Drama|Thriller,28000000,41722424,118
273481,Sicario,2015-09-17,15.7578,7.423,9679,en,Action|Crime|Thriller,30000000,84997446,122
260513,Incredibles 2,2018-06-14,15.4178,7.454,13785,en,Action|Adventure|Animation|Family,200000000,1243225667,118
70981,Prometheus,2012-05-30,15.9708,6.601,13377,en,Science Fiction|Mystery|Horror,130000000,403354469,124
1327862,Regretting You,2025-10-22,16.2497,7.1,487,en,Romance|Drama,30000000,90452948,116
209112,Batman v Superman: Dawn of Justice,2016-03-23,16.1577,6.006,19145,en,Action|Adventure|Fantasy,250000000,874362803,152
1294203,My Fault: London,2025-02-12,16.1372,7.388,610,en,Drama|Romance,0,0,119
68507,Jan Dara,2001-09-28,12.536,5.917,54,th,Romance|Drama,0,0,113
568124,Encanto,2021-10-13,16.8981,7.566,10285,en,Animation|Comedy|Family|Fantasy,150000000,261292688,102
1217584,Torrente for President,2026-03-13,13.243,6.2,132,es,Comedy,0,0,103
436969,The Suicide Squad,2021-07-28,15.6318,7.457,9701,en,Action|Comedy|Adventure,185000000,168717425,132
466420,Killers of the Flower Moon,2023-10-18,15.6012,7.393,4211,en,Crime|History|Drama,200000000,158722599,206
205596,The Imitation Game,2014-11-14,16.5065,7.983,18207,en,History|Drama|Thriller|War,14000000,233555708,113
2758,Addams Family Values,1993-11-19,10.8673,6.979,3345,en,Comedy|Family|Fantasy,47000000,48919043,94
249397,Nymphomaniac: Vol. II,2013-12-25,13.9816,6.7,3220,en,Drama|Mystery,2350000,4934725,124
10867,Malena,2000-10-27,17.0429,7.538,2738,it,Drama,0,14493284,108
118,Charlie and the Chocolate Factory,2005-07-13,17.1244,7.038,16227,en,Adventure|Comedy|Family|Fantasy,150000000,475000000,115
1167307,David,2025-12-14,15.2176,7.991,168,en,Animation|Family|Drama|History|Adventure,60900000,85865995,109
1007734,Nobody 2,2025-08-13,14.8187,6.916,1692,en,Action|Thriller|Comedy,25000000,43285109,89
1097549,Babygirl,2024-12-25,13.7001,5.715,1246,en,Romance|Thriller,20000000,60934894,115
150689,Cinderella,2015-03-06,15.3182,6.8,7452,en,Romance|Fantasy|Family|Drama,95000000,543514353,105
1084187,Pretty Lethal,2026-03-13,16.3125,6.796,448,en,Action|Thriller|Horror,0,0,89
1671548,Dear You,2026-04-30,15.4574,9.218,39,zh,Drama|Family|Comedy,0,0,118
105825,Erotic Ghost Story III,1992-03-05,16.9231,5.6,32,cn,Fantasy|Horror,0,1201428,94
337404,Cruella,2021-05-26,15.5429,7.973,10164,en,Comedy|Crime|Drama,200000000,233503234,134
281957,The Revenant,2015-12-25,16.0675,7.54,19474,en,Western|Drama|Adventure,135000000,532950503,157
460465,Mortal Kombat,2021-04-07,16.5774,7.05,6896,en,Action|Fantasy|Adventure,20000000,84426031,110
680493,Return to Silent Hill,2026-01-21,14.7024,5.38,743,en,Mystery|Drama|Horror,23000000,47976996,106
493922,Hereditary,2018-06-07,14.7417,7.293,8720,en,Horror|Mystery|Thriller,10000000,87796204,128
615,The Passion of the Christ,2004-02-25,16.563,7.547,5254,en,Drama,30000000,610063468,127
772,Home Alone 2: Lost in New York,1992-11-15,15.6363,6.791,10721,en,Comedy|Family|Adventure,18000000,358994850,120
22744,Jane Eyre,1943-12-24,15.9178,6.929,154,en,Drama|Romance,1705000,3550000,97
419430,Get Out,2017-02-24,16.4597,7.624,19067,en,Mystery|Thriller|Horror,4500000,255407969,104
1417,Pan's Labyrinth,2006-10-11,14.4911,7.766,11568,es,Fantasy|Drama|War,19000000,83258226,118
2251,Unfaithful,2002-05-10,15.8401,6.7,1757,en,Thriller|Drama|Romance,50000000,119137784,124
374720,Dunkirk,2017-07-19,16.0905,7.45,17712,en,War|Action|Drama,150000000,549136737,107
399566,Godzilla vs. Kong,2021-03-24,15.4424,7.532,10705,en,Action|Science Fiction|Adventure,200000000,470116094,114
530385,Midsommar,2019-07-03,16.5672,7.147,8216,en,Horror|Drama|Mystery,9000000,48498408,147
4951,10 Things I Hate About You,1999-03-30,16.3628,7.597,9024,en,Comedy|Romance|Drama,16000000,53478166,97
593643,The Menu,2022-11-17,15.1552,7.175,6387,en,Comedy|Horror,35000000,79628200,107
82690,Wreck-It Ralph,2012-11-01,14.4664,7.361,13171,en,Family|Animation|Comedy|Adventure,165000000,471222889,101
345,Eyes Wide Shut,1999-07-16,15.7577,7.5,7140,en,Drama|Thriller|Mystery,65000000,162100000,159
1091,The Thing,1982-06-25,15.2418,8.07,8063,en,Horror|Mystery|Science Fiction,15000000,19629760,109
1579,Apocalypto,2006-12-07,15.0259,7.653,6508,en,Action|Drama|History,40000000,120654337,138
11688,The Emperor's New Groove,2000-12-15,14.5283,7.564,7368,en,Adventure|Animation|Comedy|Family|Fantasy,100000000,169327687,78
414419,Kill Bill: The Whole Bloody Affair,2011-03-27,14.9894,8.1,1354,en,Action|Crime,60000000,12338649,254
629542,The Bad Guys,2022-03-17,16.0227,7.516,2610,en,Action|Animation|Comedy|Crime|Family,80000000,250162278,100
8392,My Neighbor Totoro,1988-04-16,14.7779,8.064,8923,ja,Fantasy|Animation|Family,3700000,41000000,86
333339,Ready Player One,2018-03-28,16.0296,7.589,17108,en,Adventure|Action|Science Fiction,175000000,607274134,140
321612,Beauty and the Beast,2017-03-16,15.1162,7.0,16078,en,Family|Fantasy|Romance,160000000,1266115964,129
510,One Flew Over the Cuckoo's Nest,1975-11-19,15.7245,8.409,11568,en,Drama,3000000,108981275,135
629,The Usual Suspects,1995-07-19,14.2077,8.167,11528,en,Drama|Crime|Thriller,6000000,23300000,106
1317672,Love Me Love Me,2026-02-12,14.4276,6.036,288,en,Romance|Drama,0,0,99
57158,The Hobbit: The Desolation of Smaug,2013-12-11,14.0056,7.583,14344,en,Fantasy|Adventure|Action,250000000,958400000,161
8363,Superbad,2007-08-17,16.6513,7.268,8188,en,Comedy,20000000,170800000,113
18240,The Proposal,2009-06-02,14.4751,7.175,7641,en,Comedy|Romance|Drama,40000000,317400000,108
812,Aladdin,1992-11-25,14.8992,7.656,12117,en,Animation|Family|Adventure|Fantasy|Romance,28000000,504050219,91
1734,The Mummy Returns,2001-05-04,15.9019,6.412,7773,en,Adventure|Action|Fantasy,98000000,443280904,130
1408208,Exit 8,2025-08-29,15.0187,6.977,627,ja,Horror|Mystery|Thriller,1400000,43892680,95
214756,Ted 2,2015-06-25,14.2753,6.326,8061,en,Comedy|Fantasy,68000000,215863606,115
131631,The Hunger Games: Mockingjay - Part 1,2014-11-19,13.6202,6.8,16827,en,Science Fiction|Adventure|Thriller,125000000,755356711,123
10020,Beauty and the Beast,1991-10-22,15.7341,7.727,10766,en,Romance|Family|Animation|Fantasy,25000000,424967620,84
116745,The Secret Life of Walter Mitty,2013-12-18,18.6154,7.226,8349,en,Adventure|Comedy|Drama|Fantasy,90000000,188133322,114
62211,Monsters University,2013-06-19,13.5852,7.055,11417,en,Animation|Family|Comedy|Fantasy,200000000,743559465,104
28,Apocalypse Now,1979-05-19,15.5906,8.267,9201,en,Drama|War,31500000,150000000,147
18239,The Twilight Saga: New Moon,2009-11-18,14.3558,5.989,9808,en,Adventure|Fantasy|Drama|Romance,50000000,709827462,131
12155,Alice in Wonderland,2010-03-03,15.9215,6.645,14914,en,Family|Fantasy|Adventure,200000000,1025467110,108
519465,Queen of Hearts,2019-03-27,13.3036,6.919,383,da,Drama,19000000,0,127
843527,The Idea of You,2024-05-02,13.2482,7.27,1984,en,Music|Comedy|Romance|Drama,0,36178,116
76492,Hotel Transylvania,2012-09-20,15.5954,6.969,9252,en,Animation|Comedy|Family|Fantasy,85000000,358375603,91
399579,Alita: Battle Angel,2019-01-31,14.0758,7.267,10171,en,Action|Science Fiction|Adventure,170000000,405000000,122
115,The Big Lebowski,1998-03-06,15.2573,7.835,12300,en,Comedy|Crime,15000000,47010480,117
87101,Terminator Genisys,2015-06-23,14.0561,5.959,9050,en,Science Fiction|Action|Thriller,155000000,440603537,126
639988,No Other Choice,2025-09-24,14.6931,7.508,1168,ko,Comedy|Crime|Thriller,12200000,40223568,139
845781,Red One,2024-10-31,13.9413,6.974,3091,en,Action|Comedy|Fantasy,250000000,185700759,124
377,A Nightmare on Elm Street,1984-11-09,13.9027,7.349,5813,en,Horror,1800000,57004513,91
539,Psycho,1960-06-22,16.4009,8.412,11090,en,Horror|Thriller|Mystery,806947,50000000,109
20526,TRON: Legacy,2010-12-14,13.8856,6.545,8019,en,Adventure|Action|Science Fiction,170000000,409912892,126
653346,Kingdom of the Planet of the Apes,2024-05-08,13.9618,7.057,4342,en,Science Fiction|Adventure|Action,160000000,397378150,145
801335,Girl in the Basement,2021-02-27,13.2441,7.569,877,en,Thriller|Crime|TV Movie,0,0,88
696393,Cold Storage,2026-01-22,16.7279,6.77,605,en,Horror|Science Fiction|Comedy,10000000,4048606,99
383498,Deadpool 2,2018-05-15,15.2048,7.491,19389,en,Action|Comedy|Adventure,110000000,785896632,120
72105,Ted,2012-06-29,14.9553,6.455,13284,en,Comedy|Fantasy,50000000,549368315,107
1366,Rocky,1976-12-03,14.6664,7.8,8726,en,Drama,1000000,117253345,120
1151031,Bring Her Back,2025-05-19,14.8323,7.34,1798,en,Horror,15000000,39410222,104
698687,Transformers One,2024-09-11,14.6923,7.981,1684,en,Animation|Science Fiction|Adventure|Family,75000000,129408392,104
48650,Room in Rome,2010-05-07,15.0648,6.408,838,es,Drama|Romance,0,844281,109
411088,The Invisible Guest,2017-01-06,13.7686,8.079,5052,es,Drama|Mystery|Thriller,4000000,30000000,107
1084577,Balls Up,2026-04-15,13.9087,5.84,294,en,Comedy|Action|Adventure,0,0,104
1072790,Anyone but You,2023-12-21,14.5215,6.762,3140,en,Romance|Comedy,25000000,214891370,103
605,The Matrix Revolutions,2003-11-05,13.6131,6.755,10937,en,Adventure|Action|Thriller|Science Fiction,150000000,424988211,129
615173,The Witch: Part 2. The Other One,2022-06-15,13.6872,7.435,460,ko,Action|Mystery|Thriller|Science Fiction,0,23068596,137
1893,Star Wars: Episode I - The Phantom Menace,1999-05-19,15.161,6.582,15987,en,Adventure|Action|Science Fiction,115000000,1046515409,136
151026,How to Seduce Your Teacher,1979-08-09,11.9357,5.157,51,it,Comedy,0,0,93
615777,Babylon,2022-12-22,16.4494,7.342,3830,en,Drama|Comedy,78000000,65267446,189
338953,Fantastic Beasts: The Secrets of Dumbledore,2022-04-06,15.2794,6.627,5152,en,Fantasy|Adventure,200000000,407200000,142
9769,Lolita,1997-09-27,14.8327,7.1,1991,en,Drama,62000000,1100000,137
4248,Scary Movie 2,2001-07-04,14.5131,5.844,5288,en,Comedy,45000000,141220678,82
785084,The Whale,2022-12-09,13.9123,7.762,4764,en,Drama,3000000,57615635,117
756999,The Black Phone,2022-06-16,13.748,7.517,5928,en,Horror|Thriller,16000000,161441914,103
447332,A Quiet Place,2018-04-03,14.6703,7.395,15484,en,Horror|Drama|Science Fiction,17000000,340955294,91
1359,American Psycho,2000-04-13,16.0984,7.401,12448,en,Thriller|Drama|Crime,7000000,34269748,102
870028,The Accountant²,2025-04-23,12.5078,7.081,1839,en,Mystery|Crime|Thriller,80000000,103223366,133
1601243,Oscar Shaw,2026-01-09,11.912,6.771,35,en,Action|Crime|Thriller|Western,0,0,93
447277,The Little Mermaid,2023-05-18,13.745,6.3,3354,en,Adventure|Family|Fantasy|Romance,297000000,569626289,135
1585,It's a Wonderful Life,1946-12-20,15.0701,8.278,4957,en,Drama|Family|Fantasy,3180000,9644124,131
412117,The Secret Life of Pets 2,2019-05-24,12.8241,6.952,3365,en,Animation|Comedy|Family|Adventure,80000000,429434163,86
137106,The Lego Movie,2014-02-06,11.7113,7.432,8569,en,Animation|Family|Adventure|Comedy|Fantasy,60000000,470759687,100
640,Catch Me If You Can,2002-12-16,17.0434,7.978,17279,en,Drama|Crime,52000000,352114312,141
93456,Despicable Me 2,2013-06-26,14.6358,6.948,12079,en,Animation|Comedy|Family|Science Fiction,76000000,970766005,98
405871,On the Beach,1985-08-24,15.9612,5.571,21,ja,Drama,0,0,67
454640,The Angry Birds Movie 2,2019-08-02,13.2713,7.0,1918,en,Animation|Adventure|Comedy|Family,65000000,137792047,97
745,The Sixth Sense,1999-08-06,12.6564,7.954,13019,en,Mystery|Thriller|Drama,40000000,672800000,107
36647,Blade,1998-08-21,15.6541,6.845,6808,en,Horror|Action,45000000,131183530,121
940721,Godzilla Minus One,2023-11-03,13.467,7.6,3262,ja,Science Fiction|Horror|Action,15000000,113676322,125
254128,San Andreas,2015-05-27,13.8566,6.247,9093,en,Action|Drama|Thriller,110000000,473990832,114
20453,3 Idiots,2009-12-23,13.9122,8.007,2761,hi,Drama|Comedy,9000000,70000000,171
598,City of God,2002-08-30,14.0672,8.428,8285,pt,Drama|Crime,3300000,30641770,129
454626,Sonic the Hedgehog,2020-02-12,13.3841,7.28,10461,en,Action|Science Fiction|Comedy|Family,85000000,319715683,99
381288,Split,2017-01-19,13.5307,7.342,18443,en,Horror|Thriller,9000000,278454358,117
402,Basic Instinct,1992-03-20,13.9459,6.947,4436,en,Thriller|Mystery,49000000,352927224,128
645710,The Voyeurs,2021-08-25,14.0634,6.549,1233,en,Thriller,0,0,117
43947,I Spit on Your Grave,2010-06-17,14.2926,6.505,2616,en,Thriller|Crime|Horror,2000000,572809,108
1252309,Tell Me What You Want,2024-11-29,13.465,6.121,302,es,Romance|Drama,0,2265661,114
592695,Pleasure,2021-10-08,12.8951,6.273,805,sv,Drama,1800000,393824,108
4561,The Story of O,1975-08-27,15.0204,5.5,184,fr,Drama,0,0,97
792307,Poor Things,2023-12-07,13.3948,7.639,5581,en,Science Fiction|Romance|Comedy,35000000,117607117,141
197,Braveheart,1995-05-24,13.527,7.9,11238,en,Action|Drama|History|War,72000000,213216216,178
930564,Saltburn,2023-11-16,13.2117,6.947,3009,en,Drama|Comedy|Thriller,20000000,21013738,131
298618,The Flash,2023-06-13,13.0762,6.621,5087,en,Action|Science Fiction|Adventure,220000000,271333313,144
194,Amélie,2001-04-25,13.2468,7.92,12498,fr,Comedy|Romance,10000000,173921954,122
4348,Pride & Prejudice,2005-09-16,14.4548,8.1,8831,en,Drama|Romance,28000000,124604345,128
146233,Prisoners,2013-09-19,14.6645,8.106,13243,en,Drama|Thriller|Crime,46000000,122127446,153
1035259,The Naked Gun,2025-07-30,14.3547,6.367,1845,en,Comedy|Crime|Action,42000000,102147396,85
1198984,We Bury the Dead,2026-01-01,13.8503,6.03,320,en,Horror|Thriller,0,3745163,95
423108,The Conjuring: The Devil Made Me Do It,2021-05-25,12.8123,7.346,6613,en,Horror|Mystery|Thriller,39000000,206444123,111
1892,Return of the Jedi,1983-05-25,14.232,7.91,17077,en,Adventure|Action|Science Fiction,32350000,572700000,132
118340,Guardians of the Galaxy,2014-07-30,14.2578,7.9,29932,en,Action|Science Fiction|Adventure,170000000,772776600,121
926393,The Equalizer 3,2023-08-30,12.8712,7.299,3795,en,Action|Thriller|Crime,70000000,191067560,109
766507,Prey,2022-08-02,14.1042,7.658,7828,en,Thriller|Action|Science Fiction,65000000,0,100
546554,Knives Out,2019-11-27,14.3492,7.8,14202,en,Comedy|Crime|Mystery,40000000,312897920,131
215,Saw II,2005-10-28,13.4397,6.608,5951,en,Horror,4000000,152925093,93
500,Reservoir Dogs,1992-09-02,13.311,8.112,15607,en,Crime|Thriller,1200000,2859750,99
915935,Anatomy of a Fall,2023-08-23,13.136,7.517,3370,fr,Thriller|Mystery|Crime,6600000,36000000,151
611698,A Writer's Odyssey,2021-02-12,13.0216,7.061,369,zh,Fantasy|Action|Adventure|Drama,0,150123320,130
80295,14 and Under,1973-08-16,10.0379,5.4,48,de,Comedy|Romance,0,0,87
49444,Kung Fu Panda 2,2011-05-25,12.8507,7.076,7995,en,Animation|Family|Comedy|Action,150000000,665692281,91
324552,John Wick: Chapter 2,2017-02-08,13.7687,7.342,14404,en,Action|Thriller|Crime,40000000,171539887,122
792,Platoon,1986-12-19,12.7863,7.751,5175,en,Drama|War|Action,6000000,138530565,120
601,E.T. the Extra-Terrestrial,1982-06-11,13.7484,7.5,12098,en,Adventure|Science Fiction|Family,10500000,797307407,115
141052,Justice League,2017-11-15,12.8648,6.069,13768,en,Action|Adventure|Science Fiction,300000000,661326987,120
141052,Justice League,2017-11-15,12.8648,6.069,13768,en,Action|Adventure|Science Fiction,300000000,661326987,120
282035,The Mummy,2017-06-06,13.8484,5.521,7703,en,Fantasy|Thriller|Action|Adventure|Horror,125000000,409231607,110
119450,Dawn of the Planet of the Apes,2014-07-08,13.053,7.34,12326,en,Science Fiction|Action|Drama|Thriller,170000000,710644566,130
1573,Die Hard 2,1990-07-03,12.565,6.973,6473,en,Action|Thriller,70000000,240031094,124
10198,The Princess and the Frog,2009-12-08,12.8541,7.231,6188,en,Animation|Romance|Fantasy|Family,105000000,270997378,98
420818,The Lion King,2019-07-12,13.8028,7.096,10811,en,Adventure|Drama|Family|Animation,260000000,1662020819,118
4588,"Lust, Caution",2007-09-24,15.4237,7.273,816,zh,Action|Drama|Romance|Thriller,15000000,67100000,158
11216,Cinema Paradiso,1988-11-17,13.2655,8.429,4888,it,Drama|Romance,5000000,35962062,124
19404,Dilwale Dulhania Le Jayenge,1995-10-20,13.1456,8.5,4602,hi,Comedy|Drama|Romance,13200000,100000000,190
1214931,Nuremberg,2025-11-06,14.0009,7.586,1238,en,History|Drama,11800000,37009109,149
1376434,Predator: Killer of Killers,2025-06-05,13.8042,7.787,1260,en,Animation|Action|Science Fiction|Thriller,0,0,85
1290417,Thrash,2026-04-10,13.9295,6.058,710,en,Horror|Thriller,0,0,84
103,Taxi Driver,1976-02-09,13.6084,8.124,13570,en,Crime|Drama,1900000,28579636,114
1358005,Office Romance,2026-06-04,12.0844,6.394,317,en,Romance|Comedy,0,0,115
4232,Scream,1996-12-20,13.3908,7.4,8082,en,Crime|Horror|Mystery,14000000,173046663,112
373571,Godzilla: King of the Monsters,2019-05-29,13.1235,6.691,6787,en,Science Fiction|Action,170000000,387300138,132
474350,It Chapter Two,2019-09-04,11.8741,6.837,9717,en,Horror|Thriller|Drama,79000000,473123154,169
526896,Morbius,2022-03-30,13.8501,5.896,4871,en,Action|Science Fiction|Fantasy,75000000,167635712,105
604,The Matrix Reloaded,2003-05-15,13.1959,7.083,12092,en,Adventure|Action|Thriller|Science Fiction,150000000,738599701,138
866398,The Beekeeper,2024-01-08,12.6527,7.277,4362,en,Action|Crime|Thriller,35000000,162619535,106
1572,Die Hard: With a Vengeance,1995-05-19,13.3119,7.285,6738,en,Action|Thriller,90000000,366101666,128
1556616,Summer House,2026-06-06,13.3885,7.0,21,tr,Romance|Family|Drama|Mystery,0,0,0
615457,Nobody,2021-03-18,13.1347,7.873,8485,en,Action|Thriller,16000000,57512470,91
1242011,Together,2025-07-14,13.1108,6.909,1241,en,Horror|Romance,17000000,34747399,102
105864,The Good Dinosaur,2015-11-14,13.958,6.748,6072,en,Adventure|Animation|Family,175000000,332207671,93
91314,Transformers: Age of Extinction,2014-06-25,13.6989,5.97,8837,en,Science Fiction|Action|Adventure,210000000,1105261713,165
1271,300,2007-03-07,13.5143,7.2,14871,en,Action|Adventure|War,65000000,456082343,117
985939,Fall,2022-08-11,13.2192,7.145,4712,en,Thriller,3000000,17363261,107
320288,Dark Phoenix,2019-06-05,14.6221,5.968,7153,en,Science Fiction|Action|Adventure,200000000,252442974,114
8078,Alien Resurrection,1997-11-12,12.8532,6.173,5636,en,Science Fiction|Horror|Action,70000000,162000000,109
1034541,Terrifier 3,2024-10-09,12.7587,6.782,1994,en,Horror,2000000,90322103,125
9323,Ghost in the Shell,1995-11-18,13.1993,7.928,3948,ja,Action|Animation|Science Fiction,3000000,10000000,83
1100782,Smile 2,2024-10-16,15.2645,6.588,2234,en,Horror|Music|Mystery|Thriller,28000000,138128854,127
13345,A Chinese Odyssey Part One: Pandora's Box,1995-01-21,12.6206,7.543,315,cn,Action|Adventure|Fantasy|Comedy|Romance|Drama,0,3237520,88
102651,Maleficent,2014-05-28,12.7885,7.088,13809,en,Fantasy|Adventure|Action|Family|Romance,180000000,758539785,97
370172,No Time to Die,2021-09-29,16.9511,7.336,7222,en,Action|Thriller|Adventure,250000000,774153024,163
6479,I Am Legend,2007-12-12,13.4956,7.219,17016,en,Drama|Science Fiction|Thriller,150000000,585410052,101
1367642,Reminders of Him,2026-03-11,11.765,7.8,359,en,Romance|Drama,30000000,89039780,114
49530,In Time,2011-10-27,13.5123,6.971,12250,en,Action|Thriller|Science Fiction,40000000,173900000,109
1515615,Kissing Is the Easy Part,2026-02-13,11.6468,7.298,52,en,Romance|Comedy,0,0,101
630,The Wizard of Oz,1939-08-21,12.8756,7.584,6166,en,Adventure|Fantasy|Family,2777000,33754967,102
378064,A Silent Voice: The Movie,2016-09-17,12.5224,8.396,4574,ja,Animation|Drama|Romance,0,30819442,129
270946,Penguins of Madagascar,2014-11-22,13.5653,6.5,4520,en,Family|Animation|Adventure|Comedy,132000000,373515621,92
1895,Star Wars: Episode III - Revenge of the Sith,2005-05-17,14.4926,7.473,15087,en,Adventure|Action|Science Fiction,113000000,850000000,140
575264,Mission: Impossible - Dead Reckoning Part One,2023-07-08,13.0624,7.503,5216,en,Action|Adventure|Thriller,220000000,571125435,164
75656,Now You See Me,2013-05-29,12.8814,7.329,16926,en,Thriller|Crime,75000000,351723989,116
137113,Edge of Tomorrow,2014-05-27,14.538,7.642,15243,en,Action|Science Fiction,178000000,370541256,114
16859,Kiki's Delivery Service,1989-07-29,12.1466,7.8,4641,ja,Animation|Family|Fantasy,6900000,4493017,103
37257,Witness for the Prosecution,1957-12-17,12.2879,8.206,1727,en,Drama|Mystery|Crime,3000000,9000000,116
526024,Boy Undone,2017-05-31,11.3918,4.75,20,es,Drama,0,0,116
351286,Jurassic World: Fallen Kingdom,2018-06-06,12.8957,6.531,12867,en,Adventure|Science Fiction|Thriller,170000000,1310469037,129
662707,Starbright,2026-02-27,11.3107,5.675,20,en,Adventure|Action,30000000,0,148
207703,Kingsman: The Secret Service,2015-01-24,13.1133,7.62,17932,en,Crime|Comedy|Action|Adventure,81000000,414351546,129
524047,Greenland,2020-07-29,12.5162,7.13,5417,en,Thriller|Action|Science Fiction,34000000,52300000,120
1241436,Warfare,2025-04-09,14.0093,7.082,1521,en,War|Action,20000000,34902602,95
153518,The Angry Birds Movie,2016-05-11,12.4887,6.3,4070,en,Animation|Adventure|Comedy|Family,73000000,349779543,97
1380316,Is God Is,2026-05-14,12.2858,5.932,81,en,Drama|Thriller,14800000,4857896,100
800939,Ticket to Paradise,2022-09-08,13.2953,6.418,1412,en,Drama|Comedy|Romance,20000000,168800000,104
1771,Captain America: The First Avenger,2011-07-22,13.2565,7.009,22891,en,Action|Adventure|Science Fiction,140000000,370569774,124
293167,Kong: Skull Island,2017-03-08,16.2265,6.557,11219,en,Action|Adventure|Fantasy,185000000,566652812,118
15512,Monsters vs Aliens,2009-03-19,12.9806,6.261,5032,en,Animation|Family|Adventure|Science Fiction,175000000,381509870,94
1223601,Sisu: Road to Revenge,2025-10-21,12.9336,7.315,849,fi,Action|War|Thriller,12200000,9811703,89
615457,Nobody,2021-03-18,13.1347,7.873,8485,en,Action|Thriller,16000000,57512470,91
1250,Ghost Rider,2007-01-15,12.9257,5.615,6543,en,Thriller|Action|Fantasy,110000000,228738393,114
9479,The Nightmare Before Christmas,1993-10-09,12.9031,7.834,10426,en,Fantasy|Animation|Family,18000000,75634409,76
384018,Fast & Furious Presents: Hobbs & Shaw,2019-07-31,12.9016,6.828,7837,en,Action|Adventure|Comedy,200000000,760098996,137
351286,Jurassic World: Fallen Kingdom,2018-06-06,12.8957,6.531,12867,en,Adventure|Science Fiction|Thriller,170000000,1310469037,129
592695,Pleasure,2021-10-08,12.8951,6.273,805,sv,Drama,1800000,393824,108
14161,2012,2009-10-10,12.8918,5.887,12847,en,Action|Adventure|Science Fiction,200000000,791217826,158
985939,Fall,2022-08-11,13.2192,7.145,4712,en,Thriller,3000000,17363261,107
4234,Scream 3,2000-02-04,12.882,6.009,4116,en,Horror|Mystery,40000000,161838076,116
75656,Now You See Me,2013-05-29,12.8814,7.329,16926,en,Thriller|Crime,75000000,351723989,116
630,The Wizard of Oz,1939-08-21,12.8756,7.584,6166,en,Adventure|Fantasy|Family,2777000,33754967,102
926393,The Equalizer 3,2023-08-30,12.8712,7.299,3795,en,Action|Thriller|Crime,70000000,191067560,109
141052,Justice League,2017-11-15,12.8648,6.069,13768,en,Action|Adventure|Science Fiction,300000000,661326987,120
10198,The Princess and the Frog,2009-12-08,12.8541,7.231,6188,en,Animation|Romance|Fantasy|Family,105000000,270997378,98
8078,Alien Resurrection,1997-11-12,12.8532,6.173,5636,en,Science Fiction|Horror|Action,70000000,162000000,109
49444,Kung Fu Panda 2,2011-05-25,12.8507,7.076,7995,en,Animation|Family|Comedy|Action,150000000,665692281,91
1248226,Playdate,2025-11-04,12.8375,6.118,629,en,Action|Comedy|Family,0,0,93
412117,The Secret Life of Pets 2,2019-05-24,12.8241,6.952,3365,en,Animation|Comedy|Family|Adventure,80000000,429434163,86
507089,Five Nights at Freddy's,2023-10-25,11.6065,7.302,5099,en,Horror|Thriller,20000000,297242145,110
240832,Lucy,2014-07-25,11.3987,6.474,17185,en,Action|Science Fiction,40000000,469058574,89
420634,Terrifier,2018-01-25,12.3814,6.316,3012,en,Horror,35000,421798,84
38055,Megamind,2010-10-28,12.4155,7.034,7555,en,Animation|Action|Comedy|Family|Science Fiction,130000000,321885765,96
640146,Ant-Man and the Wasp: Quantumania,2023-02-15,12.6073,6.225,5928,en,Action|Adventure|Science Fiction,326600000,476071180,125
695721,The Hunger Games: The Ballad of Songbirds & Snakes,2023-11-15,11.5231,7.0,3570,en,Science Fiction|Action,100000000,337371917,157
425909,Ghostbusters: Afterlife,2021-11-18,11.3651,7.317,5222,en,Fantasy|Comedy|Adventure,75000000,204445747,124
9552,The Exorcist,1973-12-26,12.2502,7.7,8733,en,Horror,11000000,430872776,122
50546,Just Go with It,2011-02-10,12.232,6.705,6172,en,Comedy|Romance,80000000,214945591,117
666277,Past Lives,2023-06-02,10.4652,7.7,2372,en,Drama|Romance,12000000,28126646,106
530915,1917,2019-12-25,12.2335,8.0,13680,en,War|Drama|History,100000000,446064352,119
13475,Star Trek,2009-05-06,13.4394,7.436,10581,en,Science Fiction|Action|Adventure,150000000,386839614,127
335983,Venom,2018-09-28,13.4389,6.825,17361,en,Science Fiction|Action,116000000,856085151,112
10997,Farewell My Concubine,1993-01-01,14.0106,7.915,693,zh,Drama,4000000,6400000,171
64690,Drive,2011-09-15,11.8789,7.583,13765,en,Drama|Thriller|Crime,15000000,79713640,100
1715492,Shipwrecked: Nightmare at Sea,2026-07-10,11.7442,7.482,55,en,Documentary,0,0,90
378236,The Emoji Movie,2017-07-23,12.357,5.378,3352,en,Animation|Family|Comedy,50000000,216909830,86
1584215,The Internship,2026-01-13,13.7295,6.672,122,en,Action,0,0,91
44896,Rango,2011-03-02,11.4034,6.912,7197,en,Animation|Comedy|Family|Western|Adventure,135000000,245724603,107
109418,Grown Ups 2,2013-07-11,11.97,6.2,4752,en,Comedy,80000000,247022278,101
346,Seven Samurai,1954-04-26,13.0017,8.45,4285,ja,Action|Drama,2000000,105000000,207
974576,Conclave,2024-10-25,12.2887,7.189,3479,en,Drama|Thriller,20000000,115657988,120
753342,Napoleon,2023-11-22,12.0323,6.304,3164,en,History|War|Romance|Action|Drama,165000000,222435664,158
1022787,Elio,2025-06-18,13.5,6.901,1055,en,Animation|Adventure|Science Fiction|Family,150000000,154291182,98
10144,The Little Mermaid,1989-11-17,12.5685,7.351,8464,en,Animation|Family|Fantasy,40000000,211343479,83
829560,The Next 365 Days,2022-08-18,12.0417,6.38,1329,pl,Romance|Drama,0,0,112
245891,John Wick,2014-10-16,13.6099,7.46,21031,en,Action|Thriller,20000000,86085191,101
1498047,Abuela tremenda,2026-01-01,11.8926,6.66,25,es,Comedy|Family,0,0,0
101299,The Hunger Games: Catching Fire,2013-11-15,12.1335,7.429,18569,en,Adventure|Action|Science Fiction,130000000,865011746,146
359724,Ford v Ferrari,2019-11-13,15.8325,8.008,9110,en,Drama|History|Action,97600000,225508210,153
100402,Captain America: The Winter Soldier,2014-03-20,12.3249,7.656,20162,en,Action|Adventure|Science Fiction,170000000,714766572,136
937287,Challengers,2024-04-18,11.0737,6.912,2741,en,Drama|Romance,55000000,94182533,132
80321,Madagascar 3: Europe's Most Wanted,2012-06-06,12.7893,6.646,6633,en,Animation|Family|Comedy|Adventure,145000000,746921274,93
242582,Nightcrawler,2014-10-23,12.6554,7.708,11841,en,Crime|Drama|Thriller,8500000,47425835,118
346364,It,2017-09-06,11.2102,7.24,20461,en,Horror|Thriller|Drama,35000000,719766009,135
184315,Hercules,2014-07-23,12.8133,5.804,4391,en,Action|Adventure,100000000,244819862,98
359410,Road House,2024-03-08,11.5997,6.941,3120,en,Action|Thriller|Drama,85000000,0,121
458156,John Wick: Chapter 3 - Parabellum,2019-05-15,12.7544,7.441,11876,en,Action|Thriller|Crime,55000000,328349908,131
281338,War for the Planet of the Apes,2017-07-11,13.4841,7.222,9809,en,Drama|Science Fiction|War,150000000,490719763,140
1363123,The Family Plan 2,2025-11-11,12.011,6.538,613,en,Action|Comedy,0,0,106
550988,Free Guy,2021-08-11,12.676,7.448,9954,en,Comedy|Adventure|Science Fiction,110000000,331526598,115
1223601,Sisu: Road to Revenge,2025-10-21,12.9336,7.315,849,fi,Action|War|Thriller,12200000,9811703,89
166426,Pirates of the Caribbean: Dead Men Tell No Tales,2017-05-23,12.4172,6.661,12917,en,Adventure|Action|Fantasy,230000000,795922298,129
335,Once Upon a Time in the West,1968-12-21,13.5539,8.3,4961,it,Drama|Western,5000000,5380118,166
170,28 Days Later,2002-10-31,12.5069,7.245,8644,en,Horror|Thriller|Science Fiction,8000000,82784517,113
4258,Scary Movie 5,2013-04-11,11.4619,4.799,3103,en,Comedy,20000000,78613981,86
558,Spider-Man 2,2004-06-25,13.6042,7.316,16533,en,Action|Adventure|Science Fiction,200000000,788976453,127
1317149,I Swear,2025-09-22,14.2978,8.24,400,en,Drama|History,3730000,15564405,121
840705,Blink Twice,2024-08-21,11.7609,6.678,1963,en,Horror|Mystery|Thriller,20000000,46393906,103
161,Ocean's Eleven,2001-12-07,11.939,7.462,12684,en,Thriller|Crime,85000000,450717150,116
1114513,Speak No Evil,2024-09-11,13.5401,7.114,2209,en,Horror|Thriller,15000000,77239314,110
613504,After We Collided,2020-09-02,13.4761,7.15,5481,en,Drama|Romance,14000000,47990414,105
951491,Saw X,2023-09-27,12.4733,7.159,2414,en,Horror|Mystery,13000000,125319714,118
1404791,Dollhouse,2025-06-13,11.4062,7.571,120,ja,Horror|Mystery,0,11547839,110
8681,Taken,2008-02-18,12.2147,7.4,12202,en,Action|Thriller,25000000,226830568,94
746036,The Fall Guy,2024-04-24,10.6158,6.957,3884,en,Action|Comedy|Romance,125000000,181073291,127
1368,First Blood,1982-10-22,12.2389,7.51,6960,en,Action|Thriller|Drama,15000000,125212904,93
451156,Infidelity in Suburbia,2017-02-25,11.6679,6.217,161,en,Thriller|TV Movie,0,0,120
2048,"I, Robot",2004-07-15,12.2586,6.968,12785,en,Action|Science Fiction,120000000,347234916,115
399055,The Shape of Water,2017-12-01,10.8937,7.236,12938,en,Drama|Fantasy|Romance,19500000,195300000,123
33337,Dear Inspector,1978-01-18,12.2519,5.856,87,fr,Comedy,0,0,105
9552,The Exorcist,1973-12-26,12.2502,7.7,8733,en,Horror,11000000,430872776,122
11423,Memories of Murder,2003-04-25,12.2451,8.061,4679,ko,Crime|Drama|Thriller,2800000,26000000,131
1291608,Dhurandhar,2025-12-05,12.2447,7.284,328,hi,Action|Crime|Thriller,24000000,136599112,214
1368,First Blood,1982-10-22,12.2389,7.51,6960,en,Action|Thriller|Drama,15000000,125212904,93
530915,1917,2019-12-25,12.2335,7.986,13681,en,War|Drama|History,100000000,446064352,119
50546,Just Go with It,2011-02-10,12.232,6.705,6172,en,Comedy|Romance,80000000,214945591,117
329,Jurassic Park,1993-06-11,12.2295,7.975,18076,en,Adventure|Science Fiction,63000000,920100000,127
4922,The Curious Case of Benjamin Button,2008-12-25,12.217,7.601,13849,en,Drama|Fantasy|Romance,150000000,335802786,166
8681,Taken,2008-02-18,12.2147,7.409,12203,en,Action|Thriller,25000000,226830568,94
11544,Lilo & Stitch,2002-06-21,12.1898,7.562,7153,en,Animation|Family|Comedy|Science Fiction,80000000,273144151,85
166428,How to Train Your Dragon: The Hidden World,2019-01-03,12.184,7.754,7190,en,Animation|Family|Adventure,129000000,539987993,104
124905,Godzilla,2014-05-14,12.1797,6.362,9878,en,Action|Drama|Science Fiction,160000000,524978362,123
162,Edward Scissorhands,1990-12-07,12.1735,7.72,13874,en,Fantasy|Drama|Romance,20000000,86024005,105
3782,Ikiru,1952-10-09,12.1532,8.299,1367,ja,Drama,85000,55240,143
16859,Kiki's Delivery Service,1989-07-29,12.1466,7.8,4641,ja,Animation|Family|Fantasy,6900000,4493017,103
1032823,Trap,2024-07-31,12.142,6.235,2917,en,Crime|Horror|Thriller,30000000,83677281,105
1448560,Wildcat,2025-11-19,12.1415,6.129,194,en,Action|Thriller,50000,0,99
934433,Scream VI,2023-03-08,12.1363,6.9,3261,en,Horror|Thriller|Crime,33000000,169063850,123
2109,Rush Hour,1998-09-18,12.1336,7.084,5758,en,Action|Comedy|Crime,33000000,244721064,97
1290436,Summer Beats,2026-01-07,10.9167,7.2,39,fr,Comedy,0,0,112
787,Mr. & Mrs. Smith,2005-06-07,11.9557,6.693,11322,en,Action|Comedy|Drama|Thriller,110000000,487287646,120
89,Indiana Jones and the Last Crusade,1989-05-24,11.2241,7.853,11175,en,Adventure|Action,48000000,474171806,127
185,A Clockwork Orange,1971-10-28,11.1957,8.175,13933,en,Science Fiction|Crime,2200000,27033812,137
335787,Uncharted,2022-02-10,13.0896,6.881,6993,en,Action|Adventure|Mystery,120000000,407141258,116
396422,Annabelle: Creation,2017-08-03,12.7396,6.609,6033,en,Horror,15000000,306592201,110
1308767,Young Washington,2026-07-02,12.5883,8.203,32,en,History|War|Drama,20000000,33105849,125
228794,Provocation,1995-12-15,12.4498,5.4,24,it,Drama|Romance,0,0,87
166428,How to Train Your Dragon: The Hidden World,2019-01-03,12.184,7.754,7190,en,Animation|Family|Adventure,129000000,539987993,104
7512,Idiocracy,2006-09-01,13.4269,6.379,3654,en,Comedy|Science Fiction|Adventure,30000000,495303,85
73,American History X,1998-07-01,11.8525,8.326,12697,en,Drama,20000000,23900000,119
661539,A Complete Unknown,2024-12-25,11.7193,7.063,1490,en,Drama|Music,65000000,140508652,141
984249,Ruthless,2023-12-14,12.2453,6.402,143,en,Action|Thriller,0,0,93
670292,The Creator,2023-09-27,13.1207,7.031,4025,en,Science Fiction|Action|Adventure,80000000,104272136,134
580489,Venom: Let There Be Carnage,2021-09-30,11.5525,6.741,11255,en,Science Fiction|Action|Adventure,110000000,506863592,97
36586,Blade II,2002-03-22,13.3971,6.569,5283,en,Fantasy|Horror|Action|Thriller,54000000,155010032,117
1564614,Leviticus,2026-06-17,11.6179,6.7,35,en,Horror|Romance,3500000,8458365,88
14161,2012,2009-10-10,12.8918,5.887,12846,en,Action|Adventure|Science Fiction,200000000,791217826,158
50646,"Crazy, Stupid, Love.",2011-07-29,10.7409,7.275,9369,en,Comedy|Drama|Romance,50000000,145079584,118
7220,The Punisher,2004-04-15,12.7081,6.379,3198,en,Action|Crime|Drama,33000000,54700105,124
291805,Now You See Me 2,2016-06-02,11.9521,6.826,11674,en,Crime|Thriller,120000000,334897606,129
188927,Star Trek Beyond,2016-07-07,11.9516,6.793,7163,en,Action|Adventure|Science Fiction,185000000,343471816,122
161,Ocean's Eleven,2001-12-07,11.939,7.462,12684,en,Thriller|Crime,85000000,450717150,116
151026,How to Seduce Your Teacher,1979-08-09,11.9357,5.157,51,it,Comedy,0,0,93
1220564,The Secret Agent,2025-07-23,11.9309,7.2,771,pt,Thriller|Drama|Crime,5000000,18988224,161
11224,Cinderella,1950-02-22,11.9294,7.0,7203,en,Family|Fantasy|Animation|Romance,2900000,263600000,74
9820,The Parent Trap,1998-07-28,11.9272,7.216,4571,en,Comedy|Family|Romance,15000000,92108518,128
853033,Adultery Alumni Association 2,2019-02-18,11.9243,4.7,41,ko,Drama|Romance,0,0,73
440,Aliens vs Predator: Requiem,2007-12-25,11.9198,5.166,3370,en,Action|Science Fiction|Thriller|Horror,40000000,130290885,94
4442,The Brothers Grimm,2005-08-26,11.9182,5.864,3000,en,Adventure|Fantasy|Action|Comedy|Thriller,88000000,105300000,118
46498,Candy,1968-12-17,11.9175,5.1,83,en,Adventure|Comedy|Fantasy,3000000,0,124
9480,Daredevil,2003-02-14,11.9174,5.301,5513,en,Fantasy|Action,78000000,179179718,103
1601243,Oscar Shaw,2026-01-09,11.912,6.771,35,en,Action|Crime|Thriller|Western,0,0,93
19913,(500) Days of Summer,2009-07-17,11.8966,7.302,11129,en,Comedy|Drama|Romance,7500000,60781545,95
1498047,Abuela tremenda,2026-01-01,11.8926,6.66,25,es,Comedy|Family,0,0,0
1522126,1000 Men and Me: The Bonnie Blue Story,2025-07-29,11.8891,5.4,25,en,Documentary|TV Movie,0,0,60
799583,The Ministry of Ungentlemanly Warfare,2024-04-18,11.8872,7.0,1951,en,Action|Comedy|War,60000000,29768915,120
1894,Star Wars: Episode II - Attack of the Clones,2002-05-15,11.8848,6.597,14486,en,Adventure|Action|Science Fiction,120000000,649398328,142
400155,Hotel Transylvania 3: Summer Vacation,2018-06-28,11.8837,6.848,4742,en,Animation|Comedy|Family|Fantasy,80000000,528600000,97
64690,Drive,2011-09-15,11.8789,7.583,13767,en,Drama|Thriller|Crime,15000000,79713640,100
682507,Where the Crawdads Sing,2022-07-14,11.7759,7.523,2349,en,Drama|Mystery|Romance,24000000,144353965,126
1252037,The Tank,2025-09-18,11.4678,7.1,464,de,War|Action|Drama,0,0,117
440,Aliens vs Predator: Requiem,2007-12-25,11.9198,5.166,3370,en,Action|Science Fiction|Thriller|Horror,40000000,130290885,94
1032823,Trap,2024-07-31,12.142,6.235,2917,en,Crime|Horror|Thriller,30000000,83677281,105
4922,The Curious Case of Benjamin Button,2008-12-25,12.217,7.601,13849,en,Drama|Fantasy|Romance,150000000,335802786,166
524434,Eternals,2021-11-03,12.4566,6.767,9245,en,Science Fiction|Action|Adventure,200000000,402064899,156
291805,Now You See Me 2,2016-06-02,11.9521,6.826,11674,en,Crime|Thriller,120000000,334897606,129
1119878,Ice Road: Vengeance,2025-06-27,13.4924,6.3,644,en,Action|Thriller|Drama,0,0,113
340102,The New Mutants,2020-04-02,11.661,6.067,3750,en,Science Fiction|Horror,67000000,49169594,94
796185,The Three Musketeers: D'Artagnan,2023-04-05,11.5173,6.919,1424,fr,Adventure|Action|Drama|History,27500000,31843086,121
1381027,Good Boy,2026-03-06,14.0078,7.077,163,en,Thriller|Drama|Mystery,0,0,110
95,Armageddon,1998-07-01,10.9822,6.833,8678,en,Action|Science Fiction|Adventure,140000000,553799566,151
818647,Through My Window,2022-02-04,10.9939,7.35,3362,es,Romance|Drama|Comedy,0,0,112
581528,"The Gangster, the Cop, the Devil",2019-05-15,10.903,7.881,1528,ko,Action|Crime|Thriller,6500000,25775371,110
49046,All Quiet on the Western Front,2022-10-07,12.4034,7.736,4778,de,War|Drama,20000000,0,147
949423,Pearl,2022-09-16,10.8934,7.232,2651,en,Horror,1000000,9847490,102
360920,The Grinch,2018-11-08,12.7493,6.866,4469,en,Animation|Comedy|Family|Fantasy,75000000,552976825,85
441168,From Straight A's to XXX,2017-02-11,10.4629,5.895,166,en,Drama|TV Movie,0,0,87
1268127,Humint,2026-02-11,11.3704,7.5,166,ko,Thriller|Action|Drama,16000000,13207600,120
646,Dr. No,1962-10-07,10.7736,7.0,4103,en,Adventure|Action|Thriller,1000000,59000000,110
508943,Luca,2021-06-17,12.0527,7.78,9016,en,Animation|Family|Fantasy|Drama|Comedy,200000000,51074773,95
4257,Scary Movie 4,2006-04-12,11.8595,5.495,3666,en,Comedy,40000000,178710620,83
85186,Demented,1980-06-01,9.7519,4.167,30,en,Crime|Horror|Thriller,0,0,87
446354,The Post,2017-12-22,11.5172,7.005,4957,en,Drama|History,50000000,179769467,116
4442,The Brothers Grimm,2005-08-26,11.9182,5.864,3000,en,Adventure|Fantasy|Action|Comedy|Thriller,88000000,105300000,118
124905,Godzilla,2014-05-14,12.1797,6.362,9878,en,Action|Drama|Science Fiction,160000000,524978362,123
940551,Migration,2023-12-06,14.2132,7.357,2279,en,Family|Comedy|Adventure|Animation,72000000,298776052,83
770,Gone with the Wind,1939-12-15,11.3835,7.908,4419,en,Drama|War|Romance,4000000,402352579,238
9532,Final Destination,2000-03-17,10.8862,6.641,6786,en,Horror,23000000,112880294,98
1087891,The Amateur,2025-04-09,13.864,6.925,1667,en,Thriller|Action,60000000,96000836,123
384018,Fast & Furious Presents: Hobbs & Shaw,2019-07-31,12.9016,6.828,7837,en,Action|Adventure|Comedy,200000000,760098996,137
11970,Hercules,1997-06-13,11.217,7.497,7998,en,Animation|Family|Fantasy|Adventure|Comedy|Romance,85000000,252712101,93
609681,The Marvels,2023-11-08,11.7717,5.933,3490,en,Science Fiction|Adventure|Action,274800000,206136825,105
497582,Enola Holmes,2020-09-22,11.7584,7.227,6702,en,Adventure|Mystery|Crime,21000000,0,123
140300,Kung Fu Panda 3,2016-01-23,12.6655,6.93,6664,en,Animation|Action|Adventure|Comedy|Family,145000000,521170825,95
24021,The Twilight Saga: Eclipse,2010-06-23,11.1056,6.2,9304,en,Adventure|Fantasy|Drama|Romance,68000000,698491347,124
1701,Con Air,1997-06-05,10.9451,6.8,4767,en,Action|Thriller|Crime,75000000,224012234,116
1010755,The Strangers: Chapter 3,2026-02-05,12.0313,5.939,246,en,Horror|Thriller,8500000,9191988,92
1627824,Rocky's Cat-astrophe,2026-02-27,9.4219,8.1,21,en,Animation|Family,0,0,44
176,Saw,2004-10-01,11.5626,7.424,10175,en,Horror|Mystery|Crime,1200000,104045735,103
50014,The Help,2011-08-09,11.6328,8.205,9137,en,Drama,25000000,216600000,146
35,The Simpsons Movie,2007-07-25,11.7718,7.023,8613,en,Animation|Comedy|Family,75000000,527068851,87
260346,Taken 3,2014-12-16,10.762,6.3,6204,en,Thriller|Action,48000000,325800000,109
974950,Emilia Pérez,2024-08-21,10.8943,6.447,1996,fr,Drama|Thriller,26000000,16317120,132
9480,Daredevil,2003-02-14,11.9174,5.302,5512,en,Fantasy|Action,78000000,179179718,103
766,Army of Darkness,1992-10-31,11.4161,7.257,3575,en,Fantasy|Horror|Comedy,11000000,21502976,81
169,Predator 2,1990-11-21,11.3319,6.308,3891,en,Science Fiction|Action|Thriller,35000000,57120318,108
3782,Ikiru,1952-10-09,12.1532,8.299,1367,ja,Drama,85000,55240,143
339403,Baby Driver,2017-06-28,10.881,7.443,16967,en,Action|Crime,34000000,226945087,113
185664,Nun in Rope Hell,1984-05-25,10.3579,6.3,37,ja,Drama|Horror,0,0,69
28485,Satan's Blood,1978-08-12,10.7967,6.065,46,es,Horror|Thriller,175000,594947,82
1153714,Death of a Unicorn,2025-03-17,12.0813,6.395,867,en,Horror|Fantasy|Comedy,15000000,16423085,107
8358,Cast Away,2000-12-22,13.6335,7.665,12377,en,Adventure|Drama,90000000,429632142,143
107,Snatch,2000-09-01,11.5083,7.8,10085,en,Crime|Comedy,100000000,83557872,103
1291608,Dhurandhar,2025-12-05,12.2447,7.284,328,hi,Action|Crime|Thriller,24000000,136599112,214
663,Saw IV,2007-10-25,11.8725,6.167,4160,en,Horror|Thriller|Crime,10000000,139352653,93
87827,Life of Pi,2012-11-20,11.3788,7.412,13860,en,Adventure|Drama,120000000,609016565,127
9820,The Parent Trap,1998-07-28,11.9272,7.216,4571,en,Comedy|Family|Romance,15000000,92108518,128
1169516,Welcome to the Jungle,2026-06-25,12.0097,5.0,24,hi,Action|Comedy|Adventure,0,0,170
14324,Virgin Territory,2007-12-17,10.4647,4.987,380,en,Adventure|Action|Comedy|Romance,38000000,5410749,93
14324,Virgin Territory,2007-12-17,10.4647,4.987,380,en,Adventure|Action|Comedy|Romance,38000000,5410749,93
1124566,Sentimental Value,2025-08-20,12.7573,7.445,987,no,Drama,7800000,23883986,133
854,The Mask,1994-07-29,13.985,6.995,11393,en,Comedy|Fantasy|Crime|Romance,23000000,351583407,101
86331,Desire,2011-10-06,10.6379,6.308,1381,fr,Drama|Romance,1344000,0,103
115290,Blue Lagoon: The Awakening,2012-06-16,10.4238,6.456,1513,en,Drama|Adventure|Romance|TV Movie,0,0,85
400155,Hotel Transylvania 3: Summer Vacation,2018-06-28,11.8837,6.848,4742,en,Animation|Comedy|Family|Fantasy,80000000,528600000,97
607,Men in Black,1997-07-02,11.185,7.226,14969,en,Action|Adventure|Comedy|Science Fiction,90000000,589390539,98
1181678,¿Quieres ser mi hijo?,2023-09-21,11.0402,8.5,357,en,Comedy|Romance,0,0,100
1239134,Bhooth Bangla,2026-04-16,10.1088,5.6,53,hi,Horror|Comedy,14000000,20000000,163
752623,The Lost City,2022-03-23,10.8195,6.454,4043,en,Action|Adventure|Comedy,74000000,192907684,112
1571,Live Free or Die Hard,2007-06-20,10.0304,6.644,6413,en,Action|Thriller,110000000,383531464,128
71676,Ghost Rider: Spirit of Vengeance,2011-12-10,11.4051,5.027,4119,en,Action|Fantasy|Thriller,57000000,132563930,96
568,Apollo 13,1995-06-30,12.5786,7.463,5991,en,Drama|History,52000000,355237933,140
1522126,1000 Men and Me: The Bonnie Blue Story,2025-07-29,11.8891,5.4,25,en,Documentary|TV Movie,0,0,60
1005331,Carry-On,2024-12-05,12.0992,6.883,2818,en,Thriller|Action,47000000,0,120
64688,21 Jump Street,2012-03-14,10.1447,6.885,11125,en,Action|Comedy|Crime,42000000,201585328,109
8077,Alien³,1992-05-22,11.6555,6.388,6448,en,Science Fiction|Action|Horror,50000000,159773545,114
646380,Don't Look Up,2021-12-08,10.514,7.06,9470,en,Comedy|Science Fiction|Drama,75000000,791863,138
82507,Sinister,2012-10-04,10.0102,6.875,6103,en,Horror|Thriller|Mystery,3000000,82515113,110
889737,Joker: Folie à Deux,2024-10-01,9.9495,5.406,2973,en,Drama|Crime|Thriller,190000000,207500287,138
1813,The Devil's Advocate,1997-10-17,12.411,7.479,6891,en,Horror|Drama|Mystery,57000000,153000000,144
21484,Possession,1981-05-27,11.454,7.317,1363,en,Horror,2400000,1200000,124
1159831,The Bride!,2026-03-04,11.8149,6.128,585,en,Science Fiction|Horror|Fantasy,80000000,23944025,127
937278,A Man Called Otto,2022-12-28,10.1155,7.748,3651,en,Comedy|Drama,50000000,113360085,126
9479,The Nightmare Before Christmas,1993-10-09,12.9031,7.8,10425,en,Fantasy|Animation|Family,18000000,75634409,76
15121,The Sound of Music,1965-03-29,11.8624,7.731,3662,en,Drama|Family|Music|Romance,8200000,286214286,174
250546,Annabelle,2014-10-01,11.5407,5.791,6593,en,Horror,6500000,257589952,99
1274706,The Marked Woman,2026-06-05,9.4803,5.558,104,es,Thriller|Crime,0,0,109
61791,Rise of the Planet of the Apes,2011-08-03,11.3595,7.346,12865,en,Thriller|Action|Drama|Science Fiction,93000000,481800873,105
762441,A Quiet Place: Day One,2024-06-26,9.9845,6.644,3437,en,Horror|Science Fiction|Thriller,67000000,261907653,100
427641,Rampage,2018-04-11,10.2855,6.469,7625,en,Action|Adventure|Science Fiction,120000000,428028233,107
264660,Ex Machina,2015-01-21,10.4955,7.6,14391,en,Drama|Science Fiction,15000000,36869414,108
10527,Madagascar: Escape 2 Africa,2008-10-30,11.5423,6.528,7494,en,Adventure|Animation|Comedy|Family,150000000,603900354,89
11836,The SpongeBob SquarePants Movie,2004-11-19,12.6923,7.09,3242,en,Adventure|Animation|Comedy|Family|Fantasy,30000000,141067890,87
286687,Love Lesson,2013-12-05,10.3975,6.81,42,ko,Romance|Drama|Comedy,0,0,80
4234,Scream 3,2000-02-04,12.882,6.009,4115,en,Horror|Mystery,40000000,161838076,116
2832,Identity,2003-04-25,11.8525,7.185,4432,en,Mystery|Thriller,28000000,90259536,90
353486,Jumanji: Welcome to the Jungle,2017-12-09,11.8297,6.821,14618,en,Adventure|Comedy|Fantasy|Action,90000000,995339117,119
1263256,Happy Gilmore 2,2025-07-25,11.6201,6.522,1005,en,Comedy,152000000,0,118
1220564,The Secret Agent,2025-07-23,11.9309,7.2,771,pt,Thriller|Drama|Crime,5000000,18988224,161
520763,A Quiet Place Part II,2021-05-21,11.5154,7.431,7494,en,Science Fiction|Thriller|Horror,55000000,297372261,97
516729,Paddington in Peru,2024-11-08,11.524,6.811,716,en,Adventure|Comedy|Family,90000000,211000000,106
516486,Greyhound,2020-07-09,10.5594,7.415,3365,en,War|Action|Drama,50300000,0,92
268896,Pacific Rim: Uprising,2018-03-21,11.705,6.125,5406,en,Action|Fantasy|Science Fiction|Adventure,150000000,290061297,111
149,Akira,1988-06-10,10.2714,7.939,4852,ja,Animation|Science Fiction|Action,5700000,49000000,124
1011477,Karate Kid: Legends,2025-05-08,11.3624,6.973,1242,en,Action|Adventure|Drama,45000000,117105466,94
1000837,I'm Still Here,2024-09-19,9.6423,7.891,1090,pt,Drama|History,8000000,36361572,138
114,Pretty Woman,1990-03-23,10.9191,7.447,9061,en,Romance|Comedy,14000000,463406268,120
856,Who Framed Roger Rabbit,1988-06-22,11.8696,7.54,6237,en,Fantasy|Animation|Comedy|Crime,70000000,329800000,104
537915,After,2019-04-11,11.6564,7.104,8543,en,Drama|Romance,14000000,69497587,106
1018,Mulholland Drive,2001-06-06,10.9181,7.8,7128,en,Thriller|Drama|Mystery,15000000,20289986,147
853033,Adultery Alumni Association 2,2019-02-18,11.9243,4.7,41,ko,Drama|Romance,0,0,73
109439,The Hangover Part III,2013-05-23,11.2726,6.213,9314,en,Comedy,103000000,362000072,100
752,V for Vendetta,2006-02-23,12.506,7.901,15698,en,Action|Thriller|Science Fiction,54000000,134686457,132
335797,Sing,2016-11-23,11.6329,7.125,8490,en,Animation|Comedy|Family|Music,75000000,634151679,108
73723,The Lorax,2012-03-01,11.4018,6.538,3922,en,Animation|Family,70000000,349305397,86
508883,The Boy and the Heron,2023-07-14,9.9114,7.392,2704,ja,Animation|Fantasy|Drama,50000000,294200000,124
1735,The Mummy: Tomb of the Dragon Emperor,2008-07-01,11.5748,5.521,4859,en,Adventure|Action|Fantasy,145000000,403449830,112
406990,What Happened to Monday,2017-08-18,9.7685,7.144,6481,en,Science Fiction|Thriller|Mystery|Action,20000000,27975429,123
46195,Rio,2011-04-03,9.6607,6.767,7236,en,Animation|Adventure|Comedy|Family,90000000,483866772,96
460458,Resident Evil: Welcome to Raccoon City,2021-11-24,11.669,5.927,2737,en,Action|Horror|Science Fiction,25000000,41914915,107
98566,Teenage Mutant Ninja Turtles,2014-08-07,9.2443,5.933,7241,en,Science Fiction|Action|Adventure|Comedy,125000000,485004754,101
804150,Cocaine Bear,2023-02-22,10.6622,5.992,2475,en,Thriller|Comedy|Crime,32500000,88314672,95
646385,Scream,2022-01-12,10.2205,6.7,3940,en,Horror|Mystery,24000000,138874789,114
1195506,Novocaine,2025-03-03,11.733,6.784,1664,en,Action|Comedy|Thriller,18000000,34536061,110
976893,Perfect Days,2023-11-10,10.0612,7.808,1969,ja,Drama,14000000,24094016,124
754,Face/Off,1997-06-27,11.8568,7.06,5982,en,Action|Crime|Science Fiction,80000000,245700000,139
49047,Gravity,2013-10-03,10.7719,7.172,16460,en,Science Fiction|Thriller|Drama,105000000,723192705,91
318846,The Big Short,2015-12-11,10.5792,7.368,9925,en,Comedy|Drama,28000000,133346506,131
283366,Miss Peregrine's Home for Peculiar Children,2016-09-28,10.9379,6.84,10540,en,Adventure|Fantasy,110000000,296482446,127
188927,Star Trek Beyond,2016-07-07,11.9516,6.793,7163,en,Action|Adventure|Science Fiction,185000000,343471816,122
36557,Casino Royale,2006-11-14,11.6129,7.574,11803,en,Adventure|Action|Thriller,150000000,599045960,144
417320,Descendants 2,2017-07-21,9.533,7.37,1799,en,Family|Fantasy|TV Movie|Adventure,0,0,111
11006,Smokey and the Bandit,1977-05-27,9.4805,6.989,821,en,Action|Adventure|Comedy,4300000,126700000,96
600,Full Metal Jacket,1987-06-26,11.2066,8.117,11576,en,Drama|War,30000000,46357676,117
1560681,Colors of Evil: Black,2026-06-10,10.6409,6.908,130,pl,Thriller|Mystery|Crime,0,0,110
392044,Murder on the Orient Express,2017-11-03,8.8631,6.707,10615,en,Mystery|Drama|Crime,55000000,352800000,114
314,Catwoman,2004-07-22,10.2797,4.637,3643,en,Action|Fantasy|Crime,100000000,82102379,104
1426776,STRAW,2025-06-05,11.7474,7.705,982,en,Thriller|Drama|Crime,0,0,105
11423,Memories of Murder,2003-04-25,12.2451,8.061,4679,ko,Crime|Drama|Thriller,2800000,26000000,131
274857,King Arthur: Legend of the Sword,2017-05-10,10.3607,6.558,6107,en,Action|Drama|Fantasy,175000000,149175066,126
8835,Legally Blonde,2001-07-13,10.1022,6.8,4618,en,Comedy,18000000,141778365,96
420809,Maleficent: Mistress of Evil,2019-10-16,10.6386,7.296,6541,en,Family|Fantasy|Adventure,185000000,491730089,119
345887,The Equalizer 2,2018-07-19,10.1215,6.795,6051,en,Action|Thriller|Crime,62000000,190400157,121
6477,Alvin and the Chipmunks,2007-12-13,9.9608,5.843,4781,en,Comedy|Family|Fantasy|Animation,60000000,361366633,92
810,Shrek the Third,2007-05-17,10.7033,6.313,9872,en,Fantasy|Adventure|Animation|Comedy|Family,160000000,808310187,93
393,Kill Bill: Vol. 2,2004-04-16,10.046,7.878,15212,en,Action|Crime|Thriller,30000000,152159461,136
320,Insomnia,2002-05-24,10.0078,6.956,5383,en,Thriller|Crime|Drama,46000000,113714830,118
5879,In the Realm of the Senses,1976-09-15,10.544,6.6,741,ja,Drama|Romance,0,7650000,102
7131,Van Helsing,2004-05-03,11.1037,6.4,6746,en,Horror|Adventure|Action,160000000,300257475,132
1582770,Dhurandhar: The Revenge,2026-03-18,10.7221,7.342,130,hi,Action|Crime|Thriller,14330000,152900759,229
190859,American Sniper,2014-12-25,10.8111,7.411,13744,en,War|Action,58800000,542300000,133
211672,Minions,2015-06-17,10.3119,6.422,11176,en,Family|Animation|Adventure|Comedy,74000000,1159457503,91
141,Donnie Darko,2001-01-19,10.6614,7.762,13533,en,Fantasy|Drama|Mystery,4500000,7500000,114
19913,(500) Days of Summer,2009-07-17,11.8966,7.302,11129,en,Comedy|Drama|Romance,7500000,60781545,95
36648,Blade: Trinity,2004-12-08,11.5463,5.863,4373,en,Action|Horror|Science Fiction,65000000,128905366,113
930094,"Red, White & Royal Blue",2023-07-27,9.6792,7.9,1595,en,Comedy|Romance,20000000,0,118
335977,Indiana Jones and the Dial of Destiny,2023-06-25,9.9313,6.511,4234,en,Adventure|Action,294700000,383963057,155
453,A Beautiful Mind,2001-12-14,11.3705,7.854,11185,en,Drama|Romance,58000000,316791257,135
56292,Mission: Impossible - Ghost Protocol,2011-12-07,10.6971,7.115,10856,en,Action|Thriller|Adventure,145000000,694713380,133
758330,"Good Luck to You, Leo Grande",2022-06-16,10.3442,6.982,691,en,Romance|Drama,0,7589829,97
168259,Furious 7,2015-04-01,13.139,7.217,11374,en,Action|Crime|Thriller,190000000,1515400000,138
1428990,This Is Not a Test,2026-02-20,10.665,5.457,70,en,Thriller|Horror,0,150000,102
76493,The Dictator,2012-05-15,10.2182,6.239,6518,en,Comedy,65000000,179379533,83
676,Pearl Harbor,2001-05-21,9.2818,6.936,7076,en,War|History|Drama,140000000,449220945,183
467244,The Zone of Interest,2023-12-15,11.414,7.01,2667,en,Drama|History|War,15000000,52631884,105
579974,RRR,2022-03-24,9.9692,7.709,1631,te,Action|History|Drama,69000000,160000000,187
10066,House of Wax,2005-05-05,11.6095,6.038,3396,en,Horror|Thriller|Mystery,40000000,68766121,113
37135,Tarzan,1999-06-17,9.8857,7.4,7397,en,Animation|Family|Adventure,130000000,448200000,88
225886,Sex Tape,2014-07-17,9.3421,5.404,4241,en,Comedy,40000000,126069509,94
616,The Last Samurai,2003-12-05,11.0309,7.61,7635,en,Drama|Action|War,140000000,456800000,154
404368,Ralph Breaks the Internet,2018-11-20,11.7175,7.158,8176,en,Action|Adventure|Animation|Comedy|Family|Science Fiction,175000000,529323962,112
330459,Rogue One: A Star Wars Story,2016-12-14,10.9407,7.509,16540,en,Action|Adventure|Science Fiction,200000000,1056057273,133
664413,365 Days,2020-02-07,10.1454,6.991,9555,pl,Romance|Drama|Crime,0,9458590,114
408,Snow White and the Seven Dwarfs,1938-01-22,10.3958,7.1,8030,en,Fantasy|Animation|Family,1488423,184925486,83
950,Ice Age: The Meltdown,2006-03-29,11.3723,6.725,10424,en,Animation|Family|Comedy|Adventure,80000000,660998756,91
26817,Sex and the Single Girl,1964-12-25,10.7848,6.554,83,en,Comedy|Romance,0,0,110
884605,No Hard Feelings,2023-06-15,10.1913,6.679,3923,en,Comedy|Romance,45000000,83000000,103
76757,Jupiter Ascending,2015-02-04,9.4893,5.471,7163,en,Science Fiction|Fantasy|Action,176000000,184000000,127
84892,The Perks of Being a Wallflower,2012-09-20,10.3718,7.805,11308,en,Drama,13000000,33384127,103
297090,The Torture Club,2014-07-19,10.7979,5.235,51,ja,Drama|Comedy,0,0,97
122906,About Time,2013-09-04,10.4932,7.907,9359,en,Drama|Romance|Fantasy,12000000,87100449,123
70160,The Hunger Games,2012-03-12,10.3149,7.224,23458,en,Science Fiction|Adventure|Action|Thriller,75000000,694000000,142
565770,Blue Beetle,2023-08-16,10.0264,6.633,3165,en,Action|Science Fiction|Adventure,104000000,130788072,128
439079,The Nun,2018-09-05,12.3595,5.908,7232,en,Horror,22000000,366082797,96
365177,Borderlands,2024-08-07,10.8459,5.573,1526,en,Action|Science Fiction|Comedy,115000000,33017367,101
353081,Mission: Impossible - Fallout,2018-07-25,10.9783,7.5,9224,en,Action|Adventure,178000000,824171374,147
127380,Finding Dory,2016-06-16,10.9634,7.042,12731,en,Adventure|Animation|Family,200000000,1029266989,97
8689,Cannibal Holocaust,1980-02-07,10.1217,6.248,1894,it,Horror,100000,2000000,95
38575,The Karate Kid,2010-06-10,10.1454,6.568,6625,en,Action|Adventure|Drama|Family,40000000,359126022,140
177677,Mission: Impossible - Rogue Nation,2015-07-28,11.1582,7.226,9798,en,Action|Adventure,150000000,682716636,131
506574,Descendants 3,2019-08-02,9.7466,7.682,1636,en,Family|TV Movie|Adventure|Fantasy,15000000,0,106
1621,Trading Places,1983-06-07,10.9426,7.232,3700,en,Comedy,15000000,90404800,116
762504,Nope,2022-07-20,8.7574,6.827,5004,en,Horror|Science Fiction,68000000,171932082,130
10830,Matilda,1996-08-02,10.7257,7.18,4859,en,Comedy|Family|Fantasy,36000000,33500000,98
893723,PAW Patrol: The Mighty Movie,2023-09-21,10.1262,6.943,570,en,Adventure|Animation|Comedy|Family|Science Fiction,30000000,202231360,88
1022796,Wish,2023-11-13,11.3871,6.219,1803,en,Animation|Family|Fantasy|Adventure,175000000,254997360,95
273477,Scouts Guide to the Zombie Apocalypse,2015-10-23,10.4278,6.585,2153,en,Comedy|Horror,15000000,14900000,93
153104,Wicked Minds,2003-03-01,10.9505,6.34,53,en,Mystery|Drama|Romance|Thriller|TV Movie,0,0,93
336843,Maze Runner: The Death Cure,2018-01-10,10.7646,7.082,8481,en,Science Fiction|Action|Adventure|Thriller,62000000,288418190,143
