id,title,release_date,popularity,vote_average,vote_count,original_language,genres,budget,revenue,runtime,Genre_Action,Genre_Adventure,Genre_Comedy,Genre_Drama,Genre_Horror,Genre_Romance,Genre_Sci-Fi,Genre_Thriller,Genre_Animation,Genre_Fantasy,Release_Year,Has_Budget,Log_Budget,Log_Revenue,Log_Popularity,Log_Vote_Count,ROI
1368337,The Odyssey,2026-07-15,979.0823,8.0,1313,en,Adventure|Action|Fantasy,250000000,322043315,173,1,1,0,0,0,0,0,0,0,1,2026,1,19.33697147982652,19.590196616200576,6.887636547730366,7.1808311990445555,1.28817326
1275779,Disclosure Day,2026-06-10,558.4583,7.226,1558,en,Science Fiction|Thriller,115000000,237274086,146,0,0,0,0,0,0,0,1,0,0,2026,1,18.560442695023177,19.284726516117562,6.3269689941433205,7.351799869057777,2.06325292173913
1108427,Moana,2026-07-08,515.4828,5.9,138,en,Family|Fantasy|Comedy|Adventure,250000000,183581607,115,0,1,1,0,0,0,0,0,0,1,2026,1,19.33697147982652,19.028169856840947,6.24704198694034,4.9344739331306915,0.734326428
1339713,Obsession,2026-05-13,407.6643,8.242,3609,en,Horror|Thriller,750000,447862498,109,0,0,0,0,1,0,0,1,0,0,2026,1,13.527829818844937,19.9199968213941,6.0128940366204136,8.191463051326927,597.1499973333333
1083381,Backrooms,2026-05-27,385.4853,7.087,2041,en,Horror|Mystery|Science Fiction,10000000,387700748,111,0,0,0,0,1,0,0,0,0,0,2026,1,16.118095750958314,19.775744334545404,5.957093833668992,7.621684998724611,38.7700748
1315772,Minions & Monsters,2026-06-24,333.0288,6.399,223,en,Adventure|Animation|Comedy|Family|Fantasy,85000000,363645130,90,0,1,1,0,0,0,0,0,1,1,2026,1,18.258161826219297,19.711689035227284,5.811227216804229,5.4116460518550396,4.278178
1081003,Supergirl,2026-06-24,364.8746,6.145,518,en,Action|Adventure|Science Fiction,175000000,120067228,108,1,1,0,0,0,0,0,0,0,0,2026,1,18.980296537602072,18.603562385536215,5.902290651741893,6.251903883165888,0.6860984457142857
1084244,Toy Story 5,2026-06-17,322.0636,7.423,692,en,Animation|Family|Comedy|Adventure,250000000,958418566,102,0,1,1,0,0,0,0,0,1,0,2026,1,19.33697147982652,20.680795158050994,5.777849207864371,6.541029999189903,3.833674264
454639,Masters of the Universe,2026-06-03,359.8509,7.352,874,en,Action|Fantasy|Science Fiction,200000000,113474410,141,1,0,0,0,0,0,0,0,0,1,2026,1,19.11382792951231,18.547087915722724,5.8884648536262985,6.774223886357614,0.56737205
1273221,Scary Movie,2026-06-03,314.886,6.47,1038,en,Comedy|Horror,30000000,230307286,96,0,0,1,0,1,0,0,0,0,0,2026,1,17.216707972959764,19.254925005627722,5.7553813890038805,6.946013991099227,7.676909533333333
1228710,The Mandalorian and Grogu,2026-05-20,217.959,7.2,843,en,Action|Adventure|Science Fiction,165000000,344818222,132,1,1,0,0,0,0,0,0,0,0,2026,1,18.92145603792546,19.658527946285325,5.388884497677786,6.738152494595957,2.089807406060606
1668364,Desire,2026-05-07,308.5165,7.055,109,es,Mystery|Drama,0,0,97,0,0,0,1,0,0,0,0,0,0,2026,0,0.0,0.0,5.735011402496842,4.700480365792417,
687163,Project Hail Mary,2026-03-15,183.9877,8.7,6391,en,Science Fiction|Adventure,200000000,683979467,157,0,1,0,0,0,0,0,0,0,0,2026,1,19.11382792951231,20.34343845759243,5.220289336381514,8.76280248744611,3.419897335
1318621,Descendants: Wicked Wonderland,2026-07-16,167.2502,7.7,99,en,Fantasy|Family|TV Movie,0,0,98,0,0,0,0,0,0,0,0,0,1,2026,0,0.0,0.0,5.125452157231411,4.605170185988092,
1523145,Your Heart Will Be Broken,2026-03-26,162.5813,7.2,117,ru,Romance,3716000,7578000,134,0,0,0,0,0,1,0,0,0,0,2026,1,15.128158648022396,15.840760002521614,5.0973101144570565,4.770684624465665,2.0392895586652315
1314481,The Devil Wears Prada 2,2026-04-29,153.6012,7.141,1640,en,Comedy|Drama,100000000,689469075,119,0,0,1,1,0,0,0,0,0,0,2026,1,18.420680753952364,20.351432404300617,5.040848898089562,7.403061091090091,6.89469075
1127384,Deep Water,2026-04-30,146.807,7.364,283,en,Horror|Thriller,0,2286163,107,0,0,0,0,1,0,0,1,0,0,2026,0,0.0,14.642385861795999,4.995907368691643,5.648974238161206,
1280738,The Furious,2026-06-10,122.6649,7.345,245,zh,Action|Crime|Thriller,20000000,36653413,113,1,0,0,0,0,0,0,1,0,0,2026,1,16.811242881518265,17.417017133391077,4.817575488122998,5.5053315359323625,1.83267065
1110034,Kraken,2026-02-06,134.2635,6.4,234,no,Horror|Action|Thriller,1000000,14329678,94,1,0,0,0,1,0,0,1,0,0,2026,1,13.815511557963774,16.47784339899519,4.907224727902506,5.459585514144159,14.329678
1284465,The Death of Robin Hood,2026-06-18,145.96,6.742,99,en,Adventure|Drama|Thriller|Action,25000000,3200000,123,1,1,0,1,0,0,0,1,0,0,2026,1,17.034386422832473,14.978661680269907,4.9901604409068705,4.605170185988092,0.128
936075,Michael,2026-04-22,117.9223,8.694,3684,en,Music|Drama,250000000,1010218278,128,0,0,0,1,0,0,0,0,0,0,2026,1,19.33697147982652,20.73343226227127,4.778470338676134,8.212025804623437,4.040873112
83533,Avatar: Fire and Ash,2025-12-17,107.7588,7.642,3910,en,Science Fiction|Adventure|Fantasy,350000000,1490477656,198,0,1,0,0,0,0,0,0,0,1,2025,1,19.673443715304877,21.122362480698325,4.689132586235214,8.271548374755515,4.258507588571429
1413976,Citizen Vigilante,2026-06-19,96.1332,6.395,275,en,Thriller|Action,0,0,89,1,0,0,0,0,0,0,1,0,0,2026,0,0.0,0.0,4.576083232408457,5.62040086571715,
931285,Mortal Kombat II,2026-05-06,109.3763,7.98,2096,en,Action|Fantasy|Adventure,80000000,129470110,116,1,1,0,0,0,0,0,0,0,1,2026,1,18.197537205138154,18.67896060937593,4.703895436884209,7.64826303090192,1.618376375
47612,Au Bonheur des Dames,1930-07-03,110.3833,6.278,36,fr,Drama|Romance,0,0,95,0,0,0,1,0,1,0,0,0,0,1930,0,0.0,0.0,4.712977406022128,3.6109179126442243,
1226863,The Super Mario Galaxy Movie,2026-04-01,99.649,8.255,3197,en,Family|Comedy|Adventure|Fantasy|Animation,110000000,1009214136,98,0,1,1,0,0,0,0,0,1,1,2026,1,18.5159909328476,20.73243778275831,4.611639216616672,8.0702808933939,9.174673963636364
1443894,Forgive Us All,2025-05-08,93.4028,5.388,40,en,Horror|Western|Thriller|Action,0,0,93,1,0,0,0,1,0,0,1,0,0,2025,0,0.0,0.0,4.5475707337285245,3.713572066704308,
1304313,Lee Cronin's The Mummy,2026-04-15,93.5636,7.958,2340,en,Horror|Mystery,22000000,90552113,133,0,0,0,0,1,0,0,0,0,0,2026,1,16.906553056777135,18.321436088238737,4.5492726239990935,7.75833346749091,4.116005136363636
1311031,Demon Slayer: Kimetsu no Yaiba Infinity Castle,2025-07-18,86.6785,7.746,911,ja,Animation|Action|Fantasy,20000000,733030221,156,1,0,0,0,0,0,0,0,1,1,2025,1,16.811242881518265,20.412697489560315,4.473676715389134,6.815639990074331,36.65151105
278,The Shawshank Redemption,1994-09-23,93.5973,8.726,30836,en,Drama|Crime,25000000,28341469,142,0,0,0,1,0,0,0,0,0,0,1994,1,17.034386422832473,17.1598366610298,4.549628934424309,10.336470546681031,1.13365876
1321008,Black Box,2026-06-25,71.1855,6.245,49,en,Horror|Thriller|Science Fiction,1000000,224611,85,0,0,0,0,1,0,0,1,0,0,2026,1,13.815511557963774,12.322129748176247,4.279239194704599,3.912023005428146,0.224611
634649,Spider-Man: No Way Home,2021-12-15,83.8122,7.935,22291,en,Action|Adventure|Science Fiction,200000000,1921206586,148,1,1,0,0,0,0,0,0,0,0,2021,1,19.11382792951231,21.376219256335364,4.440439400374388,10.011983148689428,9.60603293
157336,Interstellar,2014-11-05,72.6471,8.483,40421,en,Adventure|Drama|Science Fiction,165000000,746606706,169,0,1,0,1,0,0,0,0,0,0,2014,1,18.92145603792546,20.431049107795783,4.2992847667091025,10.607129470188715,4.524889127272727
976912,Graphic Desires,2023-08-31,66.9284,7.085,129,en,Thriller|Crime,0,0,90,0,0,0,0,0,0,0,1,0,0,2023,0,0.0,0.0,4.218454209267641,4.867534450455582,
1595852,Boulevard,2026-04-10,67.0162,7.615,131,es,Romance|Drama,0,0,113,0,0,0,1,0,1,0,0,0,0,2026,0,0.0,0.0,4.219745912096703,4.882801922586371,
1007757,Swapped,2026-05-01,65.3351,8.901,1989,en,Adventure|Animation|Family|Fantasy,7,7,102,0,1,0,0,0,0,0,0,1,1,2026,1,2.0794415416798357,2.0794415416798357,4.194719168867556,7.595889917718538,1.0
1327819,Hoppers,2026-03-04,64.7443,8.19,2009,en,Adventure|Animation|Comedy|Family|Science Fiction,150000000,389547783,104,0,1,1,0,0,0,0,0,1,0,2026,1,18.826145858727198,19.780497096109894,4.185772975284695,7.605890001053122,2.59698522
1439930,The Punisher: One Last Kill,2026-05-12,62.3141,8.317,1904,en,Action|Drama|Crime,0,0,51,1,0,0,1,0,0,0,0,0,0,2026,0,0.0,0.0,4.148108053160462,7.552237287560802,
1301421,The Sheep Detectives,2026-04-30,65.5774,7.902,1136,en,Comedy|Family|Mystery,75000000,130574611,109,0,0,1,0,0,0,0,0,0,0,2026,1,18.132998684833918,18.68745536080989,4.198365180618382,7.036148493750536,1.7409948133333333
5721,Vixen!,1968-10-15,70.8216,5.529,105,en,Drama,73000,8000000,72,0,0,0,1,0,0,0,0,0,0,1968,1,11.19822841866684,15.894952224644102,4.2741852664668025,4.663439094112067,109.58904109589041
1290821,Shelter,2026-01-28,62.5463,7.765,1555,en,Action|Crime|Thriller,50000000,53933639,107,1,0,0,0,0,0,0,1,0,0,2026,1,17.72753358339242,17.803264959936527,4.151768774067963,7.349873704738337,1.07867278
1318447,Apex,2026-04-24,61.5971,6.856,1683,en,Action|Thriller,0,0,96,1,0,0,0,0,0,0,1,0,0,2026,0,0.0,0.0,4.136718951154382,7.428927194802272,
1419406,The Shadow's Edge,2025-08-16,58.5921,7.902,1012,zh,Action|Crime|Drama|Thriller,0,174400000,142,1,0,0,1,0,0,0,1,0,0,2025,0,0.0,18.9768620751731,4.087523014950161,6.920671504248683,
1645603,Night of the Living Dead,2026-07-03,48.956,5.172,64,en,Horror,0,0,87,0,0,0,0,1,0,0,0,0,0,2026,0,0.0,0.0,3.911142618000839,4.174387269895637,
1212763,Evil Dead Burn,2026-07-07,56.8987,6.824,196,en,Horror|Thriller,20000000,53774454,110,0,0,0,0,1,0,0,1,0,0,2026,1,16.811242881518265,17.800309098245698,4.05869493182257,5.2832037287379885,2.6887227
755898,War of the Worlds,2025-07-29,55.514,4.1,1044,en,Science Fiction|Thriller,10000000,0,91,0,0,0,0,0,0,0,1,0,0,2025,1,16.118095750958314,0.0,4.034488395068735,6.951772164398911,0.0
1487861,Elize: Shadows of a Woman,2026-07-22,55.3823,6.3,22,pt,Thriller|Crime|Drama,0,0,93,0,0,0,1,0,0,0,1,0,0,2026,0,0.0,0.0,4.032155279461906,3.1354942159291497,
1380291,Tom Clancy's Jack Ryan: Ghost War,2026-05-20,47.364,6.992,688,en,Action|Thriller,0,0,107,1,0,0,0,0,0,0,1,0,0,2026,0,0.0,0.0,3.878755735312,6.535241271013659,
652,Troy,2004-05-13,54.7671,7.181,11223,en,War|Action|History,175000000,497409852,163,1,0,0,0,0,0,0,0,0,0,2004,1,18.980296537602072,20.024924898144217,4.021184089766685,9.325809621782296,2.8423420114285713
1122573,In the Grey,2026-05-13,48.128,7.555,558,en,Action|Thriller,70000000,27225194,97,1,0,0,0,0,0,0,1,0,0,2026,1,18.064005814299346,17.119653389292083,3.8944291370270983,6.326149473155099,0.38893134285714287
1468683,Heartstopper Forever,2026-07-14,46.7107,7.143,154,en,Romance|Drama,0,0,110,0,0,0,1,0,1,0,0,0,0,2026,0,0.0,0.0,3.8651556913969083,5.043425116919247,
27205,Inception,2010-07-15,57.0172,8.372,39633,en,Action|Science Fiction|Adventure,160000000,839030630,148,1,1,0,0,0,0,0,0,0,0,2010,1,18.8906843794481,20.54775777270426,4.060739518307786,10.587442614727157,5.2439414375
1234821,Jurassic World Rebirth,2025-06-23,52.298,6.275,3557,en,Science Fiction|Adventure|Action,180000000,869146189,134,1,1,0,0,0,0,0,0,0,0,2025,1,19.00846741441004,20.58302189692905,3.975898807015619,8.17695386822578,4.828589938888889
299536,Avengers: Infinity War,2018-04-25,49.9794,8.239,32347,en,Adventure|Action|Science Fiction,300000000,2052415039,149,1,1,0,0,0,0,0,0,0,0,2018,1,19.519293035953808,21.442283005011472,3.931421629557408,10.384307474215714,6.841383463333333
1084242,Zootopia 2,2025-11-26,52.1343,7.682,3148,en,Animation|Adventure|Comedy|Mystery|Family,150000000,1868208796,108,0,1,1,0,0,0,0,0,1,0,2025,1,18.826145858727198,21.348245946202557,3.9728226707471026,8.054840221101024,12.454725306666667
11012,Damage,1992-12-02,44.0252,6.606,710,en,Drama|Romance,11000000,31000000,111,0,0,0,1,0,1,0,0,0,0,1992,1,16.213405921671733,17.249497794707484,3.8072223330288337,6.566672429803241,2.8181818181818183
949838,72 HOURS,2026-07-20,49.2932,5.5,22,en,Comedy,0,0,102,0,0,1,0,0,0,0,0,0,0,2026,0,0.0,0.0,3.917869879100056,3.1354942159291497,
1368166,The Housemaid,2025-12-18,50.6808,7.276,2693,en,Mystery|Thriller,35000000,399644671,131,0,0,0,0,0,0,0,1,0,0,2025,1,17.370858648025116,19.80608639028223,3.9450863392306954,7.898782356970309,11.418419171428571
1241982,Moana 2,2024-11-21,44.5001,6.991,3173,en,Adventure|Animation|Comedy|Family|Fantasy,150000000,1059242164,100,0,1,1,0,0,0,0,0,1,1,2024,1,18.826145858727198,20.78081955070061,3.8177145237566874,8.062747901086354,7.061614426666667
122,The Lord of the Rings: The Return of the King,2003-12-17,44.2684,8.502,26905,en,Adventure|Fantasy|Action,94000000,1118888979,201,1,1,0,0,0,0,0,0,0,1,2003,1,18.358805350872576,20.83560204777065,3.812609217328683,10.200104589045488,11.903074244680852
872585,Oppenheimer,2023-07-19,43.6219,8.024,12059,en,Drama|History,100000000,952000000,181,0,0,0,1,0,0,0,0,0,0,2023,1,18.420680753952364,20.67407559380606,3.7982247698996896,9.397649470281177,9.52
533535,Deadpool & Wolverine,2024-07-24,43.4057,7.582,8986,en,Action|Comedy|Science Fiction,200000000,1338073645,128,1,0,1,0,0,0,0,0,0,0,2024,1,19.11382792951231,21.014496838991214,3.7933678395767587,9.103534367658373,6.690368225
151024,The Soldier with Great Maneuvers,1978-12-07,43.1877,4.967,46,it,Comedy,0,0,96,0,0,1,0,0,0,0,0,0,0,1978,0,0.0,0.0,3.788446469813451,3.8501476017100584,
299710,Being 14,2015-02-25,43.1742,4.1,65,fr,Drama,0,0,90,0,0,0,1,0,0,0,0,0,0,2015,0,0.0,0.0,3.78814090825117,4.189654742026425,
1297842,GOAT,2026-02-11,43.0905,8.118,927,en,Animation|Comedy|Family,90000000,193566330,100,0,0,1,0,0,0,0,0,1,0,2026,1,18.31532023940565,19.081130807558665,3.786244339745553,6.833031732786201,2.150737
803796,KPop Demon Hunters,2025-06-20,42.3455,8.019,3020,en,Fantasy|Music|Comedy|Animation,100000000,24619953,96,0,0,1,0,0,0,0,0,1,1,2025,1,18.420680753952364,17.01906781031916,3.769202891609938,8.013343181386672,0.24619953
238,The Godfather,1972-03-14,42.0082,8.687,23209,en,Drama|Crime,6000000,245066411,175,0,0,0,1,0,0,0,0,0,0,1972,1,15.607270193858982,19.31703980116409,3.761390795187491,10.052338499268483,40.844401833333336
671,Harry Potter and the Philosopher's Stone,2001-11-16,41.6184,7.901,29854,en,Adventure|Fantasy,125000000,976475550,152,0,1,0,0,0,0,0,0,0,1,2001,1,18.643824303266577,20.699460270589174,3.752286084905253,10.304107608981093,7.8118044
557,Spider-Man,2002-05-01,41.1158,7.337,20905,en,Action|Science Fiction,139000000,821708551,121,1,0,0,0,0,0,0,0,0,0,2002,1,18.749984498289212,20.526896330538627,3.7404229671941787,9.947791478092652,5.911572309352518
617126,The Fantastic 4: First Steps,2025-07-23,40.6777,6.956,3539,en,Science Fiction|Adventure|Action,229600000,521858728,115,1,1,0,0,0,0,0,0,0,0,2025,1,19.251849226765085,20.07290747511928,3.7299662135808593,8.17188200612782,2.2729038675958186
1279493,The Get Out,2026-06-18,39.8043,6.279,43,en,Action|Thriller,0,0,111,1,0,0,0,0,0,0,1,0,0,2026,0,0.0,0.0,3.7087874680136155,3.784189633918261,
1325734,The Drama,2026-04-01,39.3756,6.9,1331,en,Romance|Comedy|Drama,28000000,132227793,105,0,0,1,1,0,1,0,0,0,0,2026,1,17.147715103853763,18.700036705341585,3.6982256421135165,7.194436851100335,4.7224211785714285
120,The Lord of the Rings: The Fellowship of the Ring,2001-12-18,39.2073,8.439,27910,en,Adventure|Fantasy|Action,93000000,871368364,179,1,1,0,0,0,0,0,0,0,1,2001,1,18.34811006187022,20.585575367339324,3.6940485711789375,10.236776155340317,9.369552301075268
1305781,Blades of the Guardians,2026-02-17,37.2215,7.57,121,zh,Action|Adventure,123000000,203356793,126,1,1,0,0,0,0,0,0,0,0,2026,1,18.627694921466773,19.130472600135594,3.6433981845098224,4.804021044733257,1.6533072601626015
1309083,Dolly,2026-03-06,32.3338,5.921,170,en,Horror,0,1062322,83,0,0,0,0,1,0,0,0,0,0,2026,0,0.0,13.875968577668054,3.5065718972219826,5.14166355650266,
1265609,War Machine,2026-02-12,37.4801,7.424,2136,en,Action|Science Fiction|Thriller,73000000,0,110,1,0,0,0,0,0,0,1,0,0,2026,1,18.105970012811294,0.0,3.650141224546728,7.667158255319148,0.0
1397385,Little Brother,2026-06-18,32.3088,6.426,276,en,Comedy,0,0,101,0,0,1,0,0,0,0,0,0,0,2026,0,0.0,0.0,3.5058216263390123,5.6240175061873385,
438631,Dune,2021-09-15,35.3254,7.783,15160,en,Science Fiction|Adventure,165000000,410668500,155,0,1,0,0,0,0,0,0,0,0,2021,1,18.92145603792546,19.833296880100434,3.5925172210956493,9.62648162008158,2.4889
76600,Avatar: The Way of Water,2022-12-14,36.4811,7.594,14382,en,Action|Adventure|Science Fiction,460000000,2334484620,192,1,1,0,0,0,0,0,0,0,0,2022,1,19.946737049621326,21.57105698464742,3.623836805925674,9.573802232603889,5.074966565217391
597,Titanic,1997-12-18,35.2777,7.902,27391,en,Drama|Romance,200000000,2264162353,194,0,0,0,1,0,1,0,0,0,0,1997,1,19.11382792951231,21.54047070584697,3.591203227426973,10.218006278941468,11.320811765
603,The Matrix,1999-03-31,36.1296,8.252,28241,en,Action|Science Fiction,63000000,463517383,136,1,0,0,0,0,0,0,0,0,0,1999,1,17.958645300228824,19.95435444819997,3.6144144951710895,10.248565510629197,7.357418777777778
1184918,The Wild Robot,2024-09-12,38.3813,8.312,6316,en,Family|Animation|Science Fiction|Adventure,78000000,331982078,102,0,1,0,0,0,0,0,0,1,0,2024,1,18.17221939747438,19.620591546508187,3.6732910843471624,8.7509996908987,4.2561804871794875
299534,Avengers: Endgame,2019-04-24,36.9976,8.239,28095,en,Adventure|Science Fiction|Action,356000000,2799439100,181,1,1,0,0,0,0,0,0,0,0,2019,1,19.690441291625294,21.752684912989196,3.6375229998371053,10.243382496434844,7.86359297752809
569094,Spider-Man: Across the Spider-Verse,2023-05-31,34.8793,8.34,8834,en,Animation|Action|Adventure|Science Fiction,100000000,690897910,140,1,1,0,0,0,0,0,0,1,0,2023,1,18.420680753952364,20.353502629862035,3.580160527524252,9.086476384753796,6.9089791
1202033,Enola Holmes 3,2026-06-30,32.3318,6.943,491,en,Adventure|Crime|Mystery,0,0,109,0,1,0,0,0,0,0,0,0,0,2026,0,0.0,0.0,3.5065118962619493,6.198478716492308,
11770,Shaolin Soccer,2001-07-05,37.9981,7.19,2590,cn,Action|Comedy,10000005,42776760,113,1,0,1,0,0,0,0,0,0,0,2001,1,16.11809625095814,17.571505545802186,3.6635129269941706,7.85979918056211,4.27767386116307
1242898,Predator: Badlands,2025-11-05,34.5954,7.824,3349,en,Action|Science Fiction|Adventure,105000000,184500000,107,1,1,0,0,0,0,0,0,0,0,2025,1,18.46947091764561,19.03316002686491,3.572216416026057,8.116715624819111,1.7571428571428571
496243,Parasite,2019-05-30,34.9083,8.491,20920,ko,Comedy|Thriller|Drama,11363000,257591776,133,0,0,1,1,0,0,0,1,0,0,2019,1,16.24587310890507,19.366886630101117,3.5809684665437347,9.948508718183648,22.669345771363197
1198994,Send Help,2026-01-22,38.0371,7.05,2020,en,Horror|Thriller|Comedy,40000000,94041481,113,0,0,1,0,1,0,0,1,0,0,2026,1,17.50439003707821,18.35924654076335,3.6645124759989036,7.611347717403621,2.351037025
315635,Spider-Man: Homecoming,2017-07-05,38.7828,7.331,23371,en,Action|Adventure|Science Fiction,175000000,880978185,133,1,1,0,0,0,0,0,0,0,0,2017,1,18.980296537602072,20.596543423094474,3.6834346580779793,10.059294003674328,5.034161057142857
350,The Devil Wears Prada,2006-06-29,35.0565,7.441,13942,en,Drama|Comedy,35000000,326588371,109,0,0,1,1,0,0,0,0,0,0,2006,1,17.370858648025116,19.604211134682508,3.585087152609703,9.54273286919502,9.331096314285714
680,Pulp Fiction,1994-09-10,34.9425,8.482,30477,en,Thriller|Crime|Comedy,8000000,213928762,154,0,0,1,0,0,0,0,1,0,0,1994,1,15.894952224644102,19.18115363439065,3.5819204393146107,10.324760390849805,26.74109525
1010581,My Fault,2023-06-08,35.4235,7.733,4137,es,Drama|Romance|Thriller,0,0,116,0,0,0,1,0,1,0,1,0,0,2023,0,0.0,0.0,3.595214170725435,8.327967858305488,
550,Fight Club,1999-10-15,37.2854,8.4,32401,en,Drama|Thriller,63000000,100853753,139,0,0,0,1,0,0,0,1,0,0,1999,1,17.958645300228824,18.42918204527112,3.645068622466626,10.385975428270363,1.6008532222222223
28322,Madness,1980-03-20,27.8218,5.265,34,it,Thriller|Action|Crime,0,0,89,1,0,0,0,0,0,0,1,0,0,1980,0,0.0,0.0,3.361132045248384,3.5553480614894135,
1171145,Crime 101,2026-02-11,31.1279,7.01,1195,en,Crime|Thriller,90000000,72900246,141,0,0,0,0,0,0,0,1,0,0,2026,1,18.31532023940565,18.104602585176163,3.4697248115146193,7.086737934510577,0.8100027333333333
324857,Spider-Man: Into the Spider-Verse,2018-12-06,34.9864,8.4,17457,en,Animation|Action|Adventure|Science Fiction,90000000,394884133,117,1,1,0,0,0,0,0,0,1,0,2018,1,18.31532023940565,19.794102948189686,3.5831410893023308,9.767553275295295,4.387601477777777
121,The Lord of the Rings: The Two Towers,2002-12-18,33.6568,8.423,24185,en,Adventure|Fantasy|Action,79000000,926287400,179,1,1,0,0,0,0,0,0,0,1,2002,1,18.184958423089522,20.64669511270673,3.545493954578002,10.09352923234522,11.725156962025316
1363387,Saccharine,2026-05-22,31.9304,6.431,58,en,Horror,0,0,113,0,0,0,0,1,0,0,0,0,0,2026,0,0.0,0.0,3.494396243292938,4.07753744390572,
1272837,28 Years Later: The Bone Temple,2026-01-14,35.2457,7.118,1473,en,Horror|Thriller|Science Fiction,63000000,58522222,109,0,0,0,0,1,0,0,1,0,0,2026,1,17.958645300228824,17.884917120407696,3.590320753575038,7.295735072749282,0.9289241587301588
950387,A Minecraft Movie,2025-03-31,31.2653,6.251,3135,en,Family|Fantasy|Comedy|Adventure,150000000,960387780,101,0,1,1,0,0,0,0,0,0,1,2025,1,18.826145858727198,20.68284769940661,3.4739923493455067,8.0507033814703,6.4025852
1641319,Sniper: No Nation,2026-03-13,33.3733,6.647,75,en,Action|Thriller,0,0,96,1,0,0,0,0,0,0,1,0,0,2026,0,0.0,0.0,3.5372801002183647,4.330733340286331,
822119,Captain America: Brave New World,2025-02-12,31.0809,5.965,3199,en,Action|Thriller|Science Fiction,180000000,415101577,119,1,0,0,0,0,0,0,1,0,0,2025,1,19.00846741441004,19.844033814509658,3.4682608374676263,8.070906088787819,2.3061198722222223
1061474,Superman,2025-07-09,35.5004,7.329,5099,en,Science Fiction|Adventure|Action,225000000,618723803,130,1,1,0,0,0,0,0,0,0,0,2025,1,19.23161096461314,20.24316953398124,3.597323219432507,8.536995818712418,2.749883568888889
329505,Lola's Secret,1984-05-04,35.446,7.049,71,it,Drama|Comedy|Horror,0,0,88,0,0,1,1,1,0,0,0,0,0,1984,0,0.0,0.0,3.5958317130638635,4.276666119016055,
497,The Green Mile,1999-12-10,32.1298,8.506,19478,en,Fantasy|Drama|Crime,60000000,286801374,189,0,0,0,1,0,0,0,0,0,1,1999,1,17.909855136853043,19.474300460959977,3.5004331794689527,9.877092241176596,4.7800229
19995,Avatar,2009-12-16,34.3159,7.609,34269,en,Action|Science Fiction|Adventure,237000000,2923706026,162,1,1,0,0,0,0,0,0,0,0,2009,1,19.283570703318816,21.796117835817967,3.564333287457572,10.442025614868655,12.336312345991562
14836,Coraline,2009-02-05,35.4938,7.923,9163,en,Animation|Family|Fantasy,60000000,185860104,100,0,0,0,0,0,0,0,0,1,1,2009,1,17.909855136853043,19.040504825034663,3.597142383146392,9.123038043573386,3.0976684
129,Spirited Away,2001-07-20,32.466,8.534,18580,ja,Animation|Family|Fantasy,19000000,274925095,125,0,0,0,0,0,0,0,0,1,1,2001,1,16.759949589762293,19.43200924034735,3.510529998072382,9.829894832232755,14.469741842105263
1288341,Seven Snipers,2026-04-30,30.9349,5.664,58,en,Action|Thriller,0,0,87,1,0,0,0,0,0,0,1,0,0,2026,0,0.0,0.0,3.4636994556480736,4.07753744390572,
1430077,Hokum,2026-04-29,31.7545,6.949,587,en,Horror,5000000,24071317,108,0,0,0,0,1,0,0,0,0,0,2026,1,15.424948670398354,16.996531565219016,3.489040357222269,6.376726947898627,4.8142634
1057265,Peddi,2026-06-03,29.7967,5.9,60,te,Action|Drama,36500000,35700000,189,1,0,0,1,0,0,0,0,0,0,2026,1,17.41282284594998,17.390661274761072,3.42740754138218,4.110873864173311,0.9780821917808219
1233413,Sinners,2025-04-16,33.4165,7.497,4845,en,Horror|Action|Thriller,100000000,371368759,138,1,0,0,0,1,0,0,1,0,0,2025,1,18.420680753952364,19.732706089182457,3.538536100546295,8.48590890137647,3.71368759
1632181,Accidental Partners,2026-03-12,30.8838,9.028,320,es,Comedy|Romance,0,0,110,0,0,1,0,0,1,0,0,0,0,2026,0,0.0,0.0,3.4620980438073254,5.771441123130016,
77338,The Intouchables,2011-11-02,30.7212,8.272,18597,fr,Drama|Comedy,13000000,426590315,113,0,0,1,1,0,0,0,0,0,0,2011,1,16.380459992348886,19.871334663321925,3.4569852270725097,9.830809327038143,32.814639615384614
361743,Top Gun: Maverick,2022-05-21,34.819,8.158,11217,en,Action|Drama,170000000,1488732821,131,1,0,0,1,0,0,0,0,0,0,2022,1,18.951309000896888,21.12119114002817,3.578478478878268,9.325274910068282,8.757251888235293
911430,F1,2025-06-25,30.307,7.815,4307,en,Action|Drama,300000000,634142436,156,1,0,0,1,0,0,0,0,0,0,2025,1,19.519293035953808,20.26778415120617,3.443841714714449,8.36822903827628,2.11380812
950028,The Invite,2026-06-25,31.0334,7.8,88,en,Drama|Comedy,0,15980022,107,0,0,1,1,0,0,0,0,0,0,2026,0,0.0,16.58684993760049,3.466779108471424,4.48863636973214,
13,Forrest Gump,1994-06-23,30.0888,8.465,30022,en,Comedy|Drama|Romance,55000000,677387716,142,0,0,1,1,0,1,0,0,0,0,1994,1,17.822843761378564,20.333754365617857,3.4368476257059415,10.309719033572193,12.316140290909091
99861,Avengers: Age of Ultron,2015-04-22,30.7781,7.275,24639,en,Action|Adventure|Science Fiction,235000000,1405403694,141,1,1,0,0,0,0,0,0,0,0,2015,1,19.275096076363752,21.063590425863644,3.458777373292365,10.112126417647456,5.98044125106383
1440050,The Breadwinner,2026-05-29,29.0503,7.4,47,en,Comedy|Family,25000000,20247080,100,0,0,1,0,0,0,0,0,0,0,2026,1,17.034386422832473,16.82352119297833,3.402872644292448,3.871201010907891,0.8098832
693134,Dune: Part Two,2024-02-27,29.0031,8.1,8226,en,Science Fiction|Adventure,190000000,714844358,167,0,1,0,0,0,0,0,0,0,0,2024,1,19.06253463538792,20.387575397242333,3.4013007096569674,9.01517670716893,3.7623387263157895
672,Harry Potter and the Chamber of Secrets,2002-11-13,29.3579,7.707,23781,en,Adventure|Fantasy,100000000,876688482,161,0,1,0,0,0,0,0,0,0,1,2002,1,18.420680753952364,20.591662279709666,3.413056780174603,10.076684270997523,8.76688482
385687,Fast X,2023-05-17,30.6331,6.989,6401,en,Action|Crime|Thriller,340000000,704709660,142,1,0,0,0,0,0,0,1,0,0,2023,1,19.644456178515657,20.373296447583158,3.45420404073511,8.764365720529808,2.0726754705882353
575265,Mission: Impossible - The Final Reckoning,2025-05-17,29.6125,7.2,2975,en,Action|Thriller|Adventure,400000000,598767057,170,1,1,0,0,0,0,0,1,0,0,2025,1,19.806975107572256,20.210383195636403,3.421408422278286,7.998335395952982,1.4969176425
414906,The Batman,2022-03-01,30.389,7.664,12174,en,Crime|Mystery|Thriller,185000000,772775278,177,0,0,0,0,0,0,0,1,0,0,2022,1,19.035866388448003,20.465498851479293,3.44645751306702,9.40713994795079,4.177163664864865
453395,Doctor Strange in the Multiverse of Madness,2022-05-04,29.383,7.231,10501,en,Fantasy|Action|Adventure,295400000,955775804,126,1,1,0,0,0,0,0,0,0,1,2022,1,19.503840931446796,20.678033929914736,3.413883241469338,9.259320994197804,3.235530819228165
10681,WALL·E,2008-06-26,30.6562,8.117,20518,en,Animation|Family|Science Fiction,180000000,521311860,98,0,0,0,0,0,0,0,0,1,0,2008,1,19.00846741441004,20.071859002213046,3.4549340219807796,9.929106565153747,2.896177
502356,The Super Mario Bros. Movie,2023-04-05,28.6789,7.602,10926,en,Family|Comedy|Adventure|Fantasy|Animation,100000000,1360879735,93,0,1,1,0,0,0,0,0,1,1,2023,1,18.420680753952364,21.03139719227346,3.3904363556177577,9.298992069570746,13.60879735
1930,The Amazing Spider-Man,2012-06-23,33.3586,6.742,18702,en,Action|Adventure|Science Fiction,215000000,758725893,136,1,1,0,0,0,0,0,0,0,0,2012,1,19.186148590743098,20.44715112915783,3.536852351233566,9.836439217783001,3.528957641860465
1022789,Inside Out 2,2024-06-11,32.1957,7.544,6808,en,Animation|Adventure|Comedy|Family,200000000,1698863816,97,0,1,1,0,0,0,0,0,1,0,2024,1,19.11382792951231,21.2532255216267,3.502420349461964,8.826000545482966,8.49431908
1375646,Colony,2026-05-21,51.0162,7.616,138,ko,Action|Thriller|Horror,0,0,123,1,0,0,0,1,0,0,1,0,0,2026,0,0.0,0.0,3.951555208524936,4.9344739331306915,
585,"Monsters, Inc.",2001-11-01,27.0855,7.855,19977,en,Animation|Comedy|Family|Fantasy,115000000,579700000,92,0,0,1,0,0,0,0,0,1,1,2001,1,18.560442695023177,20.17802128803499,3.3352534289236617,9.902386947092095,5.040869565217391
244786,Whiplash,2014-10-10,29.7012,8.375,16820,en,Drama|Music|Thriller,3300000,50307484,107,0,0,0,1,0,0,0,1,0,0,2014,1,15.009433329466965,17.73366443115634,3.4243017417771204,9.730383384791782,15.244692121212122
98,Gladiator,2000-05-04,29.7876,8.23,21125,en,Action|Drama|Adventure,103000000,465516248,155,1,1,0,1,0,0,0,0,0,0,2000,1,18.450239555902648,19.95865756062427,3.427112011512839,9.958259788383108,4.519575223300971
177572,Big Hero 6,2014-10-24,28.0419,7.726,16713,en,Adventure|Family|Animation|Action|Comedy,165000000,657870525,102,1,1,1,0,0,0,0,0,1,0,2014,1,18.92145603792546,20.304518700931073,3.3687396148135877,9.724001970561382,3.987094090909091
975511,The Return,2024-11-28,29.0597,6.501,469,en,History|Drama|Adventure,20000000,3300444,116,0,1,0,1,0,0,0,0,0,0,2024,1,16.811242881518265,15.009567865830318,3.4031854042351073,6.152732694704104,0.1650222
1613798,Vengeance,2026-02-26,28.1348,7.548,281,es,Action|Thriller,0,0,103,1,0,0,0,0,0,0,1,0,0,2026,0,0.0,0.0,3.371933335975629,5.641907070938114,
863,Toy Story 2,1999-10-30,27.4486,7.617,15113,en,Animation|Comedy|Family,90000000,497375404,92,0,0,1,0,0,0,0,0,1,0,1999,1,18.31532023940565,20.02485564098598,3.3480989502226906,9.623376745580666,5.526393377777778
12445,Harry Potter and the Deathly Hallows: Part 2,2011-07-12,29.5644,8.081,22163,en,Adventure|Fantasy,125000000,1341511219,130,0,1,0,0,0,0,0,0,0,1,2011,1,18.643824303266577,21.017062591566873,3.4198359329919215,10.00622462998724,10.732089752
301528,Toy Story 4,2019-06-19,27.4721,7.464,10772,en,Family|Comedy|Animation|Adventure,175000000,1073841394,100,0,1,1,0,0,0,0,0,1,0,2019,1,18.980296537602072,20.794508145219023,3.348924660424258,9.284798282894192,6.1362365371428576
424,Schindler's List,1993-12-15,28.8342,8.57,17636,en,Drama|History|War,22000000,321365567,195,0,0,0,1,0,0,0,0,0,0,1993,1,16.906553056777135,19.58808987422816,3.3956553864700783,9.777754247070364,14.607525772727273
11,Star Wars,1977-05-25,30.2365,8.206,22538,en,Adventure|Action|Science Fiction,11000000,775398007,121,1,1,0,0,0,0,0,0,0,0,1977,1,16.213405921671733,20.468887014201155,3.441587282843528,10.02300242103727,70.49072790909091
950396,The Gorge,2025-02-13,27.9777,7.674,3964,en,Romance|Science Fiction|Thriller,70000000,0,128,0,0,0,0,0,1,0,1,0,0,2025,1,18.064005814299346,0.0,3.3665265686635966,8.285261134068948,0.0
1087192,How to Train Your Dragon,2025-06-06,28.7328,7.936,2974,en,Fantasy|Family|Action|Adventure,150000000,636351148,125,1,1,0,0,0,0,0,0,0,1,2025,1,18.826145858727198,20.27126109001082,3.3922508135372493,7.99799931797973,4.242340986666667
674,Harry Potter and the Goblet of Fire,2005-11-16,28.0064,7.803,22371,en,Adventure|Fantasy,150000000,895921036,157,0,1,0,0,0,0,0,0,0,1,2005,1,18.826145858727198,20.61336283870746,3.3675164952932666,10.015565455941479,5.9728069066666665
572802,Aquaman and the Lost Kingdom,2023-12-20,27.2457,6.521,3567,en,Action|Adventure|Fantasy,205000000,440181226,124,1,1,0,0,0,0,0,0,0,1,2023,1,19.138520541980732,19.90269707962294,3.340941233617588,8.1797604936999,2.1472254926829266
1218925,Chainsaw Man - The Movie: Reze Arc,2025-09-19,27.2526,8.466,1035,ja,Animation|Action|Romance|Fantasy,4100000,191400000,100,1,0,0,0,0,1,0,0,1,1,2025,1,15.226497775576945,19.069876042207788,3.3411854887556824,6.943122422819428,46.68292682926829
240,The Godfather Part II,1974-12-20,29.8783,8.571,14082,en,Drama|Crime,13000000,102600000,202,0,0,0,1,0,0,0,0,0,0,1974,1,16.380459992348886,18.44634850044753,3.430053671827697,9.55272367519805,7.892307692307693
429617,Spider-Man: Far From Home,2019-06-28,31.6107,7.4,17145,en,Action|Adventure|Science Fiction,160000000,1132723226,129,1,1,0,0,0,0,0,0,0,0,2019,1,18.8906843794481,20.84789050583163,3.484640455378875,9.749520189238702,7.0795201625
76341,Mad Max: Fury Road,2015-05-13,26.1354,7.635,24278,en,Action|Adventure|Science Fiction,150000000,378858340,121,1,1,0,0,0,0,0,0,0,0,2015,1,18.826145858727198,19.752672922728568,3.3008391485159874,10.097367058163812,2.5257222666666665
271110,Captain America: Civil War,2016-04-27,29.7372,7.45,24194,en,Adventure|Action|Science Fiction,250000000,1155046416,147,1,1,0,0,0,0,0,0,0,0,2016,1,19.33697147982652,20.867406367991446,3.425473647429614,10.093901279227419,4.620185664
12444,Harry Potter and the Deathly Hallows: Part 1,2010-11-17,28.8186,7.735,20552,en,Adventure|Fantasy,250000000,954305868,146,0,1,0,0,0,0,0,0,0,1,2010,1,19.33697147982652,20.676494795426205,3.3951323598776764,9.93076219467101,3.817223472
102382,The Amazing Spider-Man 2,2014-04-16,28.6079,6.548,14398,en,Action|Adventure|Science Fiction,200000000,716934779,141,1,1,0,0,0,0,0,0,0,0,2014,1,19.11382792951231,20.390495432083473,3.3880412176126016,9.57491403870827,3.584673895
2062,Ratatouille,2007-06-28,25.9151,7.846,18669,en,Animation|Comedy|Family|Fantasy,150000000,623726000,111,0,0,1,0,0,0,0,0,1,1,2007,1,18.826145858727198,20.251221728939107,3.2926874674063527,9.834673236535767,4.158173333333333
986056,Thunderbolts*,2025-04-30,29.0037,7.291,3718,en,Action|Science Fiction|Adventure,180000000,382436917,127,1,1,0,0,0,0,0,0,0,0,2025,1,19.00846741441004,19.762074277368583,3.4013207073905583,8.22121009392507,2.124649538888889
1726,Iron Man,2008-04-30,28.5218,7.663,28366,en,Action|Science Fiction|Adventure,140000000,585174222,126,1,1,0,0,0,0,0,0,0,0,2008,1,18.757152987716434,20.18742017795144,3.385128973483091,10.252981776705631,4.179815871428572
10193,Toy Story 3,2010-06-16,24.9516,7.813,15959,en,Animation|Family|Comedy,200000000,1067316101,103,0,0,1,0,0,0,0,0,1,0,2010,1,19.11382792951231,20.788413018437684,3.256233264743936,9.6778408710038,5.336580505
1156594,Our Fault,2025-10-15,26.6838,7.398,713,es,Romance|Drama,0,0,110,0,0,0,1,0,1,0,0,0,0,2025,0,0.0,0.0,3.320847404563982,6.570882962339584,
109428,Evil Dead,2013-04-05,25.8755,6.62,5153,en,Horror,17000000,99010045,91,0,0,0,0,1,0,0,0,0,0,2013,1,16.648723960844016,18.410731877698126,3.2912150909259252,8.54752839121231,5.824120294117647
933260,The Substance,2024-09-07,26.5993,7.131,6214,en,Horror|Science Fiction|Thriller,17500000,77316812,141,0,0,0,0,1,0,0,1,0,0,2024,1,16.677711496036597,18.163421993141405,3.3177904100826345,8.734721003944811,4.418103542857143
122917,The Hobbit: The Battle of the Five Armies,2014-12-10,27.613,7.338,15513,en,Action|Adventure|Fantasy,250000000,956019788,144,1,1,0,0,0,0,0,0,0,1,2014,1,19.33697147982652,20.678289170592233,3.353861160005861,9.649498121050817,3.824079152
1168190,The Wrecking Crew,2026-01-28,25.0418,7.069,1163,en,Action|Comedy|Crime|Mystery,78500000,89000000,125,1,0,1,0,0,0,0,0,0,0,2026,1,18.17860919549149,18.30414693893237,3.2597029393753485,7.059617628291383,1.1337579617834395
270303,It Follows,2015-02-04,26.5911,6.585,7012,en,Horror|Mystery,2300000,23374076,101,0,0,0,0,1,0,0,0,0,0,2015,1,14.648420115681892,16.96713814572839,3.317493256952368,8.85552084853691,10.162641739130434
106646,The Wolf of Wall Street,2013-12-25,26.8466,8.028,26149,en,Crime|Drama|Comedy,100000000,407038432,180,0,0,1,1,0,0,0,0,0,0,2013,1,18.420680753952364,19.82441816892407,3.3267108763353295,10.171604469493069,4.07038432
8587,The Lion King,1994-06-15,27.794,8.254,19872,en,Animation|Family|Drama,45000000,763455561,89,0,0,0,1,0,0,0,0,1,0,1994,1,17.622173069956816,20.45336547791666,3.3601670321041635,9.897117305528285,16.96567913333333
425274,Now You See Me: Now You Don't,2025-11-12,24.094,6.483,1683,en,Crime|Thriller,90000000,243700000,112,0,0,0,0,0,0,0,1,0,0,2025,1,18.31532023940565,19.31144852269884,3.222628773737508,7.428927194802272,2.707777777777778
1330021,Remarkably Bright Creatures,2026-05-07,26.4825,8.496,768,en,Drama|Mystery,0,0,114,0,0,0,1,0,0,0,0,0,0,2026,0,0.0,0.0,3.313549438470882,6.645090969505644,
1284016,Power Ballad,2026-05-18,25.1925,7.1,64,en,Comedy|Music|Drama,0,3324839,99,0,0,1,1,0,0,0,0,0,0,2026,0,0.0,15.01693211061352,3.265473110244983,4.174387269895637,
335984,Blade Runner 2049,2017-10-04,24.9992,7.598,15343,en,Science Fiction|Drama,150000000,259239658,164,0,0,0,1,0,0,0,0,0,0,2017,1,18.826145858727198,19.373263516139495,3.2580657683173304,9.63847979712322,1.7282643866666667
1266127,Ready or Not: Here I Come,2026-03-19,25.289,7.6,1356,en,Thriller|Horror|Comedy,14000000,42212563,108,0,0,1,0,1,0,0,1,0,0,2026,1,16.454567959008102,17.558228459813396,3.269150600741823,7.213031659834869,3.0151830714285714
1054867,One Battle After Another,2025-09-23,27.1121,7.342,3948,en,Thriller|Crime|Comedy,175000000,209377100,162,0,0,1,0,0,0,0,1,0,0,2025,1,18.980296537602072,19.159647495120126,3.336200088638187,8.28121766128665,1.1964405714285715
1242332,Normal,2026-04-16,25.0467,7.114,380,en,Action|Crime|Thriller,10000000,6068324,91,1,0,0,0,0,0,0,1,0,0,2026,1,16.118095750958314,15.61859317767351,3.259891080712283,5.942799375126701,0.6068324
68726,Pacific Rim,2013-07-11,24.8031,6.938,13552,en,Action|Science Fiction|Adventure,180000000,411000000,131,1,1,0,0,0,0,0,0,0,0,2013,1,19.00846741441004,19.8341037748936,3.250494639748293,9.514363204016016,2.283333333333333
105,Back to the Future,1985-07-03,26.8382,8.327,22026,en,Adventure|Comedy|Science Fiction,19000000,381109762,116,0,1,1,0,0,0,0,0,0,0,1985,1,16.759949589762293,19.758597983464,3.326409178203569,10.000024252584158,20.05840852631579
694,The Shining,1980-05-23,27.2206,8.202,19096,en,Horror|Thriller,19000000,44781695,144,0,0,0,0,1,0,0,1,0,0,1980,1,16.759949589762293,17.617310042468596,3.3400522077153,9.857286533635413,2.3569313157894736
489,Good Will Hunting,1997-12-05,25.9668,8.163,14013,en,Drama,10000000,225933435,127,0,0,0,1,0,0,0,0,0,0,1997,1,16.118095750958314,19.235750982880344,3.2946064797598855,9.54781210893048,22.5933435
1292415,Beast,2026-04-10,23.9676,6.256,78,en,Action|Drama,0,0,115,1,0,0,1,0,0,0,0,0,0,2026,0,0.0,0.0,3.2175789843339007,4.3694478524670215,
807,Se7en,1995-09-22,26.1943,8.382,23358,en,Crime|Mystery|Thriller,33000000,327311859,127,0,0,0,0,0,0,0,1,0,0,1995,1,17.312018149733785,19.606423974684137,3.303007392517904,10.058737627806687,9.918541181818181
12153,White Chicks,2004-06-23,24.7788,6.958,4624,en,Comedy|Crime,37000000,113100000,109,0,0,1,0,0,0,0,0,0,0,2004,1,17.426428497635523,18.543782949928083,3.249552448716259,8.439231649946526,3.056756756756757
1477317,Your Fault: London,2026-06-17,24.3329,7.5,172,en,Romance|Drama,0,0,123,0,0,0,1,0,1,0,0,0,0,2026,0,0.0,0.0,3.232103946208767,5.153291594497779,
808,Shrek,2001-05-18,24.637,7.773,18998,en,Animation|Comedy|Fantasy|Adventure|Family,60000000,489676241,90,0,1,1,0,0,0,0,0,1,1,2001,1,17.909855136853043,20.00925500007803,3.2440366205267006,9.85214162518454,8.161270683333333
673,Harry Potter and the Prisoner of Azkaban,2004-05-31,26.9204,8.01,23356,en,Adventure|Fantasy,130000000,789804554,141,0,1,0,0,0,0,0,0,0,1,2004,1,18.683045016112164,20.487296074083048,3.3293576044391107,10.058652004037477,6.075419646153846
798645,The Running Man,2025-11-11,25.1853,6.763,1760,en,Action|Thriller|Science Fiction,110000000,69000000,133,1,0,0,0,0,0,0,1,0,0,2025,1,18.5159909328476,18.049617077054286,3.2651981846068177,7.473637108496206,0.6272727272727273
769,GoodFellas,1990-09-12,24.7881,8.5,14527,en,Drama|Crime,25000000,47072327,145,0,0,0,1,0,0,0,0,0,0,1990,1,17.034386422832473,17.66719587040797,3.2499131452134624,9.583833100841074,1.88289308
181808,Star Wars: The Last Jedi,2017-12-13,24.3573,6.747,16464,en,Adventure|Action|Science Fiction,300000000,1334407706,152,1,1,0,0,0,0,0,0,0,0,2017,1,19.519293035953808,21.011753365181573,3.2330666570240534,9.708992194810465,4.448025686666667
27449,Baby Face,1933-07-13,28.2745,7.229,155,en,Drama,187000,451000,76,0,0,0,1,0,0,0,0,0,0,1933,1,12.138869243416009,13.019224835777257,3.3767168299186263,5.049856007249537,2.411764705882353
22,Pirates of the Caribbean: The Curse of the Black Pearl,2003-07-09,25.6995,7.831,22466,en,Adventure|Fantasy|Action,140000000,655011224,143,1,1,0,0,0,0,0,0,0,1,2003,1,18.757152987716434,20.30016293085726,3.2846448386390987,10.019802844917477,4.6786516
11324,Shutter Island,2010-02-14,24.4677,8.2,26077,en,Drama|Thriller|Mystery,80000000,294804195,138,0,0,0,1,0,0,0,1,0,0,2010,1,18.197537205138154,19.501821951556725,3.237410982597415,10.168847325983418,3.6850524375
475557,Joker,2019-10-01,23.7283,8.122,27947,en,Crime|Thriller|Drama,55000000,1078958629,122,0,0,0,1,0,0,0,1,0,0,2019,1,17.822843761378564,20.799262181430837,3.2079483367523407,10.238100919672341,19.617429618181816
1318413,Pressure,2026-05-25,23.7972,7.7,174,en,Thriller|History|War,30000000,18338606,101,0,0,0,0,0,0,0,1,0,0,2026,1,17.216707972959764,16.724519067709455,3.210730743571081,5.1647859739235145,0.6112868666666667
324786,Hacksaw Ridge,2016-10-07,23.4401,8.192,15023,en,Drama|History|War,40000000,175302354,139,0,0,0,1,0,0,0,0,0,0,2016,1,17.50439003707821,18.982022783914175,3.1962252259480515,9.617404201448045,4.38255885
228150,Fury,2014-10-15,23.1403,7.546,13038,en,War|Drama|Action,68000000,211817906,135,1,0,0,1,0,0,0,0,0,0,2014,1,18.035018277846262,19.171237534299916,3.183882643098378,9.475700145423472,3.114969205882353
519182,Despicable Me 4,2024-06-20,23.1297,6.985,3282,en,Animation|Comedy|Action|Science Fiction|Family,100000000,972021410,94,1,0,1,0,0,0,0,0,1,0,2024,1,18.420680753952364,20.694888389959882,3.18344344690321,8.096512917501594,9.7202141
823219,Flow,2024-08-29,22.3762,8.075,2934,lv,Adventure|Animation|Family|Fantasy,3700000,17660107,85,0,1,0,0,0,0,0,0,1,1,2024,1,15.123843647884687,16.686818868636678,3.151718410755453,7.984462732262196,4.773001891891892
767,Harry Potter and the Half-Blood Prince,2009-07-15,24.1968,7.682,20957,en,Adventure|Fantasy,250000000,933959197,153,0,1,0,0,0,0,0,0,0,1,2009,1,19.33697147982652,20.65494331001405,3.2267170023272267,9.950275714034888,3.735836788
372058,Your Name.,2016-07-01,24.296,8.481,12720,ja,Animation|Romance|Drama,7500000,405320132,106,0,0,0,1,0,1,0,0,1,0,2016,1,15.830413711839864,19.82018776468013,3.2306462804671163,9.45100945015621,54.04268426666667
150540,Inside Out,2015-06-17,23.94,7.908,23639,en,Animation|Family|Adventure|Drama|Comedy,175000000,857611174,95,0,1,1,1,0,0,0,0,1,0,2015,1,18.980296537602072,20.56966137874629,3.2164729402518906,10.070695471520034,4.90063528
354912,Coco,2017-10-27,24.6151,8.198,21155,en,Family|Animation|Music|Adventure,175000000,814641172,105,0,1,0,0,0,0,0,0,1,0,2017,1,18.980296537602072,20.51825829572648,3.243182021346067,9.95967883218587,4.655092411428571
619,The Bodyguard,1992-11-25,13.7378,6.704,3285,en,Action|Drama|Romance,25000000,411006740,129,1,0,0,1,0,1,0,0,0,0,1992,1,17.034386422832473,19.83412017378586,2.6904156218904007,8.097426298597213,16.4402696
272,Batman Begins,2005-06-10,23.8706,7.729,22821,en,Drama|Crime|Action,150000000,374218673,140,1,0,0,1,0,0,0,0,0,0,2005,1,18.826145858727198,19.740350874353872,3.2136863829766513,10.035480261994625,2.4947911533333333
574475,Final Destination Bloodlines,2025-05-14,23.3768,7.041,2967,en,Horror|Mystery,50000000,317854739,110,0,0,0,0,1,0,0,0,0,0,2025,1,17.72753358339242,19.577105043930167,3.193631860311264,7.995643604287271,6.35709478
1316092,"""Wuthering Heights""",2026-02-11,22.8502,6.7,1210,en,Romance|Drama,80000000,241601072,137,0,0,0,1,0,1,0,0,0,0,2026,1,18.197537205138154,19.302798465240237,3.171792603043425,7.099201743553092,3.0200134
552524,Lilo & Stitch,2025-05-17,24.5996,7.196,2210,en,Family|Science Fiction|Comedy,100000000,1038027526,108,0,0,1,0,0,0,0,0,0,0,2025,1,18.420680753952364,20.760588140606302,3.242576726363445,7.701200180857446,10.38027526
39254,Real Steel,2011-09-28,22.4894,7.124,9346,en,Action|Science Fiction|Drama,110000000,299300000,127,1,0,0,1,0,0,0,0,0,0,2011,1,18.5159909328476,19.516956976164057,3.1565492555604355,9.142810715182584,2.7209090909090907
283995,Guardians of the Galaxy Vol. 2,2017-04-25,23.6611,7.61,23096,en,Science Fiction|Adventure|Action,200000000,863756051,137,1,1,0,0,0,0,0,0,0,0,2017,1,19.11382792951231,20.576800939678627,3.205227103391797,10.047458017946159,4.318780255
269149,Zootopia,2016-02-11,24.6082,7.765,18294,en,Animation|Adventure|Family|Comedy,150000000,1025521689,109,0,1,1,0,0,0,0,0,1,0,2016,1,18.826145858727198,20.748467285911254,3.24291261269642,9.814383077453307,6.83681126
1236153,Mercy,2026-01-19,22.1712,7.097,1509,en,Science Fiction|Action|Thriller,60000000,54708061,100,1,0,0,0,0,0,0,1,0,0,2026,1,17.909855136853043,17.8175216422724,3.1429101282123644,7.31986492980897,0.9118010166666667
1078605,Weapons,2025-08-04,24.7677,7.256,3645,en,Horror|Mystery,38000000,269972492,129,0,0,0,0,1,0,0,0,0,0,2025,1,17.453096744006448,19.413830633994976,3.2491217696140278,8.201385955238608,7.1045392631578945
858024,Hamnet,2025-11-26,22.19,7.719,1467,en,Drama|Romance,30000000,107756183,125,0,0,0,1,0,1,0,0,0,0,2025,1,17.216707972959764,18.495381677412635,3.1437211512674406,7.291656209174461,3.5918727666666665
1630423,My Dearest Assassin,2026-05-06,20.4193,8.575,273,th,Action|Drama|Romance,0,0,128,1,0,0,1,0,1,0,0,0,0,2026,0,0.0,0.0,3.0642923847470462,5.6131281063880705,
346698,Barbie,2023-07-19,20.4889,6.916,11272,en,Comedy|Adventure|Fantasy,145000000,1447138421,114,0,1,1,0,0,0,0,0,0,1,2023,1,18.7922443072814,21.09285394138885,3.0675365227459226,9.330165765044532,9.980264972413794
1124,The Prestige,2006-10-19,25.7534,8.21,17784,en,Drama|Mystery|Science Fiction,40000000,109676311,130,0,0,0,1,0,0,0,0,0,0,2006,1,17.50439003707821,18.513043967561824,3.286661568068877,9.786110684382555,2.741907775
545611,Everything Everywhere All at Once,2022-03-24,24.8002,7.716,8154,en,Action|Adventure|Science Fiction,25000000,139200000,140,1,1,0,0,0,0,0,0,0,0,2022,1,17.034386422832473,18.7514223130485,3.25038224383551,9.006386515055114,5.568
109445,Frozen,2013-11-20,21.1894,7.25,17697,en,Animation|Family|Adventure|Fantasy,150000000,1274219009,102,0,1,0,0,0,0,0,0,1,1,2013,1,18.826145858727198,20.96559928670034,3.0996146973720866,9.781206917827296,8.494793393333333
1038392,The Conjuring: Last Rites,2025-09-03,24.5153,6.953,1995,en,Horror,55000000,499256445,136,0,0,0,0,1,0,0,0,0,0,2025,1,17.822843761378564,20.0286304415439,3.2392782722363482,7.59890045687141,9.07738990909091
49026,The Dark Knight Rises,2012-07-17,24.7059,7.796,24571,en,Action|Crime|Drama|Thriller,250000000,1081041287,165,1,0,0,1,0,0,0,1,0,0,2012,1,19.33697147982652,20.80119056913867,3.2467205375379944,10.109362862283819,4.324165148
1062722,Frankenstein,2025-10-17,23.3786,7.623,3619,en,Drama|Fantasy|Horror,120000000,480678,150,0,0,0,1,1,0,0,0,0,1,2025,1,18.603002309079653,13.082954966636953,3.193705698286168,8.194229304819817,0.00400565
939243,Sonic the Hedgehog 3,2024-12-19,22.1548,7.611,3360,en,Action|Science Fiction|Comedy|Family,122000000,492162604,110,1,0,1,0,0,0,0,0,0,0,2024,1,18.619531610894253,20.01431971782164,3.142202102452096,8.119993827725105,4.034119704918033
447365,Guardians of the Galaxy Vol. 3,2023-05-03,23.206,7.93,8522,en,Science Fiction|Adventure|Action,250000000,845550000,150,1,1,0,0,0,0,0,0,0,0,2023,1,19.33697147982652,20.55549786234263,3.186600536316412,9.050523670522297,3.3822
857,Saving Private Ryan,1998-07-24,24.8941,8.23,17463,en,War|Drama|History,70000000,481840909,169,0,0,0,1,0,0,0,0,0,0,1998,1,18.064005814299346,19.99312455529168,3.254015143527508,9.76789689822978,6.8834415571428575
744,Top Gun,1986-05-16,22.6407,7.07,9700,en,Action|Drama|Romance,15000000,356830601,110,1,0,0,1,0,1,0,0,0,0,1986,1,16.52356082573315,19.69277172292949,3.162969802928609,9.179984251961283,23.788706733333335
138843,The Conjuring,2013-07-18,21.3831,7.542,12860,en,Horror|Thriller,13000000,321293998,112,0,0,0,0,1,0,0,1,0,0,2013,1,16.380459992348886,19.587867146662987,3.1083062098238683,9.461954755266087,24.714922923076923
269955,Obsessed,2014-05-14,21.8161,6.683,82,ko,Drama|Romance,0,0,132,0,0,0,1,0,1,0,0,0,0,2014,0,0.0,0.0,3.127466427111481,4.418840607796598,
337167,Fifty Shades Freed,2018-01-17,19.5431,6.7,8394,en,Drama|Romance,55000000,371985018,105,0,0,0,1,0,1,0,0,0,0,2018,1,17.822843761378564,19.734364139921126,3.022525118136719,9.035391569511642,6.763363963636364
389,12 Angry Men,1957-04-10,23.952,8.565,10146,en,Drama,397751,4360000,97,0,0,0,1,0,0,0,0,0,0,1957,1,12.89358397447149,15.28798284468299,3.216953979305502,9.224933374279082,10.961631774652986
284053,Thor: Ragnarok,2017-10-02,23.6773,7.582,22175,en,Action|Science Fiction|Comedy,180000000,855301806,131,1,0,1,0,0,0,0,0,0,0,2017,1,19.00846741441004,20.56696495525777,3.205883792728386,10.00676590198963,4.7516767
675,Harry Potter and the Order of the Phoenix,2007-07-08,23.2933,7.673,20975,en,Adventure|Fantasy,150000000,938212738,138,0,1,0,0,0,0,0,0,0,1,2007,1,18.826145858727198,20.65948728189478,3.190200592164101,9.95113420600348,6.254751586666667
284054,Black Panther,2018-02-13,22.7916,7.364,23646,en,Action|Adventure|Science Fiction,200000000,1349926083,135,1,1,0,0,0,0,0,0,0,0,2018,1,19.11382792951231,21.023315675305177,3.1693325772025625,10.070991535979658,6.749630415
945961,Alien: Romulus,2024-08-13,22.705,7.167,4692,en,Horror|Science Fiction,80000000,350865342,119,0,0,0,0,1,0,0,0,0,0,2024,1,18.197537205138154,19.67591306964555,3.1656859963540818,8.453827315794417,4.385816775
1422,The Departed,2006-10-04,22.6571,8.161,16379,en,Drama|Thriller|Crime,90000000,291465000,151,0,0,0,1,0,0,0,1,0,0,2006,1,18.31532023940565,19.490430491366318,3.163663281300002,9.70381635740706,3.2385
284052,Doctor Strange,2016-10-25,22.5616,7.423,23585,en,Fantasy|Adventure|Action,180000000,676343174,115,1,1,0,0,0,0,0,0,0,1,2016,1,19.00846741441004,20.33221116051931,3.1596182681922604,10.068408594649915,3.757462077777778
11036,The Notebook,2004-06-25,22.3212,7.891,12682,en,Romance|Drama,29000000,115600000,123,0,0,0,1,0,1,0,0,0,0,2004,1,17.182806422433504,18.56564652285307,3.1493628181343616,9.448017793067429,3.986206896551724
466272,Once Upon a Time... in Hollywood,2019-07-24,22.2845,7.421,15000,en,Comedy|Drama|Thriller,95000000,393869691,162,0,0,1,1,0,0,0,1,0,0,2019,1,18.36938746009113,19.791530681594192,3.1477879031524707,9.61587214452889,4.145996747368421
16869,Inglourious Basterds,2009-08-02,22.219,8.2,24421,en,Drama|Thriller|War,70000000,321457747,153,0,0,0,1,0,0,0,1,0,0,2009,1,18.064005814299346,19.588376671543493,3.1449709090202287,10.103239644392968,4.592253528571429
68718,Django Unchained,2012-12-25,22.0939,8.192,28257,en,Drama|Western,100000000,425368238,165,0,0,0,1,0,0,0,0,0,0,2012,1,18.420680753952364,19.86846579644804,3.1395685133912514,10.249131882325754,4.25368238
1480387,undertone,2026-03-12,22.0849,6.163,414,en,Horror|Mystery,500000,21610797,94,0,0,0,0,1,0,0,0,0,0,2026,1,13.122365377402328,16.888703655149722,3.1391787241323725,6.028278520230698,43.221594
198663,The Maze Runner,2014-09-10,21.9698,7.191,18254,en,Action|Mystery|Science Fiction|Thriller,34000000,348319861,113,1,0,0,0,0,0,0,1,0,0,2014,1,17.341871111992198,19.668631759263018,3.134180309653958,9.812194294089737,10.244701794117647
564,The Mummy,1999-04-16,21.6194,7.0,10176,en,Adventure|Action|Fantasy,80000000,415885488,124,1,1,0,0,0,0,0,0,0,1,1999,1,18.197537205138154,19.845920513505746,3.118807945137236,9.227885551191932,5.1985686
286217,The Martian,2015-09-30,21.4716,7.705,21479,en,Science Fiction|Drama|Adventure,108000000,631058917,141,0,1,0,1,0,0,0,0,0,0,2015,1,18.497641794347754,20.262909788571278,3.112252289714722,9.974877548622802,5.84313812037037
280,Terminator 2: Judgment Day,1991-07-03,21.3896,8.158,14514,en,Action|Thriller|Science Fiction,102000000,517778573,137,1,0,0,0,0,0,0,1,0,0,1991,1,18.440483381052466,20.065058245514805,3.108596565332724,9.58293787645873,5.076260519607843
1002398,Virgin,2024-10-29,19.4545,6.3,27,tl,Drama|Romance,0,0,99,0,0,0,1,0,1,0,0,0,0,2024,0,0.0,0.0,3.018202907181358,3.332204510175204,
967941,Wicked: For Good,2025-11-19,20.0707,6.626,1072,en,Fantasy|Adventure|Romance,150000000,539042601,137,0,1,0,0,0,1,0,0,0,1,2025,1,18.826145858727198,20.105305164710895,3.047883449855602,6.9782137426306985,3.59361734
263115,Logan,2017-02-28,20.7135,7.821,20557,en,Action|Drama|Science Fiction,97000000,619021436,137,1,0,0,1,0,0,0,0,0,0,2017,1,18.390221546776935,20.243650461713184,3.0779341869257726,9.931005438572868,6.381664288659794
313369,La La Land,2016-12-01,20.4238,7.9,18247,en,Comedy|Drama|Romance,30000000,509183536,129,0,0,1,1,0,1,0,0,0,0,2016,1,17.216707972959764,20.048319093017245,3.064502453580373,9.811810763964225,16.972784533333332
577922,Tenet,2020-08-22,20.661,7.2,11257,en,Action|Thriller|Science Fiction,205000000,365304105,150,1,0,0,0,0,0,0,1,0,0,2020,1,19.138520541980732,19.716240731778992,3.075513408558841,9.328834266023971,1.781971243902439
823464,Godzilla x Kong: The New Empire,2024-03-27,19.2234,7.047,4759,en,Action|Adventure|Science Fiction,150000000,571750016,115,1,1,0,0,0,0,0,0,0,0,2024,1,18.826145858727198,20.16421242060044,3.0068403498028324,8.468002947225466,3.811666773333333
411,"The Chronicles of Narnia: The Lion, the Witch and the Wardrobe",2005-12-07,20.1335,7.139,11614,en,Adventure|Family|Fantasy,180000000,745013115,143,0,1,0,0,0,0,0,0,0,1,2005,1,19.00846741441004,20.42891238155799,3.050859459179304,9.36005264520451,4.13896175
216919,Deseo,2013-09-13,19.3027,6.5,270,es,Drama,0,0,97,0,0,0,1,0,0,0,0,0,0,2013,0,0.0,0.0,3.010753882129479,5.602118820879701,
559,Spider-Man 3,2007-05-01,23.172,6.466,15388,en,Action|Adventure|Science Fiction,258000000,894983373,139,1,1,0,0,0,0,0,0,0,0,2007,1,19.36847014676186,20.61231569953027,3.185194938499312,9.641408247463852,3.4689278023255814
507086,Jurassic World Dominion,2022-06-01,19.4212,6.602,7153,en,Adventure|Science Fiction|Thriller,658800000,1004004592,147,0,1,0,0,0,0,0,1,0,0,2022,1,20.305930557785672,20.72726243290668,3.0165735769256394,8.875426919818963,1.523989969641773
1246049,Dracula,2025-07-30,19.8462,7.218,1369,fr,Horror|Fantasy|Romance,52000000,42404858,130,0,0,0,0,1,1,0,0,0,1,2025,1,17.76675429577647,17.562773512692818,3.037171677437853,7.222566018822171,0.8154780384615384
829557,365 Days: This Day,2022-04-26,20.0979,5.951,1858,pl,Romance|Drama,0,0,110,0,0,0,1,0,1,0,0,0,0,2022,0,0.0,0.0,3.0491735094626224,7.527793987721444,
786892,Furiosa: A Mad Max Saga,2024-05-22,17.9823,7.446,5006,en,Action|Science Fiction|Adventure,168000000,174287546,149,1,1,0,0,0,0,0,0,0,0,2024,1,18.939474543319914,18.976217062154745,2.943506966029729,8.518592212329946,1.037425869047619
505026,Death on the Nile,2022-02-09,20.0556,6.412,4265,en,Mystery|Crime|Thriller,90000000,137307235,127,0,0,0,0,0,0,0,1,0,0,2022,1,18.31532023940565,18.737731571461655,3.0471665580019756,8.358431899031295,1.5256359444444445
290098,The Handmaiden,2016-06-01,19.644,8.182,4400,ko,Thriller|Drama|Romance,8575000,38600000,145,0,0,0,1,0,1,0,1,0,0,2016,1,15.964361667634346,17.468762860341794,3.0274247202864806,8.38958706681109,4.501457725947522
18,The Fifth Element,1997-05-02,23.17,7.586,11904,fr,Science Fiction|Action|Adventure,90000000,263920180,126,1,1,0,0,0,0,0,0,0,0,1997,1,18.31532023940565,19.391157270698248,3.1851121947153915,9.384713758920963,2.9324464444444445
348,Alien,1979-05-25,19.5871,8.17,16557,en,Horror|Science Fiction,11000000,104931801,117,0,0,0,0,1,0,0,0,0,0,1979,1,16.213405921671733,18.468821192340297,3.024664666049677,9.71462464769875,9.539254636363637
111,Scarface,1983-12-09,20.9124,8.2,13201,en,Action|Crime|Drama,25000000,66023329,170,1,0,0,1,0,0,0,0,0,0,1983,1,17.034386422832473,18.005518722378135,3.0870526866316914,9.488123612248716,2.64093316
50043,Cousin Bette,1998-06-12,18.4028,5.532,47,en,Comedy|Drama|Romance,0,1295194,108,0,0,1,1,0,1,0,0,0,0,1998,0,0.0,14.074171820930452,2.965417385551632,3.871201010907891,
1292695,They Will Kill You,2026-03-25,19.0263,6.974,971,en,Action|Comedy|Horror,20000000,19382152,94,1,0,1,0,1,0,0,0,0,0,2026,1,16.811242881518265,16.779863252167672,2.9970464096987213,6.879355804460439,0.9691076
106,Predator,1987-06-12,20.0977,7.573,9294,en,Science Fiction|Action|Adventure|Thriller,15000000,98267558,107,1,1,0,0,0,0,0,1,0,0,1987,1,16.52356082573315,18.403204510302817,3.049164029801236,9.137231900155545,6.551170533333333
1340206,Tuner,2026-05-21,34.7666,7.152,197,en,Crime|Drama|Thriller,7000000,10866039,108,0,0,0,1,0,0,0,1,0,0,2026,1,15.76142084987672,16.201152887294267,3.5770144970339075,5.288267030694535,1.5522912857142857
62,2001: A Space Odyssey,1968-04-02,19.7185,8.0,12729,en,Science Fiction|Mystery|Adventure,12000000,71923560,149,0,1,0,0,0,0,0,0,0,0,1968,1,16.300417291085605,18.091114460250058,3.031027020948329,9.451716691551452,5.99363
210577,Gone Girl,2014-10-01,18.4378,7.891,20128,en,Mystery|Thriller|Drama,61000000,370890259,149,0,0,0,1,0,0,0,1,0,0,2014,1,17.926384438531027,19.73141678166745,2.96721962390395,9.909916840301031,6.080168180327869
1242265,Fuze,2026-03-23,19.7201,6.8,202,en,Action|Crime|Drama|Thriller,45000000,2890908,96,1,0,0,1,0,0,0,1,0,0,2026,1,17.622173069956816,14.877081543505493,3.031104243634462,5.313205979041787,0.0642424
1317288,Marty Supreme,2025-12-19,20.8829,7.373,1984,en,Drama|Thriller,65000000,191303074,150,0,0,0,1,0,0,0,1,0,0,2025,1,17.989897843244528,19.069369508510253,3.0857055099044355,7.59337419312129,2.9431242153846155
101,Léon: The Professional,1994-09-14,23.3575,8.294,16256,fr,Crime|Drama|Action,16000000,20330788,111,1,0,0,1,0,0,0,0,0,0,1994,1,16.588099342704055,16.82764699449238,3.192839810317359,9.696278864234223,1.27067425
558449,Gladiator II,2024-11-13,19.7538,6.602,4572,en,Action|Adventure|Drama,310000000,462180717,148,1,1,0,1,0,0,0,0,0,0,2024,1,19.552082858669273,19.95146653706329,3.032729362440113,8.427924723658055,1.4909055387096775
505642,Black Panther: Wakanda Forever,2022-11-09,21.1418,7.005,7576,en,Action|Adventure|Science Fiction,250000000,859102154,162,1,1,0,0,0,0,0,0,0,0,2022,1,19.33697147982652,20.571398396044202,3.097467224788767,8.932872621931374,3.436408616
293660,Deadpool,2016-02-09,21.369,7.624,32944,en,Action|Adventure|Comedy,58000000,782837347,108,1,1,1,0,0,0,0,0,0,0,2016,1,17.87595358575207,20.47843550312988,3.107676071775975,10.40259478334792,13.497195637931034
216015,Fifty Shades of Grey,2015-02-11,18.7445,5.867,12462,en,Drama|Romance|Thriller,40000000,569651467,125,0,0,0,1,0,1,0,1,0,0,2015,1,17.50439003707821,20.160535272126054,2.982874971551435,9.430519533826377,14.241286675
1716513,Extreme Makeover: Homer Edition,2026-06-17,19.3064,7.382,55,en,Animation|Comedy|Family,0,0,48,0,0,1,0,0,0,0,0,1,0,2026,0,0.0,0.0,3.010936107296264,4.02535169073515,
20352,Despicable Me,2010-07-08,20.3988,7.261,16175,en,Animation|Comedy|Crime|Science Fiction|Family,69000000,543284256,95,0,0,1,0,0,0,0,0,1,0,2010,1,18.049617077054286,20.113143234477587,3.0633348456892024,9.691283941260252,7.873684869565217
38757,Tangled,2010-11-24,18.4279,7.614,12508,en,Animation|Family|Adventure,260000000,592461732,100,0,1,0,0,0,0,0,0,1,0,2010,1,19.376192192825954,20.19979684323381,2.9667101772600395,9.434203664214742,2.2786989692307693
425,Ice Age,2002-03-14,20.5259,7.38,14424,en,Animation|Comedy|Family|Adventure,59000000,383257136,81,0,1,1,0,0,0,0,0,1,0,2002,1,17.893048018819147,19.764216697852003,3.0692568612863935,9.5767180913763,6.495883661016949
912649,Venom: The Last Dance,2024-10-22,20.5427,6.665,4331,en,Science Fiction|Action|Adventure,120000000,478937618,109,1,1,0,0,0,0,0,0,0,0,2024,1,18.603002309079653,19.987080915161524,3.0700370120622296,8.37378460812088,3.991146816666667
4247,Scary Movie,2000-07-07,20.6172,6.424,7971,en,Comedy,19000000,278023280,88,0,0,1,0,0,0,0,0,0,0,2000,1,16.759949589762293,19.443215412752846,3.073489294110727,8.983690681332686,14.632804210526317
296096,Me Before You,2016-06-01,18.4799,7.929,13400,en,Drama|Romance,20000000,207945075,110,0,0,0,1,0,1,0,0,0,0,2016,1,16.811242881518265,19.152784545103913,2.9693831647309867,9.503084610020228,10.39725375
402431,Wicked,2024-10-16,19.8764,6.913,3125,en,Drama|Romance|Fantasy,150000000,758827029,162,0,0,0,1,0,1,0,0,0,1,2024,1,18.826145858727198,20.447284417425475,3.0386193343563677,8.047509510981422,5.05884686
10195,Thor,2011-04-21,17.159,6.771,22492,en,Adventure|Fantasy|Action,150000000,449326618,115,1,1,0,0,0,0,0,0,0,1,2011,1,18.826145858727198,19.923260617778432,2.8991663055776598,10.0209594286763,2.995510786666667
1011985,Kung Fu Panda 4,2024-03-02,19.347,7.004,3594,en,Action|Adventure|Animation|Comedy|Family|Fantasy,80000000,548040835,94,1,1,1,0,0,0,0,0,1,1,2024,1,18.197537205138154,20.12186036038412,3.012933480873766,8.187299270155147,6.8505104375
49013,Cars 2,2011-06-11,20.7391,6.185,8562,en,Animation|Family|Adventure|Comedy,200000000,559852396,106,0,1,1,0,0,0,0,0,1,0,2011,1,19.11382792951231,20.14318373016529,3.079112482492062,9.055205875026193,2.79926198
10138,Iron Man 2,2010-04-28,20.9024,6.9,22556,en,Adventure|Action|Science Fiction,200000000,623933331,124,1,1,0,0,0,0,0,0,0,0,2010,1,19.11382792951231,20.25155408088234,3.0865962198591106,10.023800718046136,3.119666655
549509,The Brutalist,2024-12-20,19.1401,6.952,1702,en,Drama,9600000,50145227,215,0,0,0,1,0,0,0,0,0,0,2024,1,16.077273760604726,17.730433913308346,3.002712852521386,7.440146680662688,5.223461145833333
76338,Thor: The Dark World,2013-10-30,19.8006,6.512,18451,en,Action|Adventure|Fantasy,170000000,644783140,112,1,1,0,0,0,0,0,0,0,1,2013,1,18.951309000896888,20.284424602723067,3.034981832445076,9.822928044677711,3.792842
875828,Peaky Blinders: The Immortal Man,2026-03-05,16.2148,7.241,1096,en,Crime|Drama,0,0,112,0,0,0,1,0,0,0,0,0,0,2026,0,0.0,0.0,2.8457694789478043,7.00033446027523,
57800,Ice Age: Continental Drift,2012-06-27,17.8587,6.392,8178,en,Animation|Comedy|Adventure|Family,95000000,877244782,88,0,1,1,0,0,0,0,0,1,0,2012,1,18.36938746009113,20.59229662541647,2.936974345879443,9.009325172734973,9.2341556
615656,Meg 2: The Trench,2023-08-02,18.8398,6.375,4033,en,Action|Science Fiction|Horror,129000000,398500317,116,1,0,0,0,1,0,0,0,0,0,2023,1,18.675322970077882,19.803218854186696,2.9876900211607555,8.302513718514158,3.0891497441860465
1119449,"Good Luck, Have Fun, Don't Die",2026-02-13,18.261,7.063,749,en,Science Fiction|Action|Comedy,20000000,9755038,134,1,0,1,0,0,0,0,0,0,0,2026,1,16.811242881518265,16.093294529981126,2.9580823261020854,6.620073206530356,0.4877519
490132,Green Book,2018-11-16,18.7151,8.225,13015,en,Drama|Comedy|History,23000000,321752656,130,0,0,1,1,0,0,0,0,0,0,2018,1,16.951004817371683,19.58929366237067,2.9813848395967164,9.473934648898874,13.989245913043478
6977,No Country for Old Men,2007-11-09,20.017,7.949,13499,en,Crime|Thriller|Western,25000000,171627166,122,0,0,0,0,0,0,0,1,0,0,2007,1,17.034386422832473,18.96083504833832,3.045331634045275,9.51044496442652,6.86508664
39688,Like a Brother,2005-04-17,23.4822,4.188,24,fr,Drama|Romance,0,0,54,0,0,0,1,0,1,0,0,0,0,2005,0,0.0,0.0,3.197946322887169,3.2188758248682006,
567609,Ready or Not,2019-08-21,18.1569,7.093,5676,en,Horror|Comedy,6000000,57615777,96,0,0,1,0,1,0,0,0,0,0,2019,1,15.607270193858982,17.86930701176701,2.9526629640453277,8.644178203170727,9.6026295
37165,The Truman Show,1998-06-04,21.037,8.155,20478,en,Comedy|Drama,60000000,264118712,103,0,0,1,1,0,0,0,0,0,0,1998,1,17.909855136853043,19.391909230493674,3.0927228588676194,9.927155249836312,4.401978533333334
38365,Grown Ups,2010-06-24,18.9789,6.4,6770,en,Comedy,80000000,271457606,102,0,0,1,0,0,0,0,0,0,0,2010,1,18.197537205138154,19.419316541500166,2.994676716649767,8.820404065485645,3.393220075
616037,Thor: Love and Thunder,2022-07-06,20.3561,6.367,8683,en,Fantasy|Action|Comedy,250000000,760928081,119,1,0,1,0,0,0,0,0,0,1,2022,1,19.33697147982652,20.450049406760908,3.061337413151794,9.069237530998182,3.043712324
539972,Kraven the Hunter,2024-12-11,19.8113,6.433,2400,en,Action|Adventure|Thriller,130000000,62076533,127,1,1,0,0,0,0,0,1,0,0,2024,1,18.683045016112164,17.94387860109505,3.0354961084207384,7.783640596221253,0.4775117923076923
438148,Minions: The Rise of Gru,2022-06-29,18.272,7.262,4060,en,Animation|Comedy|Science Fiction|Crime|Family,85000000,940203765,87,0,0,1,0,0,0,0,0,1,0,2022,1,18.258161826219297,20.66160718207702,2.95865326531257,8.309184527686298,11.061220764705883
423,The Pianist,2002-09-17,17.5708,8.371,10254,en,Drama|War,35000000,120098945,150,0,0,0,1,0,0,0,0,0,0,2002,1,17.370858648025116,18.60382651099172,2.921590454673629,9.235520670506482,3.4313984285714287
701387,Bugonia,2025-10-23,17.8939,7.306,2146,en,Science Fiction|Thriller|Comedy,55000000,43500000,119,0,0,1,0,0,0,0,1,0,0,2025,1,17.822843761378564,17.588271519047417,2.9388391186474276,7.671826797878781,0.7909090909090909
917496,Beetlejuice Beetlejuice,2024-09-04,16.1469,6.928,3196,en,Comedy|Fantasy|Horror,99000000,452000435,105,0,0,1,0,1,0,0,0,0,1,2024,1,18.410630418199872,19.92919370239781,2.8418173992557567,8.069968149059841,4.565660959595959
1495,Kingdom of Heaven,2005-05-03,17.3504,7.067,5077,en,Drama|Action|Adventure|History|War,130000000,218366336,144,1,1,0,1,0,0,0,0,0,0,2005,1,18.683045016112164,19.20168465533968,2.909651372628121,8.532672762264625,1.6797410461538462
14160,Up,2009-05-28,19.9868,7.961,21843,en,Animation|Comedy|Family|Adventure,175000000,735103954,96,0,1,1,0,0,0,0,0,1,0,2009,1,18.980296537602072,20.41552248255022,3.043893668661009,9.991681563272044,4.200594022857143
207,Dead Poets Society,1989-06-02,20.7927,8.299,12741,en,Drama,16400000,235860116,129,0,0,0,1,0,0,0,0,0,0,1989,1,16.612791953770035,19.278749462682956,3.0815750513307942,9.452658902676433,14.381714390243902
1724,The Incredible Hulk,2008-06-12,18.974,6.2,12834,en,Science Fiction|Action|Adventure,150000000,264770996,114,1,1,0,0,0,0,0,0,0,0,2008,1,18.826145858727198,19.394375848082884,2.9944314278209427,9.45993109330524,1.7651399733333333
1383731,Protector,2026-02-20,20.9764,8.485,462,en,Action|Thriller,0,1,90,1,0,0,0,0,0,0,1,0,0,2026,0,0.0,0.6931471805599453,3.0899691503018785,6.137727054086234,
1084199,Companion,2025-01-22,19.5868,7.011,2435,en,Horror|Science Fiction|Thriller,10000000,36869122,97,0,0,0,0,1,0,0,1,0,0,2025,1,16.118095750958314,17.422884983651326,3.0246500937113754,7.798112628829788,3.6869122
8966,Twilight,2008-11-20,17.3901,6.3,14505,en,Fantasy|Drama|Romance,37000000,393616788,122,0,0,0,1,0,1,0,0,0,1,2008,1,17.426428497635523,19.79088837721235,2.9118124763393465,9.582317635923358,10.638291567567567
72190,World War Z,2013-06-19,17.4241,6.8,16760,en,Action|Horror|Science Fiction,200000000,531865000,116,1,0,0,0,1,0,0,0,0,0,2013,1,19.11382792951231,20.091900257585234,2.91365959020665,9.726810038127258,2.659325
1228246,Five Nights at Freddy's 2,2025-12-03,17.7761,6.621,1068,en,Horror|Thriller,36000000,239568877,104,0,0,0,0,1,0,0,1,0,0,2025,1,17.399029524198163,19.29435152428313,2.9325847844825583,6.974478911025045,6.654691027777778
604079,The Long Walk,2025-09-10,18.3125,6.875,1712,en,Science Fiction|Thriller|Horror,20000000,63103084,108,0,0,0,0,1,0,0,1,0,0,2025,1,16.811242881518265,17.960280216966094,2.9607525546579643,7.44600149832412,3.1551542
855,Black Hawk Down,2001-12-28,17.6349,7.395,6445,en,Action|War|History,92000000,172989651,145,1,0,0,0,0,0,0,0,0,0,2001,1,18.33729914588288,18.968742335644162,2.9250361666705125,8.771215062375383,1.8803222934782609
7451,xXx,2002-08-09,17.8869,5.989,4966,en,Action|Adventure|Thriller|Crime|Drama,70000000,277448382,124,1,1,0,1,0,0,0,1,0,0,2002,1,18.064005814299346,19.44114546664207,2.9384685600525806,8.51057131510735,3.963548314285714
58,Pirates of the Caribbean: Dead Man's Chest,2006-07-06,20.1527,7.388,17354,en,Adventure|Fantasy|Action,200000000,1066179747,151,1,1,0,0,0,0,0,0,0,1,2006,1,19.11382792951231,20.787347767612417,3.051767556918965,9.761635928295886,5.330898735
235271,Addicted,2014-10-10,16.9457,5.933,454,en,Drama|Thriller,0,17534314,105,0,0,0,1,0,0,0,1,0,0,2014,0,0.0,16.679670376065683,2.8873505319190205,6.12029741895095,
976573,Elemental,2023-06-14,18.024,7.586,5422,en,Animation|Comedy|Family|Romance,200000000,496444308,102,0,0,1,0,0,1,0,0,1,0,2023,1,19.11382792951231,20.022981867988104,2.945701339948426,8.59840444684106,2.48222154
259693,The Conjuring 2,2016-06-08,17.7716,7.293,9283,en,Horror,40000000,322819915,134,0,0,0,0,1,0,0,0,0,0,2016,1,17.50439003707821,19.592605190102446,2.932345089373588,9.136047767394327,8.070497875
1156593,Your Fault,2024-12-26,18.796,7.094,1591,es,Drama|Romance,0,0,117,0,0,0,1,0,1,0,0,0,0,2024,0,0.0,0.0,2.9854798970896397,7.3727463664043285,
764,The Evil Dead,1981-10-15,17.9872,7.3,4570,en,Horror,350000,29400000,85,0,0,0,0,1,0,0,0,0,0,1981,1,12.765691290604371,17.196505266322514,2.9437650679287377,8.427487278331744,84.0
429,"The Good, the Bad and the Ugly",1966-12-23,19.3343,8.465,9768,it,Western,1200000,38900000,161,0,0,0,0,0,0,0,0,0,0,1966,1,13.997832948091215,17.476504834295614,3.012309115358771,9.186969385652942,32.416666666666664
218,The Terminator,1984-10-26,18.6488,7.684,14799,en,Action|Thriller|Science Fiction,6400000,78371200,108,1,0,0,0,0,0,0,1,0,0,1984,1,15.671808704579888,18.176967083653235,2.978016267748211,9.602382459752207,12.2455
1064213,Anora,2024-10-14,18.4517,7.073,3282,en,Drama|Comedy|Romance,6000000,56286295,139,0,0,1,1,0,1,0,0,0,0,2024,1,15.607270193858982,17.84596165317887,2.967934469843955,8.096512917501594,9.381049166666667
181812,Star Wars: The Rise of Skywalker,2019-12-18,18.7282,6.263,10952,en,Adventure|Action|Science Fiction,489900000,1074144248,142,1,1,0,0,0,0,0,0,0,0,2019,1,20.009711848650035,20.794790134070162,2.982049084245702,9.301368670323747,2.192578583384364
562,Die Hard,1988-07-15,17.7866,7.815,12423,en,Action|Thriller,28000000,140767956,132,1,0,0,0,0,0,0,1,0,0,1988,1,17.147715103853763,18.762623397663386,2.9331438497400337,9.427385364828522,5.027427
508947,Turning Red,2022-03-10,18.1481,7.334,5946,en,Animation|Family|Comedy|Fantasy,175000000,21813358,100,0,0,1,0,0,0,0,0,1,1,2022,1,18.980296537602072,16.89803313824033,2.952203493994169,8.690642169706594,0.12464776
135397,Jurassic World,2015-06-06,18.0182,6.703,21713,en,Adventure|Science Fiction|Thriller,150000000,1671537444,124,0,1,0,0,0,0,0,1,0,0,2015,1,18.826145858727198,21.237009665607605,2.945396415414885,9.985712492791798,11.14358296
667538,Transformers: Rise of the Beasts,2023-06-06,18.2863,7.169,5336,en,Science Fiction|Adventure|Action,195000000,441381193,127,1,1,0,0,0,0,0,0,0,0,2023,1,19.088510121656228,19.90541944553265,2.959394999292316,8.582418976333944,2.2634932974358972
2105,American Pie,1999-07-09,17.7881,6.615,8406,en,Comedy|Romance,11000000,235483004,95,0,0,1,0,0,1,0,0,0,0,1999,1,16.213405921671733,19.277149303211587,2.9332236906968903,9.036819971135296,21.40754581818182
920,Cars,2006-06-08,17.9442,7.041,15266,en,Animation|Adventure|Comedy|Family,120000000,461983149,117,0,1,1,0,0,0,0,0,1,0,2006,1,18.603002309079653,19.951038976519428,2.9414978160782983,9.633448915256942,3.849859575
426063,Nosferatu,2024-12-25,17.5071,6.711,3793,en,Horror|Fantasy,50000000,181805645,133,0,0,0,0,1,0,0,0,0,1,2024,1,17.72753358339242,19.018448795331032,2.918154442241904,8.24117615049496,3.6361129
1891,The Empire Strikes Back,1980-05-20,19.015,8.392,18583,en,Adventure|Action|Science Fiction,18000000,538400000,124,1,1,0,0,0,0,0,0,0,0,1980,1,16.705882371415992,20.10411233815215,2.996481992444537,9.830056274450245,29.91111111111111
288987,That Malicious Age,1975-03-11,19.8524,6.4,87,it,Drama|Romance,0,0,90,0,0,0,1,0,1,0,0,0,0,1975,0,0.0,0.0,3.037469049534072,4.477336814478207,
405746,Door,1988-05-14,15.0287,6.0,30,ja,Horror|Mystery|Thriller,0,0,94,0,0,0,0,1,0,0,1,0,0,1988,0,0.0,0.0,2.774380865391486,3.4339872044851463,
398818,Call Me by Your Name,2017-10-01,17.8896,8.087,12836,en,Romance|Drama,3500000,43143046,132,0,0,0,1,0,1,0,0,0,0,2017,1,15.068273812173887,17.5800318269364,2.938611506064233,9.460086905084927,12.32658457142857
637649,Wrath of Man,2021-04-22,18.1939,7.573,6177,en,Thriller|Crime|Drama,40000000,103966489,119,0,0,0,1,0,0,0,1,0,0,2021,1,17.50439003707821,18.459579193645894,2.9545925202204177,8.728749873478527,2.599162225
566525,Shang-Chi and the Legend of the Ten Rings,2021-09-01,18.3664,7.493,10512,en,Action|Adventure|Fantasy,150000000,432243292,132,1,1,0,0,0,0,0,0,0,1,2021,1,18.826145858727198,19.884499165923774,2.9635396057317904,9.26036786557583,2.881621946666667
809,Shrek 2,2004-05-19,17.4957,7.3,13576,en,Animation|Comedy|Family|Fantasy|Romance,150000000,932542741,92,0,0,1,0,0,1,0,0,1,1,2004,1,18.826145858727198,20.653425544356743,2.9175382726352423,9.51613246360028,6.216951606666667
246655,X-Men: Apocalypse,2016-05-18,18.1047,6.527,13885,en,Science Fiction|Fantasy|Action,178000000,543934787,144,1,0,0,0,0,0,0,0,0,1,2016,1,18.997294113874336,20.114339922634635,2.9499343780799454,9.538636417313219,3.0558134101123597
791373,Zack Snyder's Justice League,2021-03-18,17.4394,8.084,10950,en,Action|Adventure|Fantasy,70000000,0,242,1,1,0,0,0,0,0,0,0,1,2021,1,18.064005814299346,0.0,2.9144896796381223,9.301186055275759,0.0
1367220,Karuppu,2026-05-14,18.6011,6.6,21,ta,Action|Fantasy,16000000,3345079,152,1,0,0,0,0,0,0,0,0,1,2026,1,16.588099342704055,15.02300116755145,2.9755856871106454,3.091042453358316,0.2090674375
578,Jaws,1975-06-20,18.029,7.682,11661,en,Horror|Thriller|Adventure,7000000,470653000,124,0,1,0,0,1,0,0,1,0,0,1975,1,15.76142084987672,19.96963165222529,2.9459641313198697,9.364090971782101,67.23614285714285
27,9 Songs,2004-07-16,17.2207,5.5,586,en,Drama|Music|Romance,1000000,1574623,70,0,0,0,1,0,1,0,0,0,0,2004,1,13.815511557963774,14.26952707158256,2.902558310413238,6.375024819828097,1.574623
18785,The Hangover,2009-06-02,19.6454,7.336,18255,en,Comedy,35000000,469310836,100,0,0,1,0,0,0,0,0,0,0,2009,1,17.370858648025116,19.966775872336942,3.027492534301726,9.812249072101856,13.408881028571429
311,Once Upon a Time in America,1984-05-23,17.4208,8.376,6116,en,Drama|Crime,30000000,5500000,229,0,0,0,1,0,0,0,0,0,0,1984,1,17.216707972959764,15.520258832020865,2.913480460937263,8.718827059242566,0.18333333333333332
1234731,Anaconda,2025-12-24,18.7607,5.847,1297,en,Adventure|Comedy|Horror,45000000,135148320,100,0,1,1,0,1,0,0,0,0,0,2025,1,17.622173069956816,18.72188340737612,2.9836951167934824,7.168579897264035,3.003296
330457,Frozen II,2019-11-20,17.943,7.229,10355,en,Family|Animation|Adventure|Comedy|Fantasy,150000000,1453683476,103,0,1,1,0,0,0,0,0,1,1,2019,1,18.826145858727198,21.09736650116287,2.9414344701461417,9.245321340871428,9.691223173333332
436270,Black Adam,2022-10-19,18.4704,6.79,7114,en,Action|Adventure|Science Fiction,200000000,393452111,125,1,1,0,0,0,0,0,0,0,0,2022,1,19.11382792951231,19.790469920830212,2.9688953636003985,8.869960510523953,1.967260555
85,Raiders of the Lost Ark,1981-06-12,17.5281,7.926,13774,en,Adventure|Action,18000000,389925971,115,1,1,0,0,0,0,0,0,0,0,1981,1,16.705882371415992,19.78146746368613,2.9192884986126346,9.530610634021116,21.662553944444443
381284,Hidden Figures,2016-12-10,17.3176,8.045,10529,en,Drama|History,25000000,235957472,127,0,0,0,1,0,0,0,0,0,0,2016,1,17.034386422832473,19.279162147599525,2.9078623462973505,9.261983605128021,9.43829888
679,Aliens,1986-07-18,18.3172,7.965,10976,en,Action|Thriller|Science Fiction,18500000,183316455,137,1,0,0,0,0,0,0,1,0,0,1986,1,16.733281344102608,19.026724485103248,2.9609958907451297,9.303557453687317,9.908997567567567
1257009,Primitive War,2025-08-21,15.9269,6.651,413,en,Action|Horror|War|Science Fiction,0,217753,135,1,0,0,0,1,0,0,0,0,0,2025,0,0.0,12.29112126423604,2.828904072468118,6.025865973825314,
9502,Kung Fu Panda,2008-06-04,17.3245,7.332,12791,en,Action|Animation|Comedy|Family,130000000,632091832,90,1,0,1,0,0,0,0,0,1,0,2008,1,18.683045016112164,20.264545246935075,2.908238962270865,9.45657525451379,4.8622448615384615
9806,The Incredibles,2004-10-27,17.4351,7.728,19050,en,Action|Adventure|Animation|Family,92000000,631442092,115,1,1,0,0,0,0,0,0,1,0,2004,1,18.33729914588288,20.263516798004815,2.9142564561357296,9.854874872615435,6.863501
447273,Snow White,2025-03-19,18.2378,4.285,1686,en,Family|Fantasy,271600000,205679463,109,0,0,0,0,0,0,0,0,0,1,2025,1,19.4198409573307,19.141829514928624,2.956877093585314,7.430707082545968,0.7572881553755523
497698,Black Widow,2021-07-07,18.5105,7.162,11364,en,Action|Adventure|Science Fiction,200000000,379751131,134,1,1,0,0,0,0,0,0,0,0,2021,1,19.11382792951231,19.755026680344205,2.970952782189768,9.338293736286644,1.898755655
953,Madagascar,2005-05-25,17.3415,6.927,11834,en,Adventure|Animation|Comedy|Family,75000000,542064525,86,0,1,1,0,0,0,0,0,1,0,2005,1,18.132998684833918,20.11089560397835,2.9091662519243937,9.378816521948083,7.227527
102899,Ant-Man,2015-07-14,17.8534,7.067,20993,en,Science Fiction|Adventure|Action,130000000,519311965,117,1,1,0,0,0,0,0,0,0,0,2015,1,18.683045016112164,20.06801535110636,2.9366932689818483,9.951991961595743,3.9947074230769233
396535,Train to Busan,2016-07-20,17.7377,7.753,8506,ko,Action|Horror|Thriller,8500000,87547518,118,1,0,0,0,1,0,0,1,0,0,2016,1,15.955576839107596,18.287692278202083,2.9305375371542732,9.048644632975885,10.299708
508442,Soul,2020-12-25,16.9194,8.091,11542,en,Animation|Family|Drama|Music|Fantasy,150000000,121977511,101,0,0,0,1,0,0,0,0,1,1,2020,1,18.826145858727198,18.619347257838207,2.885883924843388,9.353834471614912,0.8131834066666667
1064028,Subservience,2024-08-15,17.8662,6.626,1053,en,Horror|Science Fiction|Thriller,4400000,262793,105,0,0,0,0,1,0,0,1,0,0,2024,1,15.29711532616119,12.479125734281732,2.9373719612527807,6.960347729101308,0.05972568181818182
126889,Alien: Covenant,2017-05-09,14.0531,6.182,9525,en,Horror|Science Fiction,97000000,240891763,122,0,0,0,0,1,0,0,0,0,0,2017,1,18.390221546776935,19.299858278540718,2.7115839500503487,9.161780181360806,2.483420237113402
1397201,Golden Kamuy -The Abashiri Prison Raid-,2026-03-13,14.6959,7.5,20,ja,Action|Drama|History|Adventure,0,0,124,1,1,0,1,0,0,0,0,0,0,2026,0,0.0,0.0,2.753399531752763,3.044522437723423,
467905,How to Make a Killing,2026-02-16,16.6421,6.93,592,en,Comedy|Thriller,15000000,21598574,105,0,0,1,0,0,0,0,1,0,0,2026,1,16.52356082573315,16.88813789825591,2.870288091112087,6.385194398997726,1.4399049333333334
32657,Percy Jackson & the Olympians: The Lightning Thief,2010-02-01,13.9116,6.214,7875,en,Adventure|Fantasy|Family,95000000,226497209,118,0,1,0,0,0,0,0,0,0,1,2010,1,18.36938746009113,19.238243184930703,2.7021394335491298,8.971575439759016,2.384181147368421
260514,Cars 3,2017-06-15,17.3588,6.865,6469,en,Animation|Drama|Family,175000000,383925276,102,0,0,0,1,0,0,0,0,1,0,2017,1,18.980296537602072,19.765958500470855,2.9101090235791967,8.774931387494947,2.19385872
299537,Captain Marvel,2019-03-06,18.5349,6.779,16880,en,Action|Adventure|Science Fiction,152000000,1131416446,124,1,1,0,0,0,0,0,0,0,0,2019,1,18.839391085389497,20.846736177624663,2.972202609476783,9.733944008101389,7.44352925
1402,The Pursuit of Happyness,2006-12-14,19.0882,7.887,10702,en,Drama,55000000,307077295,117,0,0,0,1,0,0,0,0,0,0,2006,1,17.822843761378564,19.542610052362214,3.0001325779984733,9.278279354984376,5.583223545454546
1315303,Primate,2026-01-01,18.4498,6.536,746,en,Horror|Thriller,21000000,41235665,89,0,0,0,0,1,0,0,1,0,0,2026,1,16.860033043306743,17.534814119446917,2.9678367872352376,6.616065185132817,1.9636030952380952
329865,Arrival,2016-11-10,17.9662,7.631,19561,en,Drama|Science Fiction|Mystery,47000000,203388186,116,0,0,0,1,0,0,0,0,0,0,2016,1,17.665658180950928,19.13062696221271,2.9426584475920583,9.881344187850438,4.327408212765958
640,Catch Me If You Can,2002-12-16,17.0434,7.979,17280,en,Drama|Crime,52000000,352114312,141,0,0,0,1,0,0,0,0,0,0,2002,1,17.76675429577647,19.67946643368249,2.8927799669427445,9.757362911053992,6.771429076923077
10867,Malena,2000-10-27,17.0429,7.539,2739,it,Drama,0,14493284,108,0,0,0,1,0,0,0,0,0,0,2000,0,0.0,16.489195996677008,2.892752255595223,7.9157131993821155,
541671,Ballerina,2025-06-04,16.7436,7.3,2764,en,Action|Thriller|Crime,90000000,137408107,125,1,0,0,0,0,0,0,1,0,0,2025,1,18.31532023940565,18.73846594620072,2.8760248875225383,7.9247959139564355,1.5267567444444445
11852,The Hot Chick,2002-12-13,16.6735,6.366,2208,en,Comedy|Fantasy,34000000,54639553,104,0,0,1,0,0,0,0,0,0,1,2002,1,17.341871111992198,17.816268610675195,2.8720663425519253,7.700295203420117,1.6070456764705883
68721,Iron Man 3,2013-04-18,16.9216,6.933,23579,en,Action|Adventure|Science Fiction,200000000,1215577205,130,1,1,0,0,0,0,0,0,0,0,2013,1,19.11382792951231,20.918484867597147,2.886006689275338,10.068154174091362,6.077886025
8363,Superbad,2007-08-17,16.6513,7.268,8189,en,Comedy,20000000,170800000,113,0,0,1,0,0,0,0,0,0,0,2007,1,16.811242881518265,18.956003845173544,2.870809435057889,9.010669176847115,8.54
82702,How to Train Your Dragon 2,2014-06-05,15.8611,7.685,10540,en,Fantasy|Action|Adventure|Animation|Family,145000000,621537519,102,1,1,0,0,0,0,0,0,1,1,2014,1,18.7922443072814,20.247706837165246,2.825009193624588,9.26302769425519,4.286465648275862
47060,The Hole,1999-03-24,16.6076,7.0,97,zh,Drama|Romance|Science Fiction,0,0,95,0,0,0,1,0,1,0,0,0,0,1999,0,0.0,0.0,2.8683306270192843,4.584967478670572,
460465,Mortal Kombat,2021-04-07,16.5774,7.05,6896,en,Action|Fantasy|Adventure,20000000,84426031,110,1,1,0,0,0,0,0,0,0,1,2021,1,16.811242881518265,18.251386348028532,2.866613985983829,8.83884181343129,4.22130155
78,Blade Runner,1982-06-25,16.5704,7.935,15150,en,Science Fiction|Drama|Thriller,28000000,41722424,118,0,0,0,1,0,0,0,1,0,0,1982,1,17.147715103853763,17.546549312006853,2.8662156680184054,9.625821815359835,1.4900865714285714
615,The Passion of the Christ,2004-02-25,16.563,7.547,5254,en,Drama,30000000,610063468,127,0,0,0,1,0,0,0,0,0,0,2004,1,17.216707972959764,20.229073557260044,2.8657944164395985,8.566935283311052,20.335448933333332
1539104,JUJUTSU KAISEN: Execution,2025-11-07,16.7229,6.032,108,ja,Animation|Action|Fantasy,0,44457030,88,1,0,0,0,0,0,0,0,1,1,2025,0,0.0,17.610033685143193,2.8748575886714836,4.6913478822291435,
3933,Corpse Bride,2005-09-12,14.2113,7.6,10289,en,Romance|Fantasy|Animation,40000000,118133252,77,0,0,0,0,0,1,0,0,1,1,2005,1,17.50439003707821,18.587323808004285,2.722038572704312,9.238927828828094,2.9533313
127585,X-Men: Days of Future Past,2014-05-15,15.93,7.533,16394,en,Action|Adventure|Science Fiction,250000000,748045700,132,1,1,0,0,0,0,0,0,0,0,2014,1,19.33697147982652,20.432974631665953,2.829087196145044,9.704731689278749,2.9921828
49521,Man of Steel,2013-06-12,16.2498,6.653,16357,en,Action|Adventure|Science Fiction,225000000,668045518,143,1,1,0,0,0,0,0,0,0,0,2013,1,19.23161096461314,20.319866871394915,2.847800549207257,9.702472353294919,2.969091191111111
979,Irreversible,2002-05-22,15.3939,7.181,3357,fr,Drama|Thriller|Crime,3500000,6500000,93,0,0,0,1,0,0,0,1,0,0,2002,1,15.068273812173887,15.687312888712007,2.796909314419628,8.119100837637486,1.8571428571428572
46498,Candy,1968-12-17,11.9175,5.1,83,en,Adventure|Comedy|Fantasy,3000000,0,124,0,1,1,0,0,0,0,0,0,1,1968,1,14.914123179965662,0.0,2.5585829811792027,4.430816798843313,0.0
974262,Descendants: The Rise of Red,2024-07-11,15.6322,6.755,502,en,Fantasy|Adventure|Family|Comedy,0,0,92,0,1,1,0,0,0,0,0,0,1,2024,0,0.0,0.0,2.8113405754954366,6.220590170099739,
128,Princess Mononoke,1997-07-12,16.0201,8.322,9119,ja,Adventure|Fantasy|Animation,23500000,176506186,134,0,1,0,0,0,0,0,0,1,1,1997,1,16.97251102166758,18.988866487547618,2.8343949985686256,9.118225083068378,7.510901531914894
406997,Wonder,2017-11-13,16.7503,8.104,8306,en,Family|Drama,20000000,315025930,113,0,0,0,1,0,0,0,0,0,0,2017,1,16.811242881518265,19.56816551403667,2.876402417187048,9.02485381183907,15.7512965
73861,A Serbian Film,2010-01-06,15.9848,5.455,2236,sr,Crime|Horror|Thriller,0,0,104,0,0,0,0,1,0,0,1,0,0,2010,0,0.0,0.0,2.8323188264475476,7.71289096149013,
10191,How to Train Your Dragon,2010-03-18,14.0243,7.864,14510,en,Fantasy|Adventure|Animation|Family,165000000,495141736,98,0,1,0,0,0,0,0,0,1,1,2010,1,18.92145603792546,20.02035461691998,2.7096688903176664,9.582662261491093,3.000859006060606
259316,Fantastic Beasts and Where to Find Them,2016-11-16,16.3508,7.309,19807,en,Fantasy|Adventure,180000000,809342332,133,0,1,0,0,0,0,0,0,0,1,2016,1,19.00846741441004,20.51173254126546,2.853638614839944,9.893841175484322,4.496346288888889
1414413,Brothers Under Fire,2026-04-15,15.1748,5.838,34,en,Action|Thriller|Mystery|Drama,0,0,99,1,0,0,1,0,0,0,1,0,0,2026,0,0.0,0.0,2.783454475550087,3.5553480614894135,
10625,Mean Girls,2004-04-30,15.3938,7.226,9546,en,Drama|Comedy,17000000,130195052,97,0,0,1,1,0,0,0,0,0,0,2004,1,16.648723960844016,18.684544291625194,2.796903214571209,9.163982247998034,7.658532470588235
156022,The Equalizer,2014-09-24,15.9365,7.292,10045,en,Thriller|Action|Crime,55000000,192330738,132,1,0,0,0,0,0,0,1,0,0,2014,1,17.822843761378564,19.074727046978456,2.8294710563065495,9.21492982430999,3.496922509090909
588228,The Tomorrow War,2021-09-03,15.0938,7.516,4304,en,Action|Science Fiction|Adventure,200000000,14400000,138,1,1,0,0,0,0,0,0,0,0,2021,1,19.11382792951231,16.48273883399067,2.7784341046553003,8.367532416861831,0.072
345940,The Meg,2018-08-09,17.3009,6.253,8262,en,Action|Science Fiction|Horror,150000000,530517320,113,1,0,0,0,1,0,0,0,0,0,2018,1,18.826145858727198,20.08936316581518,2.906950238965931,9.019542996701185,3.5367821333333334
50619,The Twilight Saga: Breaking Dawn - Part 1,2011-11-16,15.2199,6.2,9330,en,Adventure|Fantasy|Romance,110000000,712171856,117,0,1,0,0,0,1,0,0,0,1,2011,1,18.5159909328476,20.38382981244168,2.7862388834401486,9.141097469234023,6.4742896
637,Life Is Beautiful,1997-12-20,17.5073,8.439,14093,it,Comedy|Drama,20000000,230098753,116,0,0,1,1,0,0,0,0,0,0,1997,1,16.811242881518265,19.254019139953993,2.918165248846901,9.553504453886967,11.50493765
10674,Mulan,1998-06-18,15.3506,7.905,10538,en,Animation|Family|Adventure,90000000,304320254,88,0,1,0,0,0,0,0,0,1,0,1998,1,18.31532023940565,19.533591175254703,2.7942645939176414,9.262837940933936,3.3813361555555557
120467,The Grand Budapest Hotel,2014-02-26,16.2953,8.0,16251,en,Comedy|Drama,30000000,174600318,100,0,0,1,1,0,0,0,0,0,0,2014,1,17.216707972959764,18.978010028401325,2.8504347882924637,9.695971257107617,5.8200106
47971,xXx: Return of Xander Cage,2017-01-13,14.9812,6.1,9279,en,Action|Adventure|Crime,85000000,346118277,107,1,1,0,0,0,0,0,0,0,0,2017,1,18.258161826219297,19.66229111853731,2.7714130313860594,9.135616825780247,4.071979729411765
573435,Bad Boys: Ride or Die,2024-06-05,14.8062,7.32,3397,en,Action|Comedy|Crime,100000000,404547819,116,1,0,1,0,0,0,0,0,0,0,2024,1,18.420680753952364,19.818280507500106,2.7604022681254805,8.130942302231878,4.04547819
277217,Descendants,2015-07-31,15.4401,7.175,2539,en,Family|Adventure|Fantasy|TV Movie,0,0,112,0,1,0,0,0,0,0,0,0,1,2015,0,0.0,0.0,2.799723472334595,7.8399193600125825,
38,Eternal Sunshine of the Spotless Mind,2004-03-19,16.2032,8.09,16483,en,Science Fiction|Drama|Romance,20000000,72258126,108,0,0,0,1,0,1,0,0,0,0,2004,1,16.811242881518265,18.095755363059983,2.845095413026529,9.710145492458707,3.6129063
24,Kill Bill: Vol. 1,2003-10-10,15.9354,7.972,19125,en,Action|Crime,30000000,180906076,111,1,0,0,0,0,0,0,0,0,0,2003,1,17.216707972959764,19.01348854294667,2.8294061057132622,9.858803944909488,6.030202533333333
1865,Pirates of the Caribbean: On Stranger Tides,2011-05-15,17.2986,6.572,15078,en,Adventure|Action|Fantasy,379000000,1046721266,136,1,1,0,0,0,0,0,0,0,1,2011,1,19.753046765685223,20.768928512761438,2.9068245541886517,9.621058326365796,2.761797535620053
533533,TRON: Ares,2025-10-08,15.6458,6.474,1511,en,Science Fiction|Adventure|Action,220000000,142249983,119,1,1,0,0,0,0,0,0,0,0,2025,1,19.20913810886209,18.773096518492675,2.8121579323532497,7.321188556739478,0.6465908318181818
898704,Desert Warrior,2026-04-23,15.1151,5.7,23,en,History|War|Action|Drama,150000000,742066,127,1,0,0,1,0,0,0,0,0,0,2026,1,18.826145858727198,13.517194814568992,2.7797567206468443,3.1780538303479458,0.004947106666666667
140607,Star Wars: The Force Awakens,2015-12-15,18.4828,7.248,20676,en,Adventure|Action|Science Fiction,245000000,2068223624,136,1,1,0,0,0,0,0,0,0,0,2015,1,19.316768772590635,21.44995592362641,2.969532025051517,9.93677725040077,8.44172907755102
273481,Sicario,2015-09-17,15.7578,7.423,9679,en,Action|Crime|Thriller,30000000,84997446,122,1,0,0,0,0,0,0,1,0,0,2015,1,17.216707972959764,18.258131778709405,2.818863821521476,9.177817180270623,2.8332482
260513,Incredibles 2,2018-06-14,15.4178,7.454,13785,en,Action|Adventure|Animation|Family,200000000,1243225667,118,1,1,0,0,0,0,0,0,1,0,2018,1,19.11382792951231,20.940975184082664,2.7983661121001404,9.531408863445597,6.216128335
70981,Prometheus,2012-05-30,15.9708,6.601,13377,en,Science Fiction|Mystery|Horror,130000000,403354469,124,0,0,0,0,1,0,0,0,0,0,2012,1,18.683045016112164,19.815326311472536,2.831494220150306,9.501366845678353,3.1027266846153845
1327862,Regretting You,2025-10-22,16.2497,7.1,487,en,Romance|Drama,30000000,90452948,116,0,0,0,1,0,1,0,0,0,0,2025,1,17.216707972959764,18.320340372922516,2.8477947520217906,6.1903154058531475,3.0150982666666666
209112,Batman v Superman: Dawn of Justice,2016-03-23,16.1577,6.006,19145,en,Action|Adventure|Fantasy,250000000,874362803,152,1,1,0,0,0,0,0,0,0,1,2016,1,19.33697147982652,20.589005955037994,2.842447052442607,9.859849095506299,3.497451212
1294203,My Fault: London,2025-02-12,16.1372,7.388,610,en,Drama|Romance,0,0,119,0,0,0,1,0,1,0,0,0,0,2025,0,0.0,0.0,2.841251539264751,6.415096959171596,
68507,Jan Dara,2001-09-28,12.536,5.917,54,th,Romance|Drama,0,0,113,0,0,0,1,0,1,0,0,0,0,2001,0,0.0,0.0,2.6053528028638673,4.007333185232471,
568124,Encanto,2021-10-13,16.8981,7.566,10285,en,Animation|Comedy|Family|Fantasy,150000000,261292688,102,0,0,1,0,0,0,0,0,1,1,2021,1,18.826145858727198,19.381151750765312,2.8846945619615068,9.23853902633486,1.7419512533333332
1217584,Torrente for President,2026-03-13,13.243,6.2,132,es,Comedy,0,0,103,0,0,1,0,0,0,0,0,0,0,2026,0,0.0,0.0,2.656265557952449,4.890349128221754,
436969,The Suicide Squad,2021-07-28,15.6318,7.457,9701,en,Action|Comedy|Adventure,185000000,168717425,132,1,1,1,0,0,0,0,0,0,0,2021,1,19.035866388448003,18.9437358379729,2.8113165254713857,9.180087328805161,0.911986081081081
466420,Killers of the Flower Moon,2023-10-18,15.6012,7.393,4211,en,Crime|History|Drama,200000000,158722599,206,0,0,0,1,0,0,0,0,0,0,2023,1,19.11382792951231,18.882668582415057,2.809474981906389,8.345692873253865,0.793612995
205596,The Imitation Game,2014-11-14,16.5065,7.983,18207,en,History|Drama|Thriller|War,14000000,233555708,113,0,0,0,1,0,0,0,1,0,0,2014,1,16.454567959008102,19.268931189058076,2.862572240538381,9.809616336926057,16.68255057142857
2758,Addams Family Values,1993-11-19,10.8673,6.979,3345,en,Comedy|Family|Fantasy,47000000,48919043,94,0,0,1,0,0,0,0,0,0,1,1993,1,17.665658180950928,17.70567732648273,2.473786718552222,8.11552088154677,1.0408307021276595
249397,Nymphomaniac: Vol. II,2013-12-25,13.9816,6.7,3220,en,Drama|Mystery,2350000,4934725,124,0,0,0,1,0,0,0,0,0,0,2013,1,14.669926311652166,15.411807707525146,2.7068227814641617,8.0774471493312,2.099882978723404
118,Charlie and the Chocolate Factory,2005-07-13,17.1244,7.038,16227,en,Adventure|Comedy|Family|Fantasy,150000000,475000000,115,0,1,1,0,0,0,0,0,0,1,2005,1,18.826145858727198,19.97882536410418,2.8972590967445315,9.694493424326337,3.1666666666666665
1167307,David,2025-12-14,15.2176,7.991,168,en,Animation|Family|Drama|History|Adventure,60900000,85865995,109,0,1,0,1,0,0,0,0,1,0,2025,1,17.924743749100486,18.268298452936854,2.7860970722645733,5.1298987149230735,1.40995065681445
1007734,Nobody 2,2025-08-13,14.8187,6.916,1692,en,Action|Thriller|Comedy,25000000,43285109,89,1,0,1,0,0,0,0,1,0,0,2025,1,17.034386422832473,17.58331925392484,2.761192784500296,7.4342573821331355,1.73140436
1097549,Babygirl,2024-12-25,13.7001,5.715,1246,en,Romance|Thriller,20000000,60934894,115,0,0,0,0,0,1,0,1,0,0,2024,1,16.811242881518265,17.92531655709064,2.687854296482641,7.1284959456800365,3.0467447
150689,Cinderella,2015-03-06,15.3182,6.8,7452,en,Romance|Fantasy|Family|Drama,95000000,543514353,105,0,0,0,1,0,1,0,0,0,1,2015,1,18.36938746009113,20.11356667448038,2.7922810493354704,8.916371914881694,5.721203715789474
1084187,Pretty Lethal,2026-03-13,16.3125,6.796,448,en,Action|Thriller|Horror,0,0,89,1,0,0,0,1,0,0,1,0,0,2026,0,0.0,0.0,2.8514287839475574,6.1070228877422545,
1671548,Dear You,2026-04-30,15.4574,9.218,39,zh,Drama|Family|Comedy,0,0,118,0,0,1,1,0,0,0,0,0,0,2026,0,0.0,0.0,2.8007752240844086,3.6888794541139363,
105825,Erotic Ghost Story III,1992-03-05,16.9231,5.6,32,cn,Fantasy|Horror,0,1201428,94,0,0,0,0,1,0,0,0,0,1,1992,0,0.0,13.999022239611946,2.886090383656983,3.4965075614664802,
337404,Cruella,2021-05-26,15.5429,7.973,10164,en,Comedy|Crime|Drama,200000000,233503234,134,0,0,1,1,0,0,0,0,0,0,2021,1,19.11382792951231,19.268706489366977,2.805957006753801,9.226705726062447,1.16751617
281957,The Revenant,2015-12-25,16.0675,7.54,19474,en,Western|Drama|Adventure,135000000,532950503,157,0,1,0,1,0,0,0,0,0,0,2015,1,18.72078534381011,20.09393911477868,2.8371760703102984,9.876886870738948,3.9477815037037036
680493,Return to Silent Hill,2026-01-21,14.7024,5.38,743,en,Mystery|Drama|Horror,23000000,47976996,106,0,0,0,1,1,0,0,0,0,0,2026,1,16.951004817371683,17.686232224838502,2.7538135669134474,6.612041034833092,2.085956347826087
493922,Hereditary,2018-06-07,14.7417,7.293,8720,en,Horror|Mystery|Thriller,10000000,87796204,128,0,0,0,0,1,0,0,1,0,0,2018,1,16.118095750958314,18.29052883443657,2.7563132422397203,9.073489189226986,8.7796204
772,Home Alone 2: Lost in New York,1992-11-15,15.6363,6.791,10721,en,Comedy|Family|Adventure,18000000,358994850,120,0,1,1,0,0,0,0,0,0,0,1992,1,16.705882371415992,19.69881860373131,2.8115870548991224,9.280052984387483,19.944158333333334
22744,Jane Eyre,1943-12-24,15.9178,6.929,154,en,Drama|Romance,1705000,3550000,97,0,0,0,1,0,1,0,0,0,0,1943,1,14.349076255209846,15.0824584431417,2.828366322083609,5.043425116919247,2.0821114369501466
419430,Get Out,2017-02-24,16.4597,7.624,19067,en,Mystery|Thriller|Horror,4500000,255407969,104,0,0,0,0,1,0,0,1,0,0,2017,1,15.319588176962746,19.358372707027264,2.8598953681332575,9.855766816324715,56.757326444444445
1417,Pan's Labyrinth,2006-10-11,14.4911,7.766,11568,es,Fantasy|Drama|War,19000000,83258226,118,0,0,0,1,0,0,0,0,0,1,2006,1,16.759949589762293,18.237457504764997,2.7402656654645674,9.356084386028888,4.382011894736842
2251,Unfaithful,2002-05-10,15.8401,6.7,1757,en,Thriller|Drama|Romance,50000000,119137784,124,0,0,0,1,0,1,0,1,0,0,2002,1,17.72753358339242,18.59579123841905,2.8237629470388295,7.471932078245122,2.38275568
374720,Dunkirk,2017-07-19,16.0905,7.45,17712,en,War|Action|Drama,150000000,549136737,107,1,0,0,1,0,0,0,0,0,0,2017,1,18.826145858727198,20.123858035856934,2.838522753574891,9.782054112252597,3.66091158
399566,Godzilla vs. Kong,2021-03-24,15.4424,7.532,10705,en,Action|Science Fiction|Adventure,200000000,470116094,114,1,1,0,0,0,0,0,0,0,0,2021,1,19.11382792951231,19.968490232804573,2.7998633643746618,9.278559610953327,2.35058047
530385,Midsommar,2019-07-03,16.5672,7.147,8216,en,Horror|Drama|Mystery,9000000,48498408,147,0,0,0,1,1,0,0,0,0,0,2019,1,16.012735246411598,17.697041551245935,2.8660335269496446,9.013960457931187,5.388712
4951,10 Things I Hate About You,1999-03-30,16.3628,7.597,9024,en,Comedy|Romance|Drama,16000000,53478166,97,0,0,1,1,0,1,0,0,0,0,1999,1,16.588099342704055,17.794784035115494,2.8543299865488994,9.107753783201082,3.342385375
593643,The Menu,2022-11-17,15.1552,7.175,6387,en,Comedy|Horror,35000000,79628200,107,0,0,1,0,1,0,0,0,0,0,2022,1,17.370858648025116,18.19287887199048,2.7822419792679196,8.762176509334903,2.2750914285714288
82690,Wreck-It Ralph,2012-11-01,14.4664,7.361,13171,en,Family|Animation|Comedy|Adventure,165000000,471222889,101,0,1,1,0,0,0,0,0,1,0,2012,1,18.92145603792546,19.970841767220247,2.7386699290361554,9.485848643496254,2.855896296969697
345,Eyes Wide Shut,1999-07-16,15.7577,7.5,7140,en,Drama|Thriller|Mystery,65000000,162100000,159,0,0,0,1,0,0,0,1,0,0,1999,1,17.989897843244528,18.903723992874937,2.8188578541332525,8.87360810154911,2.493846153846154
1091,The Thing,1982-06-25,15.2418,8.07,8063,en,Horror|Mystery|Science Fiction,15000000,19629760,109,0,0,0,0,1,0,0,0,0,0,1982,1,16.52356082573315,16.792557390936548,2.7875881660299404,8.99516499031115,1.3086506666666666
1579,Apocalypto,2006-12-07,15.0259,7.653,6508,en,Action|Drama|History,40000000,120654337,138,1,0,0,1,0,0,0,0,0,0,2006,1,17.50439003707821,18.608440304631376,2.7742061634761837,8.780941113572387,3.016358425
11688,The Emperor's New Groove,2000-12-15,14.5283,7.564,7368,en,Adventure|Animation|Comedy|Family|Fantasy,100000000,169327687,78,0,1,1,0,0,0,0,0,1,1,2000,1,18.420680753952364,18.947346377736228,2.7426641656182578,8.905037290767,1.69327687
414419,Kill Bill: The Whole Bloody Affair,2011-03-27,14.9894,8.1,1354,en,Action|Crime,60000000,12338649,254,1,0,0,0,0,0,0,0,0,0,2011,1,17.909855136853043,16.328247170132716,2.771926002689683,7.2115567333138015,0.20564415
629542,The Bad Guys,2022-03-17,16.0227,7.516,2610,en,Action|Animation|Comedy|Crime|Family,80000000,250162278,100,1,0,1,0,0,0,0,0,1,0,2022,1,18.197537205138154,19.337620381241855,2.8345477474614933,7.8674885686991285,3.127028475
8392,My Neighbor Totoro,1988-04-16,14.7779,8.064,8923,ja,Fantasy|Animation|Family,3700000,41000000,86,0,0,0,0,0,0,0,0,1,1,1988,1,15.123843647884687,17.529082649058825,2.7586102267139108,9.096499555552423,11.08108108108108
333339,Ready Player One,2018-03-28,16.0296,7.589,17108,en,Adventure|Action|Science Fiction,175000000,607274134,140,1,1,0,0,0,0,0,0,0,0,2018,1,18.980296537602072,20.22449086980768,2.834953006436331,9.747359919824648,3.4701379085714286
321612,Beauty and the Beast,2017-03-16,15.1162,7.0,16078,en,Family|Fantasy|Romance,160000000,1266115964,129,0,0,0,0,0,1,0,0,0,1,2017,1,18.8906843794481,20.95921975599948,2.7798249772793993,9.685269351744411,7.913224775
510,One Flew Over the Cuckoo's Nest,1975-11-19,15.7245,8.409,11568,en,Drama,3000000,108981275,135,0,0,0,1,0,0,0,0,0,0,1975,1,14.914123179965662,18.506686645621063,2.8168747102011986,9.356084386028888,36.32709166666667
629,The Usual Suspects,1995-07-19,14.2077,8.167,11528,en,Drama|Crime|Thriller,6000000,23300000,106,0,0,0,1,0,0,0,1,0,0,1995,1,15.607270193858982,16.963963961454382,2.7218018785318008,9.352620879232953,3.8833333333333333
1317672,Love Me Love Me,2026-02-12,14.4276,6.036,288,en,Romance|Drama,0,0,99,0,0,0,1,0,1,0,0,0,0,2026,0,0.0,0.0,2.7361581131236927,5.666426688112432,
57158,The Hobbit: The Desolation of Smaug,2013-12-11,14.0056,7.583,14344,en,Fantasy|Adventure|Action,250000000,958400000,161,1,1,0,0,0,0,0,0,0,1,2013,1,19.33697147982652,20.680775786368866,2.708423464763994,9.571156728415465,3.8336
18240,The Proposal,2009-06-02,14.4751,7.175,7641,en,Comedy|Romance|Drama,40000000,317400000,108,0,0,1,1,0,1,0,0,0,0,2009,1,17.50439003707821,19.57567336920718,2.739232280585322,8.941414628006845,7.935
812,Aladdin,1992-11-25,14.8992,7.656,12117,en,Animation|Family|Adventure|Fantasy|Romance,28000000,504050219,91,0,1,0,0,0,1,0,0,1,1,1992,1,17.147715103853763,20.038186463928767,2.766268793494962,9.402447229504935,18.001793535714285
1734,The Mummy Returns,2001-05-04,15.9019,6.412,7773,en,Adventure|Action|Fantasy,98000000,443280904,130,1,1,0,0,0,0,0,0,0,1,2001,1,18.400478046838927,19.909714224120275,2.8274260416451975,8.958540111412168,4.523274530612245
1408208,Exit 8,2025-08-29,15.0187,6.977,627,ja,Horror|Mystery|Thriller,1400000,43892680,95,0,0,0,0,1,0,0,1,0,0,2025,1,14.151983508870947,17.59725814432834,2.773756789783196,6.4425401664681985,31.351914285714287
214756,Ted 2,2015-06-25,14.2753,6.326,8061,en,Comedy|Fantasy,68000000,215863606,115,0,0,1,0,0,0,0,0,0,1,2015,1,18.035018277846262,19.190157317126435,2.7262371447993314,8.994916943677111,3.174464794117647
131631,The Hunger Games: Mockingjay - Part 1,2014-11-19,13.6202,6.8,16827,en,Science Fiction|Adventure|Thriller,125000000,755356711,123,0,1,0,0,0,0,0,1,0,0,2014,1,18.643824303266577,20.44270066186144,2.6824041341186247,9.730799444710412,6.042853688
10020,Beauty and the Beast,1991-10-22,15.7341,7.727,10766,en,Romance|Family|Animation|Fantasy,25000000,424967620,84,0,0,0,0,0,1,0,0,1,1,1991,1,17.034386422832473,19.867523538104045,2.817448553713087,9.284241179815718,16.9987048
116745,The Secret Life of Walter Mitty,2013-12-18,18.6154,7.226,8349,en,Adventure|Comedy|Drama|Fantasy,90000000,188133322,114,0,1,1,1,0,0,0,0,0,1,2013,1,18.31532023940565,19.052661434349236,2.9763149720103073,9.030016817844901,2.0903702444444443
62211,Monsters University,2013-06-19,13.5852,7.055,11417,en,Animation|Family|Comedy|Fantasy,200000000,743559465,104,0,0,1,0,0,0,0,0,1,1,2013,1,19.11382792951231,20.426959301836302,2.680007315944213,9.342946336524205,3.717797325
28,Apocalypse Now,1979-05-19,15.5906,8.267,9201,en,Drama|War,31500000,150000000,147,0,0,0,1,0,0,0,0,0,0,1979,1,17.265498135541893,18.826145858727198,2.8088362699136464,9.127176130715414,4.761904761904762
18239,The Twilight Saga: New Moon,2009-11-18,14.3558,5.989,9808,en,Adventure|Fantasy|Drama|Romance,50000000,709827462,131,0,1,0,1,0,1,0,0,0,1,2009,1,17.72753358339242,20.3805324886088,2.7314932528286766,9.191055610564316,14.19654924
12155,Alice in Wonderland,2010-03-03,15.9215,6.645,14914,en,Family|Fantasy|Adventure,200000000,1025467110,108,0,1,0,0,0,0,0,0,0,1,2010,1,19.11382792951231,20.74841406377763,2.828585002730948,9.61012269694885,5.12733555
519465,Queen of Hearts,2019-03-27,13.3036,6.919,383,da,Drama,19000000,0,127,0,0,0,1,0,0,0,0,0,0,2019,1,16.759949589762293,0.0,2.660511253834336,5.950642552587727,0.0
843527,The Idea of You,2024-05-02,13.2482,7.27,1984,en,Music|Comedy|Romance|Drama,0,36178,116,0,0,1,1,0,1,0,0,0,0,2024,0,0.0,10.496234118987427,2.6566305829466748,7.59337419312129,
76492,Hotel Transylvania,2012-09-20,15.5954,6.969,9252,en,Animation|Comedy|Family|Fantasy,85000000,358375603,91,0,0,1,0,0,0,0,0,1,1,2012,1,18.258161826219297,19.69709216755181,2.809125548527126,9.13270310224903,4.216183564705882
399579,Alita: Battle Angel,2019-01-31,14.0758,7.267,10171,en,Action|Science Fiction|Adventure,170000000,405000000,122,1,1,0,0,0,0,0,0,0,0,2019,1,18.951309000896888,19.81939762753995,2.7130908091985595,9.227394126542011,2.3823529411764706
115,The Big Lebowski,1998-03-06,15.2573,7.835,12300,en,Comedy|Crime,15000000,47010480,117,0,0,1,0,0,0,0,0,0,0,1998,1,16.52356082573315,17.665881134813528,2.7885420386710447,9.417435838868785,3.134032
87101,Terminator Genisys,2015-06-23,14.0561,5.959,9050,en,Science Fiction|Action|Thriller,155000000,440603537,126,1,0,0,0,0,0,0,1,0,0,2015,1,18.858935681335133,19.903656022259423,2.7117832246913176,9.11063052782717,2.842603464516129
639988,No Other Choice,2025-09-24,14.6931,7.508,1168,ko,Comedy|Crime|Thriller,12200000,40223568,139,0,0,1,0,0,0,0,1,0,0,2025,1,16.316946591670696,17.509963675318684,2.753221125304171,7.063903961472068,3.2970137704918034
845781,Red One,2024-10-31,13.9413,6.974,3091,en,Action|Comedy|Fantasy,250000000,185700759,124,1,0,1,0,0,0,0,0,0,1,2024,1,19.33697147982652,19.03964711893707,2.7041291906446787,8.036573409707312,0.742803036
377,A Nightmare on Elm Street,1984-11-09,13.9027,7.349,5813,en,Horror,1800000,57004513,91,0,0,0,0,1,0,0,0,0,0,1984,1,14.403297778421795,17.85864101564568,2.7015424045889085,8.668024081118821,31.66917388888889
539,Psycho,1960-06-22,16.4009,8.412,11090,en,Horror|Thriller|Mystery,806947,50000000,109,0,0,0,0,1,0,0,1,0,0,1960,1,13.601014508992591,17.72753358339242,2.8565219290207673,9.313889247604742,61.96193802071264
20526,TRON: Legacy,2010-12-14,13.8856,6.545,8019,en,Adventure|Action|Science Fiction,170000000,409912892,126,1,1,0,0,0,0,0,0,0,0,2010,1,18.951309000896888,19.831455238993072,2.7003943026912944,8.98969370086056,2.411252305882353
653346,Kingdom of the Planet of the Apes,2024-05-08,13.9618,7.057,4342,en,Science Fiction|Adventure|Action,160000000,397378150,145,1,1,0,0,0,0,0,0,0,0,2024,1,18.8906843794481,19.800398906701393,2.7055002861639728,8.376320632534823,2.4836134375
801335,Girl in the Basement,2021-02-27,13.2441,7.569,877,en,Thriller|Crime|TV Movie,0,0,88,0,0,0,0,0,0,0,1,0,0,2021,0,0.0,0.0,2.656342785890747,6.777646593635117,
696393,Cold Storage,2026-01-22,16.7279,6.77,605,en,Horror|Science Fiction|Comedy,10000000,4048606,99,0,0,1,0,1,0,0,0,0,0,2026,1,16.118095750958314,15.213883429300857,2.8751396697547404,6.406879986069314,0.4048606
383498,Deadpool 2,2018-05-15,15.2048,7.491,19389,en,Action|Comedy|Adventure,110000000,785896632,120,1,1,1,0,0,0,0,0,0,0,2018,1,18.5159909328476,20.48233583156714,2.785307494647556,9.872512748236698,7.144514836363636
72105,Ted,2012-06-29,14.9553,6.455,13284,en,Comedy|Fantasy,50000000,549368315,107,0,0,1,0,0,0,0,0,0,1,2012,1,17.72753358339242,20.1242796597768,2.7697910624365436,9.494390858193913,10.9873663
1366,Rocky,1976-12-03,14.6664,7.8,8726,en,Drama,1000000,117253345,120,0,0,0,1,0,0,0,0,0,0,1976,1,13.815511557963774,18.579847502196916,2.7515182916204894,9.074176947163311,117.253345
1151031,Bring Her Back,2025-05-19,14.8323,7.34,1798,en,Horror,15000000,39410222,104,0,0,0,0,1,0,0,0,0,0,2025,1,16.52356082573315,17.489535807617496,2.7620521570848586,7.4949862339505335,2.6273481333333333
698687,Transformers One,2024-09-11,14.6923,7.981,1684,en,Animation|Science Fiction|Adventure|Family,75000000,129408392,104,0,1,0,0,0,0,0,0,1,0,2024,1,18.132998684833918,18.678483798824143,2.753170146186481,7.429520842786462,1.7254452266666667
48650,Room in Rome,2010-05-07,15.0648,6.408,838,es,Drama|Romance,0,844281,109,0,0,0,1,0,1,0,0,0,0,2010,0,0.0,13.64624184099411,2.776630543066113,6.732210706467206,
411088,The Invisible Guest,2017-01-06,13.7686,8.079,5052,es,Drama|Mystery|Thriller,4000000,30000000,107,0,0,0,1,0,0,0,1,0,0,2017,1,15.201805169084134,17.216707972959764,2.6925033053208844,8.527737405291909,7.5
1084577,Balls Up,2026-04-15,13.9087,5.84,294,en,Comedy|Action|Adventure,0,0,104,1,1,1,0,0,0,0,0,0,0,2026,0,0.0,0.0,2.7019449351698954,5.68697535633982,
1072790,Anyone but You,2023-12-21,14.5215,6.762,3140,en,Romance|Comedy,25000000,214891370,103,0,0,1,0,0,1,0,0,0,0,2023,1,17.034386422832473,19.185643207246766,2.7422261595693485,8.052296499538647,8.5956548
605,The Matrix Revolutions,2003-11-05,13.6131,6.755,10937,en,Adventure|Action|Thriller|Science Fiction,150000000,424988211,129,1,1,0,0,0,0,0,1,0,0,2003,1,18.826145858727198,19.86757199003344,2.6819183866908896,9.299998243906717,2.83325474
615173,The Witch: Part 2. The Other One,2022-06-15,13.6872,7.435,460,ko,Action|Mystery|Thriller|Science Fiction,0,23068596,137,1,0,0,0,0,0,0,1,0,0,2022,0,0.0,16.953982813389494,2.686976366163859,6.133398042996649,
1893,Star Wars: Episode I - The Phantom Menace,1999-05-19,15.161,6.582,15987,en,Adventure|Action|Science Fiction,115000000,1046515409,136,1,1,0,0,0,0,0,0,0,0,1999,1,18.560442695023177,20.768731825016637,2.7826009323665066,9.679593719831214,9.100133991304348
151026,How to Seduce Your Teacher,1979-08-09,11.9357,5.157,51,it,Comedy,0,0,93,0,0,1,0,0,0,0,0,0,0,1979,0,0.0,0.0,2.5599909309112685,3.9512437185814275,
615777,Babylon,2022-12-22,16.4494,7.342,3830,en,Drama|Comedy,78000000,65267446,189,0,0,1,1,0,0,0,0,0,0,2022,1,18.17221939747438,17.994003955398732,2.85930526410314,8.25088114470065,0.8367621282051282
338953,Fantastic Beasts: The Secrets of Dumbledore,2022-04-06,15.2794,6.627,5152,en,Fantasy|Adventure,200000000,407200000,142,0,1,0,0,0,0,0,0,0,1,2022,1,19.11382792951231,19.82481502565638,2.789900504858376,8.547334348328224,2.036
9769,Lolita,1997-09-27,14.8327,7.1,1991,en,Drama,62000000,1100000,137,0,0,0,1,0,0,0,0,0,0,1997,1,17.9426449591384,13.910821646859095,2.7620774215724646,7.596894438144544,0.017741935483870968
4248,Scary Movie 2,2001-07-04,14.5131,5.844,5288,en,Comedy,45000000,141220678,82,0,0,1,0,0,0,0,0,0,0,2001,1,17.622173069956816,18.765834324141753,2.741684828267825,8.57338447106598,3.138237288888889
785084,The Whale,2022-12-09,13.9123,7.762,4764,en,Drama,3000000,57615635,117,0,0,0,1,0,0,0,0,0,0,2022,1,14.914123179965662,17.869304547161306,2.7021863757666216,8.469052816088302,19.205211666666667
756999,The Black Phone,2022-06-16,13.748,7.517,5928,en,Horror|Thriller,16000000,161441914,103,0,0,0,0,1,0,0,1,0,0,2022,1,16.588099342704055,18.899655976491292,2.691107480371898,8.687610843707368,10.090119625
447332,A Quiet Place,2018-04-03,14.6703,7.395,15484,en,Horror|Drama|Science Fiction,17000000,340955294,91,0,0,0,1,1,0,0,0,0,0,2018,1,16.648723960844016,19.64726192694673,2.751767201047464,9.647627092407303,20.05619376470588
1359,American Psycho,2000-04-13,16.0984,7.401,12448,en,Thriller|Drama|Crime,7000000,34269748,102,0,0,0,1,0,0,0,1,0,0,2000,1,15.76142084987672,17.349773569633715,2.838984891879464,9.429395577381786,4.895678285714285
870028,The Accountant²,2025-04-23,12.5078,7.081,1839,en,Mystery|Crime|Thriller,80000000,103223366,133,0,0,0,0,0,0,0,1,0,0,2025,1,18.197537205138154,18.4524058098002,2.603267296372846,7.517520850603031,1.290292075
1601243,Oscar Shaw,2026-01-09,11.912,6.771,35,en,Action|Crime|Thriller|Western,0,0,93,1,0,0,0,0,0,0,1,0,0,2026,0,0.0,0.0,2.558157111527593,3.58351893845611,
447277,The Little Mermaid,2023-05-18,13.745,6.3,3354,en,Adventure|Family|Fantasy|Romance,297000000,569626289,135,0,1,0,0,0,1,0,0,0,1,2023,1,19.509242700133978,20.16049107219355,2.6909040422672397,8.118207049405783,1.917933632996633
1585,It's a Wonderful Life,1946-12-20,15.0701,8.278,4957,en,Drama|Family|Fantasy,3180000,9644124,131,0,0,0,1,0,0,0,0,0,1,1946,1,14.97239206922172,16.081859479625994,2.7769604025054178,8.508757712595136,3.032743396226415
412117,The Secret Life of Pets 2,2019-05-24,12.8241,6.952,3365,en,Animation|Comedy|Family|Adventure,80000000,429434163,86,0,1,1,0,0,0,0,0,1,0,2019,1,18.197537205138154,19.87797900242384,2.6264134458318322,8.121480374750751,5.3679270375
137106,The Lego Movie,2014-02-06,11.7113,7.432,8569,en,Animation|Family|Adventure|Comedy|Fantasy,60000000,470759687,100,0,1,1,0,0,0,0,0,1,1,2014,1,17.909855136853043,19.96985830521542,2.5424913616389273,9.056023011591826,7.8459947833333334
93456,Despicable Me 2,2013-06-26,14.6358,6.948,12079,en,Animation|Comedy|Family|Science Fiction,76000000,970766005,98,0,0,1,0,0,0,0,0,1,0,2013,1,18.1462439114085,20.693596014722377,2.7495631568537635,9.399306471488806,12.773236907894736
405871,On the Beach,1985-08-24,15.9612,5.571,21,ja,Drama,0,0,67,0,0,0,1,0,0,0,0,0,0,1985,0,0.0,0.0,2.830928382577741,3.091042453358316,
454640,The Angry Birds Movie 2,2019-08-02,13.2713,7.0,1918,en,Animation|Adventure|Comedy|Family,65000000,137792047,97,0,1,1,0,0,0,0,0,1,0,2019,1,17.989897843244528,18.741256208057248,2.6582505275496042,7.5595594960077,2.119877646153846
745,The Sixth Sense,1999-08-06,12.6564,7.954,13019,en,Mystery|Thriller|Drama,40000000,672800000,107,0,0,0,1,0,0,0,1,0,0,1999,1,17.50439003707821,20.326958668109338,2.6142082762172336,9.47424191576256,16.82
36647,Blade,1998-08-21,15.6541,6.845,6808,en,Horror|Action,45000000,131183530,121,1,0,0,0,1,0,0,0,0,0,1998,1,17.622173069956816,18.692107900680593,2.8126564323590686,8.826000545482966,2.9151895555555556
940721,Godzilla Minus One,2023-11-03,13.467,7.6,3262,ja,Science Fiction|Horror|Action,15000000,113676322,125,1,0,0,0,1,0,0,0,0,0,2023,1,16.52356082573315,18.54886569605055,2.6718701936474534,8.09040229659332,7.578421466666667
254128,San Andreas,2015-05-27,13.8566,6.247,9093,en,Action|Drama|Thriller,110000000,473990832,114,1,0,0,1,0,0,0,1,0,0,2015,1,18.5159909328476,19.976698539809888,2.6984442109569753,9.115370134384955,4.309007563636364
20453,3 Idiots,2009-12-23,13.9122,8.007,2761,hi,Drama|Comedy,9000000,70000000,171,0,0,1,1,0,0,0,0,0,0,2009,1,16.012735246411598,18.064005814299346,2.7021796698704623,7.923710333969238,7.777777777777778
598,City of God,2002-08-30,14.0672,8.428,8285,pt,Drama|Crime,3300000,30641770,129,0,0,0,1,0,0,0,0,0,0,2002,1,15.009433329466965,17.23787470142739,2.7125201957736618,9.022322622637347,9.28538484848485
454626,Sonic the Hedgehog,2020-02-12,13.3841,7.28,10461,en,Action|Science Fiction|Comedy|Family,85000000,319715683,99,1,0,1,0,0,0,0,0,0,0,2020,1,18.258161826219297,19.582942671319078,2.666123429874175,9.255504923930557,3.761360976470588
381288,Split,2017-01-19,13.5307,7.342,18443,en,Horror|Thriller,9000000,278454358,117,0,0,0,0,1,0,0,1,0,0,2017,1,16.012735246411598,19.444764722393494,2.6762636526089554,9.822494393326597,30.93937311111111
402,Basic Instinct,1992-03-20,13.9459,6.947,4436,en,Thriller|Mystery,49000000,352927224,128,0,0,0,0,0,0,0,1,0,0,1992,1,17.707330876483063,19.681772432170284,2.704437014732336,8.39773375137891,7.202596408163266
645710,The Voyeurs,2021-08-25,14.0634,6.549,1233,en,Thriller,0,0,117,0,0,0,0,0,0,0,1,0,0,2021,0,0.0,0.0,2.712267960503196,7.1180162044653335,
43947,I Spit on Your Grave,2010-06-17,14.2926,6.505,2616,en,Thriller|Crime|Horror,2000000,572809,108,0,0,0,0,1,0,0,1,0,0,2010,1,14.508658238524095,13.25830935257674,2.727369051266382,7.869783902530146,0.2864045
1252309,Tell Me What You Want,2024-11-29,13.465,6.121,302,es,Romance|Drama,0,2265661,114,0,0,0,1,0,1,0,0,0,0,2024,0,0.0,14.63337754792631,2.671731938428098,5.713732805509369,
592695,Pleasure,2021-10-08,12.8951,6.273,805,sv,Drama,1800000,393824,108,0,0,0,1,0,0,0,0,0,0,2021,1,14.403297778421795,12.88366192717417,2.631536260001963,6.692083742506628,0.2187911111111111
4561,The Story of O,1975-08-27,15.0204,5.5,184,fr,Drama,0,0,97,0,0,0,1,0,0,0,0,0,0,1975,0,0.0,0.0,2.773862910117512,5.220355825078324,
792307,Poor Things,2023-12-07,13.3948,7.639,5581,en,Science Fiction|Romance|Comedy,35000000,117607117,141,0,0,1,0,0,1,0,0,0,0,2023,1,17.370858648025116,18.582860118807986,2.666867030254526,8.627302414096267,3.360203342857143
197,Braveheart,1995-05-24,13.527,7.9,11238,en,Action|Drama|History|War,72000000,213216216,178,1,0,0,1,0,0,0,0,0,0,1995,1,18.09217669086922,19.177817312091143,2.6760089868907464,9.327145151518268,2.961336333333333
930564,Saltburn,2023-11-16,13.2117,6.947,3009,en,Drama|Comedy|Thriller,20000000,21013738,131,0,0,1,1,0,0,0,1,0,0,2023,1,16.811242881518265,16.860687019862493,2.6540655690139467,8.009695357742922,1.0506869
298618,The Flash,2023-06-13,13.0762,6.621,5087,en,Action|Science Fiction|Adventure,220000000,271333313,144,1,1,0,0,0,0,0,0,0,0,2023,1,19.20913810886209,19.41885856404563,2.6444854279403813,8.534640105019959,1.233333240909091
194,Amélie,2001-04-25,13.2468,7.92,12498,fr,Comedy|Romance,10000000,173921954,122,0,0,1,0,0,1,0,0,0,0,2001,1,16.118095750958314,18.974117222074366,2.6565323200934636,9.433403920090221,17.3921954
4348,Pride & Prejudice,2005-09-16,14.4548,8.1,8831,en,Drama|Romance,28000000,124604345,128,0,0,0,1,0,1,0,0,0,0,2005,1,17.147715103853763,18.640654043324115,2.737919634704488,9.086136768516877,4.450155178571428
146233,Prisoners,2013-09-19,14.6645,8.106,13243,en,Drama|Thriller|Crime,46000000,122127446,153,0,0,0,1,0,0,0,1,0,0,2013,1,17.6441519761925,18.620575704973977,2.751397005605576,9.491299898667137,2.6549444782608695
1035259,The Naked Gun,2025-07-30,14.3547,6.367,1845,en,Comedy|Crime|Action,42000000,102147396,85,1,0,1,0,0,0,0,0,0,0,2025,1,17.553180200057167,18.441927396769113,2.731421616092025,7.520776415062797,2.432080857142857
1198984,We Bury the Dead,2026-01-01,13.8503,6.03,320,en,Horror|Thriller,0,3745163,95,0,0,0,0,1,0,0,1,0,0,2026,0,0.0,15.135975965696923,2.6980200670648524,5.771441123130016,
423108,The Conjuring: The Devil Made Me Do It,2021-05-25,12.8123,7.346,6613,en,Horror|Mystery|Thriller,39000000,206444123,111,0,0,0,0,1,0,0,1,0,0,2021,1,17.479072229734946,19.14554034779396,2.6255594995351315,8.796943893541737,5.293439051282052
1892,Return of the Jedi,1983-05-25,14.232,7.91,17077,en,Adventure|Action|Science Fiction,32350000,572700000,132,1,1,0,0,0,0,0,0,0,0,1983,1,17.292124609823084,20.1658725791102,2.7233984780490093,9.745546364467552,17.7032457496136
118340,Guardians of the Galaxy,2014-07-30,14.2578,7.9,29932,en,Action|Science Fiction|Adventure,170000000,772776600,121,1,1,0,0,0,0,0,0,0,0,2014,1,18.951309000896888,20.46550056219508,2.725090847704294,10.306716829702717,4.545744705882353
926393,The Equalizer 3,2023-08-30,12.8712,7.299,3795,en,Action|Thriller|Crime,70000000,191067560,109,1,0,0,0,0,0,0,1,0,0,2023,1,18.064005814299346,19.068137645978933,2.629814748248326,8.241703159729818,2.7295365714285715
766507,Prey,2022-08-02,14.1042,7.658,7828,en,Thriller|Action|Science Fiction,65000000,0,100,1,0,0,0,0,0,0,1,0,0,2022,1,17.989897843244528,0.0,2.7149728508409003,8.965590066907914,0.0
546554,Knives Out,2019-11-27,14.3492,7.8,14202,en,Comedy|Crime|Mystery,40000000,312897920,131,0,0,1,0,0,0,0,0,0,0,2019,1,17.50439003707821,19.561387564321734,2.731063355411211,9.561208488881128,7.822448
215,Saw II,2005-10-28,13.4397,6.608,5951,en,Horror,4000000,152925093,93,0,0,0,0,1,0,0,0,0,0,2005,1,15.201805169084134,18.845458777773114,2.6699813576255953,8.691482576512929,38.23127325
500,Reservoir Dogs,1992-09-02,13.311,8.112,15607,en,Crime|Thriller,1200000,2859750,99,0,0,0,0,0,0,0,1,0,0,1992,1,13.997832948091215,14.866245116068775,2.6610284723287387,9.655538882302947,2.383125
915935,Anatomy of a Fall,2023-08-23,13.136,7.517,3370,fr,Thriller|Mystery|Crime,6600000,36000000,151,0,0,0,0,0,0,0,1,0,0,2023,1,15.702580358511794,17.399029524198163,2.648724735017395,8.12296471523406,5.454545454545454
611698,A Writer's Odyssey,2021-02-12,13.0216,7.061,369,zh,Fantasy|Action|Adventure|Drama,0,150123320,130,1,1,0,1,0,0,0,0,0,1,2021,0,0.0,18.82696765428856,2.640598997776829,5.91350300563827,
80295,14 and Under,1973-08-16,10.0379,5.4,48,de,Comedy|Romance,0,0,87,0,0,1,0,0,1,0,0,0,0,1973,0,0.0,0.0,2.4013348053640224,3.8918202981106265,
49444,Kung Fu Panda 2,2011-05-25,12.8507,7.076,7995,en,Animation|Family|Comedy|Action,150000000,665692281,91,1,0,1,0,0,0,0,0,1,0,2011,1,18.826145858727198,20.3163380826927,2.6283357728724135,8.98669669562029,4.43794854
324552,John Wick: Chapter 2,2017-02-08,13.7687,7.342,14404,en,Action|Thriller|Crime,40000000,171539887,122,1,0,0,0,0,0,0,1,0,0,2017,1,17.50439003707821,18.960326380617396,2.6925100764204775,9.575330647518628,4.288497175
792,Platoon,1986-12-19,12.7863,7.751,5175,en,Drama|War|Action,6000000,138530565,120,1,0,0,1,0,0,0,0,0,0,1986,1,15.607270193858982,18.746601552383314,2.62367534543371,8.551787836180736,23.0884275
601,E.T. the Extra-Terrestrial,1982-06-11,13.7484,7.5,12098,en,Adventure|Science Fiction|Family,10500000,797307407,115,0,1,0,0,0,0,0,0,0,0,1982,1,16.166885910365842,20.496750868787895,2.691134602325765,9.400878083541478,75.93403876190476
141052,Justice League,2017-11-15,12.8648,6.069,13768,en,Action|Adventure|Science Fiction,300000000,661326987,120,1,1,0,0,0,0,0,0,0,0,2017,1,19.519293035953808,20.30975896233689,2.6293532541530285,9.530174967444372,2.20442329
282035,The Mummy,2017-06-06,13.8484,5.521,7703,en,Fantasy|Thriller|Action|Adventure|Horror,125000000,409231607,110,1,1,0,0,1,0,0,1,0,1,2017,1,18.643824303266577,19.829791832460387,2.6978921153361513,8.949494953477961,3.273852856
119450,Dawn of the Planet of the Apes,2014-07-08,13.053,7.34,12326,en,Science Fiction|Action|Drama|Thriller,170000000,710644566,130,1,0,0,1,0,0,0,1,0,0,2014,1,18.951309000896888,20.381682957006444,2.642835896118608,9.41954725755152,4.180262152941176
1573,Die Hard 2,1990-07-03,12.565,6.973,6473,en,Action|Thriller,70000000,240031094,124,1,0,0,0,0,0,0,1,0,0,1990,1,18.064005814299346,19.296279035413768,2.607492946110895,8.775549434486189,3.4290156285714284
10198,The Princess and the Frog,2009-12-08,12.8541,7.231,6188,en,Animation|Romance|Fantasy|Family,105000000,270997378,98,0,0,0,0,0,1,0,0,1,1,2009,1,18.46947091764561,19.417619707210488,2.6285812177063104,8.73052880173936,2.5809274095238095
420818,The Lion King,2019-07-12,13.8028,7.096,10811,en,Adventure|Drama|Family|Animation,260000000,1662020819,118,0,1,0,1,0,0,0,0,1,0,2019,1,19.376192192825954,21.231300060377016,2.694816352065241,9.288411907396338,6.3923877653846155
4588,"Lust, Caution",2007-09-24,15.4237,7.273,816,zh,Action|Drama|Romance|Thriller,15000000,67100000,158,1,0,0,1,0,1,0,1,0,0,2007,1,16.52356082573315,18.02169461684504,2.798725413597543,6.705639094860003,4.473333333333334
11216,Cinema Paradiso,1988-11-17,13.2655,8.429,4888,it,Drama|Romance,5000000,35962062,124,0,0,0,1,0,1,0,0,0,0,1988,1,15.424948670398354,17.39797513522136,2.6578440348748917,8.494743062578646,7.1924124
19404,Dilwale Dulhania Le Jayenge,1995-10-20,13.1456,8.5,4602,hi,Comedy|Drama|Romance,13200000,100000000,190,0,0,1,1,0,1,0,0,0,0,1995,1,16.395727463314174,18.420680753952364,2.649403621669403,8.434463543817241,7.575757575757576
1214931,Nuremberg,2025-11-06,14.0009,7.586,1238,en,History|Drama,11800000,37009109,149,0,0,0,1,0,0,0,0,0,0,2025,1,16.283610174181653,17.426674656518475,2.7081101993022823,7.122059881629142,3.1363651694915253
1376434,Predator: Killer of Killers,2025-06-05,13.8042,7.787,1260,en,Animation|Action|Science Fiction|Thriller,0,0,85,1,0,0,0,0,0,0,1,1,0,2025,0,0.0,0.0,2.6949109242948515,7.13966033596492,
1290417,Thrash,2026-04-10,13.9295,6.058,710,en,Horror|Thriller,0,0,84,0,0,0,0,1,0,0,1,0,0,2026,0,0.0,0.0,2.7033391213720908,6.566672429803241,
103,Taxi Driver,1976-02-09,13.6084,8.124,13570,en,Crime|Drama,1900000,28579636,114,0,0,0,1,0,0,0,0,0,0,1976,1,14.45736497045232,17.16820502919569,2.6815967057340235,9.51569044208137,15.041913684210526
1358005,Office Romance,2026-06-04,12.0844,6.394,317,en,Romance|Comedy,0,0,115,0,0,1,0,0,1,0,0,0,0,2026,0,0.0,0.0,2.5714206808994473,5.762051382780177,
4232,Scream,1996-12-20,13.3908,7.4,8082,en,Crime|Horror|Mystery,14000000,173046663,112,0,0,0,0,1,0,0,0,0,0,1996,1,16.454567959008102,18.969071850194396,2.6665891135165913,8.997518369733845,12.360475928571429
373571,Godzilla: King of the Monsters,2019-05-29,13.1235,6.691,6787,en,Science Fiction|Action,170000000,387300138,132,1,0,0,0,0,0,0,0,0,0,2019,1,18.951309000896888,19.77471050337983,2.6478400767031838,8.822911626354117,2.278236105882353
474350,It Chapter Two,2019-09-04,11.8741,6.837,9717,en,Horror|Thriller|Drama,79000000,473123154,169,0,0,0,1,1,0,0,1,0,0,2019,1,18.184958423089522,19.974866282544685,2.5552175411938562,9.181735114965848,5.988900683544304
526896,Morbius,2022-03-30,13.8501,5.896,4871,en,Action|Science Fiction|Fantasy,75000000,167635712,105,1,0,0,0,0,0,0,0,0,1,2022,1,18.132998684833918,18.937303808038468,2.698006599232769,8.491259809389733,2.235142826666667
604,The Matrix Reloaded,2003-05-15,13.1959,7.083,12092,en,Adventure|Action|Thriller|Science Fiction,150000000,738599701,138,1,1,0,0,0,0,0,1,0,0,2003,1,18.826145858727198,20.42026665691664,2.6529531905216257,9.400382051785275,4.923998006666666
866398,The Beekeeper,2024-01-08,12.6527,7.277,4362,en,Action|Crime|Thriller,35000000,162619535,106,1,0,0,0,0,0,0,1,0,0,2024,1,17.370858648025116,18.906923895462317,2.6139373042684957,8.38091517312361,4.646272428571429
1572,Die Hard: With a Vengeance,1995-05-19,13.3119,7.285,6738,en,Action|Thriller,90000000,366101666,128,1,0,0,0,0,0,0,1,0,0,1995,1,18.31532023940565,19.71842163148081,2.6610913590383523,8.815666824946216,4.067796288888889
615457,Nobody,2021-03-18,13.1347,7.873,8485,en,Action|Thriller,16000000,57512470,91,1,0,0,0,0,0,0,1,0,0,2021,1,16.588099342704055,17.867512369207525,2.6486327670080487,9.04617302576227,3.594529375
1242011,Together,2025-07-14,13.1108,6.909,1241,en,Horror|Romance,17000000,34747399,102,0,0,0,0,1,1,0,0,0,0,2025,1,16.648723960844016,17.363615307032024,2.6469404616352334,7.124478262493424,2.0439646470588237
105864,The Good Dinosaur,2015-11-14,13.958,6.748,6072,en,Adventure|Animation|Family,175000000,332207671,93,0,1,0,0,0,0,0,0,1,0,2015,1,18.980296537602072,19.62127084939817,2.705246273769476,8.711607995897575,1.8983295485714287
91314,Transformers: Age of Extinction,2014-06-25,13.6989,5.97,8837,en,Science Fiction|Action|Adventure,210000000,1105261713,165,1,1,0,0,0,0,0,0,0,0,2014,1,19.162618093443648,20.823347989121586,2.687772661052819,9.086815885690685,5.2631510142857145
1271,300,2007-03-07,13.5143,7.2,14871,en,Action|Adventure|War,65000000,456082343,117,1,1,0,0,0,0,0,0,0,0,2007,1,17.989897843244528,19.938183930123614,2.6751343703405523,9.60723552940128,7.0166514307692305
985939,Fall,2022-08-11,13.2192,7.145,4712,en,Thriller,3000000,17363261,107,0,0,0,0,0,0,0,1,0,0,2022,1,14.914123179965662,16.669867152770685,2.654593164002074,8.45807992692373,5.787753666666666
320288,Dark Phoenix,2019-06-05,14.6221,5.968,7153,en,Science Fiction|Action|Adventure,200000000,252442974,114,1,1,0,0,0,0,0,0,0,0,2019,1,19.11382792951231,19.34669593958948,2.748686578396654,8.875426919818963,1.26221487
8078,Alien Resurrection,1997-11-12,12.8532,6.173,5636,en,Science Fiction|Horror|Action,70000000,162000000,109,1,0,0,0,1,0,0,0,0,0,1997,1,18.064005814299346,18.903106899369497,2.6285162528775237,8.637107288081575,2.3142857142857145
1034541,Terrifier 3,2024-10-09,12.7587,6.782,1994,en,Horror,2000000,90322103,125,0,0,0,0,1,0,0,0,0,0,2024,1,14.508658238524095,18.318892772485643,2.621671351297803,7.598399329323964,45.1610515
9323,Ghost in the Shell,1995-11-18,13.1993,7.928,3948,ja,Action|Animation|Science Fiction,3000000,10000000,83,1,0,0,0,0,0,0,0,1,0,1995,1,14.914123179965662,16.118095750958314,2.6531926676174904,8.28121766128665,3.3333333333333335
1100782,Smile 2,2024-10-16,15.2645,6.588,2234,en,Horror|Music|Mystery|Thriller,28000000,138128854,127,0,0,0,0,1,0,0,1,0,0,2024,1,17.147715103853763,18.743697539349093,2.7889848185982093,7.711996507047669,4.9331733571428575
13345,A Chinese Odyssey Part One: Pandora's Box,1995-01-21,12.6206,7.543,315,cn,Action|Adventure|Fantasy|Comedy|Romance|Drama,0,3237520,88,1,1,1,1,0,1,0,0,0,1,1995,0,0.0,14.99031847145538,2.6115833526145034,5.755742213586912,
102651,Maleficent,2014-05-28,12.7885,7.088,13809,en,Fantasy|Adventure|Action|Family|Romance,180000000,758539785,97,1,1,0,0,0,1,0,0,0,1,2014,1,19.00846741441004,20.44690580890392,2.6238349114145816,9.533148246403337,4.214109916666667
370172,No Time to Die,2021-09-29,16.9511,7.336,7222,en,Action|Thriller|Adventure,250000000,774153024,163,1,1,0,0,0,0,0,1,0,0,2021,1,19.33697147982652,20.46728011873095,2.887651394393711,8.885025658050846,3.096612096
6479,I Am Legend,2007-12-12,13.4956,7.219,17016,en,Drama|Science Fiction|Thriller,150000000,585410052,101,0,0,0,1,0,0,0,1,0,0,2007,1,18.826145858727198,20.187823104947856,2.6738451551009224,9.741968123371437,3.90273368
1367642,Reminders of Him,2026-03-11,11.765,7.8,359,en,Romance|Drama,30000000,89039780,114,0,0,0,1,0,1,0,0,0,0,2026,1,17.216707972959764,18.304593805359804,2.5467070506934473,5.886104031450156,2.9679926666666665
49530,In Time,2011-10-27,13.5123,6.971,12250,en,Action|Thriller|Science Fiction,40000000,173900000,109,1,0,0,0,0,0,0,1,0,0,2011,1,17.50439003707821,18.97399098507494,2.6749965657059644,9.41336284529417,4.3475
1515615,Kissing Is the Easy Part,2026-02-13,11.6468,7.298,52,en,Romance|Comedy,0,0,101,0,0,1,0,0,1,0,0,0,0,2026,0,0.0,0.0,2.5374042187457544,3.970291913552122,
630,The Wizard of Oz,1939-08-21,12.8756,7.584,6166,en,Adventure|Fantasy|Family,2777000,33754967,102,0,1,0,0,0,0,0,0,0,1,1939,1,14.8368821263897,17.334638164449956,2.6301319019407794,8.726967774991493,12.15519157364062
378064,A Silent Voice: The Movie,2016-09-17,12.5224,8.396,4574,ja,Animation|Drama|Romance,0,30819442,129,0,0,0,1,0,1,0,0,1,0,2016,0,0.0,17.243656315012853,2.604347569653831,8.428361977709622,
270946,Penguins of Madagascar,2014-11-22,13.5653,6.5,4520,en,Family|Animation|Adventure|Comedy,132000000,373515621,92,0,1,1,0,0,0,0,0,1,0,2014,1,18.6983124881264,19.738470387633015,2.6786419875216243,8.416488487294606,2.8296637954545454
1895,Star Wars: Episode III - Revenge of the Sith,2005-05-17,14.4926,7.473,15087,en,Adventure|Action|Science Fiction,113000000,850000000,140,1,1,0,0,0,0,0,0,0,0,2005,1,18.542898385526172,20.560746908625106,2.7403624905694564,9.621655004873238,7.522123893805309
575264,Mission: Impossible - Dead Reckoning Part One,2023-07-08,13.0624,7.503,5216,en,Action|Adventure|Thriller,220000000,571125435,164,1,1,0,0,0,0,0,1,0,0,2023,1,19.20913810886209,20.16311942125298,2.6435045688282437,8.559677803022392,2.5960247045454548
75656,Now You See Me,2013-05-29,12.8814,7.329,16926,en,Thriller|Crime,75000000,351723989,116,0,0,0,0,0,0,0,1,0,0,2013,1,18.132998684833918,19.678357306661837,2.6305498145454855,9.736665259189097,4.689653186666667
137113,Edge of Tomorrow,2014-05-27,14.538,7.642,15243,en,Action|Science Fiction,178000000,370541256,114,1,0,0,0,0,0,0,0,0,0,2014,1,18.997294113874336,19.73047535142669,2.743288636528229,9.63194126199375,2.081692449438202
16859,Kiki's Delivery Service,1989-07-29,12.1466,7.8,4641,ja,Animation|Family|Fantasy,6900000,4493017,103,0,0,0,0,0,0,0,0,1,1,1989,1,15.747032114495013,15.318035194276188,2.5761631700595524,8.442900586834382,0.651161884057971
37257,Witness for the Prosecution,1957-12-17,12.2879,8.206,1727,en,Drama|Mystery|Crime,3000000,9000000,116,0,0,0,1,0,0,0,0,0,0,1957,1,14.914123179965662,16.012735246411598,2.5868538466956807,7.454719949364001,3.0
526024,Boy Undone,2017-05-31,11.3918,4.75,20,es,Drama,0,0,116,0,0,0,1,0,0,0,0,0,0,2017,0,0.0,0.0,2.517034963539522,3.044522437723423,
351286,Jurassic World: Fallen Kingdom,2018-06-06,12.8957,6.531,12867,en,Adventure|Science Fiction|Thriller,170000000,1310469037,129,0,1,0,0,0,0,0,1,0,0,2018,1,18.951309000896888,20.993650954351725,2.6315794397592995,9.462498888358917,7.708641394117647
662707,Starbright,2026-02-27,11.3107,5.675,20,en,Adventure|Action,30000000,0,148,1,1,0,0,0,0,0,0,0,0,2026,1,17.216707972959764,0.0,2.5104688029175835,3.044522437723423,0.0
207703,Kingsman: The Secret Service,2015-01-24,13.1133,7.62,17932,en,Crime|Comedy|Action|Adventure,81000000,414351546,129,1,1,1,0,0,0,0,0,0,0,2015,1,18.20995972498239,19.842225318810943,2.647117615203038,9.794397869948424,5.115451185185186
524047,Greenland,2020-07-29,12.5162,7.13,5417,en,Thriller|Action|Science Fiction,34000000,52300000,120,1,0,0,0,0,0,0,1,0,0,2020,1,17.341871111992198,17.77250694815561,2.603888966019866,8.59748202264504,1.5382352941176471
1241436,Warfare,2025-04-09,14.0093,7.082,1521,en,War|Action,20000000,34902602,95,1,0,0,0,0,0,0,0,0,0,2025,1,16.811242881518265,17.36807196891859,2.7086700089816156,7.3277805384216315,1.7451301
153518,The Angry Birds Movie,2016-05-11,12.4887,6.3,4070,en,Animation|Adventure|Comedy|Family,73000000,349779543,97,0,1,1,0,0,0,0,0,1,0,2016,1,18.105970012811294,19.672813639707872,2.6018522978962384,8.31164394850298,4.791500589041096
1380316,Is God Is,2026-05-14,12.2858,5.932,81,en,Drama|Thriller,14800000,4857896,100,0,0,0,1,0,0,0,1,0,0,2026,1,16.51013780630191,15.396116186178688,2.5866957956900345,4.406719247264253,0.32823621621621624
800939,Ticket to Paradise,2022-09-08,13.2953,6.418,1412,en,Drama|Comedy|Romance,20000000,168800000,104,0,0,1,1,0,1,0,0,0,0,2022,1,16.811242881518265,18.9442251460503,2.6599308119129312,7.253470382684528,8.44
1771,Captain America: The First Avenger,2011-07-22,13.2565,7.009,22891,en,Action|Adventure|Science Fiction,140000000,370569774,124,1,1,0,0,0,0,0,0,0,0,2011,1,18.757152987716434,19.730552311554884,2.6572129430651517,10.038542783528992,2.646926957142857
293167,Kong: Skull Island,2017-03-08,16.2265,6.557,11219,en,Action|Adventure|Fantasy,185000000,566652812,118,1,1,0,0,0,0,0,0,0,1,2017,1,19.035866388448003,20.155257351394564,2.8464488958368337,9.325453179076687,3.062988172972973
15512,Monsters vs Aliens,2009-03-19,12.9806,6.261,5032,en,Animation|Family|Adventure|Science Fiction,175000000,381509870,94,0,1,0,0,0,0,0,0,1,0,2009,1,18.980296537602072,19.75964728253492,2.6376706543396296,8.52377150677636,2.1800564
1223601,Sisu: Road to Revenge,2025-10-21,12.9336,7.315,849,fi,Action|War|Thriller,12200000,9811703,89,1,0,0,0,0,0,0,1,0,0,2025,1,16.316946591670696,16.099086516763204,2.634303189435438,6.745236349484363,0.8042379508196721
1250,Ghost Rider,2007-01-15,12.9257,5.615,6543,en,Thriller|Action|Fantasy,110000000,228738393,114,1,0,0,0,0,0,0,1,0,1,2007,1,18.5159909328476,19.248089524220738,2.6337360538497094,8.786303878282583,2.079439936363636
9479,The Nightmare Before Christmas,1993-10-09,12.9031,7.834,10426,en,Fantasy|Animation|Family,18000000,75634409,76,0,0,0,0,0,0,0,0,1,1,1993,1,16.705882371415992,18.141421896326605,2.6321118368537637,9.252153874789594,4.201911611111111
384018,Fast & Furious Presents: Hobbs & Shaw,2019-07-31,12.9016,6.828,7837,en,Action|Adventure|Comedy,200000000,760098996,137,1,1,1,0,0,0,0,0,0,0,2019,1,19.11382792951231,20.448959241972183,2.6320039414259075,8.966738978759576,3.80049498
14161,2012,2009-10-10,12.8918,5.887,12847,en,Action|Adventure|Science Fiction,200000000,791217826,158,1,1,0,0,0,0,0,0,0,0,2009,1,19.11382792951231,20.48908386961652,2.631298738003071,9.460943436186543,3.95608913
4234,Scream 3,2000-02-04,12.882,6.009,4116,en,Horror|Mystery,40000000,161838076,116,0,0,0,0,1,0,0,0,0,0,2000,1,17.50439003707821,18.902106868647387,2.630593036917392,8.322880021769905,4.0459519
1248226,Playdate,2025-11-04,12.8375,6.118,629,en,Action|Comedy|Family,0,0,93,1,0,1,0,0,0,0,0,0,0,2025,0,0.0,0.0,2.6273822980347554,6.4457198193855785,
507089,Five Nights at Freddy's,2023-10-25,11.6065,7.302,5099,en,Horror|Thriller,20000000,297242145,110,0,0,0,0,1,0,0,1,0,0,2023,1,16.811242881518265,19.51005767098256,2.5342125539565656,8.536995818712418,14.86210725
240832,Lucy,2014-07-25,11.3987,6.474,17185,en,Action|Science Fiction,40000000,469058574,89,1,0,0,0,0,0,0,0,0,0,2014,1,17.50439003707821,19.966238212002214,2.517591628405352,9.751850377873168,11.72646435
420634,Terrifier,2018-01-25,12.3814,6.316,3012,en,Horror,35000,421798,84,0,0,0,0,1,0,0,0,0,0,2018,1,10.463131911491967,12.952284176232157,2.5938656830081137,8.0106915391303,12.051371428571429
38055,Megamind,2010-10-28,12.4155,7.034,7555,en,Animation|Action|Comedy|Family|Science Fiction,130000000,321885765,96,1,0,1,0,0,0,0,0,1,0,2010,1,18.683045016112164,19.589707276589902,2.596410754893786,8.9300972286214,2.476044346153846
640146,Ant-Man and the Wasp: Quantumania,2023-02-15,12.6073,6.225,5928,en,Action|Adventure|Science Fiction,326600000,476071180,125,1,1,0,0,0,0,0,0,0,0,2023,1,19.604246741562488,19.98107794093168,2.6106064134412437,8.687610843707368,1.4576582363747703
695721,The Hunger Games: The Ballad of Songbirds & Snakes,2023-11-15,11.5231,7.0,3570,en,Science Fiction|Action,100000000,337371917,157,1,0,0,0,0,0,0,0,0,0,2023,1,18.420680753952364,19.636696494025443,2.527574938857048,8.18060094759445,3.37371917
425909,Ghostbusters: Afterlife,2021-11-18,11.3651,7.317,5222,en,Fantasy|Comedy|Adventure,75000000,204445747,124,0,1,1,0,0,0,0,0,0,1,2021,1,18.132998684833918,19.135813207297716,2.5148779882839847,8.560827228436299,2.725943293333333
9552,The Exorcist,1973-12-26,12.2502,7.7,8733,en,Horror,11000000,430872776,122,0,0,0,0,1,0,0,0,0,0,1973,1,16.213405921671733,19.881323423519063,2.5840126466579356,9.074978734045507,39.170252363636365
50546,Just Go with It,2011-02-10,12.232,6.705,6172,en,Comedy|Romance,80000000,214945591,117,0,0,1,0,0,1,0,0,0,0,2011,1,18.197537205138154,19.185895493601617,2.5826381382813355,8.727940222393896,2.6868198875
666277,Past Lives,2023-06-02,10.4652,7.7,2372,en,Drama|Romance,12000000,28126646,106,0,0,0,1,0,1,0,0,0,0,2023,1,16.300417291085605,17.152227976774288,2.4393163605537036,7.771910256435763,2.3438871666666667
530915,1917,2019-12-25,12.2335,8.0,13680,en,War|Drama|History,100000000,446064352,119,0,0,0,1,0,0,0,0,0,0,2019,1,18.420680753952364,19.915973788813314,2.5827514934041638,9.523763287920113,4.46064352
13475,Star Trek,2009-05-06,13.4394,7.436,10581,en,Science Fiction|Action|Adventure,150000000,386839614,127,1,1,0,0,0,0,0,0,0,0,2009,1,18.826145858727198,19.77352073356903,2.6699605813548657,9.266909723464076,2.57893076
335983,Venom,2018-09-28,13.4389,6.825,17361,en,Science Fiction|Action,116000000,856085151,112,1,0,0,0,0,0,0,0,0,0,2018,1,18.569100757691327,20.567880405794057,2.669925953277725,9.762039188951753,7.380044405172414
10997,Farewell My Concubine,1993-01-01,14.0106,7.915,693,zh,Drama,4000000,6400000,171,0,0,0,1,0,0,0,0,0,0,1993,1,15.201805169084134,15.671808704579888,2.708756618197557,6.542471960506805,1.6
64690,Drive,2011-09-15,11.8789,7.583,13765,en,Drama|Thriller|Crime,15000000,79713640,100,0,0,0,1,0,0,0,1,0,0,2011,1,16.52356082573315,18.193951283443944,2.5555903133023934,9.52995706295831,5.314242666666667
1715492,Shipwrecked: Nightmare at Sea,2026-07-10,11.7442,7.482,55,en,Documentary,0,0,90,0,0,0,0,0,0,0,0,0,0,2026,0,0.0,0.0,2.5450762661443647,4.02535169073515,
378236,The Emoji Movie,2017-07-23,12.357,5.378,3352,en,Animation|Family|Comedy,50000000,216909830,86,0,0,1,0,0,0,0,0,1,0,2017,1,17.72753358339242,19.194992299804532,2.592040591994968,8.117610746466228,4.3381966
1584215,The Internship,2026-01-13,13.7295,6.672,122,en,Action,0,0,91,1,0,0,0,0,0,0,0,0,0,2026,0,0.0,0.0,2.6898522855671203,4.812184355372417,
44896,Rango,2011-03-02,11.4034,6.912,7197,en,Animation|Comedy|Family|Western|Adventure,135000000,245724603,107,0,1,1,0,0,0,0,0,1,0,2011,1,18.72078534381011,19.319721970858033,2.5179706285751973,8.881558488638976,1.8201822444444444
109418,Grown Ups 2,2013-07-11,11.97,6.2,4752,en,Comedy,80000000,247022278,101,0,0,1,0,0,0,0,0,0,0,2013,1,18.197537205138154,19.324989088905188,2.5626389983283526,8.46653127661401,3.087778475
346,Seven Samurai,1954-04-26,13.0017,8.45,4285,ja,Action|Drama,2000000,105000000,207,1,0,0,1,0,0,0,0,0,0,1954,1,14.508658238524095,18.46947091764561,2.639178750814835,8.363109176033522,52.5
974576,Conclave,2024-10-25,12.2887,7.189,3479,en,Drama|Thriller,20000000,115657988,120,0,0,0,1,0,0,0,1,0,0,2024,1,16.811242881518265,18.5661480233739,2.5869140500324685,8.15478757276852,5.7828994
753342,Napoleon,2023-11-22,12.0323,6.304,3164,en,History|War|Romance|Action|Drama,165000000,222435664,158,1,0,0,1,0,1,0,0,0,0,2023,1,18.92145603792546,19.22014847169237,2.567430891292609,8.059908334578276,1.3480949333333334
1022787,Elio,2025-06-18,13.5,6.901,1055,en,Animation|Adventure|Science Fiction|Family,150000000,154291182,98,0,1,0,0,0,0,0,0,1,0,2025,1,18.826145858727198,18.854352173769424,2.6741486494265287,6.962243464266207,1.02860788
10144,The Little Mermaid,1989-11-17,12.5685,7.351,8464,en,Animation|Family|Fantasy,40000000,211343479,83,0,0,0,0,0,0,0,0,1,1,1989,1,17.50439003707821,19.16899523519912,2.6077509297856447,9.043695294567236,5.283586975
829560,The Next 365 Days,2022-08-18,12.0417,6.38,1329,pl,Romance|Drama,0,0,112,0,0,0,1,0,1,0,0,0,0,2022,0,0.0,0.0,2.5681519160994846,7.1929342212158,
245891,John Wick,2014-10-16,13.6099,7.46,21031,en,Action|Thriller,20000000,86085191,101,1,0,0,0,0,0,0,1,0,0,2014,1,16.811242881518265,18.270847968543944,2.6816993811122156,9.953800366409718,4.30425955
101299,The Hunger Games: Catching Fire,2013-11-15,12.1335,7.429,18569,en,Adventure|Action|Science Fiction,130000000,865011746,146,1,1,0,0,0,0,0,0,0,0,2013,1,18.683045016112164,20.578253645150763,2.5751662179105863,9.829302654346751,6.653936507692308
359724,Ford v Ferrari,2019-11-13,15.8325,8.008,9110,en,Drama|History|Action,97600000,225508210,153,1,0,0,1,0,0,0,0,0,0,2019,1,18.39638806162922,19.233867128660943,2.823311541437299,9.117237753713859,2.31053493852459
100402,Captain America: The Winter Soldier,2014-03-20,12.3249,7.656,20162,en,Action|Adventure|Science Fiction,170000000,714766572,136,1,1,0,0,0,0,0,0,0,0,2014,1,18.951309000896888,20.387466576026245,2.5896344653333165,9.911604520638075,4.204509247058824
937287,Challengers,2024-04-18,11.0737,6.912,2741,en,Drama|Romance,55000000,94182533,132,0,0,0,1,0,1,0,0,0,0,2024,1,17.822843761378564,18.36074530834255,2.491029533287347,7.91644286012226,1.712409690909091
80321,Madagascar 3: Europe's Most Wanted,2012-06-06,12.7893,6.646,6633,en,Animation|Family|Comedy|Adventure,145000000,746921274,93,0,1,1,0,0,0,0,0,1,0,2012,1,18.7922443072814,20.431470349323817,2.623892929095486,8.799963219506997,5.1511812
242582,Nightcrawler,2014-10-23,12.6554,7.708,11841,en,Crime|Drama|Thriller,8500000,47425835,118,0,0,0,1,0,0,0,1,0,0,2014,1,15.955576839107596,17.674677701463406,2.6141350477957856,9.37940781309172,5.57951
346364,It,2017-09-06,11.2102,7.24,20461,en,Horror|Thriller|Drama,35000000,719766009,135,0,0,0,1,1,0,0,1,0,0,2017,1,17.370858648025116,20.394436731043832,2.5022716680048425,9.926324786438885,20.564743114285715
184315,Hercules,2014-07-23,12.8133,5.804,4391,en,Action|Adventure,100000000,244819862,98,1,1,0,0,0,0,0,0,0,0,2014,1,18.420680753952364,19.31603324501668,2.625631896152793,8.387539983189367,2.44819862
359410,Road House,2024-03-08,11.5997,6.941,3120,en,Action|Thriller|Drama,85000000,0,121,1,0,0,1,0,0,0,1,0,0,2024,1,18.258161826219297,0.0,2.5336730041501716,8.045908742270779,0.0
458156,John Wick: Chapter 3 - Parabellum,2019-05-15,12.7544,7.441,11876,en,Action|Thriller|Crime,55000000,328349908,131,1,0,0,0,0,0,0,1,0,0,2019,1,17.822843761378564,19.609590393457925,2.6213587729235,9.38235903577424,5.9699983272727275
281338,War for the Planet of the Apes,2017-07-11,13.4841,7.222,9809,en,Drama|Science Fiction|War,150000000,490719763,140,0,0,0,1,0,0,0,0,0,0,2017,1,18.826145858727198,20.011383777404113,2.6730514960496796,9.191157552559408,3.271465086666667
1363123,The Family Plan 2,2025-11-11,12.011,6.538,613,en,Action|Comedy,0,0,106,1,0,1,0,0,0,0,0,0,0,2025,0,0.0,0.0,2.565795153521339,6.419994928147142,
550988,Free Guy,2021-08-11,12.676,7.448,9954,en,Comedy|Adventure|Science Fiction,110000000,331526598,115,0,1,1,0,0,0,0,0,0,0,2021,1,18.5159909328476,19.61921860268198,2.615642471777055,9.205830216498297,3.0138781636363636
166426,Pirates of the Caribbean: Dead Men Tell No Tales,2017-05-23,12.4172,6.661,12917,en,Adventure|Action|Fantasy,230000000,795922298,129,1,1,0,0,0,0,0,0,0,1,2017,1,19.253589871235295,20.49501212472246,2.5965374659591856,9.466376966592419,3.4605317304347825
335,Once Upon a Time in the West,1968-12-21,13.5539,8.3,4961,it,Drama|Western,5000000,5380118,166,0,0,0,1,0,0,0,0,0,0,1968,1,15.424948670398354,15.498221050852454,2.6778589989379804,8.509564164251746,1.0760236
170,28 Days Later,2002-10-31,12.5069,7.245,8644,en,Horror|Thriller|Science Fiction,8000000,82784517,113,0,0,0,0,1,0,0,1,0,0,2002,1,15.894952224644102,18.231751621196093,2.6032006659827003,9.064736398117391,10.348064625
4258,Scary Movie 5,2013-04-11,11.4619,4.799,3103,en,Comedy,20000000,78613981,86,0,0,1,0,0,0,0,0,0,0,2013,1,16.811242881518265,18.180060129619946,2.5226759896956765,8.04044688130311,3.93069905
558,Spider-Man 2,2004-06-25,13.6042,7.316,16533,en,Action|Adventure|Science Fiction,200000000,788976453,127,1,1,0,0,0,0,0,0,0,0,2004,1,19.11382792951231,20.486247035525807,2.681309158577732,9.713174145812621,3.944882265
1317149,I Swear,2025-09-22,14.2978,8.24,400,en,Drama|History,3730000,15564405,121,0,0,0,1,0,0,0,0,0,0,2025,1,15.131919059716477,16.560497198585466,2.7277090272098214,5.993961427306569,4.172762734584451
840705,Blink Twice,2024-08-21,11.7609,6.678,1963,en,Horror|Mystery|Thriller,20000000,46393906,103,0,0,0,0,1,0,0,1,0,0,2024,1,16.811242881518265,17.652678693918787,2.546385808344675,7.582738488914411,2.3196953
161,Ocean's Eleven,2001-12-07,11.939,7.462,12684,en,Thriller|Crime,85000000,450717150,116,0,0,0,0,0,0,0,1,0,0,2001,1,18.258161826219297,19.926350541074843,2.560246006333816,9.448175472033382,5.302554705882353
1114513,Speak No Evil,2024-09-11,13.5401,7.114,2209,en,Horror|Thriller,15000000,77239314,110,0,0,0,0,1,0,0,1,0,0,2024,1,16.52356082573315,18.162419147023325,2.676910349660815,7.700747794511798,5.1492876
613504,After We Collided,2020-09-02,13.4761,7.15,5481,en,Drama|Romance,14000000,47990414,105,0,0,0,1,0,1,0,0,0,0,2020,1,16.454567959008102,17.68651186143196,2.6724990136632676,8.60922527686273,3.427886714285714
951491,Saw X,2023-09-27,12.4733,7.159,2414,en,Horror|Mystery,13000000,125319714,118,0,0,0,0,1,0,0,0,0,0,2023,1,16.380459992348886,18.646378749867576,2.6007099492815438,7.789454566086673,9.639978
1404791,Dollhouse,2025-06-13,11.4062,7.571,120,ja,Horror|Mystery,0,11547839,110,0,0,0,0,1,0,0,0,0,0,2025,0,0.0,16.262008964455955,2.5181963476526423,4.795790545596741,
8681,Taken,2008-02-18,12.2147,7.4,12202,en,Action|Thriller,25000000,226830568,94,1,0,0,0,0,0,0,1,0,0,2008,1,17.034386422832473,19.23971390468595,2.581329846322974,9.40943710213184,9.07322272
746036,The Fall Guy,2024-04-24,10.6158,6.957,3884,en,Action|Comedy|Romance,125000000,181073291,127,1,0,1,0,0,1,0,0,0,0,2024,1,18.643824303266577,19.014412435445607,2.4523662403033613,8.264878262801748,1.448586328
1368,First Blood,1982-10-22,12.2389,7.51,6960,en,Action|Thriller|Drama,15000000,125212904,93,1,0,0,1,0,0,0,1,0,0,1982,1,16.52356082573315,18.645526086398274,2.5831594654864003,8.848078421168667,8.347526933333333
451156,Infidelity in Suburbia,2017-02-25,11.6679,6.217,161,en,Thriller|TV Movie,0,0,120,0,0,0,0,0,0,0,1,0,0,2017,0,0.0,0.0,2.539071234739332,5.087596335232384,
2048,"I, Robot",2004-07-15,12.2586,6.968,12785,en,Action|Science Fiction,120000000,347234916,115,1,0,0,0,0,0,0,0,0,0,2004,1,18.603002309079653,19.665512103090222,2.5846463984898667,9.456106101326672,2.8936243
399055,The Shape of Water,2017-12-01,10.8937,7.236,12938,en,Drama|Fantasy|Romance,19500000,195300000,123,0,0,0,1,0,1,0,0,0,1,2017,1,16.785925074816024,19.090047400967237,2.476008848164889,9.468001285315953,10.015384615384615
33337,Dear Inspector,1978-01-18,12.2519,5.856,87,fr,Comedy,0,0,105,0,0,1,0,0,0,0,0,0,0,1978,0,0.0,0.0,2.58414093837839,4.477336814478207,
11423,Memories of Murder,2003-04-25,12.2451,8.061,4679,ko,Crime|Drama|Thriller,2800000,26000000,131,0,0,0,1,0,0,0,1,0,0,2003,1,14.845130332288226,17.073607134447293,2.5836276727144067,8.451053388911692,9.285714285714286
1291608,Dhurandhar,2025-12-05,12.2447,7.284,328,hi,Action|Crime|Thriller,24000000,136599112,214,1,0,0,0,0,0,0,1,0,0,2025,1,16.993564429978885,18.732561011668462,2.5835974724108914,5.796057750765372,5.691629666666667
329,Jurassic Park,1993-06-11,12.2295,7.975,18076,en,Adventure|Science Fiction,63000000,920100000,127,0,1,0,0,0,0,0,0,0,0,1993,1,17.958645300228824,20.63999291883943,2.5824491845177593,9.802395690974855,14.604761904761904
4922,The Curious Case of Benjamin Button,2008-12-25,12.217,7.601,13849,en,Drama|Fantasy|Romance,150000000,335802786,166,0,0,0,1,0,1,0,0,0,1,2008,1,18.826145858727198,19.63203460215636,2.5815038797756698,9.536040511615484,2.23868524
11544,Lilo & Stitch,2002-06-21,12.1898,7.562,7153,en,Animation|Family|Comedy|Science Fiction,80000000,273144151,85,0,0,1,0,0,0,0,0,1,0,2002,1,18.197537205138154,19.425510243094845,2.5794438036119893,8.875426919818963,3.4143018875
166428,How to Train Your Dragon: The Hidden World,2019-01-03,12.184,7.754,7190,en,Animation|Family|Adventure,129000000,539987993,104,0,1,0,0,0,0,0,0,1,0,2019,1,18.675322970077882,20.1070574639421,2.579003973167116,8.880585523102495,4.185953434108527
124905,Godzilla,2014-05-14,12.1797,6.362,9878,en,Action|Drama|Science Fiction,160000000,524978362,123,1,0,0,1,0,0,0,0,0,0,2014,1,18.8906843794481,20.078867606373272,2.5786777670550656,9.198166571044474,3.2811147625
162,Edward Scissorhands,1990-12-07,12.1735,7.72,13874,en,Fantasy|Drama|Romance,20000000,86024005,105,0,0,0,1,0,1,0,0,0,1,1990,1,16.811242881518265,18.270136954800474,2.578207235953386,9.537843938614635,4.30120025
3782,Ikiru,1952-10-09,12.1532,8.299,1367,ja,Drama,85000,55240,143,0,0,0,1,0,0,0,0,0,0,1952,1,11.350418300109132,10.919460710183415,2.576665075027541,7.221105098182496,0.6498823529411765
1032823,Trap,2024-07-31,12.142,6.235,2917,en,Crime|Horror|Thriller,30000000,83677281,105,0,0,0,0,1,0,0,1,0,0,2024,1,17.216707972959764,18.24247807687383,2.575813208475676,7.978653729082731,2.7892427
1448560,Wildcat,2025-11-19,12.1415,6.129,194,en,Action|Thriller,50000,0,99,1,0,0,0,0,0,0,1,0,0,2025,1,10.819798284210286,0.0,2.575775161792391,5.272999558563747,0.0
934433,Scream VI,2023-03-08,12.1363,6.9,3261,en,Horror|Thriller|Crime,33000000,169063850,123,0,0,0,0,1,0,0,1,0,0,2023,1,17.312018149733785,18.945787018100688,2.5753793904517255,8.09009578318096,5.12314696969697
2109,Rush Hour,1998-09-18,12.1336,7.084,5758,en,Action|Comedy|Crime,33000000,244721064,97,1,0,1,0,0,0,0,0,0,0,1998,1,17.312018149733785,19.31562960970984,2.575173831998171,8.658519127506672,7.4157898181818185
1290436,Summer Beats,2026-01-07,10.9167,7.2,39,fr,Comedy,0,0,112,0,0,1,0,0,0,0,0,0,0,2026,0,0.0,0.0,2.477940777670792,3.6888794541139363,
787,Mr. & Mrs. Smith,2005-06-07,11.9557,6.693,11322,en,Action|Comedy|Drama|Thriller,110000000,487287646,120,1,0,1,1,0,0,0,1,0,0,2005,1,18.5159909328476,20.00436515760529,2.561535845746151,9.33459133431404,4.429887690909091
89,Indiana Jones and the Last Crusade,1989-05-24,11.2241,7.853,11175,en,Adventure|Action,48000000,474171806,127,1,1,0,0,0,0,0,0,0,0,1989,1,17.6867115897055,19.977080276011176,2.503409413018976,9.321523900936798,9.878579291666666
185,A Clockwork Orange,1971-10-28,11.1957,8.175,13933,en,Science Fiction|Crime,2200000,27033812,137,0,0,0,0,0,0,0,0,0,0,1971,1,14.603968372873895,17.11259897378663,2.5010834305945395,9.542087175590064,12.288096363636363
335787,Uncharted,2022-02-10,13.0896,6.881,6993,en,Action|Adventure|Mystery,120000000,407141258,116,1,1,0,0,0,0,0,0,0,0,2022,1,18.603002309079653,19.824670756900794,2.645436936579298,8.852807917623322,3.392843816666667
396422,Annabelle: Creation,2017-08-03,12.7396,6.609,6033,en,Horror,15000000,306592201,110,0,0,0,0,1,0,0,0,0,0,2017,1,16.52356082573315,19.54102909028859,2.6202821742889246,8.705165419719007,20.43948006666667
1308767,Young Washington,2026-07-02,12.5883,8.203,32,en,History|War|Drama,20000000,33105849,125,0,0,0,1,0,0,0,0,0,0,2026,1,16.811242881518265,17.31522056189124,2.6092091283590015,3.4965075614664802,1.65529245
228794,Provocation,1995-12-15,12.4498,5.4,24,it,Drama|Romance,0,0,87,0,0,0,1,0,1,0,0,0,0,1995,0,0.0,0.0,2.5989642360488143,3.2188758248682006,
7512,Idiocracy,2006-09-01,13.4269,6.379,3654,en,Comedy|Science Fiction|Adventure,30000000,495303,85,0,1,1,0,0,0,0,0,0,0,2006,1,17.216707972959764,13.112926994457307,2.669094519491633,8.203851372183879,0.0165101
73,American History X,1998-07-01,11.8525,8.326,12697,en,Drama,20000000,23900000,119,0,0,0,1,0,0,0,0,0,0,1998,1,16.811242881518265,16.98938905874274,2.5535383449475226,9.449199779730396,1.195
661539,A Complete Unknown,2024-12-25,11.7193,7.063,1490,en,Drama|Music,65000000,140508652,141,0,0,0,1,0,0,0,0,0,0,2024,1,17.989897843244528,18.760779632030275,2.5431205249511497,7.307202314764738,2.1616715692307693
984249,Ruthless,2023-12-14,12.2453,6.402,143,en,Action|Thriller,0,0,93,1,0,0,0,0,0,0,1,0,0,2023,0,0.0,0.0,2.5836427725241493,4.969813299576001,
670292,The Creator,2023-09-27,13.1207,7.031,4025,en,Science Fiction|Action|Adventure,80000000,104272136,134,1,1,0,0,0,0,0,0,0,0,2023,1,18.197537205138154,18.462514741424847,2.6476418059071145,8.300528606199737,1.3034017
580489,Venom: Let There Be Carnage,2021-09-30,11.5525,6.741,11255,en,Science Fiction|Action|Adventure,110000000,506863592,97,1,1,0,0,0,0,0,0,0,0,2021,1,18.5159909328476,20.04375247801845,2.5299198489267236,9.328656598794225,4.607850836363636
36586,Blade II,2002-03-22,13.3971,6.569,5283,en,Fantasy|Horror|Action|Thriller,54000000,155010032,117,1,0,0,0,1,0,0,1,0,1,2002,1,17.804494623047066,18.859000401820946,2.6670267974116006,8.572438665642215,2.870556148148148
1564614,Leviticus,2026-06-17,11.6179,6.7,35,en,Horror|Romance,3500000,8458365,88,0,0,0,0,1,1,0,0,0,0,2026,1,15.068273812173887,15.950666568719624,2.5351164407309716,3.58351893845611,2.4166757142857143
50646,"Crazy, Stupid, Love.",2011-07-29,10.7409,7.275,9369,en,Comedy|Drama|Romance,50000000,145079584,118,0,0,1,1,0,1,0,0,0,0,2011,1,17.72753358339242,18.79279301188412,2.463078472449722,9.145268375232467,2.90159168
7220,The Punisher,2004-04-15,12.7081,6.379,3198,en,Action|Crime|Drama,33000000,54700105,124,1,0,0,1,0,0,0,0,0,0,2004,1,17.312018149733785,17.81737620523311,2.617986898995967,8.070593539949519,1.6575789393939393
291805,Now You See Me 2,2016-06-02,11.9521,6.826,11674,en,Crime|Thriller,120000000,334897606,129,0,0,0,0,0,0,0,1,0,0,2016,1,18.603002309079653,19.62933539232236,2.5612579371608466,9.365205082537098,2.7908133833333335
188927,Star Trek Beyond,2016-07-07,11.9516,6.793,7163,en,Action|Adventure|Science Fiction,185000000,343471816,122,1,1,0,0,0,0,0,0,0,0,2016,1,19.035866388448003,19.654615619681344,2.561219332637164,8.876823763180603,1.8566044108108108
1220564,The Secret Agent,2025-07-23,11.9309,7.2,771,pt,Thriller|Drama|Crime,5000000,18988224,161,0,0,0,1,0,0,0,1,0,0,2025,1,15.424948670398354,16.759329608172354,2.5596197959298563,6.648984550024776,3.7976448
11224,Cinderella,1950-02-22,11.9294,7.0,7203,en,Family|Fantasy|Animation|Romance,2900000,263600000,74,0,0,0,0,0,1,0,0,1,1,1950,1,14.88022163978423,19.38994336438625,2.5595037879947835,8.882391706295847,90.89655172413794
9820,The Parent Trap,1998-07-28,11.9272,7.216,4571,en,Comedy|Family|Romance,15000000,92108518,128,0,0,1,0,0,1,0,0,0,0,1998,1,16.52356082573315,18.338477994233486,2.559333618675901,8.427706024914702,6.140567866666666
853033,Adultery Alumni Association 2,2019-02-18,11.9243,4.7,41,ko,Drama|Romance,0,0,73,0,0,0,1,0,1,0,0,0,0,2019,0,0.0,0.0,2.5591092603205126,3.7376696182833684,
440,Aliens vs Predator: Requiem,2007-12-25,11.9198,5.166,3370,en,Action|Science Fiction|Thriller|Horror,40000000,130290885,94,1,0,0,0,1,0,0,1,0,0,2007,1,17.50439003707821,18.6852800933709,2.55876101835848,8.12296471523406,3.257272125
4442,The Brothers Grimm,2005-08-26,11.9182,5.864,3000,en,Adventure|Fantasy|Action|Comedy|Thriller,88000000,105300000,118,1,1,1,0,0,0,0,1,0,1,2005,1,18.292847383806116,18.47232398660088,2.5586371697632293,8.006700845440367,1.196590909090909
9480,Daredevil,2003-02-14,11.9174,5.301,5513,en,Fantasy|Action,78000000,179179718,103,1,0,0,0,0,0,0,0,0,1,2003,1,18.17221939747438,19.003899876877092,2.558575239713201,8.615045591583742,2.2971758717948716
19913,(500) Days of Summer,2009-07-17,11.8966,7.302,11129,en,Comedy|Drama|Romance,7500000,60781545,95,0,0,1,1,0,1,0,0,0,0,2009,1,15.830413711839864,17.922796781128117,2.5569637107365595,9.31739944426959,8.104206
1522126,1000 Men and Me: The Bonnie Blue Story,2025-07-29,11.8891,5.4,25,en,Documentary|TV Movie,0,0,60,0,0,0,0,0,0,0,0,0,0,2025,0,0.0,0.0,2.5563819929463505,3.258096538021482,
799583,The Ministry of Ungentlemanly Warfare,2024-04-18,11.8872,7.0,1951,en,Action|Comedy|War,60000000,29768915,120,1,0,1,0,0,0,0,0,0,0,2024,1,17.909855136853043,17.208975319833208,2.5562345707016187,7.5766097669730375,0.49614858333333334
1894,Star Wars: Episode II - Attack of the Clones,2002-05-15,11.8848,6.597,14486,en,Adventure|Action|Science Fiction,120000000,649398328,142,1,1,0,0,0,0,0,0,0,0,2002,1,18.603002309079653,20.291556844485267,2.5560483220591435,9.581006974541651,5.411652733333334
400155,Hotel Transylvania 3: Summer Vacation,2018-06-28,11.8837,6.848,4742,en,Animation|Comedy|Family|Fantasy,80000000,528600000,97,0,0,1,0,0,0,0,0,1,1,2018,1,18.197537205138154,20.08574256202625,2.5559629465036653,8.464425125877582,6.6075
682507,Where the Crawdads Sing,2022-07-14,11.7759,7.523,2349,en,Drama|Mystery|Romance,24000000,144353965,126,0,0,0,1,0,1,0,0,0,0,2022,1,16.993564429978885,18.787778938583216,2.5475605837061237,7.762170607138205,6.014748541666667
1252037,The Tank,2025-09-18,11.4678,7.1,464,de,War|Action|Drama,0,0,117,1,0,0,1,0,0,0,0,0,0,2025,0,0.0,0.0,2.5231493207113047,6.142037405587356,
524434,Eternals,2021-11-03,12.4566,6.767,9245,en,Science Fiction|Action|Adventure,200000000,402064899,156,1,1,0,0,0,0,0,0,0,0,2021,1,19.11382792951231,19.81212407633888,2.5994696920105764,9.13194630454817,2.010324495
1119878,Ice Road: Vengeance,2025-06-27,13.4924,6.3,644,en,Action|Thriller|Drama,0,0,113,1,0,0,1,0,0,0,1,0,0,2025,0,0.0,0.0,2.673624374087193,6.4692503167957724,
340102,The New Mutants,2020-04-02,11.661,6.067,3750,en,Science Fiction|Horror,67000000,49169594,94,0,0,0,0,1,0,0,0,0,0,2020,1,18.020203192280615,17.710786002624488,2.5385264025381162,8.229777750081887,0.7338745373134329
796185,The Three Musketeers: D'Artagnan,2023-04-05,11.5173,6.919,1424,fr,Adventure|Action|Drama|History,27500000,31843086,121,1,1,0,1,0,0,0,0,0,0,2023,1,17.129696599000436,17.276330867758357,2.527111687463003,7.261927092702751,1.1579304
1381027,Good Boy,2026-03-06,14.0078,7.077,163,en,Thriller|Drama|Mystery,0,0,110,0,0,0,1,0,0,0,1,0,0,2026,0,0.0,0.0,2.7085700659490612,5.099866427824199,
95,Armageddon,1998-07-01,10.9822,6.833,8678,en,Action|Science Fiction|Adventure,140000000,553799566,151,1,1,0,0,0,0,0,0,0,0,1998,1,18.757152987716434,20.13231338683012,2.483422215226651,9.068661593644245,3.9557111857142857
818647,Through My Window,2022-02-04,10.9939,7.35,3362,es,Romance|Drama|Comedy,0,0,112,0,0,1,1,0,1,0,0,0,0,2022,0,0.0,0.0,2.4843981872094765,8.12058871174027,
581528,"The Gangster, the Cop, the Devil",2019-05-15,10.903,7.881,1528,ko,Action|Crime|Thriller,6500000,25775371,110,1,0,0,0,0,0,0,1,0,0,2019,1,15.687312888712007,17.064930020352868,2.476790469185743,7.332369205929062,3.9654416923076923
49046,All Quiet on the Western Front,2022-10-07,12.4034,7.736,4778,de,War|Drama,20000000,0,147,0,0,0,1,0,0,0,0,0,0,2022,1,16.811242881518265,0.0,2.595508406115796,8.471986598578159,0.0
949423,Pearl,2022-09-16,10.8934,7.232,2651,en,Horror,1000000,9847490,102,0,0,0,0,1,0,0,0,0,0,2022,1,13.815511557963774,16.10272725988923,2.475983624409155,7.883069351305753,9.84749
360920,The Grinch,2018-11-08,12.7493,6.866,4469,en,Animation|Comedy|Family|Fantasy,75000000,552976825,85,0,0,1,0,0,0,0,0,1,1,2018,1,18.132998684833918,20.13082665264108,2.6209879137257595,8.405143687607614,7.373024333333333
441168,From Straight A's to XXX,2017-02-11,10.4629,5.895,166,en,Drama|TV Movie,0,0,87,0,0,0,1,0,0,0,0,0,0,2017,0,0.0,0.0,2.4391157333750266,5.117993812416755,
1268127,Humint,2026-02-11,11.3704,7.5,166,ko,Thriller|Action|Drama,16000000,13207600,120,1,0,0,1,0,0,0,1,0,0,2026,1,16.588099342704055,16.396303055161535,2.515306522179084,5.117993812416755,0.825475
646,Dr. No,1962-10-07,10.7736,7.0,4103,en,Adventure|Action|Thriller,1000000,59000000,110,1,1,0,0,0,0,0,1,0,0,1962,1,13.815511557963774,17.893048018819147,2.465859736867766,8.319717386850606,59.0
508943,Luca,2021-06-17,12.0527,7.78,9016,en,Animation|Family|Fantasy|Drama|Comedy,200000000,51074773,95,0,0,1,1,0,0,0,0,1,1,2021,1,19.11382792951231,17.748801273792775,2.568995008920287,9.106866963499908,0.255373865
4257,Scary Movie 4,2006-04-12,11.8595,5.495,3666,en,Comedy,40000000,178710620,83,0,0,1,0,0,0,0,0,0,0,2006,1,17.50439003707821,19.001278413170418,2.5540828378047835,8.207129168071326,4.4677655
85186,Demented,1980-06-01,9.7519,4.167,30,en,Crime|Horror|Thriller,0,0,87,0,0,0,0,1,0,0,1,0,0,1980,0,0.0,0.0,2.3750824831423047,3.4339872044851463,
446354,The Post,2017-12-22,11.5172,7.005,4957,en,Drama|History,50000000,179769467,116,0,0,0,1,0,0,0,0,0,0,2017,1,17.72753358339242,19.00718585468129,2.527103698487789,8.508757712595136,3.59538934
940551,Migration,2023-12-06,14.2132,7.357,2279,en,Family|Comedy|Adventure|Animation,72000000,298776052,83,0,1,1,0,0,0,0,0,1,0,2023,1,18.09217669086922,19.515204864102273,2.722163472045466,7.731930721948486,4.149667388888889
770,Gone with the Wind,1939-12-15,11.3835,7.908,4419,en,Drama|War|Romance,4000000,402352579,238,0,0,0,1,0,1,0,0,0,0,1939,1,15.201805169084134,19.812839326863433,2.5163649413552895,8.393894975071744,100.58814475
9532,Final Destination,2000-03-17,10.8862,6.641,6786,en,Horror,23000000,112880294,98,0,0,0,0,1,0,0,0,0,0,2000,1,16.951004817371683,18.541838478900175,2.475378063321498,8.822764296703758,4.907838869565217
1087891,The Amateur,2025-04-09,13.864,6.925,1667,en,Thriller|Action,60000000,96000836,123,1,0,0,0,0,0,0,1,0,0,2025,1,17.909855136853043,18.379867468144102,2.698942182071483,7.419380582918692,1.6000139333333334
11970,Hercules,1997-06-13,11.217,7.497,7998,en,Animation|Family|Fantasy|Adventure|Comedy|Romance,85000000,252712101,93,0,1,1,0,0,1,0,0,1,1,1997,1,18.258161826219297,19.347761461991276,2.502828424421923,8.987071812848821,2.9730835411764707
609681,The Marvels,2023-11-08,11.7717,5.933,3490,en,Science Fiction|Adventure|Action,274800000,206136825,105,1,1,0,0,0,0,0,0,0,0,2023,1,19.43155412195148,19.14405071015158,2.547231785694738,8.157943507105037,0.7501340065502183
497582,Enola Holmes,2020-09-22,11.7584,7.227,6702,en,Adventure|Mystery|Crime,21000000,0,123,0,1,0,0,0,0,0,0,0,0,2020,1,16.860033043306743,0.0,2.5461898782048986,8.810310466357958,0.0
140300,Kung Fu Panda 3,2016-01-23,12.6655,6.93,6664,en,Animation|Action|Adventure|Comedy|Family,145000000,521170825,95,1,1,1,0,0,0,0,0,1,0,2016,1,18.7922443072814,20.071588426974493,2.6148744085386677,8.804625232612809,3.594281551724138
24021,The Twilight Saga: Eclipse,2010-06-23,11.1056,6.2,9304,en,Adventure|Fantasy|Drama|Romance,68000000,698491347,124,0,1,0,1,0,1,0,0,0,1,2010,1,18.035018277846262,20.364433350041985,2.493668155456573,9.13830716907635,10.271931573529411
1701,Con Air,1997-06-05,10.9451,6.8,4767,en,Action|Thriller|Crime,75000000,224012234,116,1,0,0,0,0,0,0,1,0,0,1997,1,18.132998684833918,19.227211228863382,2.480321152446372,8.469682208745185,2.9868297866666667
1010755,The Strangers: Chapter 3,2026-02-05,12.0313,5.939,246,en,Horror|Thriller,8500000,9191988,92,0,0,0,0,1,0,0,1,0,0,2026,1,15.955576839107596,16.033842901817238,2.5673541559221693,5.5093883366279774,1.0814103529411765
1627824,Rocky's Cat-astrophe,2026-02-27,9.4219,8.1,21,en,Animation|Family,0,0,44,0,0,0,0,0,0,0,0,1,0,2026,0,0.0,0.0,2.3439093613536746,3.091042453358316,
176,Saw,2004-10-01,11.5626,7.424,10175,en,Horror|Mystery|Crime,1200000,104045735,103,0,0,0,0,1,0,0,0,0,0,2004,1,13.997832948091215,18.46034112966627,2.530724145986617,9.227787285579904,86.70477916666667
50014,The Help,2011-08-09,11.6328,8.205,9137,en,Drama,25000000,216600000,146,0,0,0,1,0,0,0,0,0,0,2011,1,17.034386422832473,19.19356289714797,2.5362966061702963,9.120196822123217,8.664
35,The Simpsons Movie,2007-07-25,11.7718,7.023,8613,en,Animation|Comedy|Family,75000000,527068851,87,0,0,1,0,0,0,0,0,1,0,2007,1,18.132998684833918,20.08284174692816,2.5472396154753087,9.061144065614055,7.02758468
260346,Taken 3,2014-12-16,10.762,6.3,6204,en,Thriller|Action,48000000,325800000,109,1,0,0,0,0,0,0,1,0,0,2014,1,17.6867115897055,19.601794257201586,2.464873996037764,8.733110697638708,6.7875
974950,Emilia Pérez,2024-08-21,10.8943,6.447,1996,fr,Drama|Thriller,26000000,16317120,132,0,0,0,1,0,0,0,1,0,0,2024,1,17.073607134447293,16.607725482624556,2.476059293767725,7.599401333415815,0.6275815384615384
766,Army of Darkness,1992-10-31,11.4161,7.257,3575,en,Fantasy|Horror|Comedy,11000000,21502976,81,0,0,1,0,1,0,0,0,0,1,1992,1,16.213405921671733,16.88370194862876,2.51899401753214,8.182000136293405,1.954816
169,Predator 2,1990-11-21,11.3319,6.308,3891,en,Science Fiction|Action|Thriller,35000000,57120318,108,1,0,0,0,0,0,0,1,0,0,1990,1,17.370858648025116,17.8606704607139,2.5121894010062706,8.266678443305896,1.6320090857142857
339403,Baby Driver,2017-06-28,10.881,7.443,16967,en,Action|Crime,34000000,226945087,113,1,0,0,0,0,0,0,0,0,0,2017,1,17.341871111992198,19.240218643098707,2.4749404854761505,9.739084496244518,6.6748555
185664,Nun in Rope Hell,1984-05-25,10.3579,6.3,37,ja,Drama|Horror,0,0,69,0,0,0,1,1,0,0,0,0,0,1984,0,0.0,0.0,2.4299135370495164,3.6375861597263857,
28485,Satan's Blood,1978-08-12,10.7967,6.065,46,es,Horror|Thriller,175000,594947,82,0,0,0,0,1,0,0,1,0,0,1978,1,12.07254696717504,13.296229285750622,2.4678198313422355,3.8501476017100584,3.3996971428571428
1153714,Death of a Unicorn,2025-03-17,12.0813,6.395,867,en,Horror|Fantasy|Comedy,15000000,16423085,107,0,0,1,0,1,0,0,0,0,1,2025,1,16.52356082573315,16.61419858586447,2.57118372946956,6.7661917146603505,1.0948723333333332
8358,Cast Away,2000-12-22,13.6335,7.665,12377,en,Adventure|Drama,90000000,429632142,143,0,1,0,1,0,0,0,0,0,0,2000,1,18.31532023940565,19.878439919123498,2.683313420869796,9.423675982299306,4.773690466666666
107,Snatch,2000-09-01,11.5083,7.8,10085,en,Crime|Comedy,100000000,83557872,103,0,0,1,0,0,0,0,0,0,0,2000,1,18.420680753952364,18.241050039565618,2.526392423957792,9.21890360263667,0.83557872
663,Saw IV,2007-10-25,11.8725,6.167,4160,en,Horror|Thriller|Crime,10000000,139352653,93,0,0,0,0,1,0,0,1,0,0,2007,1,16.118095750958314,18.75251835727958,2.5550932529381596,8.333510708982942,13.9352653
87827,Life of Pi,2012-11-20,11.3788,7.412,13860,en,Adventure|Drama,120000000,609016565,127,0,1,0,1,0,0,0,0,0,0,2012,1,18.603002309079653,20.22735602727465,2.5159853320252643,9.536834420213353,5.0751380416666665
1169516,Welcome to the Jungle,2026-06-25,12.0097,5.0,24,hi,Action|Comedy|Adventure,0,0,170,1,1,1,0,0,0,0,0,0,0,2026,0,0.0,0.0,2.565695233073305,3.2188758248682006,
14324,Virgin Territory,2007-12-17,10.4647,4.987,380,en,Adventure|Action|Comedy|Romance,38000000,5410749,93,1,1,1,0,0,1,0,0,0,0,2007,1,17.453096744006448,15.503898273376775,2.4392727493735347,5.942799375126701,0.14238813157894736
1124566,Sentimental Value,2025-08-20,12.7573,7.445,987,no,Drama,7800000,23883986,133,0,0,0,1,0,0,0,0,0,0,2025,1,15.86963441986494,16.988718792351435,2.6215695923211197,6.895682697747868,3.062049487179487
854,The Mask,1994-07-29,13.985,6.995,11393,en,Comedy|Fantasy|Crime|Romance,23000000,351583407,101,0,0,1,0,0,1,0,0,0,1,1994,1,16.951004817371683,19.67795753267319,2.7070497007686263,9.34084218004034,15.286235086956522
86331,Desire,2011-10-06,10.6379,6.308,1381,fr,Drama|Romance,1344000,0,103,0,0,0,1,0,1,0,0,0,0,2011,1,14.111161544112575,0.0,2.454267013655888,7.231287004327616,0.0
115290,Blue Lagoon: The Awakening,2012-06-16,10.4238,6.456,1513,en,Drama|Adventure|Romance|TV Movie,0,0,85,0,1,0,1,0,1,0,0,0,0,2012,0,0.0,0.0,2.4356988984411783,7.322510433997394,
607,Men in Black,1997-07-02,11.185,7.226,14969,en,Action|Adventure|Comedy|Science Fiction,90000000,589390539,98,1,1,1,0,0,0,0,0,0,0,1997,1,18.31532023940565,20.1945995779185,2.5002056870771696,9.613803477413674,6.548783766666666
1181678,¿Quieres ser mi hijo?,2023-09-21,11.0402,8.5,357,en,Comedy|Romance,0,0,100,0,0,1,0,0,1,0,0,0,0,2023,0,0.0,0.0,2.48825105103839,5.8805329864007,
1239134,Bhooth Bangla,2026-04-16,10.1088,5.6,53,hi,Horror|Comedy,14000000,20000000,163,0,0,1,0,1,0,0,0,0,0,2026,1,16.454567959008102,16.811242881518265,2.407737587016872,3.9889840465642745,1.4285714285714286
752623,The Lost City,2022-03-23,10.8195,6.454,4043,en,Action|Adventure|Comedy,74000000,192907684,112,1,1,1,0,0,0,0,0,0,0,2022,1,18.119575664681957,19.077722316377365,2.4697507098987987,8.304989580140361,2.6068605945945946
1571,Live Free or Die Hard,2007-06-20,10.0304,6.644,6413,en,Action|Thriller,110000000,383531464,128,1,0,0,0,0,0,0,1,0,0,2007,1,18.5159909328476,19.764932222342033,2.400655097340409,8.7662383802531,3.486649672727273
71676,Ghost Rider: Spirit of Vengeance,2011-12-10,11.4051,5.027,4119,en,Action|Fantasy|Thriller,57000000,132563930,96,1,0,0,0,0,0,0,1,0,1,2011,1,17.858561843342684,18.702575585138973,2.518107678376891,8.323608442343572,2.3256829824561405
568,Apollo 13,1995-06-30,12.5786,7.463,5991,en,Drama|History,52000000,355237933,140,0,0,0,1,0,0,0,0,0,0,1995,1,17.76675429577647,19.688298359551155,2.6084950240326186,8.698180525197055,6.831498711538462
1005331,Carry-On,2024-12-05,12.0992,6.883,2818,en,Thriller|Action,47000000,0,120,1,0,0,0,0,0,0,1,0,0,2024,1,17.665658180950928,0.0,2.5725511596400468,7.9441374911141125,0.0
64688,21 Jump Street,2012-03-14,10.1447,6.885,11125,en,Action|Comedy|Crime,42000000,201585328,109,1,0,1,0,0,0,0,0,0,0,2012,1,17.553180200057167,19.121723318695956,2.4109640485751354,9.317039990635239,4.7996506666666665
8077,Alien³,1992-05-22,11.6555,6.388,6448,en,Science Fiction|Action|Horror,50000000,159773545,114,1,0,0,0,1,0,0,0,0,0,1992,1,17.72753358339242,18.88926803316192,2.538091903291654,8.771680359010377,3.1954709
646380,Don't Look Up,2021-12-08,10.514,7.06,9470,en,Comedy|Science Fiction|Drama,75000000,791863,138,0,0,1,1,0,0,0,0,0,0,2021,1,18.132998684833918,13.582144938879765,2.4435636862536176,9.155989777226102,0.010558173333333334
82507,Sinister,2012-10-04,10.0102,6.875,6103,en,Horror|Thriller|Mystery,3000000,82515113,110,0,0,0,0,1,0,0,1,0,0,2012,1,14.914123179965662,18.22849203452584,2.39882211587387,8.716699572964293,27.505037666666666
889737,Joker: Folie à Deux,2024-10-01,9.9495,5.406,2973,en,Drama|Crime|Thriller,190000000,207500287,138,0,0,0,1,0,0,0,1,0,0,2024,1,19.06253463538792,19.150643285585872,2.3932937931195077,7.9976631270201,1.0921067736842105
1813,The Devil's Advocate,1997-10-17,12.411,7.479,6891,en,Horror|Drama|Mystery,57000000,153000000,144,0,0,0,1,1,0,0,0,0,0,1997,1,17.858561843342684,18.845948485892656,2.596075265728803,8.83811659764782,2.6842105263157894
21484,Possession,1981-05-27,11.454,7.317,1363,en,Horror,2400000,1200000,124,0,0,0,0,1,0,0,0,0,0,1981,1,14.690979711984754,13.997832948091215,2.5220418564502602,7.218176838403408,0.5
1159831,The Bride!,2026-03-04,11.8149,6.128,585,en,Science Fiction|Horror|Fantasy,80000000,23944025,127,0,0,0,0,1,0,0,0,0,1,2026,1,18.197537205138154,16.991229414381106,2.550608556430145,6.373319789577012,0.2993003125
937278,A Man Called Otto,2022-12-28,10.1155,7.748,3651,en,Comedy|Drama,50000000,113360085,126,0,0,1,1,0,0,0,0,0,0,2022,1,17.72753358339242,18.546079911991438,2.4083405306599093,8.20303024171486,2.2672017
15121,The Sound of Music,1965-03-29,11.8624,7.731,3662,en,Drama|Family|Music|Romance,8200000,286214286,174,0,0,0,1,0,1,0,0,0,0,1965,1,15.919644834185693,19.4722513434773,2.5543083265915594,8.206037762778815,34.904181219512196
250546,Annabelle,2014-10-01,11.5407,5.791,6593,en,Horror,6500000,257589952,99,0,0,0,0,1,0,0,0,0,0,2014,1,15.687312888712007,19.36687954910467,2.5289793550184307,8.793915423631676,39.629223384615386
1274706,The Marked Woman,2026-06-05,9.4803,5.558,104,es,Thriller|Crime,0,0,109,0,0,0,0,0,0,0,1,0,0,2026,0,0.0,0.0,2.3494973044373797,4.653960350157523,
61791,Rise of the Planet of the Apes,2011-08-03,11.3595,7.346,12865,en,Thriller|Action|Drama|Science Fiction,93000000,481800873,105,1,0,0,1,0,0,0,1,0,0,2011,1,18.34811006187022,19.99304146217412,2.5144249981368634,9.462343451970945,5.180654548387097
762441,A Quiet Place: Day One,2024-06-26,9.9845,6.644,3437,en,Horror|Science Fiction|Thriller,67000000,261907653,100,0,0,0,0,1,0,0,1,0,0,2024,1,18.020203192280615,19.3835025339459,2.396485188187097,8.142645185942795,3.909069447761194
427641,Rampage,2018-04-11,10.2855,6.469,7625,en,Action|Adventure|Science Fiction,120000000,428028233,107,1,1,0,0,0,0,0,0,0,0,2018,1,18.603002309079653,19.874699718660043,2.4235187158896743,8.939318740417509,3.5669019416666665
264660,Ex Machina,2015-01-21,10.4955,7.6,14391,en,Drama|Science Fiction,15000000,36869414,108,0,0,0,1,0,0,0,0,0,0,2015,1,16.52356082573315,17.422892903526275,2.441955654441854,9.574427775630369,2.457960933333333
10527,Madagascar: Escape 2 Africa,2008-10-30,11.5423,6.528,7494,en,Adventure|Animation|Comedy|Family,150000000,603900354,89,0,1,1,0,0,0,0,0,1,0,2008,1,18.826145858727198,20.218919767123626,2.5291069314648023,8.921991410536698,4.02600236
11836,The SpongeBob SquarePants Movie,2004-11-19,12.6923,7.09,3242,en,Adventure|Animation|Comedy|Family|Fantasy,30000000,141067890,87,0,1,1,0,0,0,0,0,1,1,2004,1,17.216707972959764,18.76475182891412,2.616833631032638,8.084254106307318,4.702263
286687,Love Lesson,2013-12-05,10.3975,6.81,42,ko,Romance|Drama|Comedy,0,0,80,0,0,1,1,0,1,0,0,0,0,2013,0,0.0,0.0,2.4333940331054595,3.7612001156935624,
2832,Identity,2003-04-25,11.8525,7.185,4432,en,Mystery|Thriller,28000000,90259536,90,0,0,0,0,0,0,0,1,0,0,2003,1,17.147715103853763,18.318199822724445,2.5535383449475226,8.396831834745054,3.223554857142857
353486,Jumanji: Welcome to the Jungle,2017-12-09,11.8297,6.821,14618,en,Adventure|Comedy|Fantasy|Action,90000000,995339117,119,1,1,1,0,0,0,0,0,0,1,2017,1,18.31532023940565,20.718594059166758,2.5517627956573614,9.590077331511615,11.059323522222222
1263256,Happy Gilmore 2,2025-07-25,11.6201,6.522,1005,en,Comedy,152000000,0,118,0,0,1,0,0,0,0,0,0,0,2025,1,18.839391085389497,0.0,2.5352907810119425,6.913737350659685,0.0
520763,A Quiet Place Part II,2021-05-21,11.5154,7.431,7494,en,Science Fiction|Thriller|Horror,55000000,297372261,97,0,0,0,0,1,0,0,1,0,0,2021,1,17.822843761378564,19.51049531931508,2.5269598860189997,8.921991410536698,5.406768381818182
516729,Paddington in Peru,2024-11-08,11.524,6.811,716,en,Adventure|Comedy|Family,90000000,211000000,106,0,1,1,0,0,0,0,0,0,0,2024,1,18.31532023940565,19.167368696179675,2.527646803464159,6.57507584059962,2.3444444444444446
516486,Greyhound,2020-07-09,10.5594,7.415,3365,en,War|Action|Drama,50300000,0,92,1,0,0,1,0,0,0,0,0,0,2020,1,17.733515654950683,0.0,2.447498958783031,8.121480374750751,0.0
268896,Pacific Rim: Uprising,2018-03-21,11.705,6.125,5406,en,Action|Fantasy|Science Fiction|Adventure,150000000,290061297,111,1,1,0,0,0,0,0,0,0,1,2018,1,18.826145858727198,19.485602831022586,2.5419956167721276,8.595449689382004,1.93374198
149,Akira,1988-06-10,10.2714,7.939,4852,ja,Animation|Science Fiction|Action,5700000,49000000,124,1,0,0,0,0,0,0,0,1,0,1988,1,15.555976908243359,17.707330876483063,2.4222685439390568,8.487352349405215,8.596491228070175
1011477,Karate Kid: Legends,2025-05-08,11.3624,6.973,1242,en,Action|Adventure|Drama,45000000,117105466,94,1,1,0,1,0,0,0,0,0,0,2025,1,17.622173069956816,18.578585514070816,2.514659607937348,7.1252830915107115,2.602343688888889
1000837,I'm Still Here,2024-09-19,9.6423,7.891,1090,pt,Drama|History,8000000,36361572,138,0,0,0,1,0,0,0,0,0,0,2024,1,15.894952224644102,17.40902308816397,2.364836625966656,6.994849985833071,4.5451965
114,Pretty Woman,1990-03-23,10.9191,7.447,9061,en,Romance|Comedy,14000000,463406268,120,0,0,1,0,0,1,0,0,0,0,1990,1,16.454567959008102,19.95411469814036,2.478142155430977,9.111845125227083,33.100447714285714
856,Who Framed Roger Rabbit,1988-06-22,11.8696,7.54,6237,en,Fantasy|Animation|Comedy|Crime,70000000,329800000,104,0,0,1,0,0,0,0,0,1,1,1988,1,18.064005814299346,19.613996971121914,2.554867941093961,8.738414897167749,4.711428571428572
537915,After,2019-04-11,11.6564,7.104,8543,en,Drama|Romance,14000000,69497587,106,0,0,0,1,0,1,0,0,0,0,2019,1,16.454567959008102,18.056802604896816,2.538163016088432,9.052984561199976,4.964113357142857
1018,Mulholland Drive,2001-06-06,10.9181,7.8,7128,en,Thriller|Drama|Mystery,15000000,20289986,147,0,0,0,1,0,0,0,1,0,0,2001,1,16.52356082573315,16.825638071092083,2.478058252959161,8.871926251117628,1.3526657333333334
109439,The Hangover Part III,2013-05-23,11.2726,6.213,9314,en,Comedy,103000000,362000072,100,0,0,1,0,0,0,0,0,0,0,2013,1,18.450239555902648,19.707154971447483,2.507369135215916,9.13938128303569,3.514563805825243
752,V for Vendetta,2006-02-23,12.506,7.901,15698,en,Action|Thriller|Science Fiction,54000000,134686457,132,1,0,0,0,0,0,0,1,0,0,2006,1,17.804494623047066,18.7184601018055,2.60313403115265,9.661352295040318,2.494193648148148
335797,Sing,2016-11-23,11.6329,7.125,8490,en,Animation|Comedy|Family|Music,75000000,634151679,108,0,0,1,0,0,0,0,0,1,0,2016,1,18.132998684833918,20.267798726689687,2.5363045220404286,9.046762057999363,8.45535572
73723,The Lorax,2012-03-01,11.4018,6.538,3922,en,Animation|Family,70000000,349305397,86,0,0,0,0,0,0,0,0,1,0,2012,1,18.064005814299346,19.671457163422325,2.517841623366433,8.274611946209552,4.9900771
508883,The Boy and the Heron,2023-07-14,9.9114,7.392,2704,ja,Animation|Fantasy|Drama,50000000,294200000,124,0,0,0,1,0,0,0,0,1,1,2023,1,17.72753358339242,19.49977036953066,2.389808114252114,7.902857191280582,5.884
1735,The Mummy: Tomb of the Dragon Emperor,2008-07-01,11.5748,5.521,4859,en,Adventure|Action|Fantasy,145000000,403449830,112,1,1,0,0,0,0,0,0,0,1,2008,1,18.7922443072814,19.815562703371604,2.531694811286759,8.48879371689454,2.782412620689655
406990,What Happened to Monday,2017-08-18,9.7685,7.144,6481,en,Science Fiction|Thriller|Mystery|Action,20000000,27975429,123,1,0,0,0,0,0,0,1,0,0,2017,1,16.811242881518265,17.14683718291098,2.3766252057025103,8.776784383701493,1.39877145
46195,Rio,2011-04-03,9.6607,6.767,7236,en,Animation|Adventure|Comedy|Family,90000000,483866772,96,0,1,1,0,0,0,0,0,1,0,2011,1,18.31532023940565,19.997320164392566,2.366564082623054,8.886962034866128,5.376297466666666
460458,Resident Evil: Welcome to Raccoon City,2021-11-24,11.669,5.927,2737,en,Action|Horror|Science Fiction,25000000,41914915,107,1,0,0,0,1,0,0,0,0,0,2021,1,17.034386422832473,17.55115231199626,2.539158064619916,7.914983005848394,1.6765966
98566,Teenage Mutant Ninja Turtles,2014-08-07,9.2443,5.933,7241,en,Science Fiction|Action|Adventure|Comedy,125000000,485004754,101,1,1,1,0,0,0,0,0,0,0,2014,1,18.643824303266577,19.99966925297741,2.3267214533438456,8.887652690325586,3.880038032
804150,Cocaine Bear,2023-02-22,10.6622,5.992,2475,en,Thriller|Comedy|Crime,32500000,88314672,95,0,0,1,0,0,0,0,1,0,0,2023,1,17.296750678069195,18.296416823909556,2.4563528423699394,7.814399633804487,2.717374523076923
646385,Scream,2022-01-12,10.2205,6.7,3940,en,Horror|Mystery,24000000,138874789,114,0,0,0,0,1,0,0,0,0,0,2022,1,16.993564429978885,18.749083293771708,2.417742462381494,8.279189777195004,5.786449541666666
1195506,Novocaine,2025-03-03,11.733,6.784,1664,en,Action|Comedy|Thriller,18000000,34536061,110,1,0,1,0,0,0,0,1,0,0,2025,1,16.705882371415992,17.357514611444007,2.5441970485912986,7.417580402414544,1.9186700555555556
976893,Perfect Days,2023-11-10,10.0612,7.808,1969,ja,Drama,14000000,24094016,124,0,0,0,1,0,0,0,0,0,0,2023,1,16.454567959008102,16.997474110378537,2.4034434893044283,7.585788821732034,1.7210011428571428
754,Face/Off,1997-06-27,11.8568,7.06,5982,en,Action|Crime|Science Fiction,80000000,245700000,139,1,0,0,0,0,0,0,0,0,0,1997,1,18.197537205138154,19.31962184156141,2.5538728542527234,8.696677393390031,3.07125
49047,Gravity,2013-10-03,10.7719,7.172,16460,en,Science Fiction|Thriller|Drama,105000000,723192705,91,0,0,0,1,0,0,0,1,0,0,2013,1,18.46947091764561,20.39918628126129,2.4657153356018804,9.708749225727084,6.887549571428571
318846,The Big Short,2015-12-11,10.5792,7.368,9925,en,Comedy|Drama,28000000,133346506,131,0,0,1,1,0,0,0,0,0,0,2015,1,17.147715103853763,18.708461614023502,2.449210385129726,9.202912856147385,4.762375214285714
283366,Miss Peregrine's Home for Peculiar Children,2016-09-28,10.9379,6.84,10540,en,Adventure|Fantasy,110000000,296482446,127,0,1,0,0,0,0,0,0,0,1,2016,1,18.5159909328476,19.507498573975088,2.4797182130988764,9.26302769425519,2.6952949636363637
36557,Casino Royale,2006-11-14,11.6129,7.574,11803,en,Adventure|Action|Thriller,150000000,599045960,144,1,1,0,0,0,0,0,1,0,0,2006,1,18.826145858727198,20.21084888268541,2.534720099745711,9.376193736062831,3.9936397333333336
417320,Descendants 2,2017-07-21,9.533,7.37,1799,en,Family|Fantasy|TV Movie|Adventure,0,0,111,0,1,0,0,0,0,0,0,0,1,2017,0,0.0,0.0,2.3545131858544046,7.495541943884256,
11006,Smokey and the Bandit,1977-05-27,9.4805,6.989,821,en,Action|Adventure|Comedy,4300000,126700000,96,1,1,1,0,0,0,0,0,0,0,1977,1,15.274125813221904,18.657332653184028,2.349516387678478,6.71174039505618,29.46511627906977
600,Full Metal Jacket,1987-06-26,11.2066,8.117,11576,en,Drama|War,30000000,46357676,117,0,0,0,1,0,0,0,0,0,0,1987,1,17.216707972959764,17.651897467328787,2.501976789066891,9.356775650205728,1.5452558666666667
1560681,Colors of Evil: Black,2026-06-10,10.6409,6.908,130,pl,Thriller|Mystery|Crime,0,0,110,0,0,0,0,0,0,0,1,0,0,2026,0,0.0,0.0,2.4545247589019152,4.875197323201151,
392044,Murder on the Orient Express,2017-11-03,8.8631,6.707,10615,en,Mystery|Drama|Crime,55000000,352800000,114,0,0,0,1,0,0,0,0,0,0,2017,1,17.822843761378564,19.68141188493138,2.2888005208234286,9.270117576012044,6.414545454545454
314,Catwoman,2004-07-22,10.2797,4.637,3643,en,Action|Fantasy|Crime,100000000,82102379,104,1,0,0,0,0,0,0,0,0,1,2004,1,18.420680753952364,18.22347756304024,2.423004649971559,8.200837258379849,0.82102379
1426776,STRAW,2025-06-05,11.7474,7.705,982,en,Thriller|Drama|Crime,0,0,105,0,0,0,1,0,0,0,1,0,0,2025,0,0.0,0.0,2.5453273292409775,6.890609120147166,
274857,King Arthur: Legend of the Sword,2017-05-10,10.3607,6.558,6107,en,Action|Drama|Fantasy,175000000,149175066,126,1,0,0,1,0,0,0,0,0,1,2017,1,18.980296537602072,18.820631120509237,2.4301600311128984,8.717354666338522,0.8524289485714286
8835,Legally Blonde,2001-07-13,10.1022,6.8,4618,en,Comedy,18000000,141778365,96,0,0,1,0,0,0,0,0,0,0,2001,1,16.705882371415992,18.769775593427006,2.4071432868778184,8.437933510430605,7.876575833333334
420809,Maleficent: Mistress of Evil,2019-10-16,10.6386,7.296,6541,en,Family|Fantasy|Adventure,185000000,491730089,119,0,1,0,0,0,0,0,0,0,1,2019,1,19.035866388448003,20.013440526360906,2.454327160155595,8.785998208098329,2.658000481081081
345887,The Equalizer 2,2018-07-19,10.1215,6.795,6051,en,Action|Thriller|Crime,62000000,190400157,121,1,0,0,0,0,0,0,1,0,0,2018,1,17.9426449591384,19.064638510153127,2.408880171811648,8.708144074908246,3.0709702741935483
6477,Alvin and the Chipmunks,2007-12-13,9.9608,5.843,4781,en,Comedy|Family|Fantasy|Animation,60000000,361366633,92,0,0,1,0,0,0,0,0,1,1,2007,1,17.909855136853043,19.70540360756584,2.394325271556762,8.47261414801827,6.022777216666666
810,Shrek the Third,2007-05-17,10.7033,6.313,9872,en,Fantasy|Adventure|Animation|Comedy|Family,160000000,808310187,93,0,1,1,0,0,0,0,0,1,1,2007,1,18.8906843794481,20.510456438855744,2.459870853316777,9.19755903761145,5.05193866875
393,Kill Bill: Vol. 2,2004-04-16,10.046,7.878,15212,en,Action|Crime|Thriller,30000000,152159461,136,1,0,0,0,0,0,0,1,0,0,2004,1,17.216707972959764,18.840439621003263,2.402068371478996,9.62990560446313,5.071982033333334
320,Insomnia,2002-05-24,10.0078,6.956,5383,en,Thriller|Crime|Drama,46000000,113714830,118,0,0,0,1,0,0,0,1,0,0,2002,1,17.6441519761925,18.549204389967976,2.3986041124212854,8.591186871324563,2.4720615217391306
5879,In the Realm of the Senses,1976-09-15,10.544,6.6,741,ja,Drama|Romance,0,7650000,102,0,0,0,1,0,1,0,0,0,0,1976,0,0.0,15.850216336521664,2.4461658214715696,6.60934924316738,
7131,Van Helsing,2004-05-03,11.1037,6.4,6746,en,Horror|Adventure|Action,160000000,300257475,132,1,1,0,0,1,0,0,0,0,0,2004,1,18.8906843794481,19.52015091786501,2.49351119098392,8.816853240627426,1.87660921875
1582770,Dhurandhar: The Revenge,2026-03-18,10.7221,7.342,130,hi,Action|Crime|Thriller,14330000,152900759,229,1,0,0,0,0,0,0,1,0,0,2026,1,16.477865869588022,18.845299641455938,2.4614759489852607,4.875197323201151,10.669976203768318
190859,American Sniper,2014-12-25,10.8111,7.411,13744,en,War|Action,58800000,542300000,133,1,0,0,0,0,0,0,0,0,0,2014,1,17.889652429875657,20.111329913655286,2.469039767277468,9.528430400599346,9.22278911564626
211672,Minions,2015-06-17,10.3119,6.422,11176,en,Family|Animation|Adventure|Comedy,74000000,1159457503,91,0,1,1,0,0,0,0,0,1,0,2015,1,18.119575664681957,20.87121806370793,2.425855268945411,9.321613374385612,15.668344635135135
141,Donnie Darko,2001-01-19,10.6614,7.762,13533,en,Fantasy|Drama|Mystery,4500000,7500000,114,0,0,0,1,0,0,0,0,0,1,2001,1,15.319588176962746,15.830413711839864,2.456284242325322,9.51296031679217,1.6666666666666667
36648,Blade: Trinity,2004-12-08,11.5463,5.863,4373,en,Action|Horror|Science Fiction,65000000,128905366,113,1,0,0,0,1,0,0,0,0,0,2004,1,17.989897843244528,18.674589103970472,2.52942580139249,8.383433201236713,1.983159476923077
930094,"Red, White & Royal Blue",2023-07-27,9.6792,7.9,1595,en,Comedy|Romance,20000000,0,118,0,0,1,0,0,1,0,0,0,0,2023,1,16.811242881518265,0.0,2.3682979243593856,7.3752557780097545,0.0
335977,Indiana Jones and the Dial of Destiny,2023-06-25,9.9313,6.511,4234,en,Adventure|Action,294700000,383963057,155,1,1,0,0,0,0,0,0,0,0,2023,1,19.501468451101204,19.766056902799182,2.391630233816624,8.351138607086154,1.3028946623685103
453,A Beautiful Mind,2001-12-14,11.3705,7.854,11185,en,Drama|Romance,58000000,316791257,135,0,0,0,1,0,1,0,0,0,0,2001,1,17.87595358575207,19.573753622826835,2.5153146059593827,9.322418275381533,5.461918224137931
56292,Mission: Impossible - Ghost Protocol,2011-12-07,10.6971,7.115,10856,en,Action|Thriller|Adventure,145000000,694713380,133,1,1,0,0,0,0,0,1,0,0,2011,1,18.7922443072814,20.359009917029358,2.4593409478326755,9.292565312231853,4.79112675862069
758330,"Good Luck to You, Leo Grande",2022-06-16,10.3442,6.982,691,en,Romance|Drama,0,7589829,97,0,0,0,1,0,1,0,0,0,0,2022,0,0.0,15.842319751229013,2.428706600099801,6.539585955617669,
168259,Furious 7,2015-04-01,13.139,7.217,11374,en,Action|Crime|Thriller,190000000,1515400000,138,1,0,0,0,0,0,0,1,0,0,2015,1,19.06253463538792,21.13894526812144,2.6489369366097035,9.33917324381915,7.975789473684211
1428990,This Is Not a Test,2026-02-20,10.665,5.457,70,en,Thriller|Horror,0,150000,102,0,0,0,0,1,0,0,1,0,0,2026,0,0.0,11.918397239722838,2.4565929054733933,4.2626798770413155,
76493,The Dictator,2012-05-15,10.2182,6.239,6518,en,Comedy,65000000,179379533,83,0,0,1,0,0,0,0,0,0,0,2012,1,17.989897843244528,19.00501442081376,2.4175374594171464,8.782476268924539,2.759685123076923
676,Pearl Harbor,2001-05-21,9.2818,6.936,7076,en,War|History|Drama,140000000,449220945,183,0,0,0,1,0,0,0,0,0,0,2001,1,18.757152987716434,19.923025409305108,2.330375341975545,8.864605368075784,3.208721035714286
467244,The Zone of Interest,2023-12-15,11.414,7.01,2667,en,Drama|History|War,15000000,52631884,105,0,0,0,1,0,0,0,0,0,0,2023,1,16.52356082573315,17.778832672763063,2.518824867991461,7.889084407035514,3.5087922666666667
579974,RRR,2022-03-24,9.9692,7.709,1631,te,Action|History|Drama,69000000,160000000,187,1,0,0,1,0,0,0,0,0,0,2022,1,18.049617077054286,18.8906843794481,2.3950913454656364,7.397561535524052,2.318840579710145
10066,House of Wax,2005-05-05,11.6095,6.038,3396,en,Horror|Thriller|Mystery,40000000,68766121,113,0,0,0,0,1,0,0,1,0,0,2005,1,17.50439003707821,18.04622176883788,2.534450498120125,8.130647968160584,1.719153025
37135,Tarzan,1999-06-17,9.8857,7.4,7397,en,Animation|Family|Adventure,130000000,448200000,88,0,1,0,0,0,0,0,0,1,0,1999,1,18.683045016112164,19.920750121562246,2.387450001300468,8.908964972392399,3.4476923076923076
225886,Sex Tape,2014-07-17,9.3421,5.404,4241,en,Comedy,40000000,126069509,94,0,0,1,0,0,0,0,0,0,0,2014,1,17.50439003707821,18.652343979470306,2.3362229432368937,8.352790135124629,3.151737725
616,The Last Samurai,2003-12-05,11.0309,7.61,7635,en,Drama|Action|War,140000000,456800000,154,1,0,0,1,0,0,0,0,0,0,2003,1,18.757152987716434,19.939756218495216,2.487478340155818,8.940629184845639,3.262857142857143
404368,Ralph Breaks the Internet,2018-11-20,11.7175,7.158,8176,en,Action|Adventure|Animation|Comedy|Family|Science Fiction,175000000,529323962,112,1,1,1,0,0,0,0,0,1,0,2018,1,18.980296537602072,20.087111208805503,2.542978997714783,9.009080614161977,3.0247083542857145
330459,Rogue One: A Star Wars Story,2016-12-14,10.9407,7.509,16540,en,Action|Adventure|Science Fiction,200000000,1056057273,133,1,1,0,0,0,0,0,0,0,0,2016,1,19.11382792951231,20.777808257502148,2.4799527327116535,9.713597426242222,5.280286365
664413,365 Days,2020-02-07,10.1454,6.991,9555,pl,Romance|Drama|Crime,0,9458590,114,0,0,0,1,0,1,0,0,0,0,2020,0,0.0,16.062433987017414,2.4110268567276543,9.1649245084457,
408,Snow White and the Seven Dwarfs,1938-01-22,10.3958,7.1,8030,en,Fantasy|Animation|Family,1488423,184925486,83,0,0,0,0,0,0,0,0,1,1,1938,1,14.213228400022265,19.035463528934805,2.4332448664641086,8.991064332188461,124.24256142239135
950,Ice Age: The Meltdown,2006-03-29,11.3723,6.725,10424,en,Animation|Family|Comedy|Adventure,80000000,660998756,91,0,1,1,0,0,0,0,0,1,0,2006,1,18.197537205138154,20.309262517330076,2.5154601028314567,9.251962046667002,8.26248445
26817,Sex and the Single Girl,1964-12-25,10.7848,6.554,83,en,Comedy|Romance,0,0,110,0,0,1,0,0,1,0,0,0,0,1964,0,0.0,0.0,2.4668105655185917,4.430816798843313,
884605,No Hard Feelings,2023-06-15,10.1913,6.679,3923,en,Comedy|Romance,45000000,83000000,103,0,0,1,0,0,1,0,0,0,0,2023,1,17.622173069956816,18.234351177809064,2.4151366907324125,8.274866820685254,1.8444444444444446
76757,Jupiter Ascending,2015-02-04,9.4893,5.471,7163,en,Science Fiction|Fantasy|Action,176000000,184000000,127,1,0,0,0,0,0,0,0,0,1,2015,1,18.985994558684244,19.030446321008043,2.3503556899623894,8.876823763180603,1.0454545454545454
84892,The Perks of Being a Wallflower,2012-09-20,10.3718,7.805,11308,en,Drama,13000000,33384127,103,0,0,0,1,0,0,0,0,0,0,2012,1,16.380459992348886,17.323591135418233,2.4311366065781725,9.333354147871328,2.5680097692307693
297090,The Torture Club,2014-07-19,10.7979,5.235,51,ja,Drama|Comedy,0,0,97,0,0,1,1,0,0,0,0,0,0,2014,0,0.0,0.0,2.4679215495320785,3.9512437185814275,
122906,About Time,2013-09-04,10.4932,7.907,9359,en,Drama|Romance|Fantasy,12000000,87100449,123,0,0,0,1,0,1,0,0,0,1,2013,1,16.300417291085605,18.2825726082847,2.441755556132017,9.144200569471638,7.25837075
70160,The Hunger Games,2012-03-12,10.3149,7.224,23458,en,Science Fiction|Adventure|Action|Thriller,75000000,694000000,142,1,1,0,0,0,0,0,1,0,0,2012,1,18.132998684833918,20.357982519912,2.426120441220552,10.063009495553013,9.253333333333334
565770,Blue Beetle,2023-08-16,10.0264,6.633,3165,en,Action|Science Fiction|Adventure,104000000,130788072,128,1,1,0,0,0,0,0,0,0,0,2023,1,18.459901466721032,18.689088807814475,2.400292397398092,8.060224240440958,1.2575776153846154
439079,The Nun,2018-09-05,12.3595,5.908,7232,en,Horror,22000000,366082797,96,0,0,0,0,1,0,0,0,0,0,2018,1,16.906553056777135,19.718370089824557,2.5922277422584608,8.886409166849282,16.640127136363635
365177,Borderlands,2024-08-07,10.8459,5.573,1526,en,Action|Science Fiction|Comedy,115000000,33017367,101,1,0,1,0,0,0,0,0,0,0,2024,1,18.560442695023177,17.312544284012194,2.471981816151069,7.3310603052186325,0.2871075391304348
353081,Mission: Impossible - Fallout,2018-07-25,10.9783,7.5,9224,en,Action|Adventure,178000000,824171374,147,1,1,0,0,0,0,0,0,0,0,2018,1,18.997294113874336,20.529889045617967,2.483096679446142,9.129672468908728,4.630176258426967
127380,Finding Dory,2016-06-16,10.9634,7.042,12731,en,Adventure|Animation|Family,200000000,1029266989,97,0,1,0,0,0,0,0,0,1,0,2016,1,19.11382792951231,20.752112725643457,2.4818519890587716,9.451873788401983,5.146334945
8689,Cannibal Holocaust,1980-02-07,10.1217,6.248,1894,it,Horror,100000,2000000,95,0,0,0,0,1,0,0,0,0,0,1980,1,11.51293546492023,14.508658238524095,2.408898154835674,7.546974117516527,20.0
38575,The Karate Kid,2010-06-10,10.1454,6.568,6625,en,Action|Adventure|Drama|Family,40000000,359126022,140,1,1,0,1,0,0,0,0,0,0,2010,1,17.50439003707821,19.699183923849994,2.4110268567276543,8.798756582859841,8.97815055
177677,Mission: Impossible - Rogue Nation,2015-07-28,11.1582,7.226,9798,en,Action|Adventure,150000000,682716636,131,1,1,0,0,0,0,0,0,0,0,2015,1,18.826145858727198,20.341590451507134,2.4980038392652553,9.190035618635818,4.55144424
506574,Descendants 3,2019-08-02,9.7466,7.682,1636,en,Family|TV Movie|Adventure|Fantasy,15000000,0,106,0,1,0,0,0,0,0,0,0,1,2019,1,16.52356082573315,0.0,2.3745894254771307,7.400620577371135,0.0
1621,Trading Places,1983-06-07,10.9426,7.232,3700,en,Comedy,15000000,90404800,116,0,0,1,0,0,0,0,0,0,0,1983,1,16.52356082573315,18.319807932359282,2.4801118397030666,8.216358332386156,6.026986666666667
762504,Nope,2022-07-20,8.7574,6.827,5004,en,Horror|Science Fiction,68000000,171932082,130,0,0,0,0,1,0,0,0,0,0,2022,1,18.035018277846262,18.96261009051844,2.278025971493342,8.518192691749322,2.5284129705882354
10830,Matilda,1996-08-02,10.7257,7.18,4859,en,Comedy|Family|Fantasy,36000000,33500000,98,0,0,1,0,0,0,0,0,0,1,1996,1,17.399029524198163,17.32705602664604,2.461783014042817,8.48879371689454,0.9305555555555556
893723,PAW Patrol: The Mighty Movie,2023-09-21,10.1262,6.943,570,en,Adventure|Animation|Comedy|Family|Science Fiction,30000000,202231360,88,0,1,1,0,0,0,0,0,1,0,2023,1,17.216707972959764,19.12492295143602,2.409302687403814,6.3473892096560105,6.741045333333333
1022796,Wish,2023-11-13,11.3871,6.219,1803,en,Animation|Family|Fantasy|Adventure,175000000,254997360,95,0,1,0,0,0,0,0,0,1,1,2023,1,18.980296537602072,19.356763754049542,2.5166556085192133,7.4977617006225685,1.4571277714285715
273477,Scouts Guide to the Zombie Apocalypse,2015-10-23,10.4278,6.585,2153,en,Comedy|Horror,15000000,14900000,93,0,0,1,0,1,0,0,0,0,0,2015,1,16.52356082573315,16.51687183802978,2.4360489833403407,7.675081857716334,0.9933333333333333
153104,Wicked Minds,2003-03-01,10.9505,6.34,53,en,Mystery|Drama|Romance|Thriller|TV Movie,0,0,93,0,0,0,1,0,1,0,1,0,0,2003,0,0.0,0.0,2.4807731185063933,3.9889840465642745,
336843,Maze Runner: The Death Cure,2018-01-10,10.7646,7.082,8481,en,Science Fiction|Action|Adventure|Thriller,62000000,288418190,143,1,1,0,0,0,0,0,1,0,0,2018,1,17.9426449591384,19.479922036975346,2.46509502245132,9.045701550034536,4.6519062903225805
