Date,Adj Close,Close,High,Low,Open,Volume,Ticker
2019-01-02,37.46921157836914,39.47999954223633,39.712501525878906,38.557498931884766,38.72249984741211,148158800,AAPL
2019-01-03,33.73698806762695,35.54750061035156,36.43000030517578,35.5,35.994998931884766,365248800,AAPL
2019-01-04,35.17720413208008,37.064998626708984,37.13750076293945,35.95000076293945,36.13249969482422,234428400,AAPL
2019-01-07,35.09891128540039,36.98249816894531,37.20750045776367,36.474998474121094,37.17499923706055,219111200,AAPL
2019-01-08,35.76799392700195,37.6875,37.95500183105469,37.130001068115234,37.38999938964844,164101200,AAPL
2019-01-09,36.37540817260742,38.32749938964844,38.63249969482422,37.407501220703125,37.8224983215332,180396400,AAPL
2019-01-10,36.491661071777344,38.45000076293945,38.49250030517578,37.71500015258789,38.125,143122800,AAPL
2019-01-11,36.133392333984375,38.0724983215332,38.42499923706055,37.877498626708984,38.220001220703125,108092800,AAPL
2019-01-14,35.59005355834961,37.5,37.817501068115234,37.30500030517578,37.712501525878906,129756800,AAPL
2019-01-15,36.318450927734375,38.26750183105469,38.34749984741211,37.51250076293945,37.567501068115234,114843600,AAPL
2019-01-16,36.76215362548828,38.73500061035156,38.970001220703125,38.25,38.27000045776367,122278800,AAPL
2019-01-17,36.98044204711914,38.96500015258789,39.415000915527344,38.314998626708984,38.54999923706055,119284800,AAPL
2019-01-18,37.208221435546875,39.20500183105469,39.470001220703125,38.994998931884766,39.375,135004000,AAPL
2019-01-22,36.3730354309082,38.32500076293945,39.182498931884766,38.154998779296875,39.102500915527344,121576000,AAPL
2019-01-23,36.5201301574707,38.47999954223633,38.78499984741211,37.92499923706055,38.537498474121094,92522400,AAPL
2019-01-24,36.230674743652344,38.17499923706055,38.619998931884766,37.935001373291016,38.52750015258789,101766000,AAPL
2019-01-25,37.431243896484375,39.439998626708984,39.532501220703125,38.58000183105469,38.869998931884766,134142000,AAPL
2019-01-28,37.0848388671875,39.07500076293945,39.08250045776367,38.415000915527344,38.9474983215332,104768400,AAPL
2019-01-29,36.70045852661133,38.66999816894531,39.532501220703125,38.52750015258789,39.0625,166348800,AAPL
2019-01-30,39.20836639404297,41.3125,41.537498474121094,40.057498931884766,40.8125,244439200,AAPL
2019-01-31,39.49071502685547,41.61000061035156,42.25,41.13999938964844,41.52750015258789,162958400,AAPL
2019-02-01,39.50969314575195,41.630001068115234,42.244998931884766,41.48249816894531,41.7400016784668,130672400,AAPL
2019-02-04,40.63197326660156,42.8125,42.915000915527344,41.81999969482422,41.852500915527344,125982000,AAPL
2019-02-05,41.32716751098633,43.54499816894531,43.77000045776367,43.087501525878906,43.21500015258789,144406400,AAPL
2019-02-06,41.34140396118164,43.560001373291016,43.89250183105469,43.212501525878906,43.662498474121094,112958400,AAPL
2019-02-07,40.55841827392578,42.73500061035156,43.48500061035156,42.584999084472656,43.099998474121094,126966800,AAPL
2019-02-08,40.606082916259766,42.602500915527344,42.665000915527344,42.10499954223633,42.247501373291016,95280000,AAPL
2019-02-11,40.37255859375,42.35749816894531,42.8025016784668,42.3125,42.76250076293945,83973600,AAPL
2019-02-12,40.7204475402832,42.72249984741211,42.75,42.42499923706055,42.525001525878906,89134000,AAPL
2019-02-13,40.551273345947266,42.54499816894531,43.119998931884766,42.47999954223633,42.84749984741211,89960800,AAPL
2019-02-14,40.69900131225586,42.70000076293945,42.814998626708984,42.345001220703125,42.4275016784668,87342800,AAPL
2019-02-15,40.60846710205078,42.60499954223633,42.92499923706055,42.4375,42.8125,98507200,AAPL
2019-02-19,40.72996520996094,42.73249816894531,42.86000061035156,42.372501373291016,42.4275016784668,75891200,AAPL
2019-02-20,40.992095947265625,43.00749969482422,43.33000183105469,42.747501373291016,42.79750061035156,104457600,AAPL
2019-02-21,40.760955810546875,42.76499938964844,43.092498779296875,42.57500076293945,42.95000076293945,68998800,AAPL
2019-02-22,41.21607971191406,43.24250030517578,43.25,42.845001220703125,42.89500045776367,75652800,AAPL
2019-02-25,41.516319274902344,43.557498931884766,43.967498779296875,43.48749923706055,43.540000915527344,87493600,AAPL
2019-02-26,41.54016876220703,43.58250045776367,43.82500076293945,43.29249954223633,43.4275016784668,68280800,AAPL
2019-02-27,41.66883087158203,43.717498779296875,43.75,43.182498931884766,43.3025016784668,111341600,AAPL
2019-02-28,41.25897216796875,43.287498474121094,43.727500915527344,43.22999954223633,43.58000183105469,112861600,AAPL
2019-03-01,41.69266128540039,43.74250030517578,43.787498474121094,43.22249984741211,43.56999969482422,103544800,AAPL
2019-03-04,41.902347564697266,43.962501525878906,44.4375,43.49250030517578,43.92250061035156,109744800,AAPL
2019-03-05,41.82609939575195,43.88249969482422,44.0,43.6349983215332,43.98500061035156,78949600,AAPL
2019-03-06,41.58542251586914,43.630001068115234,43.872501373291016,43.48500061035156,43.66749954223633,83241600,AAPL
2019-03-07,41.104103088378906,43.125,43.61000061035156,43.005001068115234,43.467498779296875,99185600,AAPL
2019-03-08,41.201786041259766,43.227500915527344,43.26750183105469,42.375,42.58000183105469,95997600,AAPL
2019-03-11,42.62910079956055,44.724998474121094,44.779998779296875,43.837501525878906,43.872501373291016,128044000,AAPL
2019-03-12,43.108062744140625,45.227500915527344,45.66749954223633,44.842498779296875,45.0,129870400,AAPL
2019-03-13,43.29869842529297,45.4275016784668,45.82500076293945,45.22999954223633,45.5625,124130000,AAPL
2019-03-14,43.780029296875,45.932498931884766,46.025001525878906,45.63999938964844,45.974998474121094,94318000,AAPL
2019-03-15,44.34952163696289,46.529998779296875,46.83250045776367,45.935001373291016,46.212501525878906,156171600,AAPL
2019-03-18,44.80228042602539,47.005001068115234,47.09749984741211,46.4474983215332,46.45000076293945,104879200,AAPL
2019-03-19,44.44722366333008,46.63249969482422,47.247501373291016,46.47999954223633,47.087501525878906,126585600,AAPL
2019-03-20,44.83562469482422,47.040000915527344,47.372501373291016,46.182498931884766,46.557498931884766,124140800,AAPL
2019-03-21,46.486942291259766,48.772499084472656,49.08250045776367,47.45249938964844,47.505001068115234,204136800,AAPL
2019-03-22,45.524261474609375,47.76250076293945,49.42250061035156,47.69499969482422,48.834999084472656,169630800,AAPL
2019-03-25,44.97383499145508,47.185001373291016,47.994998931884766,46.650001525878906,47.877498626708984,175381200,AAPL
2019-03-26,44.509178161621094,46.6974983215332,48.220001220703125,46.14500045776367,47.915000915527344,199202000,AAPL
2019-03-27,44.90949249267578,47.11750030517578,47.439998626708984,46.63750076293945,47.1875,119393600,AAPL
2019-03-28,44.96906661987305,47.18000030517578,47.38999938964844,46.88249969482422,47.23749923706055,83121600,AAPL
2019-03-29,45.26215362548828,47.48749923706055,47.52000045776367,47.1349983215332,47.45750045776367,94256000,AAPL
2019-04-01,45.569549560546875,47.810001373291016,47.91999816894531,47.095001220703125,47.90999984741211,111448000,AAPL
2019-04-02,46.23197937011719,48.505001068115234,48.6150016784668,47.76250076293945,47.772499084472656,91062800,AAPL
2019-04-03,46.54890060424805,48.837501525878906,49.125,48.287498474121094,48.3125,93087200,AAPL
2019-04-04,46.62990951538086,48.92250061035156,49.092498779296875,48.28499984741211,48.6974983215332,76457200,AAPL
2019-04-05,46.94207000732422,49.25,49.275001525878906,48.98249816894531,49.11249923706055,74106400,AAPL
2019-04-08,47.68075942993164,50.025001525878906,50.057498931884766,49.084999084472656,49.10499954223633,103526800,AAPL
2019-04-09,47.53776931762695,49.875,50.712501525878906,49.807498931884766,50.08000183105469,143072800,AAPL
2019-04-10,47.804656982421875,50.154998779296875,50.185001373291016,49.54499816894531,49.66999816894531,86781200,AAPL
2019-04-11,47.40671920776367,49.73749923706055,50.25,49.61000061035156,50.212501525878906,83603200,AAPL
2019-04-12,47.387657165527344,49.717498779296875,50.03499984741211,49.0525016784668,49.79999923706055,111042800,AAPL
2019-04-15,47.47344970703125,49.807498931884766,49.962501525878906,49.502498626708984,49.64500045776367,70146400,AAPL
2019-04-16,47.478206634521484,49.8125,50.342498779296875,49.63999938964844,49.8650016784668,102785600,AAPL
2019-04-17,48.402748107910156,50.782501220703125,50.845001220703125,49.65250015258789,49.8849983215332,115627200,AAPL
2019-04-18,48.576698303222656,50.96500015258789,51.037498474121094,50.630001068115234,50.779998779296875,96783200,AAPL
2019-04-22,48.73634338378906,51.13249969482422,51.23500061035156,50.584999084472656,50.70750045776367,77758000,AAPL
2019-04-23,49.43928146362305,51.869998931884766,51.9375,50.974998474121094,51.10749816894531,93292000,AAPL
2019-04-24,49.363037109375,51.790000915527344,52.119998931884766,51.76250076293945,51.84000015258789,70162400,AAPL
2019-04-25,48.915061950683594,51.31999969482422,51.939998626708984,51.279998779296875,51.70750045776367,74172800,AAPL
2019-04-26,48.68153762817383,51.07500076293945,51.25,50.529998779296875,51.224998474121094,74596400,AAPL
2019-04-29,48.75541687011719,51.15250015258789,51.49250030517578,50.96500015258789,51.099998474121094,88818800,AAPL
2019-04-30,47.816566467285156,50.16749954223633,50.849998474121094,49.77750015258789,50.76499938964844,186139600,AAPL
2019-05-01,50.16368865966797,52.630001068115234,53.82749938964844,52.307498931884766,52.470001220703125,259309200,AAPL
2019-05-02,49.837215423583984,52.287498474121094,53.162498474121094,52.032501220703125,52.459999084472656,127985200,AAPL
2019-05-03,50.456756591796875,52.9375,52.959999084472656,52.557498931884766,52.72249984741211,83569600,AAPL
2019-05-06,49.67758560180664,52.119998931884766,52.209999084472656,50.875,51.0724983215332,129772400,AAPL
2019-05-07,48.33839797973633,50.71500015258789,51.85499954223633,50.20750045776367,51.470001220703125,155054800,AAPL
2019-05-08,48.34794616699219,50.724998474121094,51.334999084472656,50.4375,50.474998474121094,105358000,AAPL
2019-05-09,47.828495025634766,50.18000030517578,50.41999816894531,49.165000915527344,50.099998474121094,139634400,AAPL
2019-05-10,47.1658935546875,49.29499816894531,49.712501525878906,48.192501068115234,49.35499954223633,164834800,AAPL
2019-05-13,44.42463302612305,46.43000030517578,47.369998931884766,45.712501525878906,46.9275016784668,229722400,AAPL
2019-05-14,45.127891540527344,47.165000915527344,47.42499923706055,46.352500915527344,46.602500915527344,146118800,AAPL
2019-05-15,45.66849136352539,47.72999954223633,47.9375,46.505001068115234,46.567501068115234,106178800,AAPL
2019-05-16,45.46757125854492,47.52000045776367,48.11750030517578,47.209999084472656,47.477500915527344,132125600,AAPL
2019-05-17,45.20922088623047,47.25,47.724998474121094,46.689998626708984,46.73249816894531,131516400,AAPL
2019-05-20,43.795536041259766,45.772499084472656,46.087501525878906,45.06999969482422,45.880001068115234,154449200,AAPL
2019-05-21,44.6351318359375,46.650001525878906,47.0,46.17499923706055,46.30500030517578,113459200,AAPL
2019-05-22,43.72138214111328,45.69499969482422,46.4275016784668,45.63750076293945,46.165000915527344,118994400,AAPL
2019-05-23,42.97507095336914,44.915000915527344,45.1349983215332,44.45249938964844,44.95000076293945,146118800,AAPL
2019-05-24,42.810020446777344,44.74250030517578,45.53499984741211,44.654998779296875,45.04999923706055,94858800,AAPL
2019-05-28,42.63301086425781,44.557498931884766,45.147499084472656,44.477500915527344,44.72999954223633,111792800,AAPL
2019-05-29,42.4296875,44.345001220703125,44.837501525878906,44.0,44.10499954223633,113924800,AAPL
2019-05-30,42.64976501464844,44.57500076293945,44.807498931884766,44.16749954223633,44.48749923706055,84873600,AAPL
2019-05-31,41.877140045166016,43.76750183105469,44.497501373291016,43.747501373291016,44.057498931884766,108174400,AAPL
2019-06-03,41.45375061035156,43.32500076293945,44.47999954223633,42.567501068115234,43.900001525878906,161584400,AAPL
2019-06-04,42.97029113769531,44.90999984741211,44.95750045776367,43.630001068115234,43.86000061035156,123872000,AAPL
2019-06-05,43.663970947265625,45.6349983215332,46.247501373291016,45.28499984741211,46.06999969482422,119093600,AAPL
2019-06-06,44.30503845214844,46.30500030517578,46.36750030517578,45.537498474121094,45.77000045776367,90105200,AAPL
2019-06-07,45.484310150146484,47.537498474121094,47.97999954223633,46.442501068115234,46.627498626708984,122737600,AAPL
2019-06-10,46.06555938720703,48.14500045776367,48.842498779296875,47.904998779296875,47.95249938964844,104883600,AAPL
2019-06-11,46.59898376464844,48.70249938964844,49.0,48.400001525878906,48.71500015258789,107731600,AAPL
2019-06-12,46.450679779052734,48.54750061035156,48.99250030517578,48.34749984741211,48.48749923706055,73012800,AAPL
2019-06-13,46.44111633300781,48.537498474121094,49.1974983215332,48.400001525878906,48.67499923706055,86698400,AAPL
2019-06-14,46.10383987426758,48.185001373291016,48.397499084472656,47.57500076293945,47.88750076293945,75046000,AAPL
2019-06-17,46.37893295288086,48.47249984741211,48.7400016784668,48.04249954223633,48.224998474121094,58676400,AAPL
2019-06-18,47.46968078613281,49.61249923706055,50.0724983215332,48.8025016784668,49.01250076293945,106204000,AAPL
2019-06-19,47.3309440612793,49.467498779296875,49.970001220703125,49.32749938964844,49.91999816894531,84496800,AAPL
2019-06-20,47.71127700805664,49.8650016784668,50.15250015258789,49.50749969482422,50.092498779296875,86056000,AAPL
2019-06-21,47.54862594604492,49.69499969482422,50.212501525878906,49.537498474121094,49.70000076293945,191202400,AAPL
2019-06-24,47.50077819824219,49.64500045776367,50.040000915527344,49.54249954223633,49.6349983215332,72881600,AAPL
2019-06-25,46.78077697753906,48.89250183105469,49.814998626708984,48.8224983215332,49.60749816894531,84281200,AAPL
2019-06-26,47.79261779785156,49.95000076293945,50.247501373291016,49.337501525878906,49.442501068115234,104270000,AAPL
2019-06-27,47.778255462646484,49.935001373291016,50.39250183105469,49.89250183105469,50.0724983215332,83598800,AAPL
2019-06-28,47.3429069519043,49.47999954223633,49.875,49.26250076293945,49.66999816894531,124442400,AAPL
2019-07-01,48.21120834350586,50.38750076293945,51.122501373291016,50.162498474121094,50.79249954223633,109012000,AAPL
2019-07-02,48.49346923828125,50.682498931884766,50.782501220703125,50.34000015258789,50.352500915527344,67740800,AAPL
2019-07-03,48.89533233642578,51.102500915527344,51.11000061035156,50.67250061035156,50.81999969482422,45448000,AAPL
2019-07-05,48.85226821899414,51.057498931884766,51.27000045776367,50.724998474121094,50.837501525878906,69062000,AAPL
2019-07-08,47.84523010253906,50.005001068115234,50.349998474121094,49.602500915527344,50.20249938964844,101354400,AAPL
2019-07-09,48.13705062866211,50.310001373291016,50.377498626708984,49.70249938964844,49.79999923706055,82312000,AAPL
2019-07-10,48.613067626953125,50.807498931884766,50.932498931884766,50.38999938964844,50.462501525878906,71588400,AAPL
2019-07-11,48.259056091308594,50.4375,51.09749984741211,50.4275016784668,50.82749938964844,80767200,AAPL
2019-07-12,48.62981033325195,50.82500076293945,51.0,50.54999923706055,50.61249923706055,70380800,AAPL
2019-07-15,49.08667755126953,51.3025016784668,51.467498779296875,51.0,51.022499084472656,67789600,AAPL
2019-07-16,48.91685104370117,51.125,51.52750015258789,50.875,51.147499084472656,67467200,AAPL
2019-07-17,48.64176940917969,50.837501525878906,51.272499084472656,50.817501068115234,51.01250076293945,56430000,AAPL
2019-07-18,49.194332122802734,51.415000915527344,51.470001220703125,50.92499923706055,51.0,74162400,AAPL
2019-07-19,48.45998001098633,50.647499084472656,51.625,50.59000015258789,51.4474983215332,83717200,AAPL
2019-07-22,49.56747817993164,51.80500030517578,51.807498931884766,50.90250015258789,50.912498474121094,89111600,AAPL
2019-07-23,49.95499801635742,52.209999084472656,52.227500915527344,51.8224983215332,52.1150016784668,73420800,AAPL
2019-07-24,49.914337158203125,52.16749954223633,52.287498474121094,51.79249954223633,51.91749954223633,59966400,AAPL
2019-07-25,49.51964569091797,51.755001068115234,52.310001373291016,51.682498931884766,52.22249984741211,55638400,AAPL
2019-07-26,49.69187545776367,51.935001373291016,52.432498931884766,51.78499984741211,51.869998931884766,70475600,AAPL
2019-07-29,50.155914306640625,52.41999816894531,52.65999984741211,52.11000061035156,52.1150016784668,86693600,AAPL
2019-07-30,49.94064712524414,52.19499969482422,52.540000915527344,51.82749938964844,52.189998626708984,135742800,AAPL
2019-07-31,50.959632873535156,53.2599983215332,55.342498779296875,52.82500076293945,54.10499954223633,277125600,AAPL
2019-08-01,49.8569221496582,52.10749816894531,54.50749969482422,51.685001373291016,53.474998474121094,216071600,AAPL
2019-08-02,48.80204391479492,51.005001068115234,51.60749816894531,50.407501220703125,51.38249969482422,163448400,AAPL
2019-08-05,46.24736022949219,48.334999084472656,49.662498474121094,48.14500045776367,49.497501373291016,209572000,AAPL
2019-08-06,47.12284469604492,49.25,49.51750183105469,48.5099983215332,49.07749938964844,143299200,AAPL
2019-08-07,47.610809326171875,49.7599983215332,49.88999938964844,48.45500183105469,48.852500915527344,133457600,AAPL
2019-08-08,48.66091537475586,50.85749816894531,50.88249969482422,49.84749984741211,50.04999923706055,108038000,AAPL
2019-08-09,48.25992202758789,50.247501373291016,50.689998626708984,49.8224983215332,50.32500076293945,98478800,AAPL
2019-08-12,48.1374626159668,50.119998931884766,50.51250076293945,49.787498474121094,49.904998779296875,89927600,AAPL
2019-08-13,50.17601776123047,52.24250030517578,53.03499984741211,50.119998931884766,50.255001068115234,188874000,AAPL
2019-08-14,48.68251419067383,50.6875,51.61000061035156,50.647499084472656,50.790000915527344,146189600,AAPL
2019-08-15,48.44001007080078,50.435001373291016,51.28499984741211,49.91749954223633,50.8650016784668,108909600,AAPL
2019-08-16,49.58293151855469,51.625,51.790000915527344,50.959999084472656,51.06999969482422,110481600,AAPL
2019-08-19,50.507362365722656,52.587501525878906,53.182498931884766,52.50749969482422,52.654998779296875,97654400,AAPL
2019-08-20,50.5097541809082,52.59000015258789,53.337501525878906,52.58000183105469,52.720001220703125,107537200,AAPL
2019-08-21,51.05721664428711,53.15999984741211,53.412498474121094,52.900001525878906,53.247501373291016,86141600,AAPL
2019-08-22,51.014015197753906,53.1150016784668,53.61000061035156,52.6875,53.29750061035156,89014800,AAPL
2019-08-23,48.656097412109375,50.65999984741211,53.01250076293945,50.25,52.35749816894531,187272000,AAPL
2019-08-26,49.58053970336914,51.622501373291016,51.79750061035156,51.26499938964844,51.46500015258789,104174400,AAPL
2019-08-27,49.02106475830078,51.040000915527344,52.13750076293945,50.88249969482422,51.96500015258789,103493200,AAPL
2019-08-28,49.35002517700195,51.38249969482422,51.43000030517578,50.83000183105469,51.025001525878906,63755200,AAPL
2019-08-29,50.18560791015625,52.252498626708984,52.33000183105469,51.665000915527344,52.125,83962000,AAPL
2019-08-30,50.12078857421875,52.185001373291016,52.61249923706055,51.79999923706055,52.540000915527344,84573600,AAPL
2019-09-03,49.390846252441406,51.42499923706055,51.744998931884766,51.05500030517578,51.60749816894531,80092000,AAPL
2019-09-04,50.22882843017578,52.29750061035156,52.369998931884766,51.83000183105469,52.09749984741211,76752400,AAPL
2019-09-05,51.21088790893555,53.31999969482422,53.49250030517578,52.877498626708984,53.0,95654800,AAPL
2019-09-06,51.20608901977539,53.314998626708984,53.60499954223633,53.127498626708984,53.51250076293945,77449200,AAPL
2019-09-09,51.424591064453125,53.54249954223633,54.11000061035156,52.76750183105469,53.709999084472656,109237600,AAPL
2019-09-10,52.03207778930664,54.17499923706055,54.19499969482422,52.9275016784668,53.46500015258789,127111600,AAPL
2019-09-11,53.686431884765625,55.897499084472656,55.9275016784668,54.432498931884766,54.51750183105469,177158400,AAPL
2019-09-12,53.56636428833008,55.772499084472656,56.60499954223633,55.71500015258789,56.20000076293945,128906800,AAPL
2019-09-13,52.52428436279297,54.6875,55.1974983215332,54.255001068115234,55.0,159053200,AAPL
2019-09-16,52.80042266845703,54.974998474121094,55.032501220703125,54.38999938964844,54.432498931884766,84632400,AAPL
2019-09-17,52.99251937866211,55.17499923706055,55.20500183105469,54.779998779296875,54.9900016784668,73274800,AAPL
2019-09-18,53.489540100097656,55.692501068115234,55.712501525878906,54.86000061035156,55.26499938964844,101360000,AAPL
2019-09-19,53.0549430847168,55.2400016784668,55.939998626708984,55.092498779296875,55.502498626708984,88242400,AAPL
2019-09-20,52.279388427734375,54.432498931884766,55.63999938964844,54.36750030517578,55.345001220703125,221652400,AAPL
2019-09-23,52.51708984375,54.68000030517578,54.959999084472656,54.412498474121094,54.73749923706055,76662000,AAPL
2019-09-24,52.26736831665039,54.41999816894531,55.622501373291016,54.29750061035156,55.25749969482422,124763200,AAPL
2019-09-25,53.07174301147461,55.25749969482422,55.375,54.28499984741211,54.63750076293945,87613600,AAPL
2019-09-26,52.79801940917969,54.97249984741211,55.23500061035156,54.70750045776367,55.0,75334000,AAPL
2019-09-27,52.541107177734375,54.70500183105469,55.2400016784668,54.31999969482422,55.1349983215332,101408000,AAPL
2019-09-30,53.77766418457031,55.99250030517578,56.14500045776367,55.1974983215332,55.224998474121094,103909600,AAPL
2019-10-01,53.926544189453125,56.147499084472656,57.05500030517578,56.04999923706055,56.26750183105469,139223200,AAPL
2019-10-02,52.57471466064453,54.7400016784668,55.89500045776367,54.48249816894531,55.76499938964844,138449200,AAPL
2019-10-03,53.02131652832031,55.20500183105469,55.2400016784668,53.782501220703125,54.60749816894531,114426000,AAPL
2019-10-04,54.50760269165039,56.752498626708984,56.872501373291016,55.97249984741211,56.40999984741211,138478800,AAPL
2019-10-07,54.519615173339844,56.76499938964844,57.48249816894531,56.459999084472656,56.567501068115234,122306000,AAPL
2019-10-08,53.880924224853516,56.099998474121094,57.01499938964844,56.08250045776367,56.45500183105469,111820000,AAPL
2019-10-09,54.512413024902344,56.75749969482422,56.9474983215332,56.40999984741211,56.75749969482422,74770400,AAPL
2019-10-10,55.24716567993164,57.522499084472656,57.61000061035156,56.82500076293945,56.98249816894531,113013600,AAPL
2019-10-11,56.71663284301758,59.0525016784668,59.40999984741211,58.07749938964844,58.23749923706055,166795600,AAPL
2019-10-14,56.63499450683594,58.967498779296875,59.532501220703125,58.66749954223633,58.724998474121094,96427600,AAPL
2019-10-15,56.50293731689453,58.83000183105469,59.412498474121094,58.720001220703125,59.09749984741211,87360000,AAPL
2019-10-16,56.27482986450195,58.592498779296875,58.810001373291016,58.29999923706055,58.342498779296875,73903200,AAPL
2019-10-17,56.49333190917969,58.81999969482422,59.037498474121094,58.380001068115234,58.772499084472656,67585200,AAPL
2019-10-18,56.76465606689453,59.102500915527344,59.39500045776367,58.5724983215332,58.647499084472656,97433600,AAPL
2019-10-21,57.74911117553711,60.127498626708984,60.247501373291016,59.33000183105469,59.380001068115234,87247200,AAPL
2019-10-22,57.6170539855957,59.9900016784668,60.54999923706055,59.904998779296875,60.290000915527344,82293600,AAPL
2019-10-23,58.390201568603516,60.79499816894531,60.810001373291016,60.30500030517578,60.525001525878906,75828800,AAPL
2019-10-24,58.48625946044922,60.89500045776367,61.20000076293945,60.45249938964844,61.127498626708984,69275200,AAPL
2019-10-25,59.20657730102539,61.64500045776367,61.682498931884766,60.720001220703125,60.790000915527344,73477200,AAPL
2019-10-28,59.79966354370117,62.26250076293945,62.3125,61.68000030517578,61.85499954223633,96572800,AAPL
2019-10-29,58.41661834716797,60.8224983215332,62.4375,60.64250183105469,62.24250030517578,142839600,AAPL
2019-10-30,58.40941619873047,60.814998626708984,61.32500076293945,60.3025016784668,61.189998626708984,124522000,AAPL
2019-10-31,59.73002624511719,62.189998626708984,62.29249954223633,59.314998626708984,61.810001373291016,139162000,AAPL
2019-11-01,61.42521667480469,63.95500183105469,63.98249816894531,62.290000915527344,62.3849983215332,151125200,AAPL
2019-11-04,61.82860565185547,64.375,64.4625015258789,63.845001220703125,64.3324966430664,103272000,AAPL
2019-11-05,61.739749908447266,64.28250122070312,64.54750061035156,64.08000183105469,64.26249694824219,79897600,AAPL
2019-11-06,61.76616287231445,64.30999755859375,64.37249755859375,63.842498779296875,64.19249725341797,75864400,AAPL
2019-11-07,62.479026794433594,64.85749816894531,65.0875015258789,64.52749633789062,64.68499755859375,94940400,AAPL
2019-11-08,62.65003204345703,65.03500366210938,65.11000061035156,64.2125015258789,64.67250061035156,69986400,AAPL
2019-11-11,63.146141052246094,65.55000305175781,65.61750030517578,64.56999969482422,64.57499694824219,81821200,AAPL
2019-11-12,63.08833312988281,65.48999786376953,65.69750213623047,65.2300033569336,65.38749694824219,87388800,AAPL
2019-11-13,63.692806243896484,66.11750030517578,66.19499969482422,65.26750183105469,65.28250122070312,102734400,AAPL
2019-11-14,63.25209045410156,65.66000366210938,66.22000122070312,65.5250015258789,65.9375,89182800,AAPL
2019-11-15,64.00349426269531,66.44000244140625,66.44499969482422,65.75250244140625,65.91999816894531,100206400,AAPL
2019-11-18,64.32620239257812,66.7750015258789,66.85749816894531,66.05750274658203,66.44999694824219,86703200,AAPL
2019-11-19,64.1311264038086,66.57250213623047,67.0,66.34750366210938,66.9749984741211,76167200,AAPL
2019-11-20,63.38454818725586,65.79750061035156,66.5199966430664,65.0999984741211,66.38500213623047,106234400,AAPL
2019-11-21,63.100379943847656,65.50250244140625,66.00250244140625,65.29499816894531,65.92250061035156,121395200,AAPL
2019-11-22,63.04499435424805,65.44499969482422,65.79499816894531,65.20999908447266,65.64749908447266,65325200,AAPL
2019-11-25,64.1504135131836,66.59249877929688,66.61000061035156,65.62999725341797,65.67749786376953,84020400,AAPL
2019-11-26,63.64949035644531,66.07250213623047,66.79000091552734,65.625,66.73500061035156,105207600,AAPL
2019-11-27,64.50444030761719,66.95999908447266,66.99500274658203,66.32749938964844,66.3949966430664,65235600,AAPL
2019-11-29,64.3623275756836,66.8125,67.0,66.4749984741211,66.6500015258789,46617600,AAPL
2019-12-02,63.6181755065918,66.04000091552734,67.0625,65.86250305175781,66.81749725341797,94487200,AAPL
2019-12-03,62.48385238647461,64.86250305175781,64.88249969482422,64.07250213623047,64.57749938964844,114430400,AAPL
2019-12-04,63.03534698486328,65.43499755859375,65.82749938964844,65.16999816894531,65.26750183105469,67181600,AAPL
2019-12-05,63.960147857666016,66.3949966430664,66.47250366210938,65.68250274658203,65.94750213623047,74424400,AAPL
2019-12-06,65.19562530517578,67.67749786376953,67.75,66.82499694824219,66.87000274658203,106075600,AAPL
2019-12-09,64.28288269042969,66.7300033569336,67.69999694824219,66.22750091552734,67.5,128042400,AAPL
2019-12-10,64.65856170654297,67.12000274658203,67.51750183105469,66.46499633789062,67.1500015258789,90420400,AAPL
2019-12-11,65.21005249023438,67.69249725341797,67.7750015258789,67.125,67.20249938964844,78756800,AAPL
2019-12-12,65.37623596191406,67.86499786376953,68.13999938964844,66.83000183105469,66.94499969482422,137310400,AAPL
2019-12-13,66.26488494873047,68.7874984741211,68.82499694824219,67.73249816894531,67.86499786376953,133587600,AAPL
2019-12-16,67.39922332763672,69.96499633789062,70.19750213623047,69.24500274658203,69.25,128186000,AAPL
2019-12-17,67.53169250488281,70.10250091552734,70.44249725341797,69.69999694824219,69.89250183105469,114158400,AAPL
2019-12-18,67.37032318115234,69.93499755859375,70.4749984741211,69.77999877929688,69.94999694824219,116028400,AAPL
2019-12-19,67.43775177001953,70.00499725341797,70.29499816894531,69.73750305175781,69.875,98369200,AAPL
2019-12-20,67.29806518554688,69.86000061035156,70.6624984741211,69.63999938964844,70.55750274658203,275978000,AAPL
2019-12-23,68.39627838134766,71.0,71.0625,70.09249877929688,70.13249969482422,98572000,AAPL
2019-12-24,68.46128845214844,71.06749725341797,71.22250366210938,70.7300033569336,71.17250061035156,48478800,AAPL
2019-12-26,69.81957244873047,72.47750091552734,72.49500274658203,71.17500305175781,71.20500183105469,93121200,AAPL
2019-12-27,69.79309844970703,72.44999694824219,73.49250030517578,72.02999877929688,72.77999877929688,146266000,AAPL
2019-12-30,70.20732116699219,72.87999725341797,73.17250061035156,71.30500030517578,72.36499786376953,144114400,AAPL
2019-12-31,70.72029876708984,73.4124984741211,73.41999816894531,72.37999725341797,72.48249816894531,100805600,AAPL
2020-01-02,72.3338851928711,75.0875015258789,75.1500015258789,73.79750061035156,74.05999755859375,135480400,AAPL
2020-01-03,71.63064575195312,74.35749816894531,75.1449966430664,74.125,74.2874984741211,146322800,AAPL
2020-01-06,72.20140838623047,74.94999694824219,74.98999786376953,73.1875,73.44750213623047,118387200,AAPL
2020-01-07,71.8618392944336,74.59750366210938,75.2249984741211,74.37000274658203,74.95999908447266,108872000,AAPL
2020-01-08,73.017822265625,75.79750061035156,76.11000061035156,74.29000091552734,74.29000091552734,132079200,AAPL
2020-01-09,74.56877899169922,77.40750122070312,77.60749816894531,76.55000305175781,76.80999755859375,170108400,AAPL
2020-01-10,74.73735046386719,77.5824966430664,78.1675033569336,77.0625,77.6500015258789,140644800,AAPL
2020-01-13,76.33409118652344,79.23999786376953,79.26750183105469,77.7874984741211,77.91000366210938,121532000,AAPL
2020-01-14,75.30335235595703,78.16999816894531,79.39250183105469,78.0425033569336,79.17500305175781,161954400,AAPL
2020-01-15,74.98062133789062,77.83499908447266,78.875,77.38749694824219,77.9625015258789,121923600,AAPL
2020-01-16,75.91984558105469,78.80999755859375,78.92500305175781,78.02249908447266,78.39749908447266,108829200,AAPL
2020-01-17,76.76036834716797,79.68250274658203,79.68499755859375,78.75,79.06749725341797,137816400,AAPL
2020-01-21,76.24017333984375,79.14250183105469,79.75499725341797,79.0,79.29750061035156,110843200,AAPL
2020-01-22,76.5123062133789,79.42500305175781,79.99749755859375,79.32749938964844,79.6449966430664,101832400,AAPL
2020-01-23,76.88078308105469,79.80750274658203,79.88999938964844,78.9124984741211,79.4800033569336,104472000,AAPL
2020-01-24,76.6592025756836,79.57749938964844,80.8324966430664,79.37999725341797,80.0625,146537600,AAPL
2020-01-27,74.40504455566406,77.23750305175781,77.94249725341797,76.22000122070312,77.51499938964844,161940000,AAPL
2020-01-28,76.50989532470703,79.42250061035156,79.5999984741211,78.04750061035156,78.1500015258789,162234000,AAPL
2020-01-29,78.11143493652344,81.08499908447266,81.9625015258789,80.34500122070312,81.11250305175781,216229200,AAPL
2020-01-30,77.99822998046875,80.96749877929688,81.02249908447266,79.6875,80.13500213623047,126743200,AAPL
2020-01-31,74.5398941040039,77.37750244140625,80.66999816894531,77.07250213623047,80.23249816894531,199588400,AAPL
2020-02-03,74.3351821899414,77.16500091552734,78.37249755859375,75.55500030517578,76.07499694824219,173788400,AAPL
2020-02-04,76.7892837524414,79.7125015258789,79.91000366210938,78.40750122070312,78.82749938964844,136616400,AAPL
2020-02-05,77.41543579101562,80.36250305175781,81.19000244140625,79.73750305175781,80.87999725341797,118826800,AAPL
2020-02-06,78.32093811035156,81.30249786376953,81.30500030517578,80.06500244140625,80.64250183105469,105425600,AAPL
2020-02-07,77.2563705444336,80.00749969482422,80.8499984741211,79.5,80.59249877929688,117684000,AAPL
2020-02-10,77.62328338623047,80.38749694824219,80.38749694824219,78.4625015258789,78.54499816894531,109348800,AAPL
2020-02-11,77.15496063232422,79.90249633789062,80.9749984741211,79.67749786376953,80.9000015258789,94323200,AAPL
2020-02-12,78.98724365234375,81.80000305175781,81.80500030517578,80.36750030517578,80.36750030517578,113730400,AAPL
2020-02-13,78.42475128173828,81.21749877929688,81.55500030517578,80.8375015258789,81.04750061035156,94747600,AAPL
2020-02-14,78.4440689086914,81.23750305175781,81.49500274658203,80.7125015258789,81.18499755859375,80113600,AAPL
2020-02-18,77.00772094726562,79.75,79.9375,78.65249633789062,78.83999633789062,152531200,AAPL
2020-02-19,78.12300109863281,80.90499877929688,81.14250183105469,80.0,80.0,93984000,AAPL
2020-02-20,77.321533203125,80.07499694824219,81.1624984741211,79.55249786376953,80.65750122070312,100566000,AAPL
2020-02-21,75.57135772705078,78.26249694824219,80.11250305175781,77.625,79.65499877929688,129554000,AAPL
2020-02-24,71.98168182373047,74.54499816894531,76.04499816894531,72.30750274658203,74.31500244140625,222195200,AAPL
2020-02-25,69.54352569580078,72.0199966430664,75.63249969482422,71.53250122070312,75.23750305175781,230673600,AAPL
2020-02-26,70.646728515625,73.1624984741211,74.47000122070312,71.625,71.63249969482422,198054800,AAPL
2020-02-27,66.02867126464844,68.37999725341797,71.5,68.23999786376953,70.2750015258789,320605600,AAPL
2020-02-28,65.99005126953125,68.33999633789062,69.60250091552734,64.09249877929688,64.31500244140625,426510000,AAPL
2020-03-02,72.1337661743164,74.70249938964844,75.36000061035156,69.43000030517578,70.56999969482422,341397200,AAPL
2020-03-03,69.84286499023438,72.33000183105469,76.0,71.44999694824219,75.9175033569336,319475600,AAPL
2020-03-04,73.08250427246094,75.68499755859375,75.8499984741211,73.28250122070312,74.11000061035156,219178400,AAPL
2020-03-05,70.71192169189453,73.2300033569336,74.88749694824219,72.85250091552734,73.87999725341797,187572800,AAPL
2020-03-06,69.77285766601562,72.25749969482422,72.70500183105469,70.30750274658203,70.5,226176800,AAPL
2020-03-09,64.25440216064453,66.5425033569336,69.52249908447266,65.75,65.9375,286744800,AAPL
2020-03-10,68.88206481933594,71.33499908447266,71.61000061035156,67.34249877929688,69.28500366210938,285290000,AAPL
2020-03-11,66.48977661132812,68.85749816894531,70.30500030517578,67.96499633789062,69.34750366210938,255598800,AAPL
2020-03-12,59.923587799072266,62.057498931884766,67.5,62.0,63.98500061035156,418474000,AAPL
2020-03-13,67.10292053222656,69.49250030517578,69.9800033569336,63.23749923706055,66.22250366210938,370732000,AAPL
2020-03-16,58.4703369140625,60.5525016784668,64.7699966430664,60.0,60.48749923706055,322423600,AAPL
2020-03-17,61.04128646850586,63.21500015258789,64.40249633789062,59.599998474121094,61.877498626708984,324056000,AAPL
2020-03-18,59.54701232910156,61.66749954223633,62.5,59.279998779296875,59.942501068115234,300233600,AAPL
2020-03-19,59.09074783325195,61.19499969482422,63.209999084472656,60.65250015258789,61.84749984741211,271857200,AAPL
2020-03-20,55.339332580566406,57.310001373291016,62.95750045776367,57.0,61.79499816894531,401693200,AAPL
2020-03-23,54.16370391845703,56.092498779296875,57.125,53.15250015258789,57.02000045776367,336752800,AAPL
2020-03-24,59.59770584106445,61.720001220703125,61.92250061035156,58.57500076293945,59.09000015258789,287531200,AAPL
2020-03-25,59.26938247680664,61.380001068115234,64.5625,61.07500076293945,62.6875,303602000,AAPL
2020-03-26,62.38832092285156,64.61000061035156,64.66999816894531,61.59000015258789,61.630001068115234,252087200,AAPL
2020-03-27,59.805301666259766,61.935001373291016,63.967498779296875,61.76250076293945,63.1875,204216800,AAPL
2020-03-30,61.51204299926758,63.70249938964844,63.880001068115234,62.349998474121094,62.685001373291016,167976400,AAPL
2020-03-31,61.38650131225586,63.5724983215332,65.62249755859375,63.0,63.900001525878906,197002000,AAPL
2020-04-01,58.15652084350586,60.227500915527344,62.18000030517578,59.782501220703125,61.625,176218400,AAPL
2020-04-02,59.126953125,61.23249816894531,61.287498474121094,59.224998474121094,60.084999084472656,165934000,AAPL
2020-04-03,58.277225494384766,60.352500915527344,61.42499923706055,59.74250030517578,60.70000076293945,129880000,AAPL
2020-04-06,63.361167907714844,65.61750030517578,65.77749633789062,62.345001220703125,62.724998474121094,201820400,AAPL
2020-04-07,62.62731170654297,64.85749816894531,67.92500305175781,64.75,67.69999694824219,202887200,AAPL
2020-04-08,64.230224609375,66.51750183105469,66.84249877929688,65.30750274658203,65.68499755859375,168895200,AAPL
2020-04-09,64.69373321533203,66.99749755859375,67.51750183105469,66.17500305175781,67.17500305175781,161834800,AAPL
2020-04-13,65.96349334716797,68.3125,68.42500305175781,66.4574966430664,67.07749938964844,131022800,AAPL
2020-04-14,69.29486083984375,71.76249694824219,72.0625,69.51249694824219,70.0,194994800,AAPL
2020-04-15,68.66239929199219,71.10749816894531,71.5824966430664,70.15750122070312,70.5999984741211,131154400,AAPL
2020-04-16,69.20796203613281,71.67250061035156,72.05000305175781,70.5875015258789,71.84500122070312,157125200,AAPL
2020-04-17,68.26891326904297,70.69999694824219,71.73750305175781,69.21499633789062,71.17250061035156,215250000,AAPL
2020-04-20,66.85187530517578,69.23249816894531,70.41999816894531,69.2125015258789,69.48750305175781,130015200,AAPL
2020-04-21,64.78546905517578,67.09249877929688,69.3125,66.35749816894531,69.06999969482422,180991600,AAPL
2020-04-22,66.65149688720703,69.0250015258789,69.4749984741211,68.05000305175781,68.40249633789062,116862400,AAPL
2020-04-23,66.3932113647461,68.75749969482422,70.4375,68.71749877929688,68.96749877929688,124814400,AAPL
2020-04-24,68.30994415283203,70.74250030517578,70.75250244140625,69.25,69.30000305175781,126161200,AAPL
2020-04-27,68.35823822021484,70.7925033569336,71.13500213623047,69.98750305175781,70.44999694824219,117087600,AAPL
2020-04-28,67.25019073486328,69.6449966430664,71.4574966430664,69.55000305175781,71.2699966430664,112004800,AAPL
2020-04-29,69.45904541015625,71.93250274658203,72.4175033569336,70.97250366210938,71.18250274658203,137280800,AAPL
2020-04-30,70.9243392944336,73.44999694824219,73.63249969482422,72.0875015258789,72.48999786376953,183064000,AAPL
2020-05-01,69.78252410888672,72.26750183105469,74.75,71.4625015258789,71.5625,240616800,AAPL
2020-05-04,70.76985931396484,73.29000091552734,73.42250061035156,71.58000183105469,72.2925033569336,133568000,AAPL
2020-05-05,71.83202362060547,74.38999938964844,75.25,73.61499786376953,73.76499938964844,147751200,AAPL
2020-05-06,72.57313537597656,75.15750122070312,75.80999755859375,74.71749877929688,75.11499786376953,142333600,AAPL
2020-05-07,73.32391357421875,75.93499755859375,76.2925033569336,75.49250030517578,75.80500030517578,115215200,AAPL
2020-05-08,75.0691146850586,77.53250122070312,77.5875015258789,76.07250213623047,76.41000366210938,133838400,AAPL
2020-05-11,76.25039672851562,78.75250244140625,79.26249694824219,76.80999755859375,77.0250015258789,145946400,AAPL
2020-05-12,75.37895965576172,77.85250091552734,79.92250061035156,77.72750091552734,79.4574966430664,162301200,AAPL
2020-05-13,74.46881866455078,76.9124984741211,78.98750305175781,75.80249786376953,78.0374984741211,200622400,AAPL
2020-05-14,74.92633056640625,77.38500213623047,77.44750213623047,75.38249969482422,76.12750244140625,158929200,AAPL
2020-05-15,74.48335266113281,76.92749786376953,76.9749984741211,75.05249786376953,75.0875015258789,166348400,AAPL
2020-05-18,76.23825073242188,78.73999786376953,79.125,77.58000183105469,78.2925033569336,135178400,AAPL
2020-05-19,75.7977294921875,78.28500366210938,79.62999725341797,78.25250244140625,78.75749969482422,101729600,AAPL
2020-05-20,77.2718505859375,79.80750274658203,79.87999725341797,79.12999725341797,79.16999816894531,111504800,AAPL
2020-05-21,76.69575500488281,79.2125015258789,80.22250366210938,78.96749877929688,79.66500091552734,102688800,AAPL
2020-05-22,77.18955993652344,79.72250366210938,79.80750274658203,78.8375015258789,78.94249725341797,81803200,AAPL
2020-05-26,76.66669464111328,79.18250274658203,81.05999755859375,79.125,80.875,125522000,AAPL
2020-05-27,77.00074005126953,79.52749633789062,79.67749786376953,78.27249908447266,79.03500366210938,112945200,AAPL
2020-05-28,77.03462982177734,79.5625,80.86000061035156,78.90750122070312,79.19249725341797,133560800,AAPL
2020-05-29,76.95960235595703,79.48500061035156,80.2874984741211,79.11750030517578,79.8125,153532400,AAPL
2020-06-01,77.90602111816406,80.4625015258789,80.5875015258789,79.30249786376953,79.4375,80791200,AAPL
2020-06-02,78.26668548583984,80.83499908447266,80.86000061035156,79.73249816894531,80.1875,87642800,AAPL
2020-06-03,78.69757080078125,81.27999877929688,81.55000305175781,80.57499694824219,81.16500091552734,104491200,AAPL
2020-06-04,78.01980590820312,80.58000183105469,81.40499877929688,80.19499969482422,81.09750366210938,87560400,AAPL
2020-06-05,80.24191284179688,82.875,82.9375,80.80750274658203,80.8375015258789,137250400,AAPL
2020-06-08,80.71631622314453,83.36499786376953,83.4000015258789,81.83000183105469,82.5625,95654400,AAPL
2020-06-09,83.26516723632812,85.99749755859375,86.40249633789062,83.00250244140625,83.03500366210938,147712400,AAPL
2020-06-10,85.40738677978516,88.20999908447266,88.69249725341797,86.52249908447266,86.9749984741211,166651600,AAPL
2020-06-11,81.30694580078125,83.9749984741211,87.76499938964844,83.87000274658203,87.32749938964844,201662400,AAPL
2020-06-12,82.0088882446289,84.69999694824219,86.94999694824219,83.55500030517578,86.18000030517578,200146000,AAPL
2020-06-15,83.02314758300781,85.74749755859375,86.41999816894531,83.1449966430664,83.3125,138808800,AAPL
2020-06-16,85.22339630126953,88.0199966430664,88.30000305175781,86.18000030517578,87.86499786376953,165428800,AAPL
2020-06-17,85.10481262207031,87.89749908447266,88.8499984741211,87.77249908447266,88.7874984741211,114406400,AAPL
2020-06-18,85.13871002197266,87.93250274658203,88.36250305175781,87.30500030517578,87.85250091552734,96820400,AAPL
2020-06-19,84.65217590332031,87.43000030517578,89.13999938964844,86.2874984741211,88.66000366210938,264476000,AAPL
2020-06-22,86.86698913574219,89.71749877929688,89.86499786376953,87.7874984741211,87.83499908447266,135445200,AAPL
2020-06-23,88.72115325927734,91.63249969482422,93.09500122070312,90.56749725341797,91.0,212155600,AAPL
2020-06-24,87.15502166748047,90.01499938964844,92.19750213623047,89.62999725341797,91.25,192623200,AAPL
2020-06-25,88.31206512451172,91.20999908447266,91.25,89.39250183105469,90.17500305175781,137522400,AAPL
2020-06-26,85.59861755371094,88.40750122070312,91.33000183105469,88.25499725341797,91.10250091552734,205256800,AAPL
2020-06-29,87.57137298583984,90.44499969482422,90.5425033569336,87.81999969482422,88.3125,130646000,AAPL
2020-06-30,88.3023910522461,91.19999694824219,91.49500274658203,90.0,90.0199966430664,140223200,AAPL
2020-07-01,88.13538360595703,91.02749633789062,91.83999633789062,90.97750091552734,91.27999877929688,110737200,AAPL
2020-07-02,88.13538360595703,91.02749633789062,92.61750030517578,90.91000366210938,91.9625015258789,114041600,AAPL
2020-07-06,90.49301147460938,93.4625015258789,93.94499969482422,92.46749877929688,92.5,118655600,AAPL
2020-07-07,90.21220397949219,93.17250061035156,94.65499877929688,93.05750274658203,93.85250091552734,112424400,AAPL
2020-07-08,92.31327819824219,95.34249877929688,95.375,94.08999633789062,94.18000030517578,117092000,AAPL
2020-07-09,92.71025848388672,95.75250244140625,96.31749725341797,94.67250061035156,96.26249694824219,125642800,AAPL
2020-07-10,92.87242126464844,95.91999816894531,95.9800033569336,94.70500183105469,95.33499908447266,90257200,AAPL
2020-07-13,92.44396209716797,95.47750091552734,99.95500183105469,95.25749969482422,97.26499938964844,191649200,AAPL
2020-07-14,93.97379302978516,97.05750274658203,97.25499725341797,93.87750244140625,94.83999633789062,170989200,AAPL
2020-07-15,94.62005615234375,97.7249984741211,99.24749755859375,96.48999786376953,98.98999786376953,153198000,AAPL
2020-07-16,93.45577239990234,96.52249908447266,97.40499877929688,95.90499877929688,96.5625,110577600,AAPL
2020-07-17,93.26698303222656,96.32749938964844,97.14749908447266,95.83999633789062,96.98750305175781,92186800,AAPL
2020-07-20,95.23248291015625,98.35749816894531,98.5,96.0625,96.4175033569336,90318000,AAPL
2020-07-21,93.91810607910156,97.0,99.25,96.74250030517578,99.17250061035156,103433200,AAPL
2020-07-22,94.18195343017578,97.27249908447266,97.9749984741211,96.60250091552734,96.69249725341797,89001600,AAPL
2020-07-23,89.8951416015625,92.84500122070312,97.07749938964844,92.01000213623047,96.99749755859375,197004400,AAPL
2020-07-24,89.67243194580078,92.61499786376953,92.97000122070312,89.1449966430664,90.98750305175781,185438800,AAPL
2020-07-27,91.79769134521484,94.80999755859375,94.90499877929688,93.4800033569336,93.70999908447266,121214000,AAPL
2020-07-28,90.28968048095703,93.25250244140625,94.55000305175781,93.24749755859375,94.36750030517578,103625600,AAPL
2020-07-29,92.02037811279297,95.04000091552734,95.2300033569336,93.7125015258789,93.75,90329200,AAPL
2020-07-30,93.13384246826172,96.19000244140625,96.29750061035156,93.76750183105469,94.1875,158130000,AAPL
2020-07-31,102.88390350341797,106.26000213623047,106.41500091552734,100.82499694824219,102.88500213623047,374336800,AAPL
2020-08-03,105.47632598876953,108.9375,111.63749694824219,107.89250183105469,108.19999694824219,308151200,AAPL
2020-08-04,106.18073272705078,109.66500091552734,110.79000091552734,108.38749694824219,109.13249969482422,173071600,AAPL
2020-08-05,106.5655746459961,110.0625,110.39250183105469,108.89749908447266,109.37750244140625,121776800,AAPL
2020-08-06,110.2835693359375,113.90249633789062,114.4124984741211,109.79750061035156,110.40499877929688,202428800,AAPL
2020-08-07,107.77619171142578,111.11250305175781,113.67500305175781,110.2925033569336,113.20500183105469,198045600,AAPL
2020-08-10,109.34268188476562,112.72750091552734,113.7750015258789,110.0,112.5999984741211,212403600,AAPL
2020-08-11,106.09086608886719,109.375,112.48249816894531,109.10749816894531,111.97000122070312,187902400,AAPL
2020-08-12,109.61672973632812,113.01000213623047,113.2750015258789,110.29750061035156,110.49749755859375,165598000,AAPL
2020-08-13,111.55667877197266,115.01000213623047,116.0425033569336,113.92749786376953,114.43000030517578,210082000,AAPL
2020-08-14,111.45726013183594,114.90750122070312,115.0,113.04499816894531,114.83000183105469,165565200,AAPL
2020-08-17,111.16626739501953,114.60749816894531,116.0875015258789,113.9625015258789,116.0625,119561600,AAPL
2020-08-18,112.09256744384766,115.5625,116.0,114.00749969482422,114.35250091552734,105633600,AAPL
2020-08-19,112.23323059082031,115.7074966430664,117.1624984741211,115.61000061035156,115.98249816894531,145538000,AAPL
2020-08-20,114.72361755371094,118.2750015258789,118.39250183105469,115.73249816894531,115.75,126907200,AAPL
2020-08-21,120.6356201171875,124.37000274658203,124.86750030517578,119.25,119.26249694824219,338054800,AAPL
2020-08-24,122.07844543457031,125.85749816894531,128.78500366210938,123.9375,128.69749450683594,345937600,AAPL
2020-08-25,121.07696533203125,124.82499694824219,125.18000030517578,123.05249786376953,124.69750213623047,211495600,AAPL
2020-08-26,122.7235107421875,126.52249908447266,126.99250030517578,125.0824966430664,126.18000030517578,163022400,AAPL
2020-08-27,121.25640869140625,125.01000213623047,127.48500061035156,123.8324966430664,127.14250183105469,155552400,AAPL
2020-08-28,121.05998992919922,124.80750274658203,126.44249725341797,124.57749938964844,126.01249694824219,187630000,AAPL
2020-08-31,125.1653823852539,129.0399932861328,131.0,126.0,127.58000183105469,225702700,AAPL
2020-09-01,130.1510772705078,134.17999267578125,134.8000030517578,130.52999877929688,132.75999450683594,151948100,AAPL
2020-09-02,127.45451354980469,131.39999389648438,137.97999572753906,127.0,137.58999633789062,200119000,AAPL
2020-09-03,117.25041961669922,120.87999725341797,128.83999633789062,120.5,126.91000366210938,257599600,AAPL
2020-09-04,117.3280029296875,120.95999908447266,123.69999694824219,110.88999938964844,120.06999969482422,332607200,AAPL
2020-09-08,109.43243408203125,112.81999969482422,118.98999786376953,112.68000030517578,113.94999694824219,231366600,AAPL
2020-09-09,113.79730224609375,117.31999969482422,119.13999938964844,115.26000213623047,117.26000213623047,176940500,AAPL
2020-09-10,110.08232116699219,113.48999786376953,120.5,112.5,120.36000061035156,182274400,AAPL
2020-09-11,108.63704681396484,112.0,115.2300033569336,110.0,114.56999969482422,180860300,AAPL
2020-09-14,111.89617156982422,115.36000061035156,115.93000030517578,112.80000305175781,114.72000122070312,140150100,AAPL
2020-09-15,112.07075500488281,115.54000091552734,118.83000183105469,113.61000061035156,118.33000183105469,184642000,AAPL
2020-09-16,108.76313781738281,112.12999725341797,116.0,112.04000091552734,115.2300033569336,154679000,AAPL
2020-09-17,107.0268783569336,110.33999633789062,112.19999694824219,108.70999908447266,109.72000122070312,178011000,AAPL
2020-09-18,103.6319580078125,106.83999633789062,110.87999725341797,106.08999633789062,110.4000015258789,287104900,AAPL
2020-09-21,106.77469635009766,110.08000183105469,110.19000244140625,103.0999984741211,104.54000091552734,195713800,AAPL
2020-09-22,108.4527359008789,111.80999755859375,112.86000061035156,109.16000366210938,112.68000030517578,183055400,AAPL
2020-09-23,103.903564453125,107.12000274658203,112.11000061035156,106.7699966430664,111.62000274658203,150718700,AAPL
2020-09-24,104.9705581665039,108.22000122070312,110.25,105.0,105.16999816894531,167743300,AAPL
2020-09-25,108.90861511230469,112.27999877929688,112.44000244140625,107.66999816894531,108.43000030517578,149981400,AAPL
2020-09-28,111.50816345214844,114.95999908447266,115.31999969482422,112.77999877929688,115.01000213623047,137672400,AAPL
2020-09-29,110.66429901123047,114.08999633789062,115.30999755859375,113.56999969482422,114.55000305175781,99382200,AAPL
2020-09-30,112.3326416015625,115.80999755859375,117.26000213623047,113.62000274658203,113.79000091552734,142675200,AAPL
2020-10-01,113.28321075439453,116.79000091552734,117.72000122070312,115.83000183105469,117.63999938964844,116120400,AAPL
2020-10-02,109.62641906738281,113.0199966430664,115.37000274658203,112.22000122070312,112.88999938964844,144712000,AAPL
2020-10-05,113.00192260742188,116.5,116.6500015258789,113.55000305175781,113.91000366210938,106243800,AAPL
2020-10-06,109.76222229003906,113.16000366210938,116.12000274658203,112.25,115.69999694824219,161498200,AAPL
2020-10-07,111.62456512451172,115.08000183105469,115.55000305175781,114.12999725341797,114.62000274658203,96849000,AAPL
2020-10-08,111.51785278320312,114.97000122070312,116.4000015258789,114.58999633789062,116.25,83477200,AAPL
2020-10-09,113.45780944824219,116.97000122070312,117.0,114.91999816894531,115.27999877929688,100506900,AAPL
2020-10-12,120.66471862792969,124.4000015258789,125.18000030517578,119.27999877929688,120.05999755859375,240226800,AAPL
2020-10-13,117.46379852294922,121.0999984741211,125.38999938964844,119.6500015258789,125.2699966430664,262330500,AAPL
2020-10-14,117.55110168457031,121.19000244140625,123.02999877929688,119.62000274658203,121.0,150712000,AAPL
2020-10-15,117.08552551269531,120.70999908447266,121.19999694824219,118.1500015258789,118.72000122070312,112559200,AAPL
2020-10-16,115.4462661743164,119.0199966430664,121.55000305175781,118.80999755859375,121.27999877929688,115393800,AAPL
2020-10-19,112.49754333496094,115.9800033569336,120.41999816894531,115.66000366210938,119.95999908447266,120639300,AAPL
2020-10-20,113.98160552978516,117.51000213623047,118.9800033569336,115.62999725341797,116.19999694824219,124423700,AAPL
2020-10-21,113.36082458496094,116.87000274658203,118.70999908447266,116.44999694824219,116.66999816894531,89946000,AAPL
2020-10-22,112.27445983886719,115.75,118.04000091552734,114.58999633789062,117.44999694824219,101988000,AAPL
2020-10-23,111.58578491210938,115.04000091552734,116.55000305175781,114.27999877929688,116.38999938964844,82572600,AAPL
2020-10-26,111.59547424316406,115.05000305175781,116.55000305175781,112.87999725341797,114.01000213623047,111850700,AAPL
2020-10-27,113.09892272949219,116.5999984741211,117.27999877929688,114.54000091552734,115.48999786376953,92276800,AAPL
2020-10-28,107.86105346679688,111.19999694824219,115.43000030517578,111.0999984741211,115.05000305175781,143937800,AAPL
2020-10-29,111.85736083984375,115.31999969482422,116.93000030517578,112.19999694824219,112.37000274658203,146129200,AAPL
2020-10-30,105.59133911132812,108.86000061035156,111.98999786376953,107.72000122070312,111.05999755859375,190272600,AAPL
2020-11-02,105.50402069091797,108.7699966430664,110.68000030517578,107.31999969482422,109.11000061035156,122866900,AAPL
2020-11-03,107.1239013671875,110.44000244140625,111.48999786376953,108.7300033569336,109.66000366210938,107624400,AAPL
2020-11-04,111.49848175048828,114.94999694824219,115.58999633789062,112.3499984741211,114.13999938964844,138235500,AAPL
2020-11-05,115.45594787597656,119.02999877929688,119.62000274658203,116.87000274658203,117.94999694824219,126387100,AAPL
2020-11-06,115.32479095458984,118.69000244140625,119.19999694824219,116.12999725341797,118.31999969482422,114457900,AAPL
2020-11-09,113.02198791503906,116.31999969482422,121.98999786376953,116.05000305175781,120.5,154515300,AAPL
2020-11-10,112.68191528320312,115.97000122070312,117.58999633789062,114.12999725341797,115.55000305175781,138023400,AAPL
2020-11-11,116.10211181640625,119.48999786376953,119.62999725341797,116.44000244140625,117.19000244140625,112295000,AAPL
2020-11-12,115.83003997802734,119.20999908447266,120.52999877929688,118.56999969482422,119.62000274658203,103162300,AAPL
2020-11-13,115.87861633300781,119.26000213623047,119.66999816894531,117.87000274658203,119.44000244140625,81581900,AAPL
2020-11-16,116.88915252685547,120.30000305175781,120.98999786376953,118.1500015258789,118.91999816894531,91183000,AAPL
2020-11-17,116.00494384765625,119.38999938964844,120.66999816894531,118.95999908447266,119.55000305175781,74271000,AAPL
2020-11-18,114.68350982666016,118.02999877929688,119.81999969482422,118.0,118.61000061035156,76322100,AAPL
2020-11-19,115.2762222290039,118.63999938964844,119.05999755859375,116.80999755859375,117.58999633789062,74113000,AAPL
2020-11-20,114.01307678222656,117.33999633789062,118.7699966430664,117.29000091552734,118.63999938964844,73604300,AAPL
2020-11-23,110.62202453613281,113.8499984741211,117.62000274658203,113.75,117.18000030517578,127959300,AAPL
2020-11-24,111.90458679199219,115.16999816894531,115.8499984741211,112.58999633789062,113.91000366210938,113874200,AAPL
2020-11-25,112.74021911621094,116.02999877929688,116.75,115.16999816894531,115.55000305175781,76499200,AAPL
2020-11-27,113.28433227539062,116.58999633789062,117.48999786376953,116.22000122070312,116.56999969482422,46691300,AAPL
2020-11-30,115.6745834350586,119.05000305175781,120.97000122070312,116.80999755859375,116.97000122070312,169410200,AAPL
2020-12-01,119.24053192138672,122.72000122070312,123.47000122070312,120.01000213623047,121.01000213623047,127728200,AAPL
2020-12-02,119.59031677246094,123.08000183105469,123.37000274658203,120.88999938964844,122.0199966430664,89004200,AAPL
2020-12-03,119.45427703857422,122.94000244140625,123.77999877929688,122.20999908447266,123.5199966430664,78967600,AAPL
2020-12-04,118.78385925292969,122.25,122.86000061035156,121.5199966430664,122.5999984741211,78260400,AAPL
2020-12-07,120.24131774902344,123.75,124.56999969482422,122.25,122.30999755859375,86712000,AAPL
2020-12-08,120.85346221923828,124.37999725341797,124.9800033569336,123.08999633789062,124.37000274658203,82225500,AAPL
2020-12-09,118.32715606689453,121.77999877929688,125.94999694824219,121.0,124.52999877929688,115089200,AAPL
2020-12-10,119.74578094482422,123.23999786376953,123.87000274658203,120.1500015258789,120.5,81312200,AAPL
2020-12-11,118.9393310546875,122.41000366210938,122.76000213623047,120.55000305175781,122.43000030517578,86939800,AAPL
2020-12-14,118.32715606689453,121.77999877929688,123.3499984741211,121.54000091552734,122.5999984741211,79184500,AAPL
2020-12-15,124.25422668457031,127.87999725341797,127.9000015258789,124.12999725341797,124.33999633789062,157243700,AAPL
2020-12-16,124.18622589111328,127.80999755859375,128.3699951171875,126.55999755859375,127.41000366210938,98208600,AAPL
2020-12-17,125.05097961425781,128.6999969482422,129.5800018310547,128.0399932861328,128.89999389648438,94359800,AAPL
2020-12-18,123.06880950927734,126.66000366210938,129.10000610351562,126.12000274658203,128.9600067138672,192541500,AAPL
2020-12-21,124.59431457519531,128.22999572753906,128.30999755859375,123.44999694824219,125.0199966430664,121251600,AAPL
2020-12-22,128.14080810546875,131.8800048828125,134.41000366210938,129.64999389648438,131.61000061035156,168904800,AAPL
2020-12-23,127.2469253540039,130.9600067138672,132.42999267578125,130.77999877929688,132.16000366210938,88223700,AAPL
2020-12-24,128.228271484375,131.97000122070312,133.4600067138672,131.10000610351562,131.32000732421875,54930100,AAPL
2020-12-28,132.81442260742188,136.69000244140625,137.33999633789062,133.50999450683594,133.99000549316406,124486200,AAPL
2020-12-29,131.04605102539062,134.8699951171875,138.7899932861328,134.33999633789062,138.0500030517578,121047300,AAPL
2020-12-30,129.92864990234375,133.72000122070312,135.99000549316406,133.39999389648438,135.5800018310547,96452100,AAPL
2020-12-31,128.92782592773438,132.69000244140625,134.74000549316406,131.72000122070312,134.0800018310547,99116600,AAPL
2021-01-04,125.74085998535156,129.41000366210938,133.61000061035156,126.76000213623047,133.52000427246094,143301900,AAPL
2021-01-05,127.29547882080078,131.00999450683594,131.74000549316406,128.42999267578125,128.88999938964844,97664900,AAPL
2021-01-06,123.0105209350586,126.5999984741211,131.0500030517578,126.37999725341797,127.72000122070312,155088000,AAPL
2021-01-07,127.20803833007812,130.9199981689453,131.6300048828125,127.86000061035156,128.36000061035156,109578200,AAPL
2021-01-08,128.30599975585938,132.0500030517578,132.6300048828125,130.22999572753906,132.42999267578125,105158200,AAPL
2021-01-11,125.32305908203125,128.97999572753906,130.1699981689453,128.5,129.19000244140625,100384500,AAPL
2021-01-12,125.14815521240234,128.8000030517578,129.69000244140625,126.86000061035156,128.5,91951100,AAPL
2021-01-13,127.17890930175781,130.88999938964844,131.4499969482422,128.49000549316406,128.75999450683594,88636800,AAPL
2021-01-14,125.25504302978516,128.91000366210938,131.0,128.75999450683594,130.8000030517578,90221800,AAPL
2021-01-15,123.53520202636719,127.13999938964844,130.22000122070312,127.0,128.77999877929688,111598500,AAPL
2021-01-19,124.20565032958984,127.83000183105469,128.7100067138672,126.94000244140625,127.77999877929688,90757300,AAPL
2021-01-20,128.28652954101562,132.02999877929688,132.49000549316406,128.5500030517578,128.66000366210938,104319500,AAPL
2021-01-21,132.9893341064453,136.8699951171875,139.6699981689453,133.58999633789062,133.8000030517578,120150900,AAPL
2021-01-22,135.12693786621094,139.07000732421875,139.85000610351562,135.02000427246094,136.27999877929688,114459400,AAPL
2021-01-25,138.86778259277344,142.9199981689453,145.08999633789062,136.5399932861328,143.07000732421875,157611700,AAPL
2021-01-26,139.10101318359375,143.16000366210938,144.3000030517578,141.3699951171875,143.60000610351562,98390600,AAPL
2021-01-27,138.03216552734375,142.05999755859375,144.3000030517578,140.41000366210938,143.42999267578125,140843800,AAPL
2021-01-28,133.20310974121094,137.08999633789062,141.99000549316406,136.6999969482422,139.52000427246094,142621100,AAPL
2021-01-29,128.2185516357422,131.9600067138672,136.74000549316406,130.2100067138672,135.8300018310547,177523800,AAPL
2021-02-01,130.3367156982422,134.13999938964844,135.3800048828125,130.92999267578125,133.75,106239800,AAPL
2021-02-02,131.1626434326172,134.99000549316406,136.30999755859375,134.61000061035156,135.72999572753906,83305400,AAPL
2021-02-03,130.1424102783203,133.94000244140625,135.77000427246094,133.61000061035156,135.75999450683594,89880900,AAPL
2021-02-04,133.49461364746094,137.38999938964844,137.39999389648438,134.58999633789062,136.3000030517578,84183100,AAPL
2021-02-05,133.0810546875,136.75999450683594,137.4199981689453,135.86000061035156,137.35000610351562,75693800,AAPL
2021-02-08,133.2269744873047,136.91000366210938,136.9600067138672,134.9199981689453,136.02999877929688,71297200,AAPL
2021-02-09,132.35118103027344,136.00999450683594,137.8800048828125,135.85000610351562,136.6199951171875,76774200,AAPL
2021-02-10,131.7478790283203,135.38999938964844,136.99000549316406,134.39999389648438,136.47999572753906,73046600,AAPL
2021-02-11,131.49485778808594,135.1300048828125,136.38999938964844,133.77000427246094,135.89999389648438,64280000,AAPL
2021-02-12,131.72842407226562,135.3699951171875,135.52999877929688,133.69000244140625,134.35000610351562,60145100,AAPL
2021-02-16,129.60704040527344,133.19000244140625,136.00999450683594,132.7899932861328,135.49000549316406,80576300,AAPL
2021-02-17,127.32028198242188,130.83999633789062,132.22000122070312,129.47000122070312,131.25,97918500,AAPL
2021-02-18,126.22067260742188,129.7100067138672,130.0,127.41000366210938,129.1999969482422,96856700,AAPL
2021-02-19,126.37637329101562,129.8699951171875,130.7100067138672,128.8000030517578,130.24000549316406,87668800,AAPL
2021-02-22,122.61045837402344,126.0,129.72000122070312,125.5999984741211,128.00999450683594,103916400,AAPL
2021-02-23,122.47425079345703,125.86000061035156,126.70999908447266,118.38999938964844,123.76000213623047,158273000,AAPL
2021-02-24,121.97795104980469,125.3499984741211,125.55999755859375,122.2300033569336,124.94000244140625,111039900,AAPL
2021-02-25,117.73523712158203,120.98999786376953,126.45999908447266,120.54000091552734,124.68000030517578,148199500,AAPL
2021-02-26,117.99797821044922,121.26000213623047,124.8499984741211,121.19999694824219,122.58999633789062,164560400,AAPL
2021-03-01,124.35233306884766,127.79000091552734,127.93000030517578,122.79000091552734,123.75,116307900,AAPL
2021-03-02,121.754150390625,125.12000274658203,128.72000122070312,125.01000213623047,128.41000366210938,102260900,AAPL
2021-03-03,118.77645111083984,122.05999755859375,125.70999908447266,121.83999633789062,124.80999755859375,112966300,AAPL
2021-03-04,116.89837646484375,120.12999725341797,123.5999984741211,118.62000274658203,121.75,178155000,AAPL
2021-03-05,118.15369415283203,121.41999816894531,121.94000244140625,117.56999969482422,120.9800033569336,153766600,AAPL
2021-03-08,113.22978973388672,116.36000061035156,121.0,116.20999908447266,120.93000030517578,154376600,AAPL
2021-03-09,117.83253479003906,121.08999633789062,122.05999755859375,118.79000091552734,119.02999877929688,129525800,AAPL
2021-03-10,116.75242614746094,119.9800033569336,122.16999816894531,119.44999694824219,121.69000244140625,111943300,AAPL
2021-03-11,118.67915344238281,121.95999908447266,123.20999908447266,121.26000213623047,122.54000091552734,103026500,AAPL
2021-03-12,117.77417755126953,121.02999877929688,121.16999816894531,119.16000366210938,120.4000015258789,88105100,AAPL
2021-03-15,120.654541015625,123.98999786376953,124.0,120.41999816894531,121.41000366210938,92403800,AAPL
2021-03-16,122.1920394897461,125.56999969482422,127.22000122070312,124.72000122070312,125.69999694824219,115227900,AAPL
2021-03-17,121.40383911132812,124.76000213623047,125.86000061035156,122.33999633789062,124.05000305175781,111932600,AAPL
2021-03-18,117.28762817382812,120.52999877929688,123.18000030517578,120.31999969482422,122.87999725341797,121229700,AAPL
2021-03-19,116.76216125488281,119.98999786376953,121.43000030517578,119.68000030517578,119.9000015258789,185549500,AAPL
2021-03-22,120.07068634033203,123.38999938964844,123.87000274658203,120.26000213623047,120.33000183105469,111912300,AAPL
2021-03-23,119.2435531616211,122.54000091552734,124.23999786376953,122.13999938964844,123.33000183105469,95467100,AAPL
2021-03-24,116.85945892333984,120.08999633789062,122.9000015258789,120.06999969482422,122.81999969482422,88530500,AAPL
2021-03-25,117.34600067138672,120.58999633789062,121.66000366210938,119.0,119.54000091552734,98844700,AAPL
2021-03-26,117.94933319091797,121.20999908447266,121.4800033569336,118.91999816894531,120.3499984741211,94071200,AAPL
2021-03-29,118.12447357177734,121.38999938964844,122.58000183105469,120.7300033569336,121.6500015258789,80819200,AAPL
2021-03-30,116.67456817626953,119.9000015258789,120.4000015258789,118.86000061035156,120.11000061035156,85671900,AAPL
2021-03-31,118.8640365600586,122.1500015258789,123.5199966430664,121.1500015258789,121.6500015258789,118323800,AAPL
2021-04-01,119.6911849975586,123.0,124.18000030517578,122.48999786376953,123.66000366210938,75089100,AAPL
2021-04-05,122.5131607055664,125.9000015258789,126.16000366210938,123.06999969482422,123.87000274658203,88651200,AAPL
2021-04-06,122.81483459472656,126.20999908447266,127.12999725341797,125.6500015258789,126.5,80171300,AAPL
2021-04-07,124.4593505859375,127.9000015258789,127.91999816894531,125.13999938964844,125.83000183105469,83466700,AAPL
2021-04-08,126.85318756103516,130.36000061035156,130.38999938964844,128.52000427246094,128.9499969482422,88844600,AAPL
2021-04-09,129.42214965820312,133.0,133.0399932861328,129.47000122070312,129.8000030517578,106686700,AAPL
2021-04-12,127.70951843261719,131.24000549316406,132.85000610351562,130.6300048828125,132.52000427246094,91420000,AAPL
2021-04-13,130.81370544433594,134.42999267578125,134.66000366210938,131.92999267578125,132.44000244140625,91266500,AAPL
2021-04-14,128.4782257080078,132.02999877929688,135.0,131.66000366210938,134.94000244140625,87222800,AAPL
2021-04-15,130.8818359375,134.5,135.0,133.63999938964844,133.82000732421875,89347100,AAPL
2021-04-16,130.55096435546875,134.16000366210938,134.6699981689453,133.27999877929688,134.3000030517578,84922400,AAPL
2021-04-19,131.21266174316406,134.83999633789062,135.47000122070312,133.33999633789062,133.50999450683594,94264200,AAPL
2021-04-20,129.5292205810547,133.11000061035156,135.52999877929688,131.80999755859375,135.02000427246094,94812300,AAPL
2021-04-21,129.90872192382812,133.5,133.75,131.3000030517578,132.36000061035156,68847100,AAPL
2021-04-22,128.39071655273438,131.94000244140625,134.14999389648438,131.41000366210938,133.0399932861328,84566500,AAPL
2021-04-23,130.70664978027344,134.32000732421875,135.1199951171875,132.16000366210938,132.16000366210938,78657500,AAPL
2021-04-26,131.0959014892578,134.72000122070312,135.05999755859375,133.55999755859375,134.8300018310547,66905100,AAPL
2021-04-27,130.7747802734375,134.38999938964844,135.41000366210938,134.11000061035156,135.00999450683594,66015800,AAPL
2021-04-28,129.986572265625,133.5800018310547,135.02000427246094,133.0800018310547,134.30999755859375,107760100,AAPL
2021-04-29,129.88925170898438,133.47999572753906,137.07000732421875,132.4499969482422,136.47000122070312,151101000,AAPL
2021-04-30,127.92364501953125,131.4600067138672,133.55999755859375,131.07000732421875,131.77999877929688,109839500,AAPL
2021-05-03,128.97454833984375,132.5399932861328,134.07000732421875,131.8300018310547,132.0399932861328,75135100,AAPL
2021-05-04,124.41071319580078,127.8499984741211,131.49000549316406,126.69999694824219,131.19000244140625,137564700,AAPL
2021-05-05,124.65397644042969,128.10000610351562,130.4499969482422,127.97000122070312,129.1999969482422,84000900,AAPL
2021-05-06,126.24987030029297,129.74000549316406,129.75,127.12999725341797,127.88999938964844,78128300,AAPL
2021-05-07,126.9224624633789,130.2100067138672,131.25999450683594,129.47999572753906,130.85000610351562,78973300,AAPL
2021-05-10,123.64727783203125,126.8499984741211,129.5399932861328,126.80999755859375,129.41000366210938,88071200,AAPL
2021-05-11,122.73101043701172,125.91000366210938,126.2699966430664,122.7699966430664,123.5,126142800,AAPL
2021-05-12,119.6702880859375,122.7699966430664,124.63999938964844,122.25,123.4000015258789,112172300,AAPL
2021-05-13,121.81475830078125,124.97000122070312,126.1500015258789,124.26000213623047,124.58000183105469,105861300,AAPL
2021-05-14,124.23211669921875,127.44999694824219,127.88999938964844,125.8499984741211,126.25,81918000,AAPL
2021-05-17,123.0819320678711,126.2699966430664,126.93000030517578,125.16999816894531,126.81999969482422,74244600,AAPL
2021-05-18,121.69778442382812,124.8499984741211,126.98999786376953,124.77999877929688,126.55999755859375,63342900,AAPL
2021-05-19,121.54183959960938,124.69000244140625,124.91999816894531,122.86000061035156,123.16000366210938,92612000,AAPL
2021-05-20,124.09567260742188,127.30999755859375,127.72000122070312,125.0999984741211,125.2300033569336,76857100,AAPL
2021-05-21,122.26314544677734,125.43000030517578,128.0,125.20999908447266,127.81999969482422,79295400,AAPL
2021-05-24,123.89097595214844,127.0999984741211,127.94000244140625,125.94000244140625,126.01000213623047,63092900,AAPL
2021-05-25,123.69602966308594,126.9000015258789,128.32000732421875,126.31999969482422,127.81999969482422,72009500,AAPL
2021-05-26,123.64727783203125,126.8499984741211,127.38999938964844,126.41999816894531,126.95999908447266,56575900,AAPL
2021-05-27,122.11691284179688,125.27999877929688,127.63999938964844,125.08000183105469,126.44000244140625,94625600,AAPL
2021-05-28,121.46382904052734,124.61000061035156,125.80000305175781,124.55000305175781,125.56999969482422,71311100,AAPL
2021-06-01,121.14215850830078,124.27999877929688,125.3499984741211,123.94000244140625,125.08000183105469,67637100,AAPL
2021-06-02,121.9024658203125,125.05999755859375,125.23999786376953,124.05000305175781,124.27999877929688,59278900,AAPL
2021-06-03,120.42083740234375,123.54000091552734,124.8499984741211,123.12999725341797,124.68000030517578,76229200,AAPL
2021-06-04,122.71151733398438,125.88999938964844,126.16000366210938,123.8499984741211,124.06999969482422,75169300,AAPL
2021-06-07,122.72126770019531,125.9000015258789,126.31999969482422,124.83000183105469,126.16999816894531,71057600,AAPL
2021-06-08,123.54005432128906,126.73999786376953,128.4600067138672,126.20999908447266,126.5999984741211,74403800,AAPL
2021-06-09,123.92020416259766,127.12999725341797,127.75,126.5199966430664,127.20999908447266,56877900,AAPL
2021-06-10,122.92594909667969,126.11000061035156,128.19000244140625,125.94000244140625,127.0199966430664,71186400,AAPL
2021-06-11,124.1346664428711,127.3499984741211,127.44000244140625,126.0999984741211,126.52999877929688,53522400,AAPL
2021-06-14,127.18563079833984,130.47999572753906,130.5399932861328,127.06999969482422,127.81999969482422,96906500,AAPL
2021-06-15,126.3668441772461,129.63999938964844,130.60000610351562,129.38999938964844,129.94000244140625,62746300,AAPL
2021-06-16,126.86396026611328,130.14999389648438,130.88999938964844,128.4600067138672,130.3699951171875,91815000,AAPL
2021-06-17,128.4625701904297,131.7899932861328,132.5500030517578,129.64999389648438,129.8000030517578,96721700,AAPL
2021-06-18,127.16614532470703,130.4600067138672,131.50999450683594,130.24000549316406,130.7100067138672,108953300,AAPL
2021-06-21,128.95970153808594,132.3000030517578,132.41000366210938,129.2100067138672,130.3000030517578,79663300,AAPL
2021-06-22,130.59725952148438,133.97999572753906,134.0800018310547,131.6199951171875,132.1300048828125,74783600,AAPL
2021-06-23,130.32432556152344,133.6999969482422,134.32000732421875,133.22999572753906,133.77000427246094,60214200,AAPL
2021-06-24,130.04168701171875,133.41000366210938,134.63999938964844,132.92999267578125,134.4499969482422,68711000,AAPL
2021-06-25,129.7492218017578,133.11000061035156,133.88999938964844,132.80999755859375,133.4600067138672,70783700,AAPL
2021-06-28,131.37705993652344,134.77999877929688,135.25,133.35000610351562,133.41000366210938,62111300,AAPL
2021-06-29,132.88792419433594,136.3300018310547,136.49000549316406,134.35000610351562,134.8000030517578,64556100,AAPL
2021-06-30,133.5020294189453,136.9600067138672,137.41000366210938,135.8699951171875,136.1699981689453,63261400,AAPL
2021-07-01,133.80422973632812,137.27000427246094,137.3300018310547,135.75999450683594,136.60000610351562,52485800,AAPL
2021-07-02,136.42626953125,139.9600067138672,140.0,137.75,137.89999389648438,78852600,AAPL
2021-07-06,138.43426513671875,142.02000427246094,143.14999389648438,140.07000732421875,140.07000732421875,108181800,AAPL
2021-07-07,140.919921875,144.57000732421875,144.88999938964844,142.66000366210938,143.5399932861328,104911600,AAPL
2021-07-08,139.62344360351562,143.24000549316406,144.05999755859375,140.6699981689453,141.5800018310547,105575500,AAPL
2021-07-09,141.4462127685547,145.11000061035156,145.64999389648438,142.64999389648438,142.75,99890800,AAPL
2021-07-12,140.85165405273438,144.5,146.32000732421875,144.0,146.2100067138672,76299700,AAPL
2021-07-13,141.96287536621094,145.63999938964844,147.4600067138672,143.6300048828125,144.02999877929688,100827100,AAPL
2021-07-14,145.38427734375,149.14999389648438,149.57000732421875,147.67999267578125,148.10000610351562,127050800,AAPL
2021-07-15,144.7311553955078,148.47999572753906,150.0,147.08999633789062,149.24000549316406,106820300,AAPL
2021-07-16,142.6939697265625,146.38999938964844,149.75999450683594,145.8800048828125,148.4600067138672,93251400,AAPL
2021-07-19,138.8534393310547,142.4499969482422,144.07000732421875,141.6699981689453,143.75,121434600,AAPL
2021-07-20,142.4600067138672,146.14999389648438,147.10000610351562,142.9600067138672,143.4600067138672,96350000,AAPL
2021-07-21,141.7289276123047,145.39999389648438,146.1300048828125,144.6300048828125,145.52999877929688,74993500,AAPL
2021-07-22,143.0935516357422,146.8000030517578,148.1999969482422,145.80999755859375,145.94000244140625,77338200,AAPL
2021-07-23,144.8091583251953,148.55999755859375,148.72000122070312,146.9199981689453,147.5500030517578,71447400,AAPL
2021-07-26,145.22830200195312,148.99000549316406,149.8300018310547,147.6999969482422,148.27000427246094,72434100,AAPL
2021-07-27,143.06431579589844,146.77000427246094,149.2100067138672,145.5500030517578,149.1199951171875,104818600,AAPL
2021-07-28,141.3195343017578,144.97999572753906,146.97000122070312,142.5399932861328,144.80999755859375,118931200,AAPL
2021-07-29,141.96287536621094,145.63999938964844,146.5500030517578,144.5800018310547,144.69000244140625,56699500,AAPL
2021-07-30,142.17730712890625,145.86000061035156,146.3300018310547,144.11000061035156,144.3800048828125,70440600,AAPL
2021-08-02,141.8459014892578,145.52000427246094,146.9499969482422,145.25,146.36000061035156,62880000,AAPL
2021-08-03,143.63943481445312,147.36000061035156,148.0399932861328,145.17999267578125,145.80999755859375,64786600,AAPL
2021-08-04,143.23980712890625,146.9499969482422,147.7899932861328,146.27999877929688,147.27000427246094,56368300,AAPL
2021-08-05,143.34703063964844,147.05999755859375,147.83999633789062,146.1699981689453,146.97999572753906,46397700,AAPL
2021-08-06,142.66368103027344,146.13999938964844,147.11000061035156,145.6300048828125,146.35000610351562,54126800,AAPL
2021-08-09,142.61488342285156,146.08999633789062,146.6999969482422,145.52000427246094,146.1999969482422,48908700,AAPL
2021-08-10,142.1365203857422,145.60000610351562,147.7100067138672,145.3000030517578,146.44000244140625,69023100,AAPL
2021-08-11,142.39031982421875,145.86000061035156,146.72000122070312,145.52999877929688,146.0500030517578,48493500,AAPL
2021-08-12,145.3482208251953,148.88999938964844,149.0500030517578,145.83999633789062,146.19000244140625,72282600,AAPL
2021-08-13,145.55325317382812,149.10000610351562,149.44000244140625,148.27000427246094,148.97000122070312,59375000,AAPL
2021-08-16,147.5251922607422,151.1199951171875,151.19000244140625,146.47000122070312,148.5399932861328,103296000,AAPL
2021-08-17,146.61734008789062,150.19000244140625,151.67999267578125,149.08999633789062,150.22999572753906,92229700,AAPL
2021-08-18,142.87844848632812,146.36000061035156,150.72000122070312,146.14999389648438,149.8000030517578,86326000,AAPL
2021-08-19,143.21034240722656,146.6999969482422,148.0,144.5,145.02999877929688,86960300,AAPL
2021-08-20,144.66490173339844,148.19000244140625,148.5,146.77999877929688,147.44000244140625,60549600,AAPL
2021-08-23,146.14874267578125,149.7100067138672,150.19000244140625,147.88999938964844,148.30999755859375,60131800,AAPL
2021-08-24,146.06089782714844,149.6199951171875,150.86000061035156,149.14999389648438,149.4499969482422,48606400,AAPL
2021-08-25,144.8308563232422,148.36000061035156,150.32000732421875,147.8000030517578,149.80999755859375,58991300,AAPL
2021-08-26,144.03038024902344,147.5399932861328,149.1199951171875,147.50999450683594,148.35000610351562,48597200,AAPL
2021-08-27,145.06515502929688,148.60000610351562,148.75,146.8300018310547,147.47999572753906,55802400,AAPL
2021-08-30,149.47763061523438,153.1199951171875,153.49000549316406,148.61000061035156,149.0,90956700,AAPL
2021-08-31,148.2183074951172,151.8300018310547,152.8000030517578,151.2899932861328,152.66000366210938,86453100,AAPL
2021-09-01,148.8821258544922,152.50999450683594,154.97999572753906,152.33999633789062,152.8300018310547,80313700,AAPL
2021-09-02,149.99501037597656,153.64999389648438,154.72000122070312,152.39999389648438,153.8699951171875,71115500,AAPL
2021-09-03,150.62957763671875,154.3000030517578,154.6300048828125,153.08999633789062,153.75999450683594,57808700,AAPL
2021-09-07,152.9627227783203,156.69000244140625,157.25999450683594,154.38999938964844,154.97000122070312,82278300,AAPL
2021-09-08,151.42027282714844,155.11000061035156,157.0399932861328,153.97999572753906,156.97999572753906,74420200,AAPL
2021-09-09,150.40504455566406,154.07000732421875,156.11000061035156,153.9499969482422,155.49000549316406,57305700,AAPL
2021-09-10,145.42637634277344,148.97000122070312,155.47999572753906,148.6999969482422,155.0,140893200,AAPL
2021-09-13,145.99258422851562,149.5500030517578,151.4199981689453,148.75,150.6300048828125,102404300,AAPL
2021-09-14,144.5965576171875,148.1199951171875,151.07000732421875,146.91000366210938,150.35000610351562,109296300,AAPL
2021-09-15,145.4849395751953,149.02999877929688,149.44000244140625,146.3699951171875,148.55999755859375,83281300,AAPL
2021-09-16,145.2506561279297,148.7899932861328,148.97000122070312,147.22000122070312,148.44000244140625,68034100,AAPL
2021-09-17,142.58554077148438,146.05999755859375,148.82000732421875,145.75999450683594,148.82000732421875,129868800,AAPL
2021-09-20,139.539794921875,142.94000244140625,144.83999633789062,141.27000427246094,143.8000030517578,123478900,AAPL
2021-09-21,140.0181427001953,143.42999267578125,144.60000610351562,142.77999877929688,143.92999267578125,75834000,AAPL
2021-09-22,142.3805389404297,145.85000610351562,146.42999267578125,143.6999969482422,144.4499969482422,76404300,AAPL
2021-09-23,143.3372802734375,146.8300018310547,147.0800018310547,145.63999938964844,146.64999389648438,64838200,AAPL
2021-09-24,143.4251251220703,146.9199981689453,147.47000122070312,145.55999755859375,145.66000366210938,53477900,AAPL
2021-09-27,141.91201782226562,145.3699951171875,145.9600067138672,143.82000732421875,145.47000122070312,74150700,AAPL
2021-09-28,138.5343017578125,141.91000366210938,144.75,141.69000244140625,143.25,108972300,AAPL
2021-09-29,139.43238830566406,142.8300018310547,144.4499969482422,142.02999877929688,142.47000122070312,74602000,AAPL
2021-09-30,138.13401794433594,141.5,144.3800048828125,141.27999877929688,143.66000366210938,89056700,AAPL
2021-10-01,139.25668334960938,142.64999389648438,142.9199981689453,139.11000061035156,141.89999389648438,94639600,AAPL
2021-10-04,135.83018493652344,139.13999938964844,142.2100067138672,138.27000427246094,141.75999450683594,98322000,AAPL
2021-10-05,137.7532958984375,141.11000061035156,142.24000549316406,139.36000061035156,139.49000549316406,80861100,AAPL
2021-10-06,138.6221466064453,142.0,142.14999389648438,138.3699951171875,139.47000122070312,83221100,AAPL
2021-10-07,139.8814697265625,143.2899932861328,144.22000122070312,142.72000122070312,143.05999755859375,61732700,AAPL
2021-10-08,139.500732421875,142.89999389648438,144.17999267578125,142.55999755859375,144.02999877929688,58773200,AAPL
2021-10-11,139.4128875732422,142.80999755859375,144.80999755859375,141.80999755859375,142.27000427246094,64452200,AAPL
2021-10-12,138.14376831054688,141.50999450683594,143.25,141.0399932861328,143.22999572753906,73035900,AAPL
2021-10-13,137.55804443359375,140.91000366210938,141.39999389648438,139.1999969482422,141.24000549316406,78762700,AAPL
2021-10-14,140.3402557373047,143.75999450683594,143.8800048828125,141.50999450683594,142.11000061035156,69907100,AAPL
2021-10-15,141.39459228515625,144.83999633789062,144.89999389648438,143.50999450683594,143.77000427246094,67940300,AAPL
2021-10-18,143.06390380859375,146.5500030517578,146.83999633789062,143.16000366210938,143.4499969482422,85589200,AAPL
2021-10-19,145.22132873535156,148.75999450683594,149.1699981689453,146.5500030517578,147.00999450683594,76378900,AAPL
2021-10-20,145.7094268798828,149.25999450683594,149.75,148.1199951171875,148.6999969482422,58418800,AAPL
2021-10-21,145.92417907714844,149.47999572753906,149.63999938964844,147.8699951171875,148.80999755859375,61421000,AAPL
2021-10-22,145.15301513671875,148.69000244140625,150.17999267578125,148.63999938964844,149.69000244140625,58883400,AAPL
2021-10-25,145.1042022705078,148.63999938964844,149.3699951171875,147.6199951171875,148.67999267578125,50720600,AAPL
2021-10-26,145.76806640625,149.32000732421875,150.83999633789062,149.00999450683594,149.3300018310547,60893400,AAPL
2021-10-27,145.30921936035156,148.85000610351562,149.72999572753906,148.49000549316406,149.36000061035156,56094900,AAPL
2021-10-28,148.9407196044922,152.57000732421875,153.1699981689453,149.72000122070312,149.82000732421875,100077900,AAPL
2021-10-29,146.236572265625,149.8000030517578,149.94000244140625,146.41000366210938,147.22000122070312,124953200,AAPL
2021-11-01,145.41661071777344,148.9600067138672,149.6999969482422,147.8000030517578,148.99000549316406,74588300,AAPL
2021-11-02,146.451416015625,150.02000427246094,151.57000732421875,148.64999389648438,148.66000366210938,69122000,AAPL
2021-11-03,147.88641357421875,151.49000549316406,151.97000122070312,149.82000732421875,150.38999938964844,54511500,AAPL
2021-11-04,147.36903381347656,150.9600067138672,152.42999267578125,150.63999938964844,151.5800018310547,60394600,AAPL
2021-11-05,147.89695739746094,151.27999877929688,152.1999969482422,150.05999755859375,151.88999938964844,65463900,AAPL
2021-11-08,147.0757293701172,150.44000244140625,151.57000732421875,150.16000366210938,151.41000366210938,55020900,AAPL
2021-11-09,147.43743896484375,150.80999755859375,151.42999267578125,150.05999755859375,150.1999969482422,56787900,AAPL
2021-11-10,144.61209106445312,147.9199981689453,150.1300048828125,147.85000610351562,150.02000427246094,65187100,AAPL
2021-11-11,144.5631866455078,147.8699951171875,149.42999267578125,147.67999267578125,148.9600067138672,41000000,AAPL
2021-11-12,146.6357879638672,149.99000549316406,150.39999389648438,147.47999572753906,148.42999267578125,63804000,AAPL
2021-11-15,146.64556884765625,150.0,151.8800048828125,149.42999267578125,150.3699951171875,59222800,AAPL
2021-11-16,147.6232147216797,151.0,151.49000549316406,149.33999633789062,149.94000244140625,59256200,AAPL
2021-11-17,150.05751037597656,153.49000549316406,155.0,150.99000549316406,151.0,88807000,AAPL
2021-11-18,154.33956909179688,157.8699951171875,158.6699981689453,153.0500030517578,153.7100067138672,137827700,AAPL
2021-11-19,156.95965576171875,160.5500030517578,161.02000427246094,156.52999877929688,157.64999389648438,117305600,AAPL
2021-11-22,157.4191436767578,161.02000427246094,165.6999969482422,161.0,161.67999267578125,117467900,AAPL
2021-11-23,157.80039978027344,161.41000366210938,161.8000030517578,159.05999755859375,161.1199951171875,96041900,AAPL
2021-11-24,158.3185272216797,161.94000244140625,162.13999938964844,159.63999938964844,160.75,69463600,AAPL
2021-11-26,153.3032684326172,156.80999755859375,160.4499969482422,156.36000061035156,159.57000732421875,76959800,AAPL
2021-11-29,156.6565704345703,160.24000549316406,161.19000244140625,158.7899932861328,159.3699951171875,88748200,AAPL
2021-11-30,161.6033935546875,165.3000030517578,165.52000427246094,159.9199981689453,159.99000549316406,174048100,AAPL
2021-12-01,161.0852813720703,164.77000427246094,170.3000030517578,164.52999877929688,167.47999572753906,152052500,AAPL
2021-12-02,160.0978546142578,163.75999450683594,164.1999969482422,157.8000030517578,158.74000549316406,136739200,AAPL
2021-12-03,158.22080993652344,161.83999633789062,164.9600067138672,159.72000122070312,164.02000427246094,118023100,AAPL
2021-12-06,161.62295532226562,165.32000732421875,167.8800048828125,164.27999877929688,164.2899932861328,107497000,AAPL
2021-12-07,167.35194396972656,171.17999267578125,171.5800018310547,168.33999633789062,169.0800018310547,120405400,AAPL
2021-12-08,171.16468811035156,175.0800018310547,175.9600067138672,170.6999969482422,172.1300048828125,116998900,AAPL
2021-12-09,170.65634155273438,174.55999755859375,176.75,173.9199981689453,174.91000366210938,108923700,AAPL
2021-12-10,175.43695068359375,179.4499969482422,179.6300048828125,174.69000244140625,175.2100067138672,115402700,AAPL
2021-12-13,171.8099365234375,175.74000549316406,182.1300048828125,175.52999877929688,181.1199951171875,153237000,AAPL
2021-12-14,170.4314422607422,174.3300018310547,177.74000549316406,172.2100067138672,175.25,139380400,AAPL
2021-12-15,175.2903289794922,179.3000030517578,179.5,172.30999755859375,175.11000061035156,131063300,AAPL
2021-12-16,168.40774536132812,172.25999450683594,181.13999938964844,170.75,179.27999877929688,150185800,AAPL
2021-12-17,167.3127899169922,171.13999938964844,173.47000122070312,169.69000244140625,169.92999267578125,195432700,AAPL
2021-12-20,165.95388793945312,169.75,170.5800018310547,167.4600067138672,168.27999877929688,107499100,AAPL
2021-12-21,169.12144470214844,172.99000549316406,173.1999969482422,169.1199951171875,171.55999755859375,91185900,AAPL
2021-12-22,171.71217346191406,175.63999938964844,175.86000061035156,172.14999389648438,173.0399932861328,92135300,AAPL
2021-12-23,172.3378448486328,176.27999877929688,176.85000610351562,175.27000427246094,175.85000610351562,68356600,AAPL
2021-12-27,176.2972869873047,180.3300018310547,180.4199981689453,177.07000732421875,177.08999633789062,74919600,AAPL
2021-12-28,175.280517578125,179.2899932861328,181.3300018310547,178.52999877929688,180.16000366210938,79144300,AAPL
2021-12-29,175.3685302734375,179.3800048828125,180.6300048828125,178.13999938964844,179.3300018310547,62348900,AAPL
2021-12-30,174.21495056152344,178.1999969482422,180.57000732421875,178.08999633789062,179.47000122070312,59773000,AAPL
2021-12-31,173.59901428222656,177.57000732421875,179.22999572753906,177.25999450683594,178.08999633789062,64062300,AAPL
2022-01-03,177.9397430419922,182.00999450683594,182.8800048828125,177.7100067138672,177.8300018310547,104487900,AAPL
2022-01-04,175.68138122558594,179.6999969482422,182.94000244140625,179.1199951171875,182.6300048828125,99310400,AAPL
2022-01-05,171.0082550048828,174.9199981689453,180.1699981689453,174.63999938964844,179.61000061035156,94537600,AAPL
2022-01-06,168.153564453125,172.0,175.3000030517578,171.63999938964844,172.6999969482422,96904000,AAPL
2022-01-07,168.31979370117188,172.1699981689453,174.13999938964844,171.02999877929688,172.88999938964844,86709100,AAPL
2022-01-10,168.3393096923828,172.19000244140625,172.5,168.1699981689453,169.0800018310547,106765600,AAPL
2022-01-11,171.16468811035156,175.0800018310547,175.17999267578125,170.82000732421875,172.32000732421875,76138300,AAPL
2022-01-12,171.6046142578125,175.52999877929688,177.17999267578125,174.82000732421875,176.1199951171875,74805200,AAPL
2022-01-13,168.3393096923828,172.19000244140625,176.6199951171875,171.7899932861328,175.77999877929688,84505800,AAPL
2022-01-14,169.1996307373047,173.07000732421875,173.77999877929688,171.08999633789062,171.33999633789062,80440800,AAPL
2022-01-18,166.00274658203125,169.8000030517578,172.5399932861328,169.41000366210938,171.50999450683594,90956700,AAPL
2022-01-19,162.51258850097656,166.22999572753906,171.0800018310547,165.94000244140625,170.0,94815000,AAPL
2022-01-20,160.8311004638672,164.50999450683594,169.67999267578125,164.17999267578125,166.97999572753906,91420500,AAPL
2022-01-21,158.77801513671875,162.41000366210938,166.3300018310547,162.3000030517578,164.4199981689453,122848900,AAPL
2022-01-24,158.0056915283203,161.6199951171875,162.3000030517578,154.6999969482422,160.02000427246094,162294600,AAPL
2022-01-25,156.2068634033203,159.77999877929688,162.75999450683594,157.02000427246094,158.97999572753906,115798400,AAPL
2022-01-26,156.11886596679688,159.69000244140625,164.38999938964844,157.82000732421875,163.5,108275300,AAPL
2022-01-27,155.65939331054688,159.22000122070312,163.83999633789062,158.27999877929688,162.4499969482422,121954600,AAPL
2022-01-28,166.52093505859375,170.3300018310547,170.35000610351562,162.8000030517578,165.7100067138672,179935700,AAPL
2022-01-31,170.8714141845703,174.77999877929688,175.0,169.50999450683594,170.16000366210938,115541600,AAPL
2022-02-01,170.70521545410156,174.61000061035156,174.83999633789062,172.30999755859375,174.00999450683594,86213900,AAPL
2022-02-02,171.90768432617188,175.83999633789062,175.8800048828125,173.3300018310547,174.75,84914300,AAPL
2022-02-03,169.033447265625,172.89999389648438,176.24000549316406,172.1199951171875,174.47999572753906,89418100,AAPL
2022-02-04,168.7495880126953,172.38999938964844,174.10000610351562,170.67999267578125,171.67999267578125,82465400,AAPL
2022-02-07,168.0349884033203,171.66000366210938,173.9499969482422,170.9499969482422,172.86000061035156,77251200,AAPL
2022-02-08,171.1380615234375,174.8300018310547,175.35000610351562,171.42999267578125,171.72999572753906,74829200,AAPL
2022-02-09,172.55740356445312,176.27999877929688,176.64999389648438,174.89999389648438,176.0500030517578,71285000,AAPL
2022-02-10,168.48529052734375,172.1199951171875,175.47999572753906,171.5500030517578,174.13999938964844,90865900,AAPL
2022-02-11,165.07879638671875,168.63999938964844,173.0800018310547,168.0399932861328,172.3300018310547,98670700,AAPL
2022-02-14,165.313720703125,168.8800048828125,169.5800018310547,166.55999755859375,167.3699951171875,86185500,AAPL
2022-02-15,169.14109802246094,172.7899932861328,172.9499969482422,170.25,170.97000122070312,62527400,AAPL
2022-02-16,168.9062042236328,172.5500030517578,173.33999633789062,170.0500030517578,171.85000610351562,61177400,AAPL
2022-02-17,165.313720703125,168.8800048828125,171.91000366210938,168.47000122070312,171.02999877929688,69589300,AAPL
2022-02-18,163.7670440673828,167.3000030517578,170.5399932861328,166.19000244140625,169.82000732421875,82772700,AAPL
2022-02-22,160.8500213623047,164.32000732421875,166.69000244140625,162.14999389648438,164.97999572753906,91162800,AAPL
2022-02-23,156.68975830078125,160.07000732421875,166.14999389648438,159.75,165.5399932861328,90009200,AAPL
2022-02-24,159.30335998535156,162.74000549316406,162.85000610351562,152.0,152.5800018310547,141147500,AAPL
2022-02-25,161.36878967285156,164.85000610351562,165.1199951171875,160.8699951171875,163.83999633789062,91974200,AAPL
2022-02-28,161.6331024169922,165.1199951171875,165.4199981689453,162.42999267578125,163.05999755859375,95056600,AAPL
2022-03-01,159.75364685058594,163.1999969482422,166.60000610351562,161.97000122070312,164.6999969482422,83474400,AAPL
2022-03-02,163.04269409179688,166.55999755859375,167.36000061035156,162.9499969482422,164.38999938964844,79724800,AAPL
2022-03-03,162.71963500976562,166.22999572753906,168.91000366210938,165.5500030517578,168.47000122070312,76678400,AAPL
2022-03-04,159.7242889404297,163.1699981689453,165.5500030517578,162.10000610351562,164.49000549316406,83737200,AAPL
2022-03-07,155.93601989746094,159.3000030517578,165.02000427246094,159.0399932861328,163.36000061035156,96418800,AAPL
2022-03-08,154.11529541015625,157.44000244140625,162.8800048828125,155.8000030517578,158.82000732421875,131148300,AAPL
2022-03-09,159.50894165039062,162.9499969482422,163.41000366210938,159.41000366210938,161.47999572753906,91454900,AAPL
2022-03-10,155.17247009277344,158.52000427246094,160.38999938964844,155.97999572753906,160.1999969482422,105342000,AAPL
2022-03-11,151.4624786376953,154.72999572753906,159.27999877929688,154.5,158.92999267578125,96970100,AAPL
2022-03-14,147.43930053710938,150.6199951171875,154.1199951171875,150.10000610351562,151.4499969482422,108732100,AAPL
2022-03-15,151.81492614746094,155.08999633789062,155.57000732421875,150.3800048828125,150.89999389648438,92964300,AAPL
2022-03-16,156.2198944091797,159.58999633789062,160.0,154.4600067138672,157.0500030517578,102300200,AAPL
2022-03-17,157.22813415527344,160.6199951171875,161.0,157.6300048828125,158.61000061035156,75615400,AAPL
2022-03-18,160.51715087890625,163.97999572753906,164.47999572753906,159.75999450683594,160.50999450683594,123511700,AAPL
2022-03-21,161.88760375976562,165.3800048828125,166.35000610351562,163.00999450683594,163.50999450683594,95811400,AAPL
2022-03-22,165.25497436523438,168.82000732421875,169.4199981689453,164.91000366210938,165.50999450683594,81532000,AAPL
2022-03-23,166.6156463623047,170.2100067138672,172.63999938964844,167.64999389648438,167.99000549316406,98062700,AAPL
2022-03-24,170.39410400390625,174.07000732421875,174.13999938964844,170.2100067138672,171.05999755859375,90131400,AAPL
2022-03-25,171.03036499023438,174.72000122070312,175.27999877929688,172.75,173.8800048828125,80546200,AAPL
2022-03-28,171.89178466796875,175.60000610351562,175.72999572753906,172.0,172.1699981689453,90371900,AAPL
2022-03-29,175.18084716796875,178.9600067138672,179.00999450683594,176.33999633789062,176.69000244140625,100589400,AAPL
2022-03-30,174.0159912109375,177.77000427246094,179.61000061035156,176.6999969482422,178.5500030517578,92633200,AAPL
2022-03-31,170.92271423339844,174.61000061035156,178.02999877929688,174.39999389648438,177.83999633789062,103049300,AAPL
2022-04-01,170.62901306152344,174.30999755859375,174.8800048828125,171.94000244140625,174.02999877929688,78751300,AAPL
2022-04-04,174.67181396484375,178.44000244140625,178.49000549316406,174.44000244140625,174.57000732421875,76468400,AAPL
2022-04-05,171.36322021484375,175.05999755859375,178.3000030517578,174.4199981689453,177.5,73401800,AAPL
2022-04-06,168.2013702392578,171.8300018310547,173.6300048828125,170.1300048828125,172.36000061035156,89058800,AAPL
2022-04-07,168.50486755371094,172.13999938964844,173.36000061035156,169.85000610351562,171.16000366210938,77594700,AAPL
2022-04-08,166.49813842773438,170.08999633789062,171.77999877929688,169.1999969482422,171.77999877929688,76575500,AAPL
2022-04-11,162.2498016357422,165.75,169.02999877929688,165.5,168.7100067138672,72246700,AAPL
2022-04-12,164.1194610595703,167.66000366210938,169.8699951171875,166.63999938964844,168.02000427246094,79265200,AAPL
2022-04-13,166.8015899658203,170.39999389648438,171.0399932861328,166.77000427246094,167.38999938964844,70618900,AAPL
2022-04-14,161.7994842529297,165.2899932861328,171.27000427246094,165.0399932861328,170.6199951171875,75329400,AAPL
2022-04-18,161.5841827392578,165.07000732421875,166.60000610351562,163.57000732421875,163.9199981689453,69023900,AAPL
2022-04-19,163.86495971679688,167.39999389648438,167.82000732421875,163.91000366210938,165.02000427246094,67723800,AAPL
2022-04-20,163.69857788085938,167.22999572753906,168.8800048828125,166.10000610351562,168.75999450683594,67929800,AAPL
2022-04-21,162.90565490722656,166.4199981689453,171.52999877929688,165.91000366210938,168.91000366210938,87227800,AAPL
2022-04-22,158.3734130859375,161.7899932861328,167.8699951171875,161.5,166.4600067138672,84882400,AAPL
2022-04-25,159.4404296875,162.8800048828125,163.1699981689453,158.4600067138672,161.1199951171875,96046400,AAPL
2022-04-26,153.48883056640625,156.8000030517578,162.33999633789062,156.72000122070312,162.25,95623200,AAPL
2022-04-27,153.26364135742188,156.57000732421875,159.7899932861328,155.3800048828125,155.91000366210938,88063200,AAPL
2022-04-28,160.18435668945312,163.63999938964844,164.52000427246094,158.92999267578125,159.25,130216800,AAPL
2022-04-29,154.3208465576172,157.64999389648438,166.1999969482422,157.25,161.83999633789062,131747600,AAPL
2022-05-02,154.6243133544922,157.9600067138672,158.22999572753906,153.27000427246094,156.7100067138672,123055300,AAPL
2022-05-03,156.11221313476562,159.47999572753906,160.7100067138672,156.32000732421875,158.14999389648438,88966500,AAPL
2022-05-04,162.51409912109375,166.02000427246094,166.47999572753906,159.25999450683594,159.6699981689453,108256500,AAPL
2022-05-05,153.45944213867188,156.77000427246094,164.0800018310547,154.9499969482422,163.85000610351562,130525300,AAPL
2022-05-06,154.18482971191406,157.27999877929688,159.44000244140625,154.17999267578125,156.00999450683594,116124600,AAPL
2022-05-09,149.0675811767578,152.05999755859375,155.8300018310547,151.49000549316406,154.92999267578125,131577900,AAPL
2022-05-10,151.4693603515625,154.50999450683594,156.74000549316406,152.92999267578125,155.52000427246094,115366700,AAPL
2022-05-11,143.6170196533203,146.5,155.4499969482422,145.80999755859375,153.5,142689800,AAPL
2022-05-12,139.75453186035156,142.55999755859375,146.1999969482422,138.8000030517578,142.77000427246094,182602000,AAPL
2022-05-13,144.21499633789062,147.11000061035156,148.10000610351562,143.11000061035156,144.58999633789062,113990900,AAPL
2022-05-16,142.6758575439453,145.5399932861328,147.52000427246094,144.17999267578125,145.5500030517578,86643800,AAPL
2022-05-17,146.30308532714844,149.24000549316406,149.77000427246094,146.67999267578125,148.86000061035156,78336300,AAPL
2022-05-18,138.04879760742188,140.82000732421875,147.36000061035156,139.89999389648438,146.85000610351562,109742900,AAPL
2022-05-19,134.64710998535156,137.35000610351562,141.66000366210938,136.60000610351562,139.8800048828125,136095600,AAPL
2022-05-20,134.88238525390625,137.58999633789062,140.6999969482422,132.61000061035156,139.08999633789062,137426100,AAPL
2022-05-23,140.29376220703125,143.11000061035156,143.25999450683594,137.64999389648438,137.7899932861328,117726300,AAPL
2022-05-24,137.5978546142578,140.36000061035156,141.97000122070312,137.3300018310547,140.80999755859375,104132700,AAPL
2022-05-25,137.75469970703125,140.52000427246094,141.7899932861328,138.33999633789062,138.42999267578125,92482700,AAPL
2022-05-26,140.95053100585938,143.77999877929688,144.33999633789062,137.13999938964844,137.38999938964844,90601500,AAPL
2022-05-27,146.6952362060547,149.63999938964844,149.67999267578125,145.25999450683594,145.38999938964844,90978500,AAPL
2022-05-31,145.91099548339844,148.83999633789062,150.66000366210938,146.83999633789062,149.07000732421875,103718400,AAPL
2022-06-01,145.7835235595703,148.7100067138672,151.74000549316406,147.67999267578125,149.89999389648438,74286600,AAPL
2022-06-02,148.23434448242188,151.2100067138672,151.27000427246094,146.86000061035156,147.8300018310547,72348100,AAPL
2022-06-03,142.51904296875,145.3800048828125,147.97000122070312,144.4600067138672,146.89999389648438,88570300,AAPL
2022-06-06,143.26409912109375,146.13999938964844,148.57000732421875,144.89999389648438,147.02999877929688,71598400,AAPL
2022-06-07,145.7835235595703,148.7100067138672,149.0,144.10000610351562,144.35000610351562,67808200,AAPL
2022-06-08,145.04824829101562,147.9600067138672,149.8699951171875,147.4600067138672,148.5800018310547,53950200,AAPL
2022-06-09,139.83297729492188,142.63999938964844,147.9499969482422,142.52999877929688,147.0800018310547,69473000,AAPL
2022-06-10,134.43142700195312,137.1300048828125,140.75999450683594,137.05999755859375,140.27999877929688,91437900,AAPL
2022-06-13,129.28469848632812,131.8800048828125,135.1999969482422,131.44000244140625,132.8699951171875,122207100,AAPL
2022-06-14,130.1474151611328,132.75999450683594,133.88999938964844,131.47999572753906,133.1300048828125,84784300,AAPL
2022-06-15,132.7648468017578,135.42999267578125,137.33999633789062,132.16000366210938,134.2899932861328,91533000,AAPL
2022-06-16,127.50052642822266,130.05999755859375,132.38999938964844,129.0399932861328,132.0800018310547,108123900,AAPL
2022-06-17,128.9709930419922,131.55999755859375,133.0800018310547,129.80999755859375,130.07000732421875,134520300,AAPL
2022-06-21,133.19622802734375,135.8699951171875,137.05999755859375,133.32000732421875,133.4199981689453,81000500,AAPL
2022-06-22,132.6864471435547,135.35000610351562,137.75999450683594,133.91000366210938,134.7899932861328,73409200,AAPL
2022-06-23,135.5489959716797,138.27000427246094,138.58999633789062,135.6300048828125,136.82000732421875,72433800,AAPL
2022-06-24,138.87228393554688,141.66000366210938,141.91000366210938,139.77000427246094,139.89999389648438,89116800,AAPL
2022-06-27,138.87228393554688,141.66000366210938,143.49000549316406,140.97000122070312,142.6999969482422,70207900,AAPL
2022-06-28,134.7353057861328,137.44000244140625,143.4199981689453,137.32000732421875,142.1300048828125,67083400,AAPL
2022-06-29,136.4901123046875,139.22999572753906,140.6699981689453,136.6699981689453,137.4600067138672,66242400,AAPL
2022-06-30,134.02944946289062,136.72000122070312,138.3699951171875,133.77000427246094,137.25,98964500,AAPL
2022-07-01,136.19595336914062,138.92999267578125,139.0399932861328,135.66000366210938,136.0399932861328,71051600,AAPL
2022-07-05,138.77423095703125,141.55999755859375,141.61000061035156,136.92999267578125,137.77000427246094,73353800,AAPL
2022-07-06,140.1074676513672,142.9199981689453,144.1199951171875,141.0800018310547,141.35000610351562,74064300,AAPL
2022-07-07,143.469970703125,146.35000610351562,146.5500030517578,143.27999877929688,143.2899932861328,66253700,AAPL
2022-07-08,144.14637756347656,147.0399932861328,147.5500030517578,145.0,145.25999450683594,64547800,AAPL
2022-07-11,142.01905822753906,144.8699951171875,146.63999938964844,143.77999877929688,145.6699981689453,63141600,AAPL
2022-07-12,142.98960876464844,145.86000061035156,148.4499969482422,145.0500030517578,145.75999450683594,77588800,AAPL
2022-07-13,142.62689208984375,145.49000549316406,146.4499969482422,142.1199951171875,142.99000549316406,71185600,AAPL
2022-07-14,145.5482177734375,148.47000122070312,148.9499969482422,143.25,144.0800018310547,78140700,AAPL
2022-07-15,147.21478271484375,150.1699981689453,150.86000061035156,148.1999969482422,149.77999877929688,76259900,AAPL
2022-07-18,144.1758270263672,147.07000732421875,151.57000732421875,146.6999969482422,150.74000549316406,81420900,AAPL
2022-07-19,148.0284423828125,151.0,151.22999572753906,146.91000366210938,147.9199981689453,82982400,AAPL
2022-07-20,150.02828979492188,153.0399932861328,153.72000122070312,150.3699951171875,151.1199951171875,64823400,AAPL
2022-07-21,152.29283142089844,155.35000610351562,155.57000732421875,151.94000244140625,154.5,65086600,AAPL
2022-07-22,151.0576629638672,154.08999633789062,156.27999877929688,153.41000366210938,155.38999938964844,66675400,AAPL
2022-07-25,149.94009399414062,152.9499969482422,155.0399932861328,152.27999877929688,154.00999450683594,53623900,AAPL
2022-07-26,148.61666870117188,151.60000610351562,153.08999633789062,150.8000030517578,152.25999450683594,55138700,AAPL
2022-07-27,153.70449829101562,156.7899932861328,157.3300018310547,152.16000366210938,152.5800018310547,78620700,AAPL
2022-07-28,154.25347900390625,157.35000610351562,157.63999938964844,154.41000366210938,156.97999572753906,81378700,AAPL
2022-07-29,159.3119659423828,162.50999450683594,163.6300048828125,159.5,161.24000549316406,101786900,AAPL
2022-08-01,158.3316192626953,161.50999450683594,163.58999633789062,160.88999938964844,161.00999450683594,67829400,AAPL
2022-08-02,156.8611602783203,160.00999450683594,162.41000366210938,159.6300048828125,160.10000610351562,59907000,AAPL
2022-08-03,162.86070251464844,166.1300048828125,166.58999633789062,160.75,160.83999633789062,82507500,AAPL
2022-08-04,162.54701232910156,165.80999755859375,167.19000244140625,164.42999267578125,166.00999450683594,55474100,AAPL
2022-08-05,162.3212432861328,165.35000610351562,165.85000610351562,163.0,163.2100067138672,56697000,AAPL
2022-08-08,161.85000610351562,164.8699951171875,167.80999755859375,164.1999969482422,166.3699951171875,60276900,AAPL
2022-08-09,161.89906311035156,164.9199981689453,165.82000732421875,163.25,164.02000427246094,63135500,AAPL
2022-08-10,166.13998413085938,169.24000549316406,169.33999633789062,166.89999389648438,167.67999267578125,70170500,AAPL
2022-08-11,165.4036865234375,168.49000549316406,170.99000549316406,168.19000244140625,170.05999755859375,57149200,AAPL
2022-08-12,168.94754028320312,172.10000610351562,172.1699981689453,169.39999389648438,169.82000732421875,68039400,AAPL
2022-08-15,170.0176239013672,173.19000244140625,173.38999938964844,171.35000610351562,171.52000427246094,54091700,AAPL
2022-08-16,169.86053466796875,173.02999877929688,173.7100067138672,171.66000366210938,172.77999877929688,56377100,AAPL
2022-08-17,171.3527069091797,174.5500030517578,176.14999389648438,172.57000732421875,172.77000427246094,79542000,AAPL
2022-08-18,170.96002197265625,174.14999389648438,174.89999389648438,173.1199951171875,173.75,62290100,AAPL
2022-08-19,168.37820434570312,171.52000427246094,173.74000549316406,171.30999755859375,173.02999877929688,70346300,AAPL
2022-08-22,164.50051879882812,167.57000732421875,169.86000061035156,167.13999938964844,169.69000244140625,69026800,AAPL
2022-08-23,164.1667938232422,167.22999572753906,168.7100067138672,166.64999389648438,167.0800018310547,54147100,AAPL
2022-08-24,164.46127319335938,167.52999877929688,168.11000061035156,166.25,167.32000732421875,53841500,AAPL
2022-08-25,166.91551208496094,170.02999877929688,170.13999938964844,168.35000610351562,168.77999877929688,51218200,AAPL
2022-08-26,160.62289428710938,163.6199951171875,171.0500030517578,163.55999755859375,170.57000732421875,78961000,AAPL
2022-08-29,158.42396545410156,161.3800048828125,162.89999389648438,159.82000732421875,161.14999389648438,73314000,AAPL
2022-08-30,155.99917602539062,158.91000366210938,162.55999755859375,157.72000122070312,162.1300048828125,77906200,AAPL
2022-08-31,154.34014892578125,157.22000122070312,160.5800018310547,157.13999938964844,160.30999755859375,87991100,AAPL
2022-09-01,155.06661987304688,157.9600067138672,158.4199981689453,154.6699981689453,156.63999938964844,74229900,AAPL
2022-09-02,152.9559783935547,155.80999755859375,160.36000061035156,154.97000122070312,159.75,76957800,AAPL
2022-09-06,151.6994171142578,154.52999877929688,157.08999633789062,153.69000244140625,156.47000122070312,73714800,AAPL
2022-09-07,153.1032257080078,155.9600067138672,156.6699981689453,153.61000061035156,154.82000732421875,87449600,AAPL
2022-09-08,151.63072204589844,154.4600067138672,156.36000061035156,152.67999267578125,154.63999938964844,84923800,AAPL
2022-09-09,154.48739624023438,157.3699951171875,157.82000732421875,154.75,155.47000122070312,68028800,AAPL
2022-09-12,160.43637084960938,163.42999267578125,164.25999450683594,159.3000030517578,159.58999633789062,104956000,AAPL
2022-09-13,151.02206420898438,153.83999633789062,160.5399932861328,153.3699951171875,159.89999389648438,122656600,AAPL
2022-09-14,152.46511840820312,155.30999755859375,157.10000610351562,153.61000061035156,154.7899932861328,87965400,AAPL
2022-09-15,149.5789794921875,152.3699951171875,155.24000549316406,151.3800048828125,154.64999389648438,90481100,AAPL
2022-09-16,147.93955993652344,150.6999969482422,151.35000610351562,148.3699951171875,151.2100067138672,162278800,AAPL
2022-09-19,151.6503143310547,154.47999572753906,154.55999755859375,149.10000610351562,149.30999755859375,81474200,AAPL
2022-09-20,154.02598571777344,156.89999389648438,158.0800018310547,153.0800018310547,153.39999389648438,107689800,AAPL
2022-09-21,150.9042510986328,153.72000122070312,158.74000549316406,153.60000610351562,157.33999633789062,101696800,AAPL
2022-09-22,149.94216918945312,152.74000549316406,154.47000122070312,150.91000366210938,152.3800048828125,86652500,AAPL
2022-09-23,147.67453002929688,150.42999267578125,151.47000122070312,148.55999755859375,151.19000244140625,96029900,AAPL
2022-09-26,148.00828552246094,150.77000427246094,153.77000427246094,149.63999938964844,149.66000366210938,93339400,AAPL
2022-09-27,148.9801483154297,151.75999450683594,154.72000122070312,149.9499969482422,152.74000549316406,84442700,AAPL
2022-09-28,147.0952911376953,149.83999633789062,150.63999938964844,144.83999633789062,147.63999938964844,146691400,AAPL
2022-09-29,139.8701171875,142.47999572753906,146.72000122070312,140.67999267578125,146.10000610351562,128138200,AAPL
2022-09-30,135.6685333251953,138.1999969482422,143.10000610351562,138.0,141.27999877929688,124925300,AAPL
2022-10-03,139.84066772460938,142.4499969482422,143.07000732421875,137.69000244140625,138.2100067138672,114311700,AAPL
2022-10-04,143.42379760742188,146.10000610351562,146.22000122070312,144.25999450683594,145.02999877929688,87830100,AAPL
2022-10-05,143.71835327148438,146.39999389648438,147.3800048828125,143.00999450683594,144.07000732421875,79471000,AAPL
2022-10-06,142.76609802246094,145.42999267578125,147.5399932861328,145.22000122070312,145.80999755859375,68402200,AAPL
2022-10-07,137.52389526367188,140.08999633789062,143.10000610351562,139.4499969482422,142.5399932861328,85925600,AAPL
2022-10-10,137.84788513183594,140.4199981689453,141.88999938964844,138.57000732421875,140.4199981689453,74899000,AAPL
2022-10-11,136.4342498779297,138.97999572753906,141.35000610351562,138.22000122070312,139.89999389648438,77033700,AAPL
2022-10-12,135.8059539794922,138.33999633789062,140.36000061035156,138.16000366210938,139.1300048828125,70433700,AAPL
2022-10-13,140.37078857421875,142.99000549316406,143.58999633789062,134.3699951171875,134.99000549316406,113224000,AAPL
2022-10-14,135.8452606201172,138.3800048828125,144.52000427246094,138.19000244140625,144.30999755859375,88598000,AAPL
2022-10-17,139.8013916015625,142.41000366210938,142.89999389648438,140.27000427246094,141.07000732421875,85250900,AAPL
2022-10-18,141.11688232421875,143.75,146.6999969482422,140.61000061035156,145.49000549316406,99136600,AAPL
2022-10-19,141.22483825683594,143.86000061035156,144.9499969482422,141.5,141.69000244140625,61758300,AAPL
2022-10-20,140.7634735107422,143.38999938964844,145.88999938964844,142.64999389648438,143.02000427246094,64522000,AAPL
2022-10-21,144.57240295410156,147.27000427246094,147.85000610351562,142.64999389648438,142.8699951171875,86548600,AAPL
2022-10-24,146.71246337890625,149.4499969482422,150.22999572753906,146.0,147.19000244140625,75981900,AAPL
2022-10-25,149.54954528808594,152.33999633789062,152.49000549316406,149.36000061035156,150.08999633789062,74732300,AAPL
2022-10-26,146.61431884765625,149.35000610351562,151.99000549316406,148.0399932861328,150.9600067138672,88194300,AAPL
2022-10-27,142.1476287841797,144.8000030517578,149.0500030517578,144.1300048828125,148.07000732421875,109180200,AAPL
2022-10-28,152.88726806640625,155.74000549316406,157.5,147.82000732421875,148.1999969482422,164762400,AAPL
2022-10-31,150.53121948242188,153.33999633789062,154.24000549316406,151.9199981689453,153.16000366210938,97943200,AAPL
2022-11-01,147.8904571533203,150.64999389648438,155.4499969482422,149.1300048828125,155.0800018310547,80379300,AAPL
2022-11-02,142.37344360351562,145.02999877929688,152.1699981689453,145.0,148.9499969482422,93604600,AAPL
2022-11-03,136.33607482910156,138.8800048828125,142.8000030517578,138.75,142.05999755859375,97918500,AAPL
2022-11-04,136.07058715820312,138.3800048828125,142.6699981689453,134.3800048828125,142.08999633789062,140814800,AAPL
2022-11-07,136.60154724121094,138.9199981689453,139.14999389648438,135.6699981689453,137.11000061035156,83374600,AAPL
2022-11-08,137.17189025878906,139.5,141.42999267578125,137.49000549316406,140.41000366210938,89908500,AAPL
2022-11-09,132.61917114257812,134.8699951171875,138.5500030517578,134.58999633789062,138.5,74917800,AAPL
2022-11-10,144.41891479492188,146.8699951171875,146.8699951171875,139.5,141.24000549316406,118854000,AAPL
2022-11-11,147.20164489746094,149.6999969482422,150.00999450683594,144.3699951171875,145.82000732421875,93979700,AAPL
2022-11-14,145.8053436279297,148.27999877929688,150.27999877929688,147.42999267578125,148.97000122070312,73374100,AAPL
2022-11-15,147.53598022460938,150.0399932861328,153.58999633789062,148.55999755859375,152.22000122070312,89868300,AAPL
2022-11-16,146.30685424804688,148.7899932861328,149.8699951171875,147.2899932861328,149.1300048828125,64218300,AAPL
2022-11-17,148.2046356201172,150.72000122070312,151.47999572753906,146.14999389648438,146.42999267578125,80389400,AAPL
2022-11-18,148.76512145996094,151.2899932861328,152.6999969482422,149.97000122070312,152.30999755859375,74829600,AAPL
2022-11-21,145.5398712158203,148.00999450683594,150.3699951171875,147.72000122070312,150.16000366210938,58724100,AAPL
2022-11-22,147.6736602783203,150.17999267578125,150.4199981689453,146.92999267578125,148.1300048828125,51804100,AAPL
2022-11-23,148.548828125,151.07000732421875,151.8300018310547,149.33999633789062,149.4499969482422,58301400,AAPL
2022-11-25,145.63821411132812,148.11000061035156,148.8800048828125,147.1199951171875,148.30999755859375,35195900,AAPL
2022-11-28,141.81312561035156,144.22000122070312,146.63999938964844,143.3800048828125,145.13999938964844,69246000,AAPL
2022-11-29,138.8140411376953,141.1699981689453,144.80999755859375,140.35000610351562,144.2899932861328,83763800,AAPL
2022-11-30,145.5595245361328,148.02999877929688,148.72000122070312,140.5500030517578,141.39999389648438,111380900,AAPL
2022-12-01,145.8348846435547,148.30999755859375,149.1300048828125,146.61000061035156,148.2100067138672,71250400,AAPL
2022-12-02,145.3432159423828,147.80999755859375,148.0,145.64999389648438,145.9600067138672,65447400,AAPL
2022-12-05,144.18292236328125,146.6300048828125,150.9199981689453,145.77000427246094,147.77000427246094,68826400,AAPL
2022-12-06,140.52500915527344,142.91000366210938,147.3000030517578,141.9199981689453,147.07000732421875,64727200,AAPL
2022-12-07,138.5878448486328,140.94000244140625,143.3699951171875,140.0,142.19000244140625,69721100,AAPL
2022-12-08,140.26930236816406,142.64999389648438,143.52000427246094,141.10000610351562,142.36000061035156,62128300,AAPL
2022-12-09,139.78750610351562,142.16000366210938,145.57000732421875,140.89999389648438,142.33999633789062,76097000,AAPL
2022-12-12,142.07861328125,144.49000549316406,144.5,141.05999755859375,142.6999969482422,70462700,AAPL
2022-12-13,143.04225158691406,145.47000122070312,149.97000122070312,144.24000549316406,149.5,93886200,AAPL
2022-12-14,140.82000732421875,143.2100067138672,146.66000366210938,141.16000366210938,145.35000610351562,82291200,AAPL
2022-12-15,134.22198486328125,136.5,141.8000030517578,136.02999877929688,141.11000061035156,98931900,AAPL
2022-12-16,132.26513671875,134.50999450683594,137.64999389648438,133.72999572753906,136.69000244140625,160156900,AAPL
2022-12-19,130.16087341308594,132.3699951171875,135.1999969482422,131.32000732421875,135.11000061035156,79592600,AAPL
2022-12-20,130.09202575683594,132.3000030517578,133.25,129.88999938964844,131.38999938964844,77432800,AAPL
2022-12-21,133.18948364257812,135.4499969482422,136.80999755859375,132.75,132.97999572753906,85928000,AAPL
2022-12-22,130.023193359375,132.22999572753906,134.55999755859375,130.3000030517578,134.35000610351562,77852100,AAPL
2022-12-23,129.65940856933594,131.86000061035156,132.4199981689453,129.63999938964844,130.9199981689453,63814900,AAPL
2022-12-27,127.85993194580078,130.02999877929688,131.41000366210938,128.72000122070312,131.3800048828125,69007800,AAPL
2022-12-28,123.93653106689453,126.04000091552734,131.02999877929688,125.87000274658203,129.6699981689453,85438400,AAPL
2022-12-29,127.44696044921875,129.61000061035156,130.47999572753906,127.7300033569336,127.98999786376953,75703700,AAPL
2022-12-30,127.76158142089844,129.92999267578125,129.9499969482422,127.43000030517578,128.41000366210938,77034200,AAPL
2023-01-03,122.98271179199219,125.06999969482422,130.89999389648438,124.16999816894531,130.27999877929688,112117500,AAPL
2023-01-04,124.25117492675781,126.36000061035156,128.66000366210938,125.08000183105469,126.88999938964844,89113600,AAPL
2023-01-05,122.93354797363281,125.0199966430664,127.7699966430664,124.76000213623047,127.12999725341797,80962700,AAPL
2023-01-06,127.45680236816406,129.6199951171875,130.2899932861328,124.88999938964844,126.01000213623047,87754700,AAPL
2023-01-09,127.97793579101562,130.14999389648438,133.41000366210938,129.88999938964844,130.47000122070312,70790800,AAPL
2023-01-10,128.54824829101562,130.72999572753906,131.25999450683594,128.1199951171875,130.25999450683594,63896200,AAPL
2023-01-11,131.26219177246094,133.49000549316406,133.50999450683594,130.4600067138672,131.25,69458900,AAPL
2023-01-12,131.18353271484375,133.41000366210938,134.25999450683594,131.44000244140625,133.8800048828125,71379600,AAPL
2023-01-13,132.51100158691406,134.75999450683594,134.9199981689453,131.66000366210938,132.02999877929688,57809700,AAPL
2023-01-17,133.67129516601562,135.94000244140625,137.2899932861328,134.1300048828125,134.8300018310547,63646600,AAPL
2023-01-18,132.9534912109375,135.2100067138672,138.61000061035156,135.02999877929688,136.82000732421875,69672800,AAPL
2023-01-19,133.0124969482422,135.27000427246094,136.25,133.77000427246094,134.0800018310547,58280400,AAPL
2023-01-20,135.56910705566406,137.8699951171875,138.02000427246094,134.22000122070312,135.27999877929688,80223600,AAPL
2023-01-23,138.75503540039062,141.11000061035156,143.32000732421875,137.89999389648438,138.1199951171875,81760300,AAPL
2023-01-24,140.1513214111328,142.52999877929688,143.16000366210938,140.3000030517578,140.30999755859375,66435100,AAPL
2023-01-25,139.49249267578125,141.86000061035156,142.42999267578125,138.80999755859375,140.88999938964844,65799300,AAPL
2023-01-26,141.55747985839844,143.9600067138672,144.25,141.89999389648438,143.1699981689453,54105100,AAPL
2023-01-27,143.49456787109375,145.92999267578125,147.22999572753906,143.0800018310547,143.16000366210938,70555800,AAPL
2023-01-30,140.6134796142578,143.0,145.5500030517578,142.85000610351562,144.9600067138672,64015300,AAPL
2023-01-31,141.88194274902344,144.2899932861328,144.33999633789062,142.27999877929688,142.6999969482422,65874500,AAPL
2023-02-01,143.0029296875,145.42999267578125,146.61000061035156,141.32000732421875,143.97000122070312,77663600,AAPL
2023-02-02,148.30299377441406,150.82000732421875,151.17999267578125,148.1699981689453,148.89999389648438,118339000,AAPL
2023-02-03,151.9215545654297,154.5,157.3800048828125,147.8300018310547,148.02999877929688,154357300,AAPL
2023-02-06,149.19778442382812,151.72999572753906,153.10000610351562,150.77999877929688,152.57000732421875,69858300,AAPL
2023-02-07,152.0690460205078,154.64999389648438,155.22999572753906,150.63999938964844,150.63999938964844,83322600,AAPL
2023-02-08,149.38462829589844,151.9199981689453,154.5800018310547,151.1699981689453,153.8800048828125,64120100,AAPL
2023-02-09,148.3521270751953,150.8699951171875,154.3300018310547,150.4199981689453,153.77999877929688,56007100,AAPL
2023-02-10,148.71653747558594,151.00999450683594,151.33999633789062,149.22000122070312,149.4600067138672,57450700,AAPL
2023-02-13,151.51341247558594,153.85000610351562,154.25999450683594,150.9199981689453,150.9499969482422,62199000,AAPL
2023-02-14,150.87327575683594,153.1999969482422,153.77000427246094,150.86000061035156,152.1199951171875,61707600,AAPL
2023-02-15,152.97091674804688,155.3300018310547,155.5,152.8800048828125,153.11000061035156,65573800,AAPL
2023-02-16,151.3755340576172,153.7100067138672,156.3300018310547,153.35000610351562,153.50999450683594,68167900,AAPL
2023-02-17,150.23312377929688,152.5500030517578,153.0,150.85000610351562,152.35000610351562,59144100,AAPL
2023-02-21,146.22494506835938,148.47999572753906,151.3000030517578,148.41000366210938,150.1999969482422,58867200,AAPL
2023-02-22,146.64840698242188,148.91000366210938,149.9499969482422,147.16000366210938,148.8699951171875,51011300,AAPL
2023-02-23,147.13096618652344,149.39999389648438,150.33999633789062,147.24000549316406,150.08999633789062,48394200,AAPL
2023-02-24,144.48184204101562,146.7100067138672,147.19000244140625,145.72000122070312,147.11000061035156,55469600,AAPL
2023-02-27,145.67344665527344,147.9199981689453,149.1699981689453,147.4499969482422,147.7100067138672,44998500,AAPL
2023-02-28,145.17120361328125,147.41000366210938,149.0800018310547,146.8300018310547,147.0500030517578,50547000,AAPL
2023-03-01,143.10311889648438,145.30999755859375,147.22999572753906,145.00999450683594,146.8300018310547,55479000,AAPL
2023-03-02,143.6939697265625,145.91000366210938,146.7100067138672,143.89999389648438,144.3800048828125,52238100,AAPL
2023-03-03,148.73622131347656,151.02999877929688,151.11000061035156,147.3300018310547,148.0399932861328,70732300,AAPL
2023-03-06,151.4936981201172,153.8300018310547,156.3000030517578,153.4600067138672,153.7899932861328,87558000,AAPL
2023-03-07,149.29754638671875,151.60000610351562,154.02999877929688,151.1300048828125,153.6999969482422,56182000,AAPL
2023-03-08,150.5482635498047,152.8699951171875,153.47000122070312,151.8300018310547,152.80999755859375,47204800,AAPL
2023-03-09,148.3029022216797,150.58999633789062,154.5399932861328,150.22999572753906,153.55999755859375,53833600,AAPL
2023-03-10,146.24464416503906,148.5,150.94000244140625,147.61000061035156,150.2100067138672,68572400,AAPL
2023-03-13,148.18472290039062,150.47000122070312,153.13999938964844,147.6999969482422,147.80999755859375,84457100,AAPL
2023-03-14,150.27255249023438,152.58999633789062,153.39999389648438,150.10000610351562,151.27999877929688,73695900,AAPL
2023-03-15,150.66647338867188,152.99000549316406,153.25,149.9199981689453,151.19000244140625,77167900,AAPL
2023-03-16,153.48300170898438,155.85000610351562,156.4600067138672,151.63999938964844,152.16000366210938,76161100,AAPL
2023-03-17,152.6459503173828,155.0,156.74000549316406,154.27999877929688,156.0800018310547,98944600,AAPL
2023-03-20,155.00946044921875,157.39999389648438,157.82000732421875,154.14999389648438,155.07000732421875,73641400,AAPL
2023-03-21,156.86093139648438,159.27999877929688,159.39999389648438,156.5399932861328,157.32000732421875,73938300,AAPL
2023-03-22,155.4329376220703,157.8300018310547,162.13999938964844,157.80999755859375,159.3000030517578,75701800,AAPL
2023-03-23,156.51625061035156,158.92999267578125,161.5500030517578,157.67999267578125,158.8300018310547,67622100,AAPL
2023-03-24,157.81617736816406,160.25,160.33999633789062,157.85000610351562,158.86000061035156,59196500,AAPL
2023-03-27,155.8760986328125,158.27999877929688,160.77000427246094,157.8699951171875,159.94000244140625,52390300,AAPL
2023-03-28,155.25567626953125,157.64999389648438,158.49000549316406,155.97999572753906,157.97000122070312,45992200,AAPL
2023-03-29,158.3282928466797,160.77000427246094,161.0500030517578,159.35000610351562,159.3699951171875,51305700,AAPL
2023-03-30,159.8941650390625,162.36000061035156,162.47000122070312,161.27000427246094,161.52999877929688,49501700,AAPL
2023-03-31,162.3955535888672,164.89999389648438,165.0,161.91000366210938,162.44000244140625,68749800,AAPL
2023-04-03,163.6463165283203,166.1699981689453,166.2899932861328,164.22000122070312,164.27000427246094,56976200,AAPL
2023-04-04,163.11453247070312,165.6300048828125,166.83999633789062,165.11000061035156,166.60000610351562,46278300,AAPL
2023-04-05,161.2729034423828,163.75999450683594,165.0500030517578,161.8000030517578,164.74000549316406,51511700,AAPL
2023-04-06,162.15919494628906,164.66000366210938,164.9600067138672,162.0,162.42999267578125,45390100,AAPL
2023-04-10,159.56915283203125,162.02999877929688,162.02999877929688,160.0800018310547,161.4199981689453,47716900,AAPL
2023-04-11,158.3578643798828,160.8000030517578,162.36000061035156,160.50999450683594,162.35000610351562,47644200,AAPL
2023-04-12,157.66848754882812,160.10000610351562,162.05999755859375,159.77999877929688,161.22000122070312,50133100,AAPL
2023-04-13,163.04554748535156,165.55999755859375,165.8000030517578,161.4199981689453,161.6300048828125,68445600,AAPL
2023-04-14,162.7008819580078,165.2100067138672,166.32000732421875,163.82000732421875,164.58999633789062,49386500,AAPL
2023-04-17,162.72056579589844,165.22999572753906,165.38999938964844,164.02999877929688,165.08999633789062,41516200,AAPL
2023-04-18,163.94171142578125,166.47000122070312,167.41000366210938,165.64999389648438,166.10000610351562,49923000,AAPL
2023-04-19,165.08412170410156,167.6300048828125,168.16000366210938,165.5399932861328,165.8000030517578,47720200,AAPL
2023-04-20,164.11900329589844,166.64999389648438,167.8699951171875,165.55999755859375,166.08999633789062,52456400,AAPL
2023-04-21,162.51377868652344,165.02000427246094,166.4499969482422,164.49000549316406,165.0500030517578,58337300,AAPL
2023-04-24,162.8190460205078,165.3300018310547,165.60000610351562,163.88999938964844,165.0,41949600,AAPL
2023-04-25,161.28273010253906,163.77000427246094,166.30999755859375,163.72999572753906,165.19000244140625,48714100,AAPL
2023-04-26,161.2729034423828,163.75999450683594,165.27999877929688,162.8000030517578,163.05999755859375,45498800,AAPL
2023-04-27,165.8522491455078,168.41000366210938,168.55999755859375,165.19000244140625,165.19000244140625,64902300,AAPL
2023-04-28,167.1029815673828,169.67999267578125,169.85000610351562,167.8800048828125,168.49000549316406,55275900,AAPL
2023-05-01,167.01434326171875,169.58999633789062,170.4499969482422,168.63999938964844,169.27999877929688,52472900,AAPL
2023-05-02,165.9802703857422,168.5399932861328,170.35000610351562,167.5399932861328,170.08999633789062,48425700,AAPL
2023-05-03,164.90682983398438,167.4499969482422,170.9199981689453,167.16000366210938,169.5,65136000,AAPL
2023-05-04,163.27203369140625,165.7899932861328,167.0399932861328,164.30999755859375,164.88999938964844,81235400,AAPL
2023-05-05,170.9339141845703,173.57000732421875,174.3000030517578,170.75999450683594,170.97999572753906,113453200,AAPL
2023-05-08,170.86495971679688,173.5,173.85000610351562,172.11000061035156,172.47999572753906,55962800,AAPL
2023-05-09,169.1612548828125,171.77000427246094,173.5399932861328,171.60000610351562,173.0500030517578,45326900,AAPL
2023-05-10,170.92408752441406,173.55999755859375,174.02999877929688,171.89999389648438,173.02000427246094,53724500,AAPL
2023-05-11,171.11114501953125,173.75,174.58999633789062,172.1699981689453,173.85000610351562,49514700,AAPL
2023-05-12,170.18414306640625,172.57000732421875,174.05999755859375,171.0,173.6199951171875,45533100,AAPL
2023-05-15,169.6910858154297,172.07000732421875,173.2100067138672,171.47000122070312,173.16000366210938,37266700,AAPL
2023-05-16,169.6910858154297,172.07000732421875,173.13999938964844,171.8000030517578,171.99000549316406,42110300,AAPL
2023-05-17,170.30250549316406,172.69000244140625,172.92999267578125,170.4199981689453,171.7100067138672,57951600,AAPL
2023-05-18,172.62991333007812,175.0500030517578,175.24000549316406,172.5800018310547,173.0,65496700,AAPL
2023-05-19,172.7383575439453,175.16000366210938,176.38999938964844,174.94000244140625,176.38999938964844,55809500,AAPL
2023-05-22,171.79161071777344,174.1999969482422,174.7100067138672,173.4499969482422,173.97999572753906,43570900,AAPL
2023-05-23,169.1881103515625,171.55999755859375,173.3800048828125,171.27999877929688,173.1300048828125,50747300,AAPL
2023-05-24,169.46421813964844,171.83999633789062,172.4199981689453,170.52000427246094,171.08999633789062,45143500,AAPL
2023-05-25,170.59835815429688,172.99000549316406,173.89999389648438,171.69000244140625,172.41000366210938,56058300,AAPL
2023-05-26,173.00460815429688,175.42999267578125,175.77000427246094,173.11000061035156,173.32000732421875,54835000,AAPL
2023-05-30,174.8487548828125,177.3000030517578,178.99000549316406,176.57000732421875,176.9600067138672,55964400,AAPL
2023-05-31,174.7994384765625,177.25,179.35000610351562,176.75999450683594,177.3300018310547,99625300,AAPL
2023-06-01,177.60018920898438,180.08999633789062,180.1199951171875,176.92999267578125,177.6999969482422,68901800,AAPL
2023-06-02,178.44830322265625,180.9499969482422,181.77999877929688,179.25999450683594,181.02999877929688,61996900,AAPL
2023-06-05,177.09722900390625,179.5800018310547,184.9499969482422,178.0399932861328,182.6300048828125,121946500,AAPL
2023-06-06,176.7323760986328,179.2100067138672,180.1199951171875,177.42999267578125,179.97000122070312,64848400,AAPL
2023-06-07,175.36158752441406,177.82000732421875,181.2100067138672,177.32000732421875,178.44000244140625,61944600,AAPL
2023-06-08,178.0735626220703,180.57000732421875,180.83999633789062,177.4600067138672,177.89999389648438,50214900,AAPL
2023-06-09,178.45816040039062,180.9600067138672,182.22999572753906,180.6300048828125,181.5,48900000,AAPL
2023-06-12,181.24900817871094,183.7899932861328,183.88999938964844,180.97000122070312,181.27000427246094,54274900,AAPL
2023-06-13,180.77565002441406,183.30999755859375,184.14999389648438,182.44000244140625,182.8000030517578,54929100,AAPL
2023-06-14,181.4068145751953,183.9499969482422,184.38999938964844,182.02000427246094,183.3699951171875,57462900,AAPL
2023-06-15,183.43832397460938,186.00999450683594,186.52000427246094,183.77999877929688,183.9600067138672,65433200,AAPL
2023-06-16,182.36341857910156,184.9199981689453,186.99000549316406,184.27000427246094,186.72999572753906,101256200,AAPL
2023-06-20,182.45216369628906,185.00999450683594,186.10000610351562,184.41000366210938,184.41000366210938,49799100,AAPL
2023-06-21,181.4167022705078,183.9600067138672,185.41000366210938,182.58999633789062,184.89999389648438,49515700,AAPL
2023-06-22,184.41465759277344,187.0,187.0500030517578,183.6699981689453,183.74000549316406,51245300,AAPL
2023-06-23,184.09909057617188,186.67999267578125,187.55999755859375,185.00999450683594,185.5500030517578,53117000,AAPL
2023-06-26,182.7085723876953,185.27000427246094,188.0500030517578,185.22999572753906,186.8300018310547,48088700,AAPL
2023-06-27,185.45999145507812,188.05999755859375,188.38999938964844,185.6699981689453,185.88999938964844,50730800,AAPL
2023-06-28,186.633544921875,189.25,189.89999389648438,187.60000610351562,187.92999267578125,51216800,AAPL
2023-06-29,186.96885681152344,189.58999633789062,190.07000732421875,188.94000244140625,189.0800018310547,46347300,AAPL
2023-06-30,191.28823852539062,193.97000122070312,194.47999572753906,191.25999450683594,191.6300048828125,85213200,AAPL
2023-07-03,189.79916381835938,192.4600067138672,193.8800048828125,191.75999450683594,193.77999877929688,31458200,AAPL
2023-07-05,188.68479919433594,191.3300018310547,192.97999572753906,190.6199951171875,191.57000732421875,46920300,AAPL
2023-07-06,189.1581573486328,191.80999755859375,192.02000427246094,189.1999969482422,189.83999633789062,45094300,AAPL
2023-07-07,188.04376220703125,190.67999267578125,192.6699981689453,190.24000549316406,191.41000366210938,46815000,AAPL
2023-07-10,186.0023956298828,188.61000061035156,189.99000549316406,187.0399932861328,189.25999450683594,59922200,AAPL
2023-07-11,185.47972106933594,188.0800018310547,189.3000030517578,186.60000610351562,189.16000366210938,46638100,AAPL
2023-07-12,187.14639282226562,189.77000427246094,191.6999969482422,188.47000122070312,189.67999267578125,60750200,AAPL
2023-07-13,187.90570068359375,190.5399932861328,191.19000244140625,189.77999877929688,190.5,41342300,AAPL
2023-07-14,188.05361938476562,190.69000244140625,191.17999267578125,189.6300048828125,190.22999572753906,41616200,AAPL
2023-07-17,191.3080291748047,193.99000549316406,194.32000732421875,191.80999755859375,191.89999389648438,50520200,AAPL
2023-07-18,191.05160522460938,193.72999572753906,194.3300018310547,192.4199981689453,193.35000610351562,48288200,AAPL
2023-07-19,192.40267944335938,195.10000610351562,198.22999572753906,192.64999389648438,193.10000610351562,80507300,AAPL
2023-07-20,190.4599151611328,193.1300048828125,196.47000122070312,192.5,195.08999633789062,59581200,AAPL
2023-07-21,189.28634643554688,191.94000244140625,194.97000122070312,191.22999572753906,194.10000610351562,71951700,AAPL
2023-07-24,190.0851593017578,192.75,194.91000366210938,192.25,193.41000366210938,45377800,AAPL
2023-07-25,190.94309997558594,193.6199951171875,194.44000244140625,192.9199981689453,193.3300018310547,37283200,AAPL
2023-07-26,191.8109588623047,194.5,195.63999938964844,193.32000732421875,193.6699981689453,47471900,AAPL
2023-07-27,190.54864501953125,193.22000122070312,197.1999969482422,192.5500030517578,196.02000427246094,47460200,AAPL
2023-07-28,193.12258911132812,195.8300018310547,196.6300048828125,194.13999938964844,194.6699981689453,48291400,AAPL
2023-07-31,193.73402404785156,196.4499969482422,196.49000549316406,195.25999450683594,196.05999755859375,38824100,AAPL
2023-08-01,192.90562438964844,195.61000061035156,196.72999572753906,195.27999877929688,196.24000549316406,35175100,AAPL
2023-08-02,189.91748046875,192.5800018310547,195.17999267578125,191.85000610351562,195.0399932861328,50389300,AAPL
2023-08-03,188.52699279785156,191.1699981689453,192.3699951171875,190.69000244140625,191.57000732421875,61235200,AAPL
2023-08-04,179.47390747070312,181.99000549316406,187.3800048828125,181.9199981689453,185.52000427246094,115956800,AAPL
2023-08-07,176.3773193359375,178.85000610351562,183.1300048828125,177.35000610351562,182.1300048828125,97576100,AAPL
2023-08-08,177.31419372558594,179.8000030517578,180.27000427246094,177.5800018310547,179.69000244140625,67823000,AAPL
2023-08-09,175.72645568847656,178.19000244140625,180.92999267578125,177.00999450683594,180.8699951171875,60378500,AAPL
2023-08-10,175.50950622558594,177.97000122070312,180.75,177.60000610351562,179.47999572753906,54686900,AAPL
2023-08-11,175.5687255859375,177.7899932861328,178.6199951171875,176.5500030517578,177.32000732421875,52036700,AAPL
2023-08-14,177.21788024902344,179.4600067138672,179.69000244140625,177.30999755859375,177.97000122070312,43675600,AAPL
2023-08-15,175.2329864501953,177.4499969482422,179.47999572753906,177.0500030517578,178.8800048828125,43622600,AAPL
2023-08-16,174.36398315429688,176.57000732421875,178.5399932861328,176.5,177.1300048828125,46964900,AAPL
2023-08-17,171.82608032226562,174.0,177.50999450683594,173.47999572753906,177.13999938964844,66062900,AAPL
2023-08-18,172.3099822998047,174.49000549316406,175.10000610351562,171.9600067138672,172.3000030517578,61172200,AAPL
2023-08-21,173.6431121826172,175.83999633789062,176.1300048828125,173.74000549316406,175.07000732421875,46311900,AAPL
2023-08-22,175.01576232910156,177.22999572753906,177.67999267578125,176.25,177.05999755859375,42038900,AAPL
2023-08-23,178.85714721679688,181.1199951171875,181.5500030517578,178.3300018310547,178.52000427246094,52722800,AAPL
2023-08-24,174.17637634277344,176.3800048828125,181.10000610351562,176.00999450683594,180.6699981689453,54945800,AAPL
2023-08-25,176.3784942626953,178.61000061035156,179.14999389648438,175.82000732421875,177.3800048828125,51449600,AAPL
2023-08-28,177.9387664794922,180.19000244140625,180.58999633789062,178.5500030517578,180.08999633789062,43820700,AAPL
2023-08-29,181.81967163085938,184.1199951171875,184.89999389648438,179.5,179.6999969482422,53003900,AAPL
2023-08-30,185.30557250976562,187.64999389648438,187.85000610351562,184.74000549316406,184.94000244140625,60813900,AAPL
2023-08-31,185.52281188964844,187.8699951171875,189.1199951171875,187.47999572753906,187.83999633789062,60794500,AAPL
2023-09-01,187.0929412841797,189.4600067138672,189.9199981689453,188.27999877929688,189.49000549316406,45766500,AAPL
2023-09-05,187.32997131347656,189.6999969482422,189.97999572753906,187.61000061035156,188.27999877929688,45280000,AAPL
2023-09-06,180.62478637695312,182.91000366210938,188.85000610351562,181.47000122070312,188.39999389648438,81755800,AAPL
2023-09-07,175.3416290283203,177.55999755859375,178.2100067138672,173.5399932861328,175.17999267578125,112488800,AAPL
2023-09-08,175.953857421875,178.17999267578125,180.24000549316406,177.7899932861328,178.35000610351562,65551300,AAPL
2023-09-11,177.119140625,179.36000061035156,180.3000030517578,177.33999633789062,180.07000732421875,58953100,AAPL
2023-09-12,174.09738159179688,176.3000030517578,180.1300048828125,174.82000732421875,179.49000549316406,90370200,AAPL
2023-09-13,172.0334930419922,174.2100067138672,177.3000030517578,173.97999572753906,176.50999450683594,84267900,AAPL
2023-09-14,173.5443572998047,175.74000549316406,176.10000610351562,173.5800018310547,174.0,60895800,AAPL
2023-09-15,172.82347106933594,175.00999450683594,176.5,173.82000732421875,176.47999572753906,109259500,AAPL
2023-09-18,175.7465057373047,177.97000122070312,179.3800048828125,176.1699981689453,176.47999572753906,67257600,AAPL
2023-09-19,176.832763671875,179.07000732421875,179.6300048828125,177.1300048828125,177.52000427246094,51826900,AAPL
2023-09-20,173.29750061035156,175.49000549316406,179.6999969482422,175.39999389648438,179.25999450683594,58436200,AAPL
2023-09-21,171.7569580078125,173.92999267578125,176.3000030517578,173.86000061035156,174.5500030517578,63149100,AAPL
2023-09-22,172.60623168945312,174.7899932861328,177.0800018310547,174.0500030517578,174.6699981689453,56725400,AAPL
2023-09-25,173.8800811767578,176.0800018310547,176.97000122070312,174.14999389648438,174.1999969482422,46172700,AAPL
2023-09-26,169.8115997314453,171.9600067138672,175.1999969482422,171.66000366210938,174.82000732421875,64588900,AAPL
2023-09-27,168.30068969726562,170.42999267578125,173.0399932861328,169.0500030517578,172.6199951171875,66921800,AAPL
2023-09-28,168.55746459960938,170.69000244140625,172.02999877929688,167.6199951171875,169.33999633789062,56294400,AAPL
2023-09-29,169.07098388671875,171.2100067138672,173.07000732421875,170.33999633789062,172.02000427246094,51861100,AAPL
2023-10-02,171.57923889160156,173.75,174.3000030517578,170.92999267578125,171.22000122070312,52164500,AAPL
2023-10-03,170.24606323242188,172.39999389648438,173.6300048828125,170.82000732421875,172.25999450683594,49594600,AAPL
2023-10-04,171.49034118652344,173.66000366210938,174.2100067138672,170.97000122070312,171.08999633789062,53020300,AAPL
2023-10-05,172.72471618652344,174.91000366210938,175.4499969482422,172.67999267578125,173.7899932861328,48527900,AAPL
2023-10-06,175.2725067138672,177.49000549316406,177.99000549316406,173.17999267578125,173.8000030517578,57266700,AAPL
2023-10-09,176.75376892089844,178.99000549316406,179.0500030517578,175.8000030517578,176.80999755859375,42390800,AAPL
2023-10-10,176.1612548828125,178.38999938964844,179.72000122070312,177.9499969482422,178.10000610351562,43698000,AAPL
2023-10-11,177.5536346435547,179.8000030517578,179.85000610351562,177.60000610351562,178.1999969482422,47551100,AAPL
2023-10-12,178.45228576660156,180.7100067138672,182.33999633789062,179.0399932861328,180.07000732421875,56743100,AAPL
2023-10-13,176.61549377441406,178.85000610351562,181.92999267578125,178.13999938964844,181.4199981689453,51427100,AAPL
2023-10-16,176.4871368408203,178.72000122070312,179.0800018310547,176.50999450683594,176.75,52517000,AAPL
2023-10-17,174.93673706054688,177.14999389648438,178.4199981689453,174.8000030517578,176.64999389648438,57549400,AAPL
2023-10-18,173.6431121826172,175.83999633789062,177.5800018310547,175.11000061035156,175.5800018310547,54764400,AAPL
2023-10-19,173.2678680419922,175.4600067138672,177.83999633789062,175.19000244140625,176.0399932861328,59302900,AAPL
2023-10-20,170.7200927734375,172.8800048828125,175.4199981689453,172.63999938964844,175.30999755859375,64244000,AAPL
2023-10-23,170.8385772705078,173.0,174.00999450683594,169.92999267578125,170.91000366210938,55980100,AAPL
2023-10-24,171.27310180664062,173.44000244140625,173.6699981689453,171.4499969482422,173.0500030517578,43816600,AAPL
2023-10-25,168.96234130859375,171.10000610351562,173.05999755859375,170.64999389648438,171.8800048828125,57157000,AAPL
2023-10-26,164.804931640625,166.88999938964844,171.3800048828125,165.6699981689453,170.3699951171875,70625300,AAPL
2023-10-27,166.11831665039062,168.22000122070312,168.9600067138672,166.8300018310547,166.91000366210938,58499100,AAPL
2023-10-30,168.16241455078125,170.2899932861328,171.1699981689453,168.8699951171875,169.02000427246094,51131000,AAPL
2023-10-31,168.63645935058594,170.77000427246094,170.89999389648438,167.89999389648438,169.35000610351562,44846000,AAPL
2023-11-01,171.79647827148438,173.97000122070312,174.22999572753906,170.1199951171875,171.0,56934900,AAPL
2023-11-02,175.35150146484375,177.57000732421875,177.77999877929688,175.4600067138672,175.52000427246094,77334800,AAPL
2023-11-03,174.44297790527344,176.64999389648438,176.82000732421875,173.35000610351562,174.24000549316406,79829200,AAPL
2023-11-06,176.99072265625,179.22999572753906,179.42999267578125,176.2100067138672,176.3800048828125,63841300,AAPL
2023-11-07,179.54840087890625,181.82000732421875,182.44000244140625,178.97000122070312,179.17999267578125,70530000,AAPL
2023-11-08,180.60504150390625,182.88999938964844,183.4499969482422,181.58999633789062,182.35000610351562,49340300,AAPL
2023-11-09,180.1310272216797,182.41000366210938,184.1199951171875,181.80999755859375,182.9600067138672,53763500,AAPL
2023-11-10,184.3136749267578,186.39999389648438,186.57000732421875,183.52999877929688,183.97000122070312,66133400,AAPL
2023-11-13,182.7316131591797,184.8000030517578,186.02999877929688,184.2100067138672,185.82000732421875,43627500,AAPL
2023-11-14,185.34205627441406,187.44000244140625,188.11000061035156,186.3000030517578,187.6999969482422,60108400,AAPL
2023-11-15,185.90565490722656,188.00999450683594,189.5,187.77999877929688,187.85000610351562,53790500,AAPL
2023-11-16,187.58663940429688,189.7100067138672,190.9600067138672,188.64999389648438,189.57000732421875,54412900,AAPL
2023-11-17,187.56687927246094,189.69000244140625,190.3800048828125,188.57000732421875,190.25,50922700,AAPL
2023-11-20,189.3071746826172,191.4499969482422,191.91000366210938,189.8800048828125,189.88999938964844,46505100,AAPL
2023-11-21,188.50624084472656,190.63999938964844,191.52000427246094,189.74000549316406,191.41000366210938,38134500,AAPL
2023-11-22,189.16871643066406,191.30999755859375,192.92999267578125,190.8300018310547,191.49000549316406,39617700,AAPL
2023-11-24,187.84371948242188,189.97000122070312,190.89999389648438,189.25,190.8699951171875,24048300,AAPL
2023-11-27,187.66571044921875,189.7899932861328,190.6699981689453,188.89999389648438,189.9199981689453,40552600,AAPL
2023-11-28,188.26889038085938,190.39999389648438,191.0800018310547,189.39999389648438,189.77999877929688,38415400,AAPL
2023-11-29,187.25042724609375,189.3699951171875,192.08999633789062,188.97000122070312,190.89999389648438,43014200,AAPL
2023-11-30,187.82394409179688,189.9499969482422,190.32000732421875,188.19000244140625,189.83999633789062,48794400,AAPL
2023-12-01,189.09950256347656,191.24000549316406,191.55999755859375,189.22999572753906,190.3300018310547,45704800,AAPL
2023-12-04,187.30975341796875,189.42999267578125,190.0500030517578,187.4499969482422,189.97999572753906,43389500,AAPL
2023-12-05,191.25509643554688,193.4199981689453,194.39999389648438,190.17999267578125,190.2100067138672,66628400,AAPL
2023-12-06,190.1674346923828,192.32000732421875,194.75999450683594,192.11000061035156,194.4499969482422,41089700,AAPL
2023-12-07,192.09559631347656,194.27000427246094,195.0,193.58999633789062,193.6300048828125,47477700,AAPL
2023-12-08,193.51947021484375,195.7100067138672,195.99000549316406,193.6699981689453,194.1999969482422,53406400,AAPL
2023-12-11,191.0177764892578,193.17999267578125,193.49000549316406,191.4199981689453,193.11000061035156,60943700,AAPL
2023-12-12,192.53067016601562,194.7100067138672,194.72000122070312,191.72000122070312,193.0800018310547,52696900,AAPL
2023-12-13,195.74427795410156,197.9600067138672,198.0,194.85000610351562,195.08999633789062,70404200,AAPL
2023-12-14,195.89263916015625,198.11000061035156,199.6199951171875,196.16000366210938,198.02000427246094,66831600,AAPL
2023-12-15,195.35865783691406,197.57000732421875,198.39999389648438,197.0,197.52999877929688,128538400,AAPL
2023-12-18,193.6974639892578,195.88999938964844,196.6300048828125,194.38999938964844,196.08999633789062,55751900,AAPL
2023-12-19,194.7357177734375,196.94000244140625,196.9499969482422,195.88999938964844,196.16000366210938,40714100,AAPL
2023-12-20,192.64935302734375,194.8300018310547,197.67999267578125,194.8300018310547,196.89999389648438,52242800,AAPL
2023-12-21,192.50099182128906,194.67999267578125,197.0800018310547,193.5,196.10000610351562,46482500,AAPL
2023-12-22,191.43310546875,193.60000610351562,195.41000366210938,192.97000122070312,195.17999267578125,37149600,AAPL
2023-12-26,190.88926696777344,193.0500030517578,193.88999938964844,192.8300018310547,193.61000061035156,28919300,AAPL
2023-12-27,190.98809814453125,193.14999389648438,193.5,191.08999633789062,192.49000549316406,48087700,AAPL
2023-12-28,191.413330078125,193.5800018310547,194.66000366210938,193.1699981689453,194.13999938964844,34049900,AAPL
2023-12-29,190.3750457763672,192.52999877929688,194.39999389648438,191.72999572753906,193.89999389648438,42672100,AAPL
2024-01-02,183.56219482421875,185.63999938964844,188.44000244140625,183.88999938964844,187.14999389648438,82488700,AAPL
2024-01-03,182.187744140625,184.25,185.8800048828125,183.42999267578125,184.22000122070312,58414500,AAPL
2024-01-04,179.87393188476562,181.91000366210938,183.08999633789062,180.8800048828125,182.14999389648438,71983600,AAPL
2024-01-05,179.15211486816406,181.17999267578125,182.75999450683594,180.1699981689453,181.99000549316406,62379700,AAPL
2024-01-08,183.48306274414062,185.55999755859375,185.60000610351562,181.5,182.08999633789062,59144500,AAPL
2024-01-09,183.06776428222656,185.13999938964844,185.14999389648438,182.72999572753906,183.9199981689453,42841800,AAPL
2024-01-10,184.10601806640625,186.19000244140625,186.39999389648438,183.9199981689453,184.35000610351562,46792900,AAPL
2024-01-11,183.5127410888672,185.58999633789062,187.0500030517578,183.6199951171875,186.5399932861328,49128400,AAPL
2024-01-12,183.83905029296875,185.9199981689453,186.74000549316406,185.19000244140625,186.05999755859375,40477800,AAPL
2024-01-16,181.57469177246094,183.6300048828125,184.25999450683594,180.92999267578125,182.16000366210938,65603000,AAPL
2024-01-17,180.6353302001953,182.67999267578125,182.92999267578125,180.3000030517578,181.27000427246094,47317400,AAPL
2024-01-18,186.51873779296875,188.6300048828125,189.13999938964844,185.8300018310547,186.08999633789062,78005800,AAPL
2024-01-19,189.41592407226562,191.55999755859375,191.9499969482422,188.82000732421875,189.3300018310547,68903000,AAPL
2024-01-22,191.7198486328125,193.88999938964844,195.3300018310547,192.25999450683594,192.3000030517578,60133900,AAPL
2024-01-23,192.99539184570312,195.17999267578125,195.75,193.8300018310547,195.02000427246094,42355600,AAPL
2024-01-24,192.32301330566406,194.5,196.3800048828125,194.33999633789062,195.4199981689453,53631300,AAPL
2024-01-25,191.9967041015625,194.1699981689453,196.27000427246094,193.11000061035156,195.22000122070312,54822100,AAPL
2024-01-26,190.2663116455078,192.4199981689453,194.75999450683594,191.94000244140625,194.27000427246094,44594000,AAPL
2024-01-29,189.58404541015625,191.72999572753906,192.1999969482422,189.5800018310547,192.00999450683594,47145600,AAPL
2024-01-30,185.935302734375,188.0399932861328,191.8000030517578,187.47000122070312,190.94000244140625,55859400,AAPL
2024-01-31,182.33604431152344,184.39999389648438,187.10000610351562,184.35000610351562,187.0399932861328,55467800,AAPL
2024-02-01,184.76852416992188,186.86000061035156,186.9499969482422,183.82000732421875,183.99000549316406,64885400,AAPL
2024-02-02,183.7698516845703,185.85000610351562,187.3300018310547,179.25,179.86000061035156,102551700,AAPL
2024-02-05,185.579345703125,187.67999267578125,189.25,185.83999633789062,188.14999389648438,69668800,AAPL
2024-02-06,187.1811981201172,189.3000030517578,189.30999755859375,186.77000427246094,186.86000061035156,43490800,AAPL
2024-02-07,187.29000854492188,189.41000366210938,191.0500030517578,188.61000061035156,190.63999938964844,53439000,AAPL
2024-02-08,186.2122039794922,188.32000732421875,189.5399932861328,187.35000610351562,189.38999938964844,40962000,AAPL
2024-02-09,186.9745635986328,188.85000610351562,189.99000549316406,188.0,188.64999389648438,45155200,AAPL
2024-02-12,185.29141235351562,187.14999389648438,188.6699981689453,186.7899932861328,188.4199981689453,41781900,AAPL
2024-02-13,183.20236206054688,185.0399932861328,186.2100067138672,183.50999450683594,185.77000427246094,56529500,AAPL
2024-02-14,182.3212127685547,184.14999389648438,185.52999877929688,182.44000244140625,185.32000732421875,54630500,AAPL
2024-02-15,182.03408813476562,183.86000061035156,184.49000549316406,181.35000610351562,183.5500030517578,65434500,AAPL
2024-02-16,180.49948120117188,182.30999755859375,184.85000610351562,181.6699981689453,183.4199981689453,49752500,AAPL
2024-02-20,179.75692749023438,181.55999755859375,182.42999267578125,180.0,181.7899932861328,53665600,AAPL
2024-02-21,180.50941467285156,182.32000732421875,182.88999938964844,180.66000366210938,181.94000244140625,41371400,AAPL
2024-02-22,182.53904724121094,184.3699951171875,184.9600067138672,182.4600067138672,183.47999572753906,52292200,AAPL
2024-02-23,180.7073974609375,182.52000427246094,185.0399932861328,182.22999572753906,185.00999450683594,45119700,AAPL
2024-02-26,179.36090087890625,181.16000366210938,182.75999450683594,180.64999389648438,182.24000549316406,40867400,AAPL
2024-02-27,180.81631469726562,182.6300048828125,183.9199981689453,179.55999755859375,181.10000610351562,54318900,AAPL
2024-02-28,179.61831665039062,181.4199981689453,183.1199951171875,180.1300048828125,182.50999450683594,48953900,AAPL
2024-02-29,178.9550018310547,180.75,182.57000732421875,179.52999877929688,181.27000427246094,136682600,AAPL
2024-03-01,177.87582397460938,179.66000366210938,180.52999877929688,177.3800048828125,179.5500030517578,73563100,AAPL
2024-03-04,173.36106872558594,175.10000610351562,176.89999389648438,173.7899932861328,176.14999389648438,81510100,AAPL
2024-03-05,168.43052673339844,170.1199951171875,172.0399932861328,169.6199951171875,170.75999450683594,95132400,AAPL
2024-03-06,167.4404754638672,169.1199951171875,171.24000549316406,168.67999267578125,171.05999755859375,68587700,AAPL
2024-03-07,167.32167053222656,169.0,170.72999572753906,168.49000549316406,169.14999389648438,71765100,AAPL
2024-03-08,169.03448486328125,170.72999572753906,173.6999969482422,168.94000244140625,169.0,76267000,AAPL
2024-03-11,171.03443908691406,172.75,174.3800048828125,172.0500030517578,172.94000244140625,60139500,AAPL
2024-03-12,171.50967407226562,173.22999572753906,174.02999877929688,171.00999450683594,173.14999389648438,59825400,AAPL
2024-03-13,169.43051147460938,171.1300048828125,173.19000244140625,170.75999450683594,172.77000427246094,52488700,AAPL
2024-03-14,171.2819366455078,173.0,174.30999755859375,172.0500030517578,172.91000366210938,72913500,AAPL
2024-03-15,170.9057159423828,172.6199951171875,172.6199951171875,170.2899932861328,171.1699981689453,121752700,AAPL
2024-03-18,171.99481201171875,173.72000122070312,177.7100067138672,173.52000427246094,175.57000732421875,75604200,AAPL
2024-03-19,174.3313446044922,176.0800018310547,176.61000061035156,173.02999877929688,174.33999633789062,55215200,AAPL
2024-03-20,176.89561462402344,178.6699981689453,178.6699981689453,175.08999633789062,175.72000122070312,53423100,AAPL
2024-03-21,169.66812133789062,171.3699951171875,177.49000549316406,170.83999633789062,177.0500030517578,106181300,AAPL
2024-03-22,170.56912231445312,172.27999877929688,173.0500030517578,170.05999755859375,171.75999450683594,71160100,AAPL
2024-03-25,169.15330505371094,170.85000610351562,171.94000244140625,169.4499969482422,170.57000732421875,54288300,AAPL
2024-03-26,168.02462768554688,169.7100067138672,171.4199981689453,169.5800018310547,170.0,57388400,AAPL
2024-03-27,171.58885192871094,173.30999755859375,173.60000610351562,170.11000061035156,170.41000366210938,60273300,AAPL
2024-03-28,169.7770233154297,171.47999572753906,172.22999572753906,170.50999450683594,171.75,65672700,AAPL
2024-04-01,168.34146118164062,170.02999877929688,171.25,169.47999572753906,171.19000244140625,46240500,AAPL
2024-04-02,167.16326904296875,168.83999633789062,169.33999633789062,168.22999572753906,169.0800018310547,49329500,AAPL
2024-04-03,167.96519470214844,169.64999389648438,170.67999267578125,168.5800018310547,168.7899932861328,47691700,AAPL
2024-04-04,167.1434783935547,168.82000732421875,171.9199981689453,168.82000732421875,170.2899932861328,53704400,AAPL
2024-04-05,167.8959197998047,169.5800018310547,170.38999938964844,168.9499969482422,169.58999633789062,42104800,AAPL
2024-04-08,166.777099609375,168.4499969482422,169.1999969482422,168.24000549316406,169.02999877929688,37425500,AAPL
2024-04-09,167.9850311279297,169.6699981689453,170.0800018310547,168.35000610351562,168.6999969482422,42373800,AAPL
2024-04-10,166.11376953125,167.77999877929688,169.08999633789062,167.11000061035156,168.8000030517578,49709300,AAPL
2024-04-11,173.3016815185547,175.0399932861328,175.4600067138672,168.16000366210938,168.33999633789062,91070300,AAPL
2024-04-12,174.79672241210938,176.5500030517578,178.36000061035156,174.2100067138672,174.25999450683594,101670900,AAPL
2024-04-15,170.97503662109375,172.69000244140625,176.6300048828125,172.5,175.36000061035156,73531800,AAPL
2024-04-16,167.69789123535156,169.3800048828125,173.75999450683594,168.27000427246094,171.75,73711200,AAPL
2024-04-17,166.3316192626953,168.0,170.64999389648438,168.0,169.61000061035156,50901200,AAPL
2024-04-18,165.38113403320312,167.0399932861328,168.63999938964844,166.5500030517578,168.02999877929688,43122900,AAPL
2024-04-19,163.3614044189453,165.0,166.39999389648438,164.0800018310547,166.2100067138672,68149400,AAPL
2024-04-22,164.1930389404297,165.83999633789062,167.25999450683594,164.77000427246094,165.52000427246094,48116400,AAPL
2024-04-23,165.24253845214844,166.89999389648438,167.0500030517578,164.9199981689453,165.35000610351562,49537800,AAPL
2024-04-24,167.3414764404297,169.02000427246094,169.3000030517578,166.2100067138672,166.5399932861328,48251800,AAPL
2024-04-25,168.2028350830078,169.88999938964844,170.61000061035156,168.14999389648438,169.52999877929688,50558300,AAPL
2024-04-26,167.6186981201172,169.3000030517578,171.33999633789062,169.17999267578125,169.8800048828125,44838400,AAPL
2024-04-29,171.77696228027344,173.5,176.02999877929688,173.10000610351562,173.3699951171875,68169400,AAPL
2024-04-30,168.63845825195312,170.3300018310547,174.99000549316406,170.0,173.3300018310547,65934800,AAPL
2024-05-01,167.6186981201172,169.3000030517578,172.7100067138672,169.11000061035156,169.5800018310547,50383100,AAPL
2024-05-02,171.3116455078125,173.02999877929688,173.4199981689453,170.88999938964844,172.50999450683594,94214900,AAPL
2024-05-03,181.558837890625,183.3800048828125,187.0,182.66000366210938,186.64999389648438,163224100,AAPL
2024-05-06,179.90545654296875,181.7100067138672,184.1999969482422,180.4199981689453,182.35000610351562,78569700,AAPL
2024-05-07,180.5885772705078,182.39999389648438,184.89999389648438,181.32000732421875,183.4499969482422,77305800,AAPL
2024-05-08,180.92523193359375,182.74000549316406,183.07000732421875,181.4499969482422,182.85000610351562,45057100,AAPL
2024-05-09,182.73704528808594,184.57000732421875,184.66000366210938,182.11000061035156,182.55999755859375,48983000,AAPL
2024-05-10,181.4779510498047,183.0500030517578,185.08999633789062,182.1300048828125,184.89999389648438,50759500,AAPL
2024-05-13,184.68020629882812,186.27999877929688,187.10000610351562,184.6199951171875,185.44000244140625,72044800,AAPL
2024-05-14,185.8203125,187.42999267578125,188.3000030517578,186.2899932861328,187.50999450683594,52393600,AAPL
2024-05-15,188.09066772460938,189.72000122070312,190.64999389648438,187.3699951171875,187.91000366210938,70400000,AAPL
2024-05-16,188.2096405029297,189.83999633789062,191.10000610351562,189.66000366210938,190.47000122070312,52845200,AAPL
2024-05-17,188.2393798828125,189.8699951171875,190.80999755859375,189.17999267578125,189.50999450683594,41282900,AAPL
2024-05-20,189.39932250976562,191.0399932861328,191.9199981689453,189.00999450683594,189.3300018310547,44361300,AAPL
2024-05-21,190.69810485839844,192.35000610351562,192.72999572753906,190.9199981689453,191.08999633789062,42309400,AAPL
2024-05-22,189.26051330566406,190.89999389648438,192.82000732421875,190.27000427246094,192.27000427246094,34648500,AAPL
2024-05-23,185.2750701904297,186.8800048828125,191.0,186.6300048828125,190.97999572753906,51005900,AAPL
2024-05-24,188.34841918945312,189.97999572753906,190.5800018310547,188.0399932861328,188.82000732421875,36327000,AAPL
2024-05-28,188.3583526611328,189.99000549316406,193.0,189.10000610351562,191.50999450683594,52280100,AAPL
2024-05-29,188.65576171875,190.2899932861328,192.25,189.50999450683594,189.61000061035156,53068000,AAPL
2024-05-30,189.64715576171875,191.2899932861328,192.17999267578125,190.6300048828125,190.75999450683594,49889100,AAPL
2024-05-31,190.59893798828125,192.25,192.57000732421875,189.91000366210938,191.44000244140625,75158300,AAPL
2024-06-03,192.3636474609375,194.02999877929688,194.99000549316406,192.52000427246094,192.89999389648438,50080500,AAPL
2024-06-04,192.680908203125,194.35000610351562,195.32000732421875,193.02999877929688,194.63999938964844,47471400,AAPL
2024-06-05,194.18785095214844,195.8699951171875,196.89999389648438,194.8699951171875,195.39999389648438,54156800,AAPL
2024-06-06,192.80978393554688,194.47999572753906,196.5,194.1699981689453,195.69000244140625,41181800,AAPL
2024-06-07,195.1990966796875,196.88999938964844,196.94000244140625,194.13999938964844,194.64999389648438,53103900,AAPL
2024-06-10,191.4614715576172,193.1199951171875,197.3000030517578,192.14999389648438,196.89999389648438,97010200,AAPL
2024-06-11,205.37095642089844,207.14999389648438,207.16000366210938,193.6300048828125,193.64999389648438,172373300,AAPL
2024-06-12,211.24012756347656,213.07000732421875,220.1999969482422,206.89999389648438,207.3699951171875,198134300,AAPL
2024-06-13,212.4000701904297,214.24000549316406,216.75,211.60000610351562,214.74000549316406,97862700,AAPL
2024-06-14,210.6651153564453,212.49000549316406,215.1699981689453,211.3000030517578,213.85000610351562,70122700,AAPL
2024-06-17,214.80923461914062,216.6699981689453,218.9499969482422,212.72000122070312,213.3699951171875,93728300,AAPL
2024-06-18,212.4496612548828,214.2899932861328,218.6300048828125,213.0,217.58999633789062,79943300,AAPL
2024-06-20,207.8792266845703,209.67999267578125,214.24000549316406,208.85000610351562,213.92999267578125,86172500,AAPL
2024-06-21,205.70806884765625,207.49000549316406,211.88999938964844,207.11000061035156,210.38999938964844,241805100,AAPL
2024-06-24,206.35247802734375,208.13999938964844,212.6999969482422,206.58999633789062,207.72000122070312,80727000,AAPL
2024-06-25,207.27452087402344,209.07000732421875,211.3800048828125,208.61000061035156,209.14999389648438,55549700,AAPL
2024-06-26,211.41859436035156,213.25,214.86000061035156,210.63999938964844,211.5,66213200,AAPL
2024-06-27,212.2613067626953,214.10000610351562,215.74000549316406,212.35000610351562,214.69000244140625,49772700,AAPL
2024-06-28,208.81117248535156,210.6199951171875,216.07000732421875,210.3000030517578,215.77000427246094,82542700,AAPL
2024-07-01,214.8885498046875,216.75,217.50999450683594,211.9199981689453,212.08999633789062,60402900,AAPL
2024-07-02,218.37828063964844,220.27000427246094,220.3800048828125,215.10000610351562,216.14999389648438,58046200,AAPL
2024-07-03,219.64730834960938,221.5500030517578,221.5500030517578,219.02999877929688,220.0,37369800,AAPL
2024-07-05,224.3961944580078,226.33999633789062,226.4499969482422,221.64999389648438,221.64999389648438,60412400,AAPL
2024-07-08,225.8634796142578,227.82000732421875,227.85000610351562,223.25,227.08999633789062,59085900,AAPL
2024-07-09,226.716064453125,228.67999267578125,229.39999389648438,226.3699951171875,227.92999267578125,48076100,AAPL
2024-07-10,230.9791717529297,232.97999572753906,233.0800018310547,229.25,229.3000030517578,62627700,AAPL
2024-07-11,225.61561584472656,227.57000732421875,232.38999938964844,225.77000427246094,231.38999938964844,64710600,AAPL
2024-07-12,228.56008911132812,230.5399932861328,232.63999938964844,228.67999267578125,228.9199981689453,53046500,AAPL
2024-07-15,232.38694763183594,234.39999389648438,237.22999572753906,233.08999633789062,236.47999572753906,62631300,AAPL
2024-07-16,232.80337524414062,234.82000732421875,236.27000427246094,232.3300018310547,235.0,43234300,AAPL
2024-07-17,226.91436767578125,228.8800048828125,231.4600067138672,226.63999938964844,229.4499969482422,57345900,AAPL
2024-07-18,222.25473022460938,224.17999267578125,230.44000244140625,222.27000427246094,230.27999877929688,66034600,AAPL
2024-07-19,222.3836212158203,224.30999755859375,226.8000030517578,223.27999877929688,224.82000732421875,49151500,AAPL
2024-07-22,222.03663635253906,223.9600067138672,227.77999877929688,223.08999633789062,227.00999450683594,48201800,AAPL
2024-07-23,223.0775909423828,225.00999450683594,226.94000244140625,222.67999267578125,224.3699951171875,39960300,AAPL
2024-07-24,216.66314697265625,218.5399932861328,224.8000030517578,217.1300048828125,224.0,61777600,AAPL
2024-07-25,215.62217712402344,217.49000549316406,220.85000610351562,214.6199951171875,218.92999267578125,51391200,AAPL
2024-07-26,216.08816528320312,217.9600067138672,219.49000549316406,216.00999450683594,218.6999969482422,41601300,AAPL
2024-07-29,216.36573791503906,218.24000549316406,219.3000030517578,215.75,216.9600067138672,36311800,AAPL
2024-07-30,216.9209442138672,218.8000030517578,220.3300018310547,216.1199951171875,219.19000244140625,41643800,AAPL
2024-07-31,220.1727752685547,222.0800018310547,223.82000732421875,220.6300048828125,221.44000244140625,50036300,AAPL
2024-08-01,216.48471069335938,218.36000061035156,224.47999572753906,217.02000427246094,224.3699951171875,62501000,AAPL
2024-08-02,217.97183227539062,219.86000061035156,225.60000610351562,217.7100067138672,219.14999389648438,105568600,AAPL
2024-08-05,207.47279357910156,209.27000427246094,213.5,196.0,199.08999633789062,119548600,AAPL
2024-08-06,205.45030212402344,207.22999572753906,209.99000549316406,201.07000732421875,205.3000030517578,69660500,AAPL
2024-08-07,208.01806640625,209.82000732421875,213.63999938964844,206.38999938964844,206.89999389648438,63516400,AAPL
2024-08-08,211.47808837890625,213.30999755859375,214.1999969482422,208.8300018310547,213.11000061035156,47161100,AAPL
2024-08-09,214.38291931152344,216.24000549316406,216.77999877929688,211.97000122070312,212.10000610351562,42201600,AAPL
2024-08-12,215.9114532470703,217.52999877929688,219.50999450683594,215.60000610351562,216.07000732421875,38028100,AAPL
2024-08-13,219.62364196777344,221.27000427246094,221.88999938964844,219.00999450683594,219.00999450683594,44155300,AAPL
2024-08-14,220.07028198242188,221.72000122070312,223.02999877929688,219.6999969482422,220.57000732421875,41960600,AAPL
2024-08-15,223.04794311523438,224.72000122070312,225.35000610351562,222.75999450683594,224.60000610351562,46414000,AAPL
2024-08-16,224.3680877685547,226.0500030517578,226.8300018310547,223.64999389648438,223.9199981689453,44340200,AAPL
2024-08-19,224.20924377441406,225.88999938964844,225.99000549316406,223.0399932861328,225.72000122070312,40687800,AAPL
2024-08-20,224.8246307373047,226.50999450683594,227.1699981689453,225.4499969482422,225.77000427246094,30299000,AAPL
2024-08-21,224.71546936035156,226.39999389648438,227.97999572753906,225.0500030517578,226.52000427246094,34765500,AAPL
2024-08-22,222.85939025878906,224.52999877929688,228.33999633789062,223.89999389648438,227.7899932861328,43695300,AAPL
2024-08-23,225.1521759033203,226.83999633789062,228.22000122070312,224.3300018310547,225.66000366210938,38677300,AAPL
2024-08-26,225.48965454101562,227.17999267578125,227.27999877929688,223.88999938964844,226.75999450683594,30602200,AAPL
2024-08-27,226.33334350585938,228.02999877929688,228.85000610351562,224.88999938964844,226.0,35934600,AAPL
2024-08-28,224.80479431152344,226.49000549316406,229.86000061035156,225.67999267578125,227.9199981689453,38052200,AAPL
2024-08-29,228.0802459716797,229.7899932861328,232.9199981689453,228.8800048828125,230.10000610351562,51906300,AAPL
2024-08-30,227.29612731933594,229.0,230.39999389648438,227.47999572753906,230.19000244140625,52990800,AAPL
2024-09-03,221.11248779296875,222.77000427246094,229.0,221.1699981689453,228.5500030517578,50190600,AAPL
2024-09-04,219.20675659179688,220.85000610351562,221.77999877929688,217.47999572753906,221.66000366210938,43840200,AAPL
2024-09-05,220.72540283203125,222.3800048828125,225.47999572753906,221.52000427246094,221.6300048828125,36615400,AAPL
2024-09-06,219.177001953125,220.82000732421875,225.24000549316406,219.77000427246094,223.9499969482422,48423000,AAPL
2024-09-09,219.2663116455078,220.91000366210938,221.27000427246094,216.7100067138672,220.82000732421875,67180000,AAPL
2024-09-10,218.47227478027344,220.11000061035156,221.47999572753906,216.72999572753906,218.9199981689453,51591000,AAPL
2024-09-11,221.00331115722656,222.66000366210938,223.08999633789062,217.88999938964844,221.4600067138672,44587100,AAPL
2024-09-12,221.11248779296875,222.77000427246094,223.5500030517578,219.82000732421875,222.5,37455600,AAPL
2024-09-13,220.844482421875,222.5,224.0399932861328,221.91000366210938,223.5800018310547,36766600,AAPL
2024-09-16,214.71047973632812,216.32000732421875,217.22000122070312,213.9199981689453,216.5399932861328,59357400,AAPL
2024-09-17,215.17697143554688,216.7899932861328,216.89999389648438,214.5,215.75,45519300,AAPL
2024-09-18,219.04794311523438,220.69000244140625,222.7100067138672,217.5399932861328,217.5500030517578,59894900,AAPL
2024-09-19,227.16709899902344,228.8699951171875,229.82000732421875,224.6300048828125,224.99000549316406,66781300,AAPL
2024-09-20,226.5020751953125,228.1999969482422,233.08999633789062,227.6199951171875,229.97000122070312,318679900,AAPL
2024-09-23,224.7849578857422,226.47000122070312,229.4499969482422,225.80999755859375,227.33999633789062,54146000,AAPL
2024-09-24,225.67825317382812,227.3699951171875,229.35000610351562,225.72999572753906,228.64999389648438,43556100,AAPL
2024-09-25,224.68569946289062,226.3699951171875,227.2899932861328,224.02000427246094,224.92999267578125,42308700,AAPL
2024-09-26,225.82716369628906,227.52000427246094,228.5,225.41000366210938,227.3000030517578,36636700,AAPL
2024-09-27,226.09510803222656,227.7899932861328,229.52000427246094,227.3000030517578,228.4600067138672,34026000,AAPL
2024-09-30,231.26637268066406,233.0,233.0,229.64999389648438,230.0399932861328,54541900,AAPL
2024-10-01,224.52688598632812,226.2100067138672,229.64999389648438,223.74000549316406,229.52000427246094,63285000,AAPL
2024-10-02,225.0926513671875,226.77999877929688,227.3699951171875,223.02000427246094,225.88999938964844,32880600,AAPL
2024-10-03,223.9908905029297,225.6699981689453,226.80999755859375,223.32000732421875,225.13999938964844,34044200,AAPL
2024-10-04,225.11248779296875,226.8000030517578,228.0,224.1300048828125,227.89999389648438,37245100,AAPL
2024-10-07,220.04051208496094,221.69000244140625,225.69000244140625,221.3300018310547,224.5,39505400,AAPL
2024-10-08,224.0901641845703,225.77000427246094,225.97999572753906,223.25,224.3000030517578,31855700,AAPL
2024-10-09,227.8321075439453,229.5399932861328,229.75,224.8300018310547,225.22999572753906,33591100,AAPL
2024-10-10,227.33583068847656,229.0399932861328,229.5,227.1699981689453,227.77999877929688,28183500,AAPL
2024-10-11,225.85691833496094,227.5500030517578,229.41000366210938,227.33999633789062,229.3000030517578,31759200,AAPL
2024-10-14,229.57901000976562,231.3000030517578,231.72999572753906,228.60000610351562,228.6999969482422,39882100,AAPL
2024-10-15,232.1100311279297,233.85000610351562,237.49000549316406,232.3699951171875,233.61000061035156,64751400,AAPL
2024-10-16,230.05540466308594,231.77999877929688,232.1199951171875,229.83999633789062,231.60000610351562,34082200,AAPL
2024-10-17,230.42269897460938,232.14999389648438,233.85000610351562,230.52000427246094,233.42999267578125,32993800,AAPL
2024-10-18,233.25148010253906,235.0,236.17999267578125,234.00999450683594,236.17999267578125,46431500,AAPL
2024-10-21,234.720458984375,236.47999572753906,236.85000610351562,234.4499969482422,234.4499969482422,36254500,AAPL
2024-10-22,234.10508728027344,235.86000061035156,236.22000122070312,232.60000610351562,233.88999938964844,38846600,AAPL
2024-10-23,229.0430145263672,230.75999450683594,235.13999938964844,227.75999450683594,234.0800018310547,52287000,AAPL
2024-10-24,228.8544464111328,230.57000732421875,230.82000732421875,228.41000366210938,229.97999572753906,31109500,AAPL
2024-10-25,229.6881866455078,231.41000366210938,233.22000122070312,229.57000732421875,229.74000549316406,38802300,AAPL
2024-10-28,231.6633758544922,233.39999389648438,234.72999572753906,232.5500030517578,233.32000732421875,36087100,AAPL
2024-10-29,231.93136596679688,233.6699981689453,234.3300018310547,232.32000732421875,233.10000610351562,35417200,AAPL
2024-10-30,228.387939453125,230.10000610351562,233.47000122070312,229.5500030517578,232.61000061035156,47070900,AAPL
2024-10-31,224.2291259765625,225.91000366210938,229.8300018310547,225.3699951171875,229.33999633789062,64370100,AAPL
2024-11-01,221.25143432617188,222.91000366210938,225.35000610351562,220.27000427246094,220.97000122070312,65276700,AAPL
2024-11-04,220.35812377929688,222.00999450683594,222.7899932861328,219.7100067138672,220.99000549316406,44944500,AAPL
2024-11-05,221.7874298095703,223.4499969482422,223.9499969482422,221.13999938964844,221.8000030517578,28111300,AAPL
2024-11-06,221.06283569335938,222.72000122070312,226.07000732421875,221.19000244140625,222.61000061035156,54561100,AAPL
2024-11-07,225.7874298095703,227.47999572753906,227.8800048828125,224.57000732421875,224.6300048828125,42137700,AAPL
2024-11-08,225.51913452148438,226.9600067138672,228.66000366210938,226.41000366210938,227.1699981689453,38328800,AAPL
2024-11-11,222.8064727783203,224.22999572753906,225.6999969482422,221.5,225.0,42005600,AAPL
2024-11-12,222.8064727783203,224.22999572753906,225.58999633789062,223.36000061035156,224.5500030517578,40398300,AAPL
2024-11-13,223.69082641601562,225.1199951171875,226.64999389648438,222.75999450683594,224.00999450683594,48566200,AAPL
2024-11-14,226.77114868164062,228.22000122070312,228.8699951171875,225.0,225.02000427246094,44923900,AAPL
2024-11-15,223.5715789794922,225.0,226.9199981689453,224.27000427246094,226.39999389648438,47923700,AAPL
2024-11-18,226.5724334716797,228.02000427246094,229.74000549316406,225.1699981689453,225.25,44633700,AAPL
2024-11-19,226.83074951171875,228.27999877929688,230.16000366210938,226.66000366210938,226.97999572753906,36211800,AAPL
2024-11-20,227.54620361328125,229.0,229.92999267578125,225.88999938964844,228.05999755859375,35169600,AAPL
2024-11-21,227.06927490234375,228.52000427246094,230.16000366210938,225.7100067138672,228.8800048828125,42108300,AAPL
2024-11-22,228.41065979003906,229.8699951171875,230.72000122070312,228.05999755859375,228.05999755859375,38168300,AAPL
2024-11-25,231.39161682128906,232.8699951171875,233.25,229.74000549316406,231.4600067138672,90152800,AAPL
2024-11-26,233.56773376464844,235.05999755859375,235.57000732421875,233.3300018310547,233.3300018310547,45986200,AAPL
2024-11-27,233.43853759765625,234.92999267578125,235.69000244140625,233.80999755859375,234.47000122070312,33498400,AAPL
2024-11-29,235.82330322265625,237.3300018310547,237.80999755859375,233.97000122070312,234.80999755859375,28481400,AAPL
2024-12-02,238.06895446777344,239.58999633789062,240.7899932861328,237.16000366210938,237.27000427246094,48137100,AAPL
2024-12-03,241.1095428466797,242.64999389648438,242.75999450683594,238.89999389648438,239.80999755859375,38861000,AAPL
2024-12-04,241.46725463867188,243.00999450683594,244.11000061035156,241.25,242.8699951171875,44383900,AAPL
2024-12-05,241.49703979492188,243.0399932861328,244.5399932861328,242.1300048828125,243.99000549316406,40033900,AAPL
2024-12-06,241.29832458496094,242.83999633789062,244.6300048828125,242.0800018310547,242.91000366210938,36870600,AAPL
2024-12-09,245.18350219726562,246.75,247.24000549316406,241.75,241.8300018310547,44649200,AAPL
2024-12-10,246.19703674316406,247.77000427246094,248.2100067138672,245.33999633789062,246.88999938964844,36914800,AAPL
2024-12-11,244.9251708984375,246.49000549316406,250.8000030517578,246.25999450683594,247.9600067138672,45205800,AAPL
2024-12-12,246.38583374023438,247.9600067138672,248.74000549316406,245.67999267578125,246.88999938964844,32777500,AAPL
2024-12-13,246.55474853515625,248.1300048828125,249.2899932861328,246.24000549316406,247.82000732421875,33155300,AAPL
2024-12-16,249.44625854492188,251.0399932861328,251.3800048828125,247.64999389648438,247.99000549316406,51694800,AAPL
2024-12-17,251.8707733154297,253.47999572753906,253.8300018310547,249.77999877929688,250.0800018310547,51356400,AAPL
2024-12-18,246.47525024414062,248.0500030517578,254.27999877929688,247.74000549316406,252.16000366210938,56774100,AAPL
2024-12-19,248.2041778564453,249.7899932861328,252.0,247.08999633789062,247.5,60882300,AAPL
2024-12-20,252.87435913085938,254.49000549316406,255.0,245.69000244140625,248.0399932861328,147495300,AAPL
2024-12-23,253.64942932128906,255.27000427246094,255.64999389648438,253.4499969482422,254.77000427246094,40858800,AAPL
2024-12-24,256.560791015625,258.20001220703125,258.2099914550781,255.2899932861328,255.49000549316406,23234700,AAPL
2024-12-26,257.3755798339844,259.0199890136719,260.1000061035156,257.6300048828125,258.19000244140625,27237100,AAPL
2024-12-27,253.96737670898438,255.58999633789062,258.70001220703125,253.05999755859375,257.8299865722656,42355300,AAPL
2024-12-30,250.59889221191406,252.1999969482422,253.5,250.75,252.22999572753906,35557500,AAPL
2024-12-31,248.83021545410156,250.4199981689453,253.27999877929688,249.42999267578125,252.44000244140625,39480700,AAPL
2025-01-02,242.30194091796875,243.85000610351562,249.10000610351562,241.82000732421875,248.92999267578125,55740700,AAPL
2025-01-03,241.81503295898438,243.36000061035156,244.17999267578125,241.88999938964844,243.36000061035156,40244100,AAPL
2025-01-06,243.4446258544922,245.0,247.3300018310547,243.1999969482422,244.30999755859375,45045600,AAPL
2025-01-07,240.67233276367188,242.2100067138672,245.5500030517578,241.35000610351562,242.97999572753906,40856000,AAPL
2025-01-08,241.1592254638672,242.6999969482422,243.7100067138672,240.0500030517578,241.9199981689453,37628900,AAPL
2025-01-10,235.3463592529297,236.85000610351562,240.16000366210938,233.0,240.00999450683594,61710900,AAPL
2025-01-13,232.9119110107422,234.39999389648438,234.6699981689453,229.72000122070312,233.52999877929688,49630700,AAPL
2025-01-14,231.7990264892578,233.27999877929688,236.1199951171875,232.47000122070312,234.75,39435300,AAPL
2025-01-15,236.35987854003906,237.8699951171875,238.9600067138672,234.42999267578125,234.63999938964844,39832000,AAPL
2025-01-16,226.81088256835938,228.25999450683594,238.00999450683594,228.02999877929688,237.35000610351562,71759100,AAPL
2025-01-17,228.5199737548828,229.97999572753906,232.2899932861328,228.47999572753906,232.1199951171875,68488300,AAPL
2025-01-21,221.22654724121094,222.63999938964844,224.4199981689453,219.3800048828125,224.0,98070400,AAPL
2025-01-22,222.4090118408203,223.8300018310547,224.1199951171875,219.7899932861328,219.7899932861328,64126500,AAPL
2025-01-23,222.2401123046875,223.66000366210938,227.02999877929688,222.3000030517578,224.74000549316406,60234800,AAPL
2025-01-24,221.3656768798828,222.77999877929688,225.6300048828125,221.41000366210938,224.77999877929688,54697900,AAPL
2025-01-27,228.40074157714844,229.86000061035156,232.14999389648438,223.97999572753906,224.02000427246094,94863400,AAPL
2025-01-28,236.74740600585938,238.25999450683594,240.19000244140625,230.80999755859375,230.85000610351562,75707600,AAPL
2025-01-29,237.84039306640625,239.36000061035156,239.86000061035156,234.00999450683594,234.1199951171875,45486100,AAPL
2025-01-30,236.08164978027344,237.58999633789062,240.7899932861328,237.2100067138672,238.6699981689453,55658300,AAPL
2025-01-31,234.50173950195312,236.0,247.19000244140625,233.44000244140625,247.19000244140625,100959800,AAPL
2025-02-03,226.56246948242188,228.00999450683594,231.8300018310547,225.6999969482422,229.99000549316406,73063300,AAPL
2025-02-04,231.32208251953125,232.8000030517578,233.1300048828125,226.64999389648438,227.25,45067300,AAPL
2025-02-05,230.99417114257812,232.47000122070312,232.6699981689453,228.27000427246094,228.52999877929688,39620300,AAPL
2025-02-06,231.73941040039062,233.22000122070312,233.8000030517578,230.42999267578125,231.2899932861328,29925300,AAPL
2025-02-07,226.18490600585938,227.6300048828125,234.0,227.25999450683594,232.60000610351562,39707200,AAPL
2025-02-10,226.45346069335938,227.64999389648438,230.58999633789062,227.1999969482422,229.57000732421875,33115600,AAPL
2025-02-11,231.39735412597656,232.6199951171875,235.22999572753906,228.1300048828125,228.1999969482422,53718400,AAPL
2025-02-12,235.625,236.8699951171875,236.9600067138672,230.67999267578125,231.1999969482422,45243300,AAPL
2025-02-13,240.26051330566406,241.52999877929688,242.33999633789062,235.57000732421875,236.91000366210938,53614100,AAPL
2025-02-14,243.31439208984375,244.60000610351562,245.5500030517578,240.99000549316406,241.25,40896200,AAPL
2025-02-18,243.18507385253906,244.47000122070312,245.17999267578125,241.83999633789062,244.14999389648438,48822500,AAPL
2025-02-19,243.5829620361328,244.8699951171875,246.00999450683594,243.16000366210938,244.66000366210938,32204200,AAPL
2025-02-20,244.5379180908203,245.8300018310547,246.77999877929688,244.2899932861328,244.94000244140625,32316900,AAPL
2025-02-21,244.25938415527344,245.5500030517578,248.69000244140625,245.22000122070312,245.9499969482422,53197400,AAPL
2025-02-24,245.80125427246094,247.10000610351562,248.86000061035156,244.4199981689453,244.92999267578125,51326400,AAPL
2025-02-25,245.74156188964844,247.0399932861328,250.0,244.91000366210938,248.0,48013300,AAPL
2025-02-26,239.09666442871094,240.36000061035156,244.97999572753906,239.1300048828125,244.3300018310547,44433600,AAPL
2025-02-27,236.05274963378906,237.3000030517578,242.4600067138672,237.05999755859375,239.41000366210938,41153600,AAPL
2025-02-28,240.56887817382812,241.83999633789062,242.08999633789062,230.1999969482422,236.9499969482422,56833400,AAPL
2025-03-03,236.77891540527344,238.02999877929688,244.02999877929688,236.11000061035156,241.7899932861328,47184000,AAPL
2025-03-04,234.68994140625,235.92999267578125,240.07000732421875,234.67999267578125,237.7100067138672,53798100,AAPL
2025-03-05,234.50094604492188,235.74000549316406,236.5500030517578,229.22999572753906,235.4199981689453,47227600,AAPL
2025-03-06,234.09312438964844,235.3300018310547,237.86000061035156,233.16000366210938,234.44000244140625,45170400,AAPL
2025-03-07,237.81346130371094,239.07000732421875,241.3699951171875,234.75999450683594,235.11000061035156,46273600,AAPL
2025-03-10,226.28436279296875,227.47999572753906,236.16000366210938,224.22000122070312,235.5399932861328,72071200,AAPL
2025-03-11,219.67926025390625,220.83999633789062,225.83999633789062,217.4499969482422,223.80999755859375,76137400,AAPL
2025-03-12,215.8395538330078,216.97999572753906,221.75,214.91000366210938,220.13999938964844,62547500,AAPL
2025-03-13,208.57791137695312,209.67999267578125,216.83999633789062,208.4199981689453,215.9499969482422,61368300,AAPL
2025-03-14,212.36788940429688,213.49000549316406,213.9499969482422,209.5800018310547,211.25,60107600,AAPL
2025-03-17,212.87521362304688,214.0,215.22000122070312,209.97000122070312,213.30999755859375,48073400,AAPL
2025-03-18,211.57211303710938,212.69000244140625,215.14999389648438,211.49000549316406,214.16000366210938,42432400,AAPL
2025-03-19,214.1086883544922,215.24000549316406,218.75999450683594,213.75,214.22000122070312,54385400,AAPL
2025-03-20,212.97471618652344,214.10000610351562,217.49000549316406,212.22000122070312,213.99000549316406,48862900,AAPL
2025-03-21,217.12277221679688,218.27000427246094,218.83999633789062,211.27999877929688,211.55999755859375,94127800,AAPL
2025-03-24,219.56982421875,220.72999572753906,221.47999572753906,218.5800018310547,221.0,44299500,AAPL
2025-03-25,222.573974609375,223.75,224.10000610351562,220.0800018310547,220.77000427246094,34493600,AAPL
2025-03-26,220.36563110351562,221.52999877929688,225.02000427246094,220.47000122070312,223.50999450683594,34466100,AAPL
2025-03-27,222.6734619140625,223.85000610351562,224.99000549316406,220.55999755859375,221.38999938964844,37094800,AAPL
2025-03-28,216.7547149658203,217.89999389648438,223.80999755859375,217.67999267578125,221.6699981689453,39818600,AAPL
2025-03-31,220.9624786376953,222.1300048828125,225.6199951171875,216.22999572753906,217.00999450683594,65299300,AAPL
2025-04-01,222.0169219970703,223.19000244140625,223.67999267578125,218.89999389648438,219.80999755859375,36412700,AAPL
2025-04-02,222.71324157714844,223.88999938964844,225.19000244140625,221.02000427246094,221.32000732421875,35905900,AAPL
2025-04-03,202.1220245361328,203.19000244140625,207.49000549316406,201.25,205.5399932861328,103419000,AAPL
2025-04-04,187.38987731933594,188.3800048828125,199.8800048828125,187.33999633789062,193.88999938964844,125910900,AAPL
2025-04-07,180.50625610351562,181.4600067138672,194.14999389648438,174.6199951171875,177.1999969482422,160466300,AAPL
2025-04-08,171.51376342773438,172.4199981689453,190.33999633789062,169.2100067138672,186.6999969482422,120859500,AAPL
2025-04-09,197.80487060546875,198.85000610351562,200.61000061035156,171.88999938964844,171.9499969482422,184395900,AAPL
2025-04-10,189.41915893554688,190.4199981689453,194.77999877929688,183.0,189.07000732421875,121880000,AAPL
2025-04-11,197.10853576660156,198.14999389648438,199.5399932861328,186.05999755859375,186.10000610351562,87435900,AAPL
2025-04-14,201.45556640625,202.52000427246094,212.94000244140625,201.16000366210938,211.44000244140625,101352900,AAPL
2025-04-15,201.07754516601562,202.13999938964844,203.50999450683594,199.8000030517578,201.86000061035156,51343900,AAPL
2025-04-16,193.24891662597656,194.27000427246094,200.6999969482422,192.3699951171875,198.36000061035156,59732400,AAPL
2025-04-17,195.94467163085938,196.97999572753906,198.8300018310547,194.4199981689453,197.1999969482422,52164700,AAPL
2025-04-21,192.14474487304688,193.16000366210938,193.8000030517578,189.80999755859375,193.27000427246094,46742500,AAPL
2025-04-22,198.690185546875,199.74000549316406,201.58999633789062,195.97000122070312,196.1199951171875,52976400,AAPL
2025-04-23,203.52462768554688,204.60000610351562,208.0,202.8000030517578,206.0,52929200,AAPL
2025-04-24,207.2748260498047,208.3699951171875,208.8300018310547,202.94000244140625,204.88999938964844,47311000,AAPL
2025-04-25,208.18002319335938,209.27999877929688,209.75,206.1999969482422,206.3699951171875,38222300,AAPL
2025-04-28,209.03550720214844,210.13999938964844,211.5,207.4600067138672,210.0,38743100,AAPL
2025-04-29,210.09988403320312,211.2100067138672,212.24000549316406,208.3699951171875,208.69000244140625,36827600,AAPL
2025-04-30,211.3831024169922,212.5,213.5800018310547,206.6699981689453,209.3000030517578,52286500,AAPL
2025-05-01,212.19879150390625,213.32000732421875,214.55999755859375,208.89999389648438,209.0800018310547,57365700,AAPL
2025-05-02,204.2706756591797,205.35000610351562,206.99000549316406,202.16000366210938,206.08999633789062,101010600,AAPL
2025-05-05,197.84463500976562,198.88999938964844,204.10000610351562,198.2100067138672,203.10000610351562,69018500,AAPL
2025-05-06,197.4666290283203,198.50999450683594,200.64999389648438,197.02000427246094,198.2100067138672,51216500,AAPL
2025-05-07,195.21852111816406,196.25,199.44000244140625,193.25,199.1699981689453,68536700,AAPL
2025-05-08,196.45199584960938,197.49000549316406,200.0500030517578,194.67999267578125,197.72000122070312,50478900,AAPL
2025-05-09,197.4865264892578,198.52999877929688,200.5399932861328,197.5399932861328,199.0,36453900,AAPL
2025-05-12,209.95706176757812,210.7899932861328,211.27000427246094,206.75,210.97000122070312,63775800,AAPL
2025-05-13,212.08859252929688,212.92999267578125,213.39999389648438,209.0,210.42999267578125,51909300,AAPL
2025-05-14,211.490966796875,212.3300018310547,213.94000244140625,210.5800018310547,212.42999267578125,49325800,AAPL
2025-05-15,210.6144561767578,211.4499969482422,212.9600067138672,209.5399932861328,210.9499969482422,45029500,AAPL
2025-05-16,210.42520141601562,211.25999450683594,212.57000732421875,209.77000427246094,212.36000061035156,54737900,AAPL
2025-05-19,207.9550018310547,208.77999877929688,209.47999572753906,204.25999450683594,207.91000366210938,46140500,AAPL
2025-05-20,206.04258728027344,206.86000061035156,208.47000122070312,205.02999877929688,207.6699981689453,42496600,AAPL
2025-05-21,201.2914276123047,202.08999633789062,207.0399932861328,200.7100067138672,205.1699981689453,59211800,AAPL
2025-05-22,200.56430053710938,201.36000061035156,202.75,199.6999969482422,200.7100067138672,46742400,AAPL
2025-05-23,194.49839782714844,195.27000427246094,197.6999969482422,193.4600067138672,193.6699981689453,78432900,AAPL
2025-05-27,199.4188690185547,200.2100067138672,200.74000549316406,197.42999267578125,198.3000030517578,56288500,AAPL
2025-05-28,199.62803649902344,200.4199981689453,202.72999572753906,199.89999389648438,200.58999633789062,45339700,AAPL
2025-05-29,199.15989685058594,199.9499969482422,203.80999755859375,198.50999450683594,203.5800018310547,51396800,AAPL
2025-05-30,200.0563507080078,200.85000610351562,201.9600067138672,196.77999877929688,199.3699951171875,70819900,AAPL
2025-06-02,200.90298461914062,201.6999969482422,202.1300048828125,200.1199951171875,200.27999877929688,35423300,AAPL
2025-06-03,202.46676635742188,203.27000427246094,203.77000427246094,200.9600067138672,201.35000610351562,46381600,AAPL
2025-06-04,202.0185546875,202.82000732421875,206.24000549316406,202.10000610351562,202.91000366210938,43604000,AAPL
2025-06-05,199.83721923828125,200.6300048828125,204.75,200.14999389648438,203.5,55126100,AAPL
2025-06-06,203.11419677734375,203.9199981689453,205.6999969482422,202.0500030517578,203.0,46607700,AAPL
2025-06-09,200.6539764404297,201.4499969482422,206.0,200.02000427246094,204.38999938964844,72862600,AAPL
2025-06-10,201.86912536621094,202.6699981689453,204.35000610351562,200.57000732421875,200.60000610351562,54672600,AAPL
2025-06-11,197.9945068359375,198.77999877929688,204.5,198.41000366210938,203.5,60989900,AAPL
2025-06-12,198.41285705566406,199.1999969482422,199.67999267578125,197.36000061035156,199.0800018310547,43904600,AAPL
2025-06-13,195.67372131347656,196.4499969482422,200.3699951171875,195.6999969482422,199.72999572753906,51447300,AAPL
2025-06-16,197.6359405517578,198.4199981689453,198.69000244140625,196.55999755859375,197.3000030517578,43020700,AAPL
2025-06-17,194.86691284179688,195.63999938964844,198.38999938964844,195.2100067138672,197.1999969482422,38856200,AAPL
2025-06-18,195.80319213867188,196.5800018310547,197.57000732421875,195.07000732421875,195.94000244140625,45394700,AAPL
2025-06-20,200.2057342529297,201.0,201.6999969482422,196.86000061035156,198.24000549316406,96813500,AAPL
2025-06-23,200.7037811279297,201.5,202.3000030517578,198.9600067138672,201.6300048828125,55814300,AAPL
2025-06-24,199.50851440429688,200.3000030517578,203.44000244140625,200.1999969482422,202.58999633789062,54064000,AAPL
2025-06-25,200.76353454589844,201.55999755859375,203.6699981689453,200.6199951171875,201.4499969482422,39525700,AAPL
2025-06-26,200.2057342529297,201.0,202.63999938964844,199.4600067138672,201.42999267578125,50799100,AAPL
2025-06-27,200.28543090820312,201.0800018310547,203.22000122070312,200.0,201.88999938964844,73188600,AAPL
2025-06-30,204.35926818847656,205.1699981689453,207.38999938964844,199.25999450683594,202.00999450683594,91912800,AAPL
2025-07-01,206.99879455566406,207.82000732421875,210.19000244140625,206.13999938964844,206.6699981689453,78788900,AAPL
2025-07-02,211.6005401611328,212.44000244140625,213.33999633789062,208.13999938964844,208.91000366210938,67941800,AAPL
2025-07-03,212.70616149902344,213.5500030517578,214.64999389648438,211.80999755859375,212.14999389648438,34955800,AAPL
2025-07-07,209.120361328125,209.9499969482422,216.22999572753906,208.8000030517578,212.67999267578125,50229000,AAPL
2025-07-08,209.18014526367188,210.00999450683594,211.42999267578125,208.4499969482422,210.10000610351562,42848900,AAPL
2025-07-09,210.30567932128906,211.13999938964844,211.3300018310547,207.22000122070312,209.52999877929688,48749400,AAPL
2025-07-10,211.57064819335938,212.41000366210938,213.47999572753906,210.02999877929688,210.50999450683594,44443600,AAPL
2025-07-11,210.32559204101562,211.16000366210938,212.1300048828125,209.86000061035156,210.57000732421875,39765800,AAPL
2025-07-14,207.79562377929688,208.6199951171875,210.91000366210938,207.5399932861328,209.92999267578125,38840100,AAPL
2025-07-15,208.28370666503906,209.11000061035156,211.88999938964844,208.9199981689453,209.22000122070312,42296300,AAPL
2025-07-16,209.32955932617188,210.16000366210938,212.39999389648438,208.63999938964844,210.3000030517578,47490500,AAPL
2025-07-17,209.19009399414062,210.02000427246094,211.8000030517578,209.58999633789062,210.57000732421875,48068100,AAPL
2025-07-18,210.3455047607422,211.17999267578125,211.7899932861328,209.6999969482422,210.8699951171875,48974600,AAPL
2025-07-21,211.64036560058594,212.47999572753906,215.77999877929688,211.6300048828125,212.10000610351562,51377400,AAPL
2025-07-22,213.55279541015625,214.39999389648438,214.9499969482422,212.22999572753906,213.13999938964844,46404100,AAPL
2025-07-23,213.3037872314453,214.14999389648438,215.14999389648438,212.41000366210938,215.0,46989300,AAPL
2025-07-24,212.91529846191406,213.75999450683594,215.69000244140625,213.52999877929688,213.89999389648438,46022600,AAPL
2025-07-25,213.03485107421875,213.8800048828125,215.24000549316406,213.39999389648438,214.6999969482422,40268800,AAPL
2025-07-28,213.20419311523438,214.0500030517578,214.85000610351562,213.05999755859375,214.02999877929688,37858000,AAPL
2025-07-29,210.43516540527344,211.27000427246094,214.80999755859375,210.82000732421875,214.17999267578125,51411700,AAPL
2025-07-30,208.2239227294922,209.0500030517578,212.38999938964844,207.72000122070312,211.89999389648438,45512500,AAPL
2025-07-31,206.74978637695312,207.57000732421875,209.83999633789062,207.16000366210938,208.49000549316406,80698400,AAPL
2025-08-01,201.58030700683594,202.3800048828125,213.5800018310547,201.5,210.8699951171875,104434500,AAPL
2025-08-04,202.5464630126953,203.35000610351562,207.8800048828125,201.67999267578125,204.50999450683594,75109300,AAPL
2025-08-05,202.11814880371094,202.9199981689453,205.33999633789062,202.16000366210938,203.39999389648438,44155100,AAPL
2025-08-06,212.4073486328125,213.25,215.3800048828125,205.58999633789062,205.6300048828125,108483100,AAPL
2025-08-07,219.16053771972656,220.02999877929688,220.85000610351562,216.5800018310547,218.8800048828125,90224800,AAPL
2025-08-08,228.4437255859375,229.35000610351562,231.0,219.25,220.8300018310547,113854000,AAPL
2025-08-11,226.53909301757812,227.17999267578125,229.55999755859375,224.75999450683594,227.9199981689453,61806100,AAPL
2025-08-12,229.0021209716797,229.64999389648438,230.8000030517578,227.07000732421875,228.00999450683594,55626200,AAPL
2025-08-13,232.6717529296875,233.3300018310547,235.0,230.42999267578125,231.07000732421875,69878500,AAPL
2025-08-14,232.123291015625,232.77999877929688,235.1199951171875,230.85000610351562,234.05999755859375,51916300,AAPL
2025-08-15,230.9366455078125,231.58999633789062,234.27999877929688,229.33999633789062,234.0,56038700,AAPL
2025-08-18,230.23863220214844,230.88999938964844,233.1199951171875,230.11000061035156,231.6999969482422,37476200,AAPL
2025-08-19,229.90956115722656,230.55999755859375,232.8699951171875,229.35000610351562,231.27999877929688,39402600,AAPL
2025-08-20,225.3723907470703,226.00999450683594,230.47000122070312,225.77000427246094,229.97999572753906,42263900,AAPL
2025-08-21,224.26553344726562,224.89999389648438,226.52000427246094,223.77999877929688,226.27000427246094,30621200,AAPL
2025-08-22,227.11746215820312,227.75999450683594,229.08999633789062,225.41000366210938,226.1699981689453,42477800,AAPL
2025-08-25,226.51914978027344,227.16000366210938,229.3000030517578,226.22999572753906,226.47999572753906,30983100,AAPL
2025-08-26,228.6630859375,229.30999755859375,229.49000549316406,224.69000244140625,226.8699951171875,54575100,AAPL
2025-08-27,229.8397674560547,230.49000549316406,230.89999389648438,228.25999450683594,228.61000061035156,31259500,AAPL
2025-08-28,231.9039306640625,232.55999755859375,233.41000366210938,229.33999633789062,230.82000732421875,38074700,AAPL
2025-08-29,231.485107421875,232.13999938964844,233.3800048828125,231.3699951171875,232.50999450683594,39418400,AAPL
2025-09-02,229.0719451904297,229.72000122070312,230.85000610351562,226.97000122070312,229.25,44075600,AAPL
2025-09-03,237.79725646972656,238.47000122070312,238.85000610351562,234.36000061035156,237.2100067138672,66427800,AAPL
2025-09-04,239.10354614257812,239.77999877929688,239.89999389648438,236.74000549316406,238.4499969482422,47549400,AAPL
2025-09-05,239.0137939453125,239.69000244140625,241.32000732421875,238.49000549316406,240.0,54870400,AAPL
2025-09-08,237.2089080810547,237.8800048828125,240.14999389648438,236.33999633789062,239.3000030517578,48999500,AAPL
2025-09-09,233.68887329101562,234.35000610351562,238.77999877929688,233.36000061035156,237.0,66313900,AAPL
2025-09-10,226.1501922607422,226.7899932861328,232.4199981689453,225.9499969482422,232.19000244140625,83440800,AAPL
2025-09-11,229.3810577392578,230.02999877929688,230.4499969482422,226.64999389648438,226.8800048828125,50208600,AAPL
2025-09-12,233.40966796875,234.07000732421875,234.50999450683594,229.02000427246094,229.22000122070312,55824200,AAPL
2025-09-15,236.0322265625,236.6999969482422,238.19000244140625,235.02999877929688,237.0,42699500,AAPL
2025-09-16,237.4781494140625,238.14999389648438,241.22000122070312,236.32000732421875,237.17999267578125,63421100,AAPL
2025-09-17,238.3157958984375,238.99000549316406,240.10000610351562,237.72999572753906,238.97000122070312,46508000,AAPL
2025-09-18,237.2089080810547,237.8800048828125,241.1999969482422,236.64999389648438,239.97000122070312,44249600,AAPL
2025-09-19,244.8074188232422,245.5,246.3000030517578,240.2100067138672,241.22999572753906,163741300,AAPL
2025-09-22,255.35755920410156,256.0799865722656,256.6400146484375,248.1199951171875,248.3000030517578,105517400,AAPL
2025-09-23,253.71221923828125,254.42999267578125,257.3399963378906,253.5800018310547,255.8800048828125,60275200,AAPL
2025-09-24,251.59820556640625,252.30999755859375,255.74000549316406,251.0399932861328,255.22000122070312,42303700,AAPL
2025-09-25,256.14532470703125,256.8699951171875,257.1700134277344,251.7100067138672,253.2100067138672,55202100,AAPL
2025-09-26,254.73931884765625,255.4600067138672,257.6000061035156,253.77999877929688,254.10000610351562,46076300,AAPL
2025-09-29,253.71221923828125,254.42999267578125,255.0,253.00999450683594,254.55999755859375,40127700,AAPL
2025-09-30,253.9116668701172,254.6300048828125,255.9199981689453,253.11000061035156,254.86000061035156,37704300,AAPL
2025-10-01,254.72933959960938,255.4499969482422,258.7900085449219,254.92999267578125,255.0399932861328,48713900,AAPL
2025-10-02,256.40460205078125,257.1300048828125,258.17999267578125,254.14999389648438,256.5799865722656,42630200,AAPL
2025-10-03,257.2920837402344,258.0199890136719,259.239990234375,253.9499969482422,254.6699981689453,49155600,AAPL
2025-10-06,255.96583557128906,256.69000244140625,259.07000732421875,255.0500030517578,257.989990234375,44664100,AAPL
2025-10-07,255.75645446777344,256.4800109863281,257.3999938964844,255.42999267578125,256.80999755859375,31955800,AAPL
2025-10-08,257.3320007324219,258.05999755859375,258.5199890136719,256.1099853515625,256.5199890136719,36496900,AAPL
2025-10-09,253.32330322265625,254.0399932861328,258.0,253.13999938964844,257.80999755859375,38322000,AAPL
2025-10-10,244.57806396484375,245.27000427246094,256.3800048828125,244.0,254.94000244140625,61999100,AAPL
2025-10-13,246.96133422851562,247.66000366210938,249.69000244140625,245.55999755859375,249.3800048828125,38142900,AAPL
2025-10-14,247.07101440429688,247.77000427246094,248.85000610351562,244.6999969482422,246.60000610351562,35478000,AAPL
2025-10-15,248.63658142089844,249.33999633789062,251.82000732421875,247.47000122070312,249.49000549316406,33893600,AAPL
2025-10-16,246.75192260742188,247.4499969482422,249.0399932861328,245.1300048828125,248.25,39777000,AAPL
2025-10-17,251.5782470703125,252.2899932861328,253.3800048828125,247.27000427246094,248.02000427246094,49147000,AAPL
2025-10-20,261.50018310546875,262.239990234375,264.3800048828125,255.6300048828125,255.88999938964844,90483000,AAPL
2025-10-21,262.0286560058594,262.7699890136719,265.2900085449219,261.8299865722656,261.8800048828125,46695900,AAPL
2025-10-22,257.72088623046875,258.45001220703125,262.8500061035156,255.42999267578125,262.6499938964844,45015300,AAPL
2025-10-23,258.84765625,259.5799865722656,260.6199951171875,258.010009765625,259.94000244140625,32754900,AAPL
2025-10-24,262.0785827636719,262.82000732421875,264.1300048828125,259.17999267578125,261.19000244140625,38253700,AAPL
2025-10-27,268.0516662597656,268.80999755859375,269.1199951171875,264.6499938964844,264.8800048828125,44888200,AAPL
2025-10-28,268.2411193847656,269.0,269.8900146484375,268.1499938964844,268.989990234375,41534800,AAPL
2025-10-29,268.93914794921875,269.70001220703125,271.4100036621094,267.1099853515625,269.2799987792969,51086700,AAPL
2025-10-30,270.63433837890625,271.3999938964844,274.1400146484375,268.4800109863281,271.989990234375,69886500,AAPL
2025-10-31,269.6072692871094,270.3699951171875,277.32000732421875,269.1600036621094,276.989990234375,86167100,AAPL
2025-11-03,268.29095458984375,269.04998779296875,270.8500061035156,266.25,270.4200134277344,50194600,AAPL
2025-11-04,269.2781982421875,270.0400085449219,271.489990234375,267.6199951171875,268.3299865722656,49274800,AAPL
2025-11-05,269.3779296875,270.1400146484375,271.70001220703125,266.92999267578125,268.6099853515625,43683100,AAPL
2025-11-06,269.0089416503906,269.7699890136719,273.3999938964844,267.8900146484375,267.8900146484375,51204000,AAPL
2025-11-07,267.7126159667969,268.4700012207031,272.2900085449219,266.7699890136719,269.79998779296875,48227400,AAPL
2025-11-10,268.93035888671875,269.42999267578125,273.7300109863281,267.4599914550781,268.9599914550781,41312400,AAPL
2025-11-11,274.73956298828125,275.25,275.9100036621094,269.79998779296875,269.80999755859375,46208300,AAPL
2025-11-12,272.9628601074219,273.4700012207031,275.7300109863281,271.70001220703125,275.0,48398000,AAPL
2025-11-13,272.44384765625,272.95001220703125,276.70001220703125,272.0899963378906,274.1099853515625,49602800,AAPL
2025-11-14,271.9048156738281,272.4100036621094,275.9599914550781,269.6000061035156,271.04998779296875,47431300,AAPL
2025-11-17,266.9639892578125,267.4599914550781,270.489990234375,265.7300109863281,268.82000732421875,45018300,AAPL
2025-11-18,266.9440612792969,267.44000244140625,270.7099914550781,265.32000732421875,269.989990234375,45677300,AAPL
2025-11-19,268.06195068359375,268.55999755859375,272.2099914550781,265.5,265.5299987792969,40424500,AAPL
2025-11-20,265.7562561035156,266.25,275.42999267578125,265.9200134277344,270.8299865722656,45823600,AAPL
2025-11-21,270.98651123046875,271.489990234375,273.3299865722656,265.6700134277344,265.95001220703125,59030800,AAPL
2025-11-24,275.4083251953125,275.9200134277344,277.0,270.8999938964844,270.8999938964844,65585800,AAPL
2025-11-25,276.4563903808594,276.9700012207031,280.3800048828125,275.25,275.2699890136719,46914200,AAPL
2025-11-26,277.0352783203125,277.54998779296875,279.5299987792969,276.6300048828125,276.9599914550781,33431400,AAPL
2025-11-28,278.3328857421875,278.8500061035156,279.0,275.989990234375,277.260009765625,20135600,AAPL
2025-12-01,282.57501220703125,283.1000061035156,283.4200134277344,276.1400146484375,278.010009765625,46587700,AAPL
2025-12-02,285.6592712402344,286.19000244140625,287.3999938964844,282.6300048828125,283.0,53669500,AAPL
2025-12-03,283.623046875,284.1499938964844,288.6199951171875,283.29998779296875,286.20001220703125,43538700,AAPL
2025-12-04,280.179443359375,280.70001220703125,284.7300109863281,278.5899963378906,284.1000061035156,43989100,AAPL
2025-12-05,278.26300048828125,278.7799987792969,281.1400146484375,278.04998779296875,280.5400085449219,47265800,AAPL
2025-12-08,277.3746643066406,277.8900146484375,279.6700134277344,276.1499938964844,278.1300048828125,38211800,AAPL
2025-12-09,276.66595458984375,277.17999267578125,280.0299987792969,276.9200134277344,278.1600036621094,32193300,AAPL
2025-12-10,278.26300048828125,278.7799987792969,279.75,276.44000244140625,277.75,33038300,AAPL
2025-12-11,277.514404296875,278.0299987792969,279.5899963378906,273.80999755859375,279.1000061035156,33248000,AAPL
2025-12-12,277.7639465332031,278.2799987792969,279.2200012207031,276.82000732421875,277.8999938964844,39532900,AAPL
2025-12-15,273.6016540527344,274.1099853515625,280.1499938964844,272.8399963378906,280.1499938964844,50409100,AAPL
2025-12-16,274.1007385253906,274.6099853515625,275.5,271.7900085449219,272.82000732421875,37648600,AAPL
2025-12-17,271.33587646484375,271.8399963378906,276.1600036621094,271.6400146484375,275.010009765625,50138700,AAPL
2025-12-18,271.68524169921875,272.19000244140625,273.6300048828125,266.95001220703125,273.6099853515625,51630700,AAPL
2025-12-19,273.1625061035156,273.6700134277344,274.6000061035156,269.8999938964844,272.1499938964844,144632000,AAPL
2025-12-22,270.4674987792969,270.9700012207031,273.8800048828125,270.510009765625,272.8599853515625,36571800,AAPL
2025-12-23,271.85491943359375,272.3599853515625,272.5,269.55999755859375,270.8399963378906,29642000,AAPL
2025-12-24,273.3022155761719,273.80999755859375,275.42999267578125,272.20001220703125,272.3399963378906,17910600,AAPL
2025-12-26,272.8929748535156,273.3999938964844,275.3699951171875,272.8599853515625,274.1600036621094,21521800,AAPL
2025-12-29,273.2523498535156,273.760009765625,274.3599853515625,272.3500061035156,272.69000244140625,23715200,AAPL
2025-12-30,272.5735778808594,273.0799865722656,274.0799865722656,272.2799987792969,272.80999755859375,22139600,AAPL
2025-12-31,271.3558349609375,271.8599853515625,273.67999267578125,271.75,273.05999755859375,27293600,AAPL
2026-01-02,270.5074157714844,271.010009765625,277.8399963378906,269.0,272.260009765625,37838100,AAPL
2026-01-05,266.7643737792969,267.260009765625,271.510009765625,266.1400146484375,270.6400146484375,45647200,AAPL
2026-01-06,261.8734436035156,262.3599853515625,267.54998779296875,262.1199951171875,267.0,52352100,AAPL
2026-01-07,259.8471984863281,260.3299865722656,263.67999267578125,259.80999755859375,263.20001220703125,48309800,AAPL
2026-01-08,258.55963134765625,259.0400085449219,259.2900085449219,255.6999969482422,257.0199890136719,50419300,AAPL
2026-01-09,258.8890075683594,259.3699951171875,260.2099914550781,256.2200012207031,259.0799865722656,39997000,AAPL
2026-01-12,259.76739501953125,260.25,261.29998779296875,256.79998779296875,259.1600036621094,45263800,AAPL
2026-01-13,260.5658874511719,261.04998779296875,261.80999755859375,258.3900146484375,258.7200012207031,45730800,AAPL
2026-01-14,259.4779052734375,259.9599914550781,261.82000732421875,256.7099914550781,259.489990234375,40019400,AAPL
2026-01-15,257.73114013671875,258.2099914550781,261.0400085449219,257.04998779296875,260.6499938964844,39388600,AAPL
2026-01-16,255.05613708496094,255.52999877929688,258.8999938964844,254.92999267578125,257.8999938964844,72142800,AAPL
2026-01-20,246.2425079345703,246.6999969482422,254.7899932861328,243.4199981689453,252.72999572753906,80267500,AAPL
2026-01-21,247.1907501220703,247.64999389648438,251.55999755859375,245.17999267578125,248.6999969482422,54641700,AAPL
2026-01-22,247.8894500732422,248.35000610351562,251.0,248.14999389648438,249.1999969482422,39708300,AAPL
2026-01-23,247.58001708984375,248.0399932861328,249.41000366210938,244.67999267578125,247.32000732421875,41689000,AAPL
2026-01-26,254.9363555908203,255.41000366210938,256.55999755859375,249.8000030517578,251.47999572753906,55969200,AAPL
2026-01-27,257.791015625,258.2699890136719,261.95001220703125,258.2099914550781,259.1700134277344,49648300,AAPL
2026-01-28,255.96446228027344,256.44000244140625,258.8599853515625,254.50999450683594,257.6499938964844,41288000,AAPL
2026-01-29,257.801025390625,258.2799987792969,259.6499938964844,254.41000366210938,258.0,67253000,AAPL
2026-01-30,258.9988098144531,259.4800109863281,261.8999938964844,252.17999267578125,255.1699981689453,92443400,AAPL
2026-02-02,269.5093078613281,270.010009765625,270.489990234375,259.2099914550781,260.0299987792969,73913400,AAPL
2026-02-03,268.98028564453125,269.4800109863281,271.8800048828125,267.6099853515625,269.20001220703125,64394700,AAPL
2026-02-04,275.97723388671875,276.489990234375,278.95001220703125,272.2900085449219,272.2900085449219,90545700,AAPL
2026-02-05,275.3983459472656,275.9100036621094,279.5,273.2300109863281,278.1300048828125,52977400,AAPL
2026-02-06,277.6042175292969,278.1199951171875,280.9100036621094,276.92999267578125,277.1199951171875,50453400,AAPL
2026-02-09,274.3672180175781,274.6199951171875,278.20001220703125,271.70001220703125,277.9100036621094,44623400,AAPL
2026-02-10,273.4280700683594,273.67999267578125,275.3699951171875,272.94000244140625,274.8900146484375,34376900,AAPL
2026-02-11,275.24639892578125,275.5,280.17999267578125,274.45001220703125,274.70001220703125,51931300,AAPL
2026-02-12,261.4891052246094,261.7300109863281,275.7200012207031,260.17999267578125,275.5899963378906,81077200,AAPL
2026-02-13,255.5445556640625,255.77999877929688,262.2300109863281,255.4499969482422,262.010009765625,56290700,AAPL
2026-02-17,263.6371154785156,263.8800048828125,266.2900085449219,255.5399932861328,258.04998779296875,58469100,AAPL
2026-02-18,264.106689453125,264.3500061035156,266.82000732421875,262.45001220703125,263.6000061035156,34203300,AAPL
2026-02-19,260.3401184082031,260.5799865722656,264.4800109863281,260.04998779296875,262.6000061035156,30845300,AAPL
2026-02-20,264.3364562988281,264.5799865722656,264.75,258.1600036621094,258.9700012207031,42070500,AAPL
2026-02-23,265.9349670410156,266.17999267578125,269.42999267578125,263.3800048828125,263.489990234375,37308200,AAPL
2026-02-24,271.8895263671875,272.1400146484375,274.8900146484375,267.7099914550781,267.8599853515625,47014600,AAPL
2026-02-25,273.97760009765625,274.2300109863281,274.94000244140625,271.04998779296875,271.7799987792969,33714300,AAPL
2026-02-26,272.6987609863281,272.95001220703125,276.1099853515625,270.79998779296875,274.95001220703125,32345100,AAPL
2026-02-27,263.93682861328125,264.17999267578125,272.80999755859375,262.8900146484375,272.80999755859375,72366500,AAPL
2026-03-02,264.476318359375,264.7200012207031,266.5299987792969,260.20001220703125,262.4100036621094,41827900,AAPL
2026-03-03,263.5072326660156,263.75,265.55999755859375,260.1300048828125,263.4800109863281,38568900,AAPL
2026-03-04,262.2783508300781,262.5199890136719,266.1499938964844,261.4200134277344,264.6499938964844,39803100,AAPL
2026-03-05,260.0504150390625,260.2900085449219,261.55999755859375,257.25,260.7900085449219,49658600,AAPL
2026-03-06,257.2229919433594,257.4599914550781,258.7699890136719,254.3699951171875,258.6300048828125,41120000,AAPL
2026-03-09,259.6407775878906,259.8800048828125,261.1499938964844,253.67999267578125,255.69000244140625,38218500,AAPL
2026-03-10,260.58990478515625,260.8299865722656,262.4800109863281,256.95001220703125,257.6499938964844,30590800,AAPL
2026-03-11,260.5699157714844,260.80999755859375,262.1300048828125,259.54998779296875,261.0899963378906,26218900,AAPL
2026-03-12,255.52456665039062,255.75999450683594,258.95001220703125,254.17999267578125,258.6600036621094,40794000,AAPL
2026-03-13,249.8897705078125,250.1199951171875,256.3299865722656,249.52000427246094,255.47999572753906,36930000,AAPL
2026-03-16,252.58729553222656,252.82000732421875,253.88999938964844,249.8800048828125,252.11000061035156,32074200,AAPL
2026-03-17,253.99598693847656,254.22999572753906,255.1300048828125,252.17999267578125,252.9600067138672,32361600,AAPL
2026-03-18,249.70994567871094,249.94000244140625,254.94000244140625,249.0,252.6300048828125,35757900,AAPL
2026-03-19,248.73085021972656,248.9600067138672,251.8300018310547,247.3000030517578,249.39999389648438,34864100,AAPL
2026-03-20,247.76173400878906,247.99000549316406,249.1999969482422,246.0,247.97999572753906,88331100,AAPL
2026-03-23,251.25851440429688,251.49000549316406,254.60000610351562,250.27999877929688,253.97000122070312,40546100,AAPL
2026-03-24,251.4083709716797,251.63999938964844,254.8300018310547,249.5500030517578,250.35000610351562,45152300,AAPL
2026-03-25,252.38746643066406,252.6199951171875,255.0,251.60000610351562,254.10000610351562,28476700,AAPL
2026-03-26,252.6572265625,252.88999938964844,257.0,250.77000427246094,252.1199951171875,41796700,AAPL
2026-03-27,248.57098388671875,248.8000030517578,255.49000549316406,248.07000732421875,253.89999389648438,47900000,AAPL
2026-03-30,246.40298461914062,246.6300048828125,250.8699951171875,245.50999450683594,250.07000732421875,39446200,AAPL
2026-03-31,253.55638122558594,253.7899932861328,255.47999572753906,247.10000610351562,247.91000366210938,49598100,AAPL
2026-04-01,255.3946990966797,255.6300048828125,256.17999267578125,253.3300018310547,254.0800018310547,40059400,AAPL
2026-04-02,255.68443298339844,255.9199981689453,256.1300048828125,250.64999389648438,254.1999969482422,31289400,AAPL
2026-04-06,258.6217041015625,258.8599853515625,262.1600036621094,256.4599914550781,256.510009765625,29329900,AAPL
2026-04-07,253.26666259765625,253.5,256.20001220703125,245.6999969482422,256.1600036621094,62148000,AAPL
2026-04-08,258.66168212890625,258.8999938964844,259.75,256.5299987792969,258.45001220703125,41032800,AAPL
2026-04-09,260.2502136230469,260.489990234375,261.1199951171875,256.07000732421875,259.0,28121600,AAPL
2026-04-10,260.240234375,260.4800109863281,262.19000244140625,259.0199890136719,259.9800109863281,31291500,AAPL
2026-04-13,258.96142578125,259.20001220703125,260.17999267578125,256.6600036621094,259.7300109863281,36234700,AAPL
2026-04-14,258.59173583984375,258.8299865722656,261.92999267578125,257.19000244140625,259.25,48370700,AAPL
2026-04-15,266.18475341796875,266.42999267578125,266.55999755859375,257.80999755859375,258.1600036621094,49913500,AAPL
2026-04-16,263.15753173828125,263.3999938964844,267.1600036621094,261.2699890136719,266.79998779296875,43323100,AAPL
2026-04-17,269.98126220703125,270.2300109863281,272.29998779296875,266.7200012207031,266.9599914550781,61436200,AAPL
2026-04-20,272.79864501953125,273.04998779296875,274.2799987792969,270.2900085449219,270.3299865722656,36590200,AAPL
2026-04-21,265.9250183105469,266.1700134277344,272.79998779296875,265.3999938964844,271.5,50209800,AAPL
2026-04-22,272.9185791015625,273.1700134277344,273.739990234375,266.8699951171875,267.82000732421875,43249200,AAPL
2026-04-23,273.1783142089844,273.42999267578125,275.7699890136719,271.6499938964844,275.04998779296875,33399600,AAPL
2026-04-24,270.81048583984375,271.05999755859375,273.05999755859375,269.6499938964844,272.760009765625,38157100,AAPL
2026-04-27,267.3636474609375,267.6099853515625,268.3599853515625,265.07000732421875,266.0899963378906,41466800,AAPL
2026-04-28,270.4608154296875,270.7099914550781,273.2300109863281,268.6600036621094,272.3399963378906,40018900,AAPL
2026-04-29,269.92132568359375,270.1700134277344,271.0400085449219,267.0400085449219,267.54998779296875,30047900,AAPL
2026-04-30,271.1002502441406,271.3500061035156,276.0,268.1400146484375,270.5,91848200,AAPL
2026-05-01,279.88214111328125,280.1400146484375,287.2200012207031,278.3699951171875,278.8599853515625,79915400,AAPL
2026-05-04,276.5751647949219,276.8299865722656,280.6300048828125,274.8599853515625,279.6600036621094,46668400,AAPL
2026-05-05,283.9184265136719,284.17999267578125,284.57000732421875,276.5,276.92999267578125,49311700,AAPL
2026-05-06,287.245361328125,287.510009765625,288.0299987792969,281.07000732421875,281.9200134277344,58336100,AAPL
2026-05-07,287.1754150390625,287.44000244140625,292.1300048828125,285.7799987792969,289.2699890136719,45224300,AAPL
2026-05-08,293.0500183105469,293.32000732421875,294.760009765625,290.0,290.010009765625,52692800,AAPL
2026-05-11,292.67999267578125,292.67999267578125,293.8800048828125,290.2300109863281,291.9800109863281,42247300,AAPL
2026-05-12,294.79998779296875,294.79998779296875,295.2699890136719,292.55999755859375,292.55999755859375,45748100,AAPL
2026-05-13,298.8699951171875,298.8699951171875,300.9200134277344,293.5,293.5,52684300,AAPL
2026-05-14,298.2099914550781,298.2099914550781,300.45001220703125,295.3800048828125,299.82000732421875,35324900,AAPL
2026-05-15,300.2300109863281,300.2300109863281,303.20001220703125,296.5199890136719,297.8999938964844,54862800,AAPL
2026-05-18,297.8399963378906,297.8399963378906,300.6600036621094,294.9100036621094,300.239990234375,34483000,AAPL
2026-05-19,298.9700012207031,298.9700012207031,300.510009765625,296.3500061035156,296.9700012207031,42243600,AAPL
2026-05-20,302.25,302.25,302.79998779296875,298.0799865722656,298.17999267578125,38229800,AAPL
2026-05-21,304.989990234375,304.989990234375,305.5400085449219,300.3999938964844,301.05999755859375,42965100,AAPL
2026-05-22,308.82000732421875,308.82000732421875,311.3999938964844,305.8399963378906,306.1199951171875,43670200,AAPL
2026-05-26,308.3299865722656,308.3299865722656,311.82000732421875,307.6700134277344,309.55999755859375,48000500,AAPL
2026-05-27,310.8500061035156,310.8500061035156,313.260009765625,308.29998779296875,308.3299865722656,50430900,AAPL
2026-05-28,312.510009765625,312.510009765625,312.79998779296875,309.57000732421875,310.67999267578125,48220400,AAPL
2026-05-29,312.05999755859375,312.05999755859375,315.0,309.5299987792969,311.7799987792969,70026800,AAPL
2026-06-01,306.30999755859375,306.30999755859375,310.94000244140625,305.0199890136719,309.6300048828125,48849900,AAPL
2026-06-02,315.20001220703125,315.20001220703125,315.45001220703125,306.69000244140625,307.4599914550781,44534700,AAPL
2026-06-03,310.260009765625,310.260009765625,316.94000244140625,308.8500061035156,314.17999267578125,50836700,AAPL
2026-06-04,311.2300109863281,311.2300109863281,313.5400085449219,309.6499938964844,313.2300109863281,44869100,AAPL
2026-06-05,307.3399963378906,307.3399963378906,315.1700134277344,307.1499938964844,312.8599853515625,65310500,AAPL
2026-06-08,301.5400085449219,301.5400085449219,317.3999938964844,301.1700134277344,308.739990234375,77949100,AAPL
2026-06-09,290.54998779296875,290.54998779296875,300.75,287.7799987792969,300.2799987792969,70108800,AAPL
2026-06-10,291.5799865722656,291.5799865722656,294.75,287.3800048828125,290.739990234375,52793300,AAPL
2026-06-11,295.6300048828125,295.6300048828125,297.0,289.5899963378906,293.7200012207031,42572500,AAPL
2026-06-12,291.1300048828125,291.1300048828125,297.1400146484375,289.6199951171875,296.0299987792969,38742100,AAPL
2026-06-15,296.4200134277344,296.4200134277344,297.7799987792969,291.70001220703125,294.1199951171875,45732600,AAPL
2026-06-16,299.239990234375,299.239990234375,300.4800109863281,293.9700012207031,295.25,39874400,AAPL
2026-06-17,295.95001220703125,295.95001220703125,302.07000732421875,294.3599853515625,300.8500061035156,42745100,AAPL
2026-06-18,298.010009765625,298.010009765625,300.57000732421875,295.6199951171875,298.1099853515625,85962200,AAPL
2026-06-22,297.010009765625,297.010009765625,302.4200134277344,296.760009765625,297.30999755859375,44879900,AAPL
2026-06-23,294.29998779296875,294.29998779296875,301.6400146484375,294.17999267578125,297.5400085449219,52010900,AAPL
2026-06-24,293.0799865722656,293.0799865722656,299.70001220703125,292.94000244140625,295.3599853515625,53081900,AAPL
2026-06-25,275.1499938964844,275.1499938964844,288.79998779296875,273.75,287.3999938964844,107013700,AAPL
2026-06-26,283.7799987792969,283.7799987792969,285.95001220703125,274.2099914550781,275.0,261775500,AAPL
2026-06-29,281.739990234375,281.739990234375,288.3699951171875,279.8500061035156,286.7300109863281,66427000,AAPL
2026-06-30,289.3599853515625,289.3599853515625,289.94000244140625,280.70001220703125,281.1700134277344,65100200,AAPL
2026-07-01,294.3800048828125,294.3800048828125,296.5899963378906,289.20001220703125,293.44000244140625,50164200,AAPL
2026-07-02,308.6300048828125,308.6300048828125,309.4200134277344,293.67999267578125,294.1199951171875,75352800,AAPL
2026-07-06,312.6600036621094,312.6600036621094,314.20001220703125,307.0,307.3599853515625,53590000,AAPL
2026-07-07,310.6600036621094,310.6600036621094,315.4800109863281,310.1499938964844,315.2900085449219,42490000,AAPL
2026-07-08,313.3900146484375,313.3900146484375,314.82000732421875,307.04998779296875,311.9100036621094,41323500,AAPL
2026-07-09,316.2200012207031,316.2200012207031,316.5299987792969,308.1600036621094,310.510009765625,48124500,AAPL
2026-07-10,315.32000732421875,315.32000732421875,316.9100036621094,312.1700134277344,314.7200012207031,34132300,AAPL
2026-07-13,317.30999755859375,317.30999755859375,323.45001220703125,315.7799987792969,317.0199890136719,43257800,AAPL
2026-07-14,314.8599853515625,314.8599853515625,316.19000244140625,311.9100036621094,313.760009765625,36336800,AAPL
2026-07-15,327.5,327.5,328.7300109863281,317.32000732421875,317.6199951171875,60957600,AAPL
2026-07-16,333.260009765625,333.260009765625,334.67999267578125,326.7900085449219,328.010009765625,62727600,AAPL
2019-01-02,94.19314575195312,101.12000274658203,101.75,98.94000244140625,99.55000305175781,35329300,MSFT
2019-01-03,90.72797393798828,97.4000015258789,100.19000244140625,97.19999694824219,100.0999984741211,42579100,MSFT
2019-01-04,94.94766235351562,101.93000030517578,102.51000213623047,98.93000030517578,99.72000122070312,44060600,MSFT
2019-01-07,95.06875610351562,102.05999755859375,103.2699966430664,100.9800033569336,101.63999938964844,35656100,MSFT
2019-01-08,95.75806427001953,102.80000305175781,103.97000122070312,101.70999908447266,103.04000091552734,31514400,MSFT
2019-01-09,97.12734985351562,104.2699966430664,104.87999725341797,103.23999786376953,103.86000061035156,32280800,MSFT
2019-01-10,96.50322723388672,103.5999984741211,103.75,102.37999725341797,103.22000122070312,30067600,MSFT
2019-01-11,95.75806427001953,102.80000305175781,103.44000244140625,101.63999938964844,103.19000244140625,28314200,MSFT
2019-01-14,95.05943298339844,102.05000305175781,102.87000274658203,101.26000213623047,101.9000015258789,28437100,MSFT
2019-01-15,97.81668853759766,105.01000213623047,105.05000305175781,101.87999725341797,102.51000213623047,31587600,MSFT
2019-01-16,98.16132354736328,105.37999725341797,106.26000213623047,104.95999908447266,105.26000213623047,29853900,MSFT
2019-01-17,98.85063934326172,106.12000274658203,106.62999725341797,104.76000213623047,105.0,28393000,MSFT
2019-01-18,100.33170318603516,107.70999908447266,107.9000015258789,105.91000366210938,107.45999908447266,37427600,MSFT
2019-01-22,98.44078063964844,105.68000030517578,107.0999984741211,104.86000061035156,106.75,32371300,MSFT
2019-01-23,99.40022277832031,106.70999908447266,107.04000091552734,105.33999633789062,106.12000274658203,25874300,MSFT
2019-01-24,98.9251480102539,106.19999694824219,107.0,105.33999633789062,106.86000061035156,23164800,MSFT
2019-01-25,99.82870483398438,107.16999816894531,107.87999725341797,106.19999694824219,107.23999786376953,31225600,MSFT
2019-01-28,97.88186645507812,105.08000183105469,106.4800033569336,104.66000366210938,106.26000213623047,29476700,MSFT
2019-01-29,95.88846588134766,102.94000244140625,104.97000122070312,102.16999816894531,104.87999725341797,31490500,MSFT
2019-01-30,99.0927963256836,106.37999725341797,106.37999725341797,104.33000183105469,104.62000274658203,49471900,MSFT
2019-01-31,97.27639770507812,104.43000030517578,105.22000122070312,103.18000030517578,103.80000305175781,55636400,MSFT
2019-02-01,95.7394027709961,102.77999877929688,104.0999984741211,102.3499984741211,103.77999877929688,35535700,MSFT
2019-02-04,98.49664306640625,105.73999786376953,105.80000305175781,102.7699966430664,102.87000274658203,31315100,MSFT
2019-02-05,99.8752670288086,107.22000122070312,107.2699966430664,105.95999908447266,106.05999755859375,27325400,MSFT
2019-02-06,98.76676940917969,106.02999877929688,107.0,105.52999877929688,107.0,20609800,MSFT
2019-02-07,98.058837890625,105.2699966430664,105.58999633789062,104.29000091552734,105.19000244140625,29760700,MSFT
2019-02-08,98.43144226074219,105.66999816894531,105.77999877929688,104.26000213623047,104.38999938964844,21461100,MSFT
2019-02-11,98.04021453857422,105.25,106.58000183105469,104.97000122070312,106.19999694824219,18914100,MSFT
2019-02-12,99.56787872314453,106.88999938964844,107.13999938964844,105.4800033569336,106.13999938964844,25056600,MSFT
2019-02-13,99.49336242675781,106.80999755859375,107.77999877929688,106.70999908447266,107.5,18394900,MSFT
2019-02-14,99.57722473144531,106.9000015258789,107.29000091552734,105.66000366210938,106.30999755859375,21784700,MSFT
2019-02-15,100.8067626953125,108.22000122070312,108.30000305175781,107.36000061035156,107.91000366210938,26606900,MSFT
2019-02-19,100.76019287109375,108.16999816894531,108.66000366210938,107.77999877929688,107.79000091552734,18038500,MSFT
2019-02-20,100.23634338378906,107.1500015258789,107.94000244140625,106.29000091552734,107.86000061035156,21607700,MSFT
2019-02-21,102.35050964355469,109.41000366210938,109.4800033569336,106.87000274658203,106.9000015258789,29063200,MSFT
2019-02-22,103.80987548828125,110.97000122070312,111.19999694824219,109.81999969482422,110.05000305175781,27763200,MSFT
2019-02-25,104.38986206054688,111.58999633789062,112.18000030517578,111.26000213623047,111.76000213623047,23750600,MSFT
2019-02-26,105.11017608642578,112.36000061035156,113.23999786376953,111.16999816894531,111.26000213623047,21536700,MSFT
2019-02-27,104.93241119384766,112.16999816894531,112.36000061035156,110.87999725341797,111.69000244140625,21487100,MSFT
2019-02-28,104.80147552490234,112.02999877929688,112.87999725341797,111.7300033569336,112.04000091552734,29083900,MSFT
2019-03-01,105.26921081542969,112.52999877929688,113.0199966430664,111.66999816894531,112.88999938964844,23501200,MSFT
2019-03-04,105.01663208007812,112.26000213623047,113.25,110.80000305175781,113.0199966430664,26608000,MSFT
2019-03-05,104.49274444580078,111.69999694824219,112.38999938964844,111.2300033569336,112.25,19538300,MSFT
2019-03-06,104.53954315185547,111.75,112.66000366210938,111.43000030517578,111.87000274658203,17687000,MSFT
2019-03-07,103.26727294921875,110.38999938964844,111.55000305175781,109.87000274658203,111.4000015258789,25339000,MSFT
2019-03-08,103.37952423095703,110.51000213623047,110.70999908447266,108.80000305175781,109.16000366210938,22818400,MSFT
2019-03-11,105.54985046386719,112.83000183105469,112.94999694824219,110.9800033569336,110.98999786376953,26491600,MSFT
2019-03-12,106.28886413574219,113.62000274658203,113.98999786376953,112.6500015258789,112.81999969482422,26132700,MSFT
2019-03-13,107.11209869384766,114.5,115.0,113.77999877929688,114.12999725341797,35513800,MSFT
2019-03-14,107.19627380371094,114.58999633789062,115.19999694824219,114.33000183105469,114.54000091552734,30763400,MSFT
2019-03-15,108.43111419677734,115.91000366210938,117.25,114.58999633789062,115.33999633789062,54681100,MSFT
2019-03-18,109.9840087890625,117.56999969482422,117.61000061035156,116.05000305175781,116.16999816894531,31207600,MSFT
2019-03-19,110.05885314941406,117.6500015258789,118.44000244140625,116.98999786376953,118.08999633789062,37588700,MSFT
2019-03-20,109.9372329711914,117.5199966430664,118.75,116.70999908447266,117.38999938964844,28113300,MSFT
2019-03-21,112.46302032470703,120.22000122070312,120.81999969482422,117.08999633789062,117.13999938964844,29854400,MSFT
2019-03-22,109.49755096435547,117.05000305175781,119.58999633789062,117.04000091552734,119.5,33624500,MSFT
2019-03-25,110.06818389892578,117.66000366210938,118.01000213623047,116.31999969482422,116.55999755859375,27067100,MSFT
2019-03-26,110.30207061767578,117.91000366210938,118.70999908447266,116.8499984741211,118.62000274658203,26097700,MSFT
2019-03-27,109.23561096191406,116.7699966430664,118.20999908447266,115.5199966430664,117.87999725341797,22733400,MSFT
2019-03-28,109.38529968261719,116.93000030517578,117.58000183105469,116.12999725341797,117.44000244140625,18334800,MSFT
2019-03-29,110.33012390136719,117.94000244140625,118.31999969482422,116.95999908447266,118.06999969482422,25399800,MSFT
2019-04-01,111.34043884277344,119.0199966430664,119.11000061035156,118.0999984741211,118.94999694824219,22789100,MSFT
2019-04-02,111.49946594238281,119.19000244140625,119.4800033569336,118.5199966430664,119.05999755859375,18142300,MSFT
2019-04-03,112.22914123535156,119.97000122070312,120.43000030517578,119.1500015258789,119.86000061035156,22860700,MSFT
2019-04-04,111.65849304199219,119.36000061035156,120.2300033569336,118.37999725341797,120.0999984741211,20112800,MSFT
2019-04-05,112.15430450439453,119.88999938964844,120.2300033569336,119.37000274658203,119.38999938964844,15826200,MSFT
2019-04-08,112.19171905517578,119.93000030517578,120.0199966430664,118.63999938964844,119.80999755859375,15116200,MSFT
2019-04-09,111.58367919921875,119.27999877929688,119.54000091552734,118.58000183105469,118.62999725341797,17612000,MSFT
2019-04-10,112.4349594116211,120.19000244140625,120.3499984741211,119.54000091552734,119.76000213623047,16477200,MSFT
2019-04-11,112.56590270996094,120.33000183105469,120.8499984741211,119.91999816894531,120.54000091552734,14209100,MSFT
2019-04-12,113.14591217041016,120.94999694824219,120.9800033569336,120.37000274658203,120.63999938964844,19745100,MSFT
2019-04-15,113.23945617675781,121.05000305175781,121.58000183105469,120.56999969482422,120.94000244140625,15792600,MSFT
2019-04-16,112.97754669189453,120.7699966430664,121.6500015258789,120.0999984741211,121.63999938964844,14071800,MSFT
2019-04-17,113.9129867553711,121.7699966430664,121.8499984741211,120.54000091552734,121.23999786376953,19300900,MSFT
2019-04-18,115.40975952148438,123.37000274658203,123.5199966430664,121.30000305175781,122.19000244140625,27991000,MSFT
2019-04-22,115.77462005615234,123.76000213623047,124.0,122.56999969482422,122.62000274658203,15648700,MSFT
2019-04-23,117.34620666503906,125.44000244140625,125.58000183105469,123.83000183105469,124.0999984741211,24025500,MSFT
2019-04-24,116.9439468383789,125.01000213623047,125.8499984741211,124.5199966430664,125.79000091552734,31257000,MSFT
2019-04-25,120.81682586669922,129.14999389648438,131.3699951171875,128.8300018310547,130.05999755859375,38033900,MSFT
2019-04-26,121.50910949707031,129.88999938964844,130.52000427246094,129.02000427246094,129.6999969482422,23654900,MSFT
2019-04-29,121.39682006835938,129.77000427246094,130.17999267578125,129.35000610351562,129.89999389648438,16324200,MSFT
2019-04-30,122.17325592041016,130.60000610351562,130.6999969482422,129.38999938964844,129.80999755859375,24166500,MSFT
2019-05-01,119.6287612915039,127.87999725341797,130.64999389648438,127.69999694824219,130.52999877929688,26821700,MSFT
2019-05-02,118.06653594970703,126.20999908447266,128.0,125.5199966430664,127.9800033569336,27350200,MSFT
2019-05-03,120.58294677734375,128.89999389648438,129.42999267578125,127.25,127.36000061035156,24911100,MSFT
2019-05-06,119.88134765625,128.14999389648438,128.55999755859375,126.11000061035156,126.38999938964844,24239800,MSFT
2019-05-07,117.42103576660156,125.5199966430664,127.18000030517578,124.22000122070312,126.45999908447266,36017700,MSFT
2019-05-08,117.41169738769531,125.51000213623047,126.37000274658203,124.75,125.44000244140625,28419000,MSFT
2019-05-09,117.40234375,125.5,125.79000091552734,123.56999969482422,124.29000091552734,27235800,MSFT
2019-05-10,118.92716979980469,127.12999725341797,127.93000030517578,123.81999969482422,124.91000366210938,30915100,MSFT
2019-05-13,115.39105224609375,123.3499984741211,125.55000305175781,123.04000091552734,124.11000061035156,33944900,MSFT
2019-05-14,116.6820297241211,124.7300033569336,125.87999725341797,123.69999694824219,123.87000274658203,25266300,MSFT
2019-05-15,118.32515716552734,126.0199966430664,126.70999908447266,123.69999694824219,124.26000213623047,24722700,MSFT
2019-05-16,121.05748748779297,128.92999267578125,129.3800048828125,126.45999908447266,126.75,30112200,MSFT
2019-05-17,120.25,128.07000732421875,130.4600067138672,127.91999816894531,128.30999755859375,25770500,MSFT
2019-05-20,118.51294708251953,126.22000122070312,127.58999633789062,125.76000213623047,126.5199966430664,23706900,MSFT
2019-05-21,119.15145111083984,126.9000015258789,127.52999877929688,126.58000183105469,127.43000030517578,15293300,MSFT
2019-05-22,119.8744125366211,127.66999816894531,128.24000549316406,126.5199966430664,126.62000274658203,15396500,MSFT
2019-05-23,118.47537994384766,126.18000030517578,126.29000091552734,124.73999786376953,126.19999694824219,23603800,MSFT
2019-05-24,118.53173065185547,126.23999786376953,127.41999816894531,125.97000122070312,126.91000366210938,14123400,MSFT
2019-05-28,118.45661163330078,126.16000366210938,128.0,126.05000305175781,126.9800033569336,23128400,MSFT
2019-05-29,117.31109619140625,124.94000244140625,125.38999938964844,124.04000091552734,125.37999725341797,22763100,MSFT
2019-05-30,118.05287170410156,125.7300033569336,125.76000213623047,124.77999877929688,125.26000213623047,16829600,MSFT
2019-05-31,116.1280517578125,123.68000030517578,124.62000274658203,123.31999969482422,124.2300033569336,26646800,MSFT
2019-06-03,112.52249908447266,119.83999633789062,124.37000274658203,119.01000213623047,123.8499984741211,37983600,MSFT
2019-06-04,115.63977813720703,123.16000366210938,123.27999877929688,120.6500015258789,121.27999877929688,29382600,MSFT
2019-06-05,118.14676666259766,125.83000183105469,125.87000274658203,124.20999908447266,124.94999694824219,24926100,MSFT
2019-06-06,120.01525115966797,127.81999969482422,127.97000122070312,125.5999984741211,126.44000244140625,21459000,MSFT
2019-06-07,123.37665557861328,131.39999389648438,132.25,128.25999450683594,129.19000244140625,33885600,MSFT
2019-06-10,124.50338745117188,132.60000610351562,134.0800018310547,132.0,132.39999389648438,26477100,MSFT
2019-06-11,124.03392791748047,132.10000610351562,134.24000549316406,131.27999877929688,133.8800048828125,23913700,MSFT
2019-06-12,123.4612045288086,131.49000549316406,131.97000122070312,130.7100067138672,131.39999389648438,17092500,MSFT
2019-06-13,124.24048614501953,132.32000732421875,133.0,131.55999755859375,131.97999572753906,17200800,MSFT
2019-06-14,124.36251831054688,132.4499969482422,133.7899932861328,131.63999938964844,132.25999450683594,17821700,MSFT
2019-06-17,124.7381362915039,132.85000610351562,133.72999572753906,132.52999877929688,132.6300048828125,14517800,MSFT
2019-06-18,126.90704345703125,135.16000366210938,135.24000549316406,133.57000732421875,134.19000244140625,25934500,MSFT
2019-06-19,127.40472412109375,135.69000244140625,135.92999267578125,133.80999755859375,135.0,23744400,MSFT
2019-06-20,128.58775329589844,136.9499969482422,137.66000366210938,135.72000122070312,137.4499969482422,33042600,MSFT
2019-06-21,128.6065673828125,136.97000122070312,137.72999572753906,136.4600067138672,136.5800018310547,36727900,MSFT
2019-06-24,129.36705017089844,137.77999877929688,138.39999389648438,137.0,137.0,20628800,MSFT
2019-06-25,125.28272247314453,133.42999267578125,137.58999633789062,132.72999572753906,137.25,33327400,MSFT
2019-06-26,125.75213623046875,133.92999267578125,135.74000549316406,133.60000610351562,134.35000610351562,23657700,MSFT
2019-06-27,125.95877075195312,134.14999389648438,134.7100067138672,133.50999450683594,134.13999938964844,16557500,MSFT
2019-06-28,125.78035736083984,133.9600067138672,134.60000610351562,133.16000366210938,134.57000732421875,30043000,MSFT
2019-07-01,127.39533233642578,135.67999267578125,136.6999969482422,134.97000122070312,136.6300048828125,22613500,MSFT
2019-07-02,128.24034118652344,136.5800018310547,136.58999633789062,135.33999633789062,136.1199951171875,15237800,MSFT
2019-07-03,129.06663513183594,137.4600067138672,137.74000549316406,136.2899932861328,136.8000030517578,13629300,MSFT
2019-07-05,128.69102478027344,137.05999755859375,137.3300018310547,135.72000122070312,135.94000244140625,18141100,MSFT
2019-07-08,128.59718322753906,136.9600067138672,137.10000610351562,135.3699951171875,136.39999389648438,16779700,MSFT
2019-07-09,128.12770080566406,136.4600067138672,136.97000122070312,135.8000030517578,136.0,19953100,MSFT
2019-07-10,129.43280029296875,137.85000610351562,138.5800018310547,137.02000427246094,137.1300048828125,24204400,MSFT
2019-07-11,129.94924926757812,138.39999389648438,139.22000122070312,137.8699951171875,138.1999969482422,22327900,MSFT
2019-07-12,130.41871643066406,138.89999389648438,139.1300048828125,138.00999450683594,138.85000610351562,18936800,MSFT
2019-07-15,130.41871643066406,138.89999389648438,139.5399932861328,138.4600067138672,139.44000244140625,16651500,MSFT
2019-07-16,128.70986938476562,137.0800018310547,139.0500030517578,136.52000427246094,138.9600067138672,22726100,MSFT
2019-07-17,127.9493179321289,136.27000427246094,137.92999267578125,136.22000122070312,137.6999969482422,20211000,MSFT
2019-07-18,128.09014892578125,136.4199981689453,136.6199951171875,134.6699981689453,135.5500030517578,30381800,MSFT
2019-07-19,128.2778778076172,136.6199951171875,140.6699981689453,136.4499969482422,140.22000122070312,48992400,MSFT
2019-07-22,129.97738647460938,138.42999267578125,139.19000244140625,137.3300018310547,137.41000366210938,25074900,MSFT
2019-07-23,130.7848663330078,139.2899932861328,139.99000549316406,138.02999877929688,139.75999450683594,18034600,MSFT
2019-07-24,132.1275634765625,140.72000122070312,140.74000549316406,138.85000610351562,138.89999389648438,20738300,MSFT
2019-07-25,131.6299285888672,140.19000244140625,140.61000061035156,139.32000732421875,140.42999267578125,18356900,MSFT
2019-07-26,132.7097625732422,141.33999633789062,141.67999267578125,140.3000030517578,140.3699951171875,19037600,MSFT
2019-07-29,132.4186248779297,141.02999877929688,141.50999450683594,139.3699951171875,141.5,16605900,MSFT
2019-07-30,131.78016662597656,140.35000610351562,141.22000122070312,139.8000030517578,140.13999938964844,16846500,MSFT
2019-07-31,127.9493179321289,136.27000427246094,140.49000549316406,135.0800018310547,140.3300018310547,38598800,MSFT
2019-08-01,129.6299591064453,138.05999755859375,140.94000244140625,136.92999267578125,137.0,40557500,MSFT
2019-08-02,128.5408172607422,136.89999389648438,138.32000732421875,135.25999450683594,138.08999633789062,30791600,MSFT
2019-08-05,124.1371841430664,132.2100067138672,133.92999267578125,130.77999877929688,133.3000030517578,42749600,MSFT
2019-08-06,126.46578216552734,134.69000244140625,135.67999267578125,133.2100067138672,133.8000030517578,32696700,MSFT
2019-08-07,127.01973724365234,135.27999877929688,135.64999389648438,131.8300018310547,133.7899932861328,33414500,MSFT
2019-08-08,130.40927124023438,138.88999938964844,138.99000549316406,135.92999267578125,136.60000610351562,27496500,MSFT
2019-08-09,129.30137634277344,137.7100067138672,139.3800048828125,136.4600067138672,138.61000061035156,23466700,MSFT
2019-08-12,127.49858856201172,135.7899932861328,137.86000061035156,135.24000549316406,137.07000732421875,20484300,MSFT
2019-08-13,130.1370391845703,138.60000610351562,138.8000030517578,135.0,136.0500030517578,25154600,MSFT
2019-08-14,126.218017578125,133.97999572753906,136.9199981689453,133.6699981689453,136.36000061035156,32527300,MSFT
2019-08-15,125.93540954589844,133.67999267578125,134.5800018310547,132.25,134.38999938964844,28074400,MSFT
2019-08-16,128.24346923828125,136.1300048828125,136.4600067138672,134.72000122070312,134.8800048828125,24449100,MSFT
2019-08-19,130.3914031982422,138.41000366210938,138.5500030517578,136.88999938964844,137.85000610351562,24355700,MSFT
2019-08-20,129.30801391601562,137.25999450683594,138.7100067138672,137.24000549316406,138.2100067138672,21170800,MSFT
2019-08-21,130.74935913085938,138.7899932861328,139.49000549316406,138.0,138.5500030517578,14970300,MSFT
2019-08-22,129.79783630371094,137.77999877929688,139.1999969482422,136.2899932861328,138.66000366210938,18697000,MSFT
2019-08-23,125.66219329833984,133.38999938964844,138.35000610351562,132.8000030517578,137.19000244140625,38508600,MSFT
2019-08-26,127.60285186767578,135.4499969482422,135.55999755859375,133.89999389648438,134.99000549316406,20312600,MSFT
2019-08-27,127.8760757446289,135.74000549316406,136.72000122070312,134.66000366210938,136.38999938964844,23102100,MSFT
2019-08-28,127.70648193359375,135.55999755859375,135.75999450683594,133.5500030517578,134.8800048828125,17393300,MSFT
2019-08-29,130.1181640625,138.1199951171875,138.44000244140625,136.91000366210938,137.25,20168700,MSFT
2019-08-30,129.87322998046875,137.86000061035156,139.17999267578125,136.27000427246094,139.14999389648438,23940100,MSFT
2019-09-03,128.15867614746094,136.0399932861328,137.1999969482422,135.6999969482422,136.61000061035156,18869300,MSFT
2019-09-04,129.65655517578125,137.6300048828125,137.69000244140625,136.47999572753906,137.3000030517578,17995900,MSFT
2019-09-05,131.9364013671875,140.0500030517578,140.3800048828125,138.75999450683594,139.11000061035156,26101800,MSFT
2019-09-06,131.04139709472656,139.10000610351562,140.17999267578125,138.1999969482422,140.02999877929688,20824500,MSFT
2019-09-09,129.55294799804688,137.52000427246094,139.75,136.4600067138672,139.58999633789062,25773900,MSFT
2019-09-10,128.19639587402344,136.0800018310547,136.88999938964844,134.50999450683594,136.8000030517578,28903400,MSFT
2019-09-11,128.23402404785156,136.1199951171875,136.27000427246094,135.08999633789062,135.91000366210938,24726100,MSFT
2019-09-12,129.55294799804688,137.52000427246094,138.4199981689453,136.8699951171875,137.85000610351562,27010000,MSFT
2019-09-13,129.36451721191406,137.32000732421875,138.05999755859375,136.57000732421875,137.77999877929688,23363100,MSFT
2019-09-16,128.43185424804688,136.3300018310547,136.6999969482422,135.66000366210938,135.8300018310547,16731400,MSFT
2019-09-17,129.43048095703125,137.38999938964844,137.52000427246094,136.42999267578125,136.9600067138672,17814200,MSFT
2019-09-18,130.49502563476562,138.52000427246094,138.6699981689453,136.52999877929688,137.36000061035156,23982100,MSFT
2019-09-19,132.8972930908203,141.07000732421875,142.3699951171875,140.07000732421875,140.3000030517578,35772100,MSFT
2019-09-20,131.36172485351562,139.44000244140625,141.64999389648438,138.25,141.00999450683594,39167300,MSFT
2019-09-23,131.0790557861328,139.13999938964844,139.6300048828125,138.44000244140625,139.22999572753906,17139300,MSFT
2019-09-24,129.4210662841797,137.3800048828125,140.69000244140625,136.8800048828125,140.36000061035156,29773200,MSFT
2019-09-25,131.2863311767578,139.36000061035156,139.9600067138672,136.02999877929688,137.5,21382000,MSFT
2019-09-26,131.45590209960938,139.5399932861328,140.17999267578125,138.44000244140625,139.44000244140625,17456600,MSFT
2019-09-27,129.7507781982422,137.72999572753906,140.36000061035156,136.64999389648438,140.14999389648438,22477700,MSFT
2019-09-30,130.97544860839844,139.02999877929688,139.22000122070312,137.77999877929688,138.0500030517578,17280900,MSFT
2019-10-01,129.12899780273438,137.07000732421875,140.25,137.0,139.66000366210938,21466600,MSFT
2019-10-02,126.84922790527344,134.64999389648438,136.3699951171875,133.5800018310547,136.25,30521700,MSFT
2019-10-03,128.38479614257812,136.27999877929688,136.75,133.22000122070312,134.9499969482422,24132900,MSFT
2019-10-04,130.1181640625,138.1199951171875,138.25,136.4199981689453,136.75,22897700,MSFT
2019-10-07,129.1761016845703,137.1199951171875,138.17999267578125,137.02000427246094,137.13999938964844,15303700,MSFT
2019-10-08,127.81014251708984,135.6699981689453,137.75999450683594,135.6199951171875,137.0800018310547,25550500,MSFT
2019-10-09,130.23123168945312,138.24000549316406,138.6999969482422,136.97000122070312,137.4600067138672,19749900,MSFT
2019-10-10,131.04139709472656,139.10000610351562,139.6699981689453,138.25,138.49000549316406,17654600,MSFT
2019-10-11,131.58779907226562,139.67999267578125,141.02999877929688,139.5,140.1199951171875,25446000,MSFT
2019-10-14,131.46534729003906,139.5500030517578,140.2899932861328,139.52000427246094,139.69000244140625,13304300,MSFT
2019-10-15,133.36827087402344,141.57000732421875,141.7899932861328,139.80999755859375,140.05999755859375,19695700,MSFT
2019-10-16,132.27548217773438,140.41000366210938,140.99000549316406,139.52999877929688,140.7899932861328,20751600,MSFT
2019-10-17,131.5972137451172,139.69000244140625,141.4199981689453,139.02000427246094,140.9499969482422,21460600,MSFT
2019-10-18,129.44927978515625,137.41000366210938,140.0,136.55999755859375,139.75999450683594,32273500,MSFT
2019-10-21,130.41018676757812,138.42999267578125,138.5,137.00999450683594,138.4499969482422,20078200,MSFT
2019-10-22,128.46954345703125,136.3699951171875,140.00999450683594,136.25999450683594,138.97000122070312,27431000,MSFT
2019-10-23,129.28912353515625,137.24000549316406,137.4499969482422,135.61000061035156,136.8800048828125,29844600,MSFT
2019-10-24,131.83273315429688,139.94000244140625,140.4199981689453,138.6699981689453,139.38999938964844,37029300,MSFT
2019-10-25,132.57696533203125,140.72999572753906,141.13999938964844,139.1999969482422,139.33999633789062,25959700,MSFT
2019-10-28,135.83653259277344,144.19000244140625,145.6699981689453,143.50999450683594,144.39999389648438,35280100,MSFT
2019-10-29,134.5552978515625,142.8300018310547,144.5,142.64999389648438,144.0800018310547,20589500,MSFT
2019-10-30,136.23219299316406,144.61000061035156,145.0,142.7899932861328,143.52000427246094,18496600,MSFT
2019-10-31,135.06399536132812,143.3699951171875,144.92999267578125,142.99000549316406,144.89999389648438,24605100,MSFT
2019-11-01,135.3937530517578,143.72000122070312,144.4199981689453,142.97000122070312,144.25999450683594,33128400,MSFT
2019-11-04,136.17567443847656,144.5500030517578,145.0,144.16000366210938,144.8300018310547,16912000,MSFT
2019-11-05,136.0908966064453,144.4600067138672,145.02000427246094,143.91000366210938,144.97000122070312,18250200,MSFT
2019-11-06,135.7140350341797,144.05999755859375,144.52000427246094,143.1999969482422,144.3699951171875,16575800,MSFT
2019-11-07,135.90249633789062,144.25999450683594,144.8800048828125,143.77000427246094,143.83999633789062,17786700,MSFT
2019-11-08,137.5039825439453,145.9600067138672,145.99000549316406,143.75999450683594,143.97999572753906,16732700,MSFT
2019-11-11,137.64529418945312,146.11000061035156,146.4199981689453,144.72999572753906,145.33999633789062,14362600,MSFT
2019-11-12,138.5496826171875,147.07000732421875,147.57000732421875,146.05999755859375,146.27999877929688,18641600,MSFT
2019-11-13,138.77578735351562,147.30999755859375,147.4600067138672,146.27999877929688,146.74000549316406,16919200,MSFT
2019-11-14,139.48228454589844,148.05999755859375,148.41000366210938,147.0,147.02000427246094,19729800,MSFT
2019-11-15,141.2816619873047,149.97000122070312,149.99000549316406,148.27000427246094,148.92999267578125,23485700,MSFT
2019-11-18,141.6302490234375,150.33999633789062,150.5500030517578,148.97999572753906,150.07000732421875,21534000,MSFT
2019-11-19,141.67730712890625,150.38999938964844,151.3300018310547,150.1999969482422,150.8800048828125,23935700,MSFT
2019-11-20,141.43153381347656,149.6199951171875,150.83999633789062,148.4600067138672,150.30999755859375,25696800,MSFT
2019-11-21,141.2992401123047,149.47999572753906,149.8000030517578,148.5,149.39999389648438,18576100,MSFT
2019-11-22,141.4031982421875,149.58999633789062,150.3000030517578,148.82000732421875,150.07000732421875,15901800,MSFT
2019-11-25,142.95343017578125,151.22999572753906,151.35000610351562,149.9199981689453,150.0,22420900,MSFT
2019-11-26,143.7096710205078,152.02999877929688,152.4199981689453,151.32000732421875,151.36000061035156,24620100,MSFT
2019-11-27,143.9838104248047,152.32000732421875,152.5,151.52000427246094,152.3300018310547,15184400,MSFT
2019-11-29,143.0952606201172,151.3800048828125,152.3000030517578,151.27999877929688,152.10000610351562,11977300,MSFT
2019-12-02,141.36546325683594,149.5500030517578,151.8300018310547,148.32000732421875,151.80999755859375,27418400,MSFT
2019-12-03,141.13851928710938,149.30999755859375,149.42999267578125,146.64999389648438,147.49000549316406,24066000,MSFT
2019-12-04,141.6489715576172,149.85000610351562,150.17999267578125,149.1999969482422,150.13999938964844,17574700,MSFT
2019-12-05,141.72459411621094,149.92999267578125,150.32000732421875,149.47999572753906,150.0500030517578,17869100,MSFT
2019-12-06,143.44493103027344,151.75,151.8699951171875,150.27000427246094,150.99000549316406,16403500,MSFT
2019-12-09,143.07632446289062,151.36000061035156,152.2100067138672,150.91000366210938,151.07000732421875,16687400,MSFT
2019-12-10,142.85890197753906,151.1300048828125,151.88999938964844,150.75999450683594,151.2899932861328,16476100,MSFT
2019-12-11,143.39772033691406,151.6999969482422,151.8699951171875,150.3300018310547,151.5399932861328,18856600,MSFT
2019-12-12,144.8534393310547,153.24000549316406,153.44000244140625,151.02000427246094,151.64999389648438,24612100,MSFT
2019-12-13,146.0728302001953,154.52999877929688,154.88999938964844,152.8300018310547,153.0,23845400,MSFT
2019-12-16,147.0181427001953,155.52999877929688,155.89999389648438,154.82000732421875,155.11000061035156,24144200,MSFT
2019-12-17,146.22413635253906,154.69000244140625,155.7100067138672,154.4499969482422,155.4499969482422,25425600,MSFT
2019-12-18,145.921630859375,154.3699951171875,155.47999572753906,154.17999267578125,154.3000030517578,24129200,MSFT
2019-12-19,147.18829345703125,155.7100067138672,155.77000427246094,153.75,154.0,24958900,MSFT
2019-12-20,148.79522705078125,157.41000366210938,158.49000549316406,156.2899932861328,157.35000610351562,53477500,MSFT
2019-12-23,148.79522705078125,157.41000366210938,158.1199951171875,157.27000427246094,158.1199951171875,17718200,MSFT
2019-12-24,148.76687622070312,157.3800048828125,157.7100067138672,157.1199951171875,157.47999572753906,8989200,MSFT
2019-12-26,149.9862518310547,158.6699981689453,158.72999572753906,157.39999389648438,157.55999755859375,14520600,MSFT
2019-12-27,150.26040649414062,158.9600067138672,159.5500030517578,158.22000122070312,159.4499969482422,18412800,MSFT
2019-12-30,148.96539306640625,157.58999633789062,159.02000427246094,156.72999572753906,158.99000549316406,16348400,MSFT
2019-12-31,149.0693817138672,157.6999969482422,157.77000427246094,156.4499969482422,156.77000427246094,18369400,MSFT
2020-01-02,151.82957458496094,160.6199951171875,160.72999572753906,158.3300018310547,158.77999877929688,22622100,MSFT
2020-01-03,149.9390106201172,158.6199951171875,159.9499969482422,158.05999755859375,158.32000732421875,21116200,MSFT
2020-01-06,150.3265838623047,159.02999877929688,159.10000610351562,156.50999450683594,157.0800018310547,20813700,MSFT
2020-01-07,148.95590209960938,157.5800018310547,159.6699981689453,157.32000732421875,159.32000732421875,21634100,MSFT
2020-01-08,151.3285369873047,160.08999633789062,160.8000030517578,157.9499969482422,158.92999267578125,27746500,MSFT
2020-01-09,153.21910095214844,162.08999633789062,162.22000122070312,161.02999877929688,161.83999633789062,21385000,MSFT
2020-01-10,152.5101318359375,161.33999633789062,163.22000122070312,161.17999267578125,162.82000732421875,20725900,MSFT
2020-01-13,154.34400939941406,163.27999877929688,163.30999755859375,161.25999450683594,161.75999450683594,21626500,MSFT
2020-01-14,153.2569122314453,162.1300048828125,163.60000610351562,161.72000122070312,163.38999938964844,23477400,MSFT
2020-01-15,154.24945068359375,163.17999267578125,163.94000244140625,162.57000732421875,162.6199951171875,21417900,MSFT
2020-01-16,157.0758056640625,166.1699981689453,166.24000549316406,164.02999877929688,164.35000610351562,23865400,MSFT
2020-01-17,157.95492553710938,167.10000610351562,167.47000122070312,165.42999267578125,167.4199981689453,34371700,MSFT
2020-01-21,157.38771057128906,166.5,168.19000244140625,166.42999267578125,166.67999267578125,29517200,MSFT
2020-01-22,156.6315155029297,165.6999969482422,167.49000549316406,165.67999267578125,167.39999389648438,24138800,MSFT
2020-01-23,157.59573364257812,166.72000122070312,166.8000030517578,165.27000427246094,166.19000244140625,19680800,MSFT
2020-01-24,156.00767517089844,165.0399932861328,167.52999877929688,164.4499969482422,167.50999450683594,24918100,MSFT
2020-01-27,153.39871215820312,162.27999877929688,163.3800048828125,160.1999969482422,161.14999389648438,32078100,MSFT
2020-01-28,156.40467834472656,165.4600067138672,165.75999450683594,163.07000732421875,163.77999877929688,24899900,MSFT
2020-01-29,158.84344482421875,168.0399932861328,168.75,165.69000244140625,167.83999633789062,34754500,MSFT
2020-01-30,163.32406616210938,172.77999877929688,174.0500030517578,170.7899932861328,174.0500030517578,51597500,MSFT
2020-01-31,160.9136199951172,170.22999572753906,172.39999389648438,169.5800018310547,172.2100067138672,36142700,MSFT
2020-02-03,164.8365020751953,174.3800048828125,174.5,170.39999389648438,170.42999267578125,30107000,MSFT
2020-02-04,170.26235961914062,180.1199951171875,180.63999938964844,176.30999755859375,177.13999938964844,36433300,MSFT
2020-02-05,170.05438232421875,179.89999389648438,184.1999969482422,178.41000366210938,184.02999877929688,39186300,MSFT
2020-02-06,173.5802764892578,183.6300048828125,183.82000732421875,180.05999755859375,180.97000122070312,27751400,MSFT
2020-02-07,173.8260498046875,183.88999938964844,185.6300048828125,182.47999572753906,182.85000610351562,33529100,MSFT
2020-02-10,178.37277221679688,188.6999969482422,188.83999633789062,183.25,183.5800018310547,35844300,MSFT
2020-02-11,174.345947265625,184.44000244140625,190.6999969482422,183.5,190.64999389648438,53159900,MSFT
2020-02-12,174.60116577148438,184.7100067138672,185.85000610351562,181.85000610351562,185.5800018310547,47062900,MSFT
2020-02-13,173.65589904785156,183.7100067138672,186.22999572753906,182.8699951171875,183.0800018310547,35295800,MSFT
2020-02-14,175.20611572265625,185.35000610351562,185.41000366210938,182.64999389648438,183.25,23149500,MSFT
2020-02-18,176.9832000732422,187.22999572753906,187.6999969482422,185.5,185.61000061035156,27792200,MSFT
2020-02-19,177.5140380859375,187.27999877929688,188.17999267578125,186.47000122070312,188.05999755859375,29997500,MSFT
2020-02-20,174.8031768798828,184.4199981689453,187.25,181.10000610351562,186.9499969482422,36862400,MSFT
2020-02-21,169.27716064453125,178.58999633789062,183.5,177.25,183.1699981689453,48572600,MSFT
2020-02-24,161.97872924804688,170.88999938964844,174.5500030517578,163.22999572753906,167.77000427246094,68311100,MSFT
2020-02-25,159.30580139160156,168.07000732421875,174.83999633789062,167.64999389648438,174.1999969482422,68073300,MSFT
2020-02-26,161.2962646484375,170.1699981689453,173.25999450683594,168.2100067138672,169.7100067138672,56206100,MSFT
2020-02-27,149.93150329589844,158.17999267578125,167.02999877929688,157.97999572753906,163.32000732421875,93174900,MSFT
2020-02-28,153.561767578125,162.00999450683594,163.7100067138672,152.0,152.41000366210938,97012700,MSFT
2020-03-02,163.7796173095703,172.7899932861328,172.9199981689453,162.30999755859375,165.30999755859375,71030800,MSFT
2020-03-03,155.93142700195312,164.50999450683594,175.0,162.25999450683594,173.8000030517578,71677000,MSFT
2020-03-04,161.6564483642578,170.5500030517578,170.6999969482422,165.6199951171875,168.49000549316406,49814400,MSFT
2020-03-05,157.59959411621094,166.27000427246094,170.8699951171875,165.69000244140625,166.0500030517578,47817300,MSFT
2020-03-06,153.14471435546875,161.57000732421875,163.11000061035156,156.0,162.61000061035156,72821100,MSFT
2020-03-09,142.76568603515625,150.6199951171875,157.75,150.0,151.0,70419300,MSFT
2020-03-10,152.5286407470703,160.9199981689453,161.02999877929688,152.5800018310547,158.16000366210938,65354400,MSFT
2020-03-11,145.61874389648438,153.6300048828125,157.6999969482422,151.14999389648438,157.1300048828125,56371600,MSFT
2020-03-12,131.8085479736328,139.05999755859375,153.47000122070312,138.5800018310547,145.3000030517578,93226400,MSFT
2020-03-13,150.54757690429688,158.8300018310547,161.91000366210938,140.72999572753906,147.5,92727400,MSFT
2020-03-16,128.3583526611328,135.4199981689453,149.35000610351562,135.0,140.0,87905900,MSFT
2020-03-17,138.9269256591797,146.57000732421875,147.5,135.0,140.0,81059800,MSFT
2020-03-18,133.0786590576172,140.39999389648438,146.0,135.02000427246094,138.0,81593200,MSFT
2020-03-19,135.26821899414062,142.7100067138672,150.14999389648438,139.0,142.77000427246094,85922700,MSFT
2020-03-20,130.1876983642578,137.35000610351562,147.10000610351562,135.86000061035156,146.0,84866200,MSFT
2020-03-23,128.88914489746094,135.97999572753906,140.57000732421875,132.52000427246094,137.00999450683594,78975200,MSFT
2020-03-24,140.6045684814453,148.33999633789062,149.60000610351562,141.27000427246094,143.75,82516700,MSFT
2020-03-25,139.25865173339844,146.9199981689453,154.3300018310547,144.44000244140625,148.91000366210938,75638200,MSFT
2020-03-26,147.96942138671875,156.11000061035156,156.66000366210938,148.3699951171875,148.39999389648438,64568100,MSFT
2020-03-27,141.89370727539062,149.6999969482422,154.88999938964844,149.1999969482422,151.75,57042300,MSFT
2020-03-30,151.8745574951172,160.22999572753906,160.60000610351562,150.00999450683594,152.44000244140625,63420300,MSFT
2020-03-31,149.4860382080078,157.7100067138672,164.77999877929688,156.55999755859375,159.39999389648438,77927200,MSFT
2020-04-01,144.17800903320312,152.11000061035156,157.75,150.82000732421875,153.0,57969900,MSFT
2020-04-02,147.16383361816406,155.25999450683594,155.47999572753906,150.36000061035156,151.86000061035156,49630700,MSFT
2020-04-03,145.80833435058594,153.8300018310547,157.3800048828125,152.19000244140625,155.10000610351562,41243300,MSFT
2020-04-06,156.6518096923828,165.27000427246094,166.5,157.5800018310547,160.32000732421875,67111700,MSFT
2020-04-07,154.96456909179688,163.49000549316406,170.0,163.25999450683594,169.58999633789062,62769000,MSFT
2020-04-08,156.51907348632812,165.1300048828125,166.6699981689453,163.5,165.6699981689453,48318200,MSFT
2020-04-09,156.528564453125,165.13999938964844,167.3699951171875,163.3300018310547,166.36000061035156,51385100,MSFT
2020-04-13,156.87924194335938,165.50999450683594,165.57000732421875,162.3000030517578,164.35000610351562,41905300,MSFT
2020-04-14,164.6421661376953,173.6999969482422,173.75,168.0,169.0,52874300,MSFT
2020-04-15,162.9171142578125,171.8800048828125,173.57000732421875,169.24000549316406,171.1999969482422,40940800,MSFT
2020-04-16,167.80795288085938,177.0399932861328,177.27999877929688,172.89999389648438,174.3000030517578,50479600,MSFT
2020-04-17,169.28663635253906,178.60000610351562,180.0,175.8699951171875,179.5,52765600,MSFT
2020-04-20,165.93128967285156,175.05999755859375,178.75,174.99000549316406,176.6300048828125,36669600,MSFT
2020-04-21,159.06883239746094,167.82000732421875,173.6699981689453,166.11000061035156,173.5,56203700,MSFT
2020-04-22,164.4715576171875,173.52000427246094,174.0,170.82000732421875,171.38999938964844,34620200,MSFT
2020-04-23,162.48104858398438,171.4199981689453,175.05999755859375,170.91000366210938,174.11000061035156,32790800,MSFT
2020-04-24,165.4478302001953,174.5500030517578,174.55999755859375,170.7100067138672,172.05999755859375,34277600,MSFT
2020-04-27,164.9739532470703,174.0500030517578,176.89999389648438,173.3000030517578,176.58999633789062,33194400,MSFT
2020-04-28,160.955078125,169.80999755859375,175.6699981689453,169.38999938964844,175.58999633789062,34392700,MSFT
2020-04-29,168.17767333984375,177.42999267578125,177.67999267578125,171.8800048828125,173.22000122070312,51286600,MSFT
2020-04-30,169.86488342285156,179.2100067138672,180.39999389648438,176.22999572753906,180.0,53875900,MSFT
2020-05-01,165.4668426513672,174.57000732421875,178.63999938964844,174.00999450683594,175.8000030517578,39370500,MSFT
2020-05-04,169.51416015625,178.83999633789062,179.0,173.8000030517578,174.49000549316406,30372900,MSFT
2020-05-05,171.33401489257812,180.75999450683594,183.64999389648438,179.89999389648438,180.6199951171875,36839200,MSFT
2020-05-06,173.02120971679688,182.5399932861328,184.1999969482422,181.6300048828125,182.0800018310547,32139300,MSFT
2020-05-07,174.02593994140625,183.60000610351562,184.5500030517578,182.5800018310547,184.1699981689453,28316000,MSFT
2020-05-08,175.0496063232422,184.67999267578125,185.0,183.36000061035156,184.97999572753906,30877800,MSFT
2020-05-11,177.00222778320312,186.74000549316406,187.50999450683594,182.85000610351562,183.14999389648438,30892700,MSFT
2020-05-12,172.99278259277344,182.50999450683594,187.0399932861328,182.3000030517578,186.8000030517578,32038200,MSFT
2020-05-13,170.37672424316406,179.75,184.0500030517578,176.5399932861328,182.5500030517578,44711500,MSFT
2020-05-14,171.1160888671875,180.52999877929688,180.69000244140625,175.67999267578125,177.5399932861328,41873900,MSFT
2020-05-15,173.60890197753906,183.16000366210938,187.05999755859375,177.0,179.05999755859375,46610400,MSFT
2020-05-18,175.2676239013672,184.91000366210938,186.1999969482422,183.9600067138672,185.75,35264500,MSFT
2020-05-19,174.05435180664062,183.6300048828125,186.60000610351562,183.49000549316406,185.02999877929688,26799100,MSFT
2020-05-20,176.46861267089844,185.66000366210938,185.85000610351562,183.94000244140625,184.80999755859375,31261300,MSFT
2020-05-21,174.34902954101562,183.42999267578125,186.6699981689453,183.2899932861328,185.39999389648438,29119500,MSFT
2020-05-22,174.42506408691406,183.50999450683594,184.4600067138672,182.5399932861328,183.19000244140625,20826900,MSFT
2020-05-26,172.58111572265625,181.57000732421875,186.5,181.10000610351562,186.33999633789062,36073600,MSFT
2020-05-27,172.80923461914062,181.80999755859375,181.99000549316406,176.60000610351562,180.1999969482422,39517100,MSFT
2020-05-28,172.4195098876953,181.39999389648438,184.14999389648438,180.3800048828125,180.74000549316406,33810200,MSFT
2020-05-29,174.17791748046875,183.25,184.27000427246094,180.41000366210938,182.72999572753906,42130400,MSFT
2020-06-01,173.77870178222656,182.8300018310547,183.0,181.4600067138672,182.5399932861328,22622400,MSFT
2020-06-02,175.75575256347656,184.91000366210938,185.0,181.35000610351562,184.25,30794600,MSFT
2020-06-03,176.18350219726562,185.36000061035156,185.94000244140625,183.5800018310547,184.82000732421875,27311000,MSFT
2020-06-04,173.86427307128906,182.9199981689453,185.83999633789062,182.3000030517578,184.3000030517578,28761800,MSFT
2020-06-05,177.93234252929688,187.1999969482422,187.72999572753906,182.00999450683594,182.6199951171875,39893600,MSFT
2020-06-08,179.0349578857422,188.36000061035156,188.5500030517578,184.44000244140625,185.94000244140625,33211600,MSFT
2020-06-09,180.40362548828125,189.8000030517578,190.6999969482422,187.25999450683594,188.0,29783900,MSFT
2020-06-10,187.0951690673828,196.83999633789062,198.52000427246094,191.00999450683594,191.1300048828125,43872300,MSFT
2020-06-11,177.04844665527344,186.27000427246094,195.75999450683594,186.07000732421875,193.1300048828125,52854700,MSFT
2020-06-12,178.44566345214844,187.74000549316406,191.72000122070312,185.17999267578125,190.5399932861328,43373600,MSFT
2020-06-15,179.58624267578125,188.94000244140625,190.82000732421875,184.00999450683594,184.5800018310547,32770200,MSFT
2020-06-16,183.9870147705078,193.57000732421875,195.5800018310547,191.4600067138672,192.88999938964844,42556700,MSFT
2020-06-17,184.62388610839844,194.24000549316406,196.32000732421875,193.69000244140625,195.02999877929688,25687800,MSFT
2020-06-18,186.6009063720703,196.32000732421875,196.49000549316406,194.0,194.0,23061600,MSFT
2020-06-19,185.4888458251953,195.14999389648438,199.2899932861328,194.3699951171875,198.58999633789062,44441100,MSFT
2020-06-22,190.64044189453125,200.57000732421875,200.75999450683594,195.22999572753906,195.7899932861328,32818900,MSFT
2020-06-23,191.91416931152344,201.91000366210938,203.9499969482422,201.42999267578125,202.08999633789062,30917400,MSFT
2020-06-24,188.04566955566406,197.83999633789062,203.25,196.55999755859375,201.60000610351562,36740600,MSFT
2020-06-25,190.421875,200.33999633789062,200.61000061035156,195.47000122070312,197.8000030517578,27803900,MSFT
2020-06-26,186.61036682128906,196.3300018310547,199.88999938964844,194.8800048828125,199.72999572753906,54675800,MSFT
2020-06-29,188.61595153808594,198.44000244140625,198.52999877929688,193.5500030517578,195.77999877929688,26701600,MSFT
2020-06-30,193.4348907470703,203.50999450683594,204.39999389648438,197.74000549316406,197.8800048828125,34310300,MSFT
2020-07-01,194.5659942626953,204.6999969482422,206.35000610351562,201.77000427246094,203.13999938964844,32061200,MSFT
2020-07-02,196.0487518310547,206.25999450683594,208.02000427246094,205.0,205.67999267578125,29315800,MSFT
2020-07-06,200.2689666748047,210.6999969482422,211.1300048828125,208.08999633789062,208.8300018310547,31897600,MSFT
2020-07-07,197.94027709960938,208.25,214.6699981689453,207.99000549316406,210.4499969482422,33600700,MSFT
2020-07-08,202.2935028076172,212.8300018310547,213.25999450683594,208.69000244140625,210.07000732421875,33600000,MSFT
2020-07-09,203.70977783203125,214.32000732421875,216.3800048828125,211.47000122070312,216.3300018310547,33121700,MSFT
2020-07-10,203.09197998046875,213.6699981689453,214.0800018310547,211.0800018310547,213.6199951171875,26177600,MSFT
2020-07-13,196.8186798095703,207.07000732421875,215.8000030517578,206.5,214.47999572753906,38135600,MSFT
2020-07-14,198.03530883789062,208.35000610351562,208.85000610351562,202.02999877929688,206.1300048828125,37591800,MSFT
2020-07-15,197.7406768798828,208.0399932861328,211.3300018310547,205.02999877929688,209.55999755859375,32179400,MSFT
2020-07-16,193.82461547851562,203.9199981689453,205.6999969482422,202.30999755859375,205.39999389648438,29940700,MSFT
2020-07-17,192.8361053466797,202.8800048828125,205.0399932861328,201.38999938964844,204.47000122070312,31635300,MSFT
2020-07-20,201.1244354248047,211.60000610351562,212.3000030517578,203.00999450683594,205.0,36884800,MSFT
2020-07-21,198.41551208496094,208.75,213.94000244140625,208.02999877929688,213.66000366210938,37990400,MSFT
2020-07-22,201.26699829101562,211.75,212.3000030517578,208.38999938964844,209.1999969482422,49605700,MSFT
2020-07-23,192.51295471191406,202.5399932861328,210.9199981689453,202.14999389648438,207.19000244140625,67457000,MSFT
2020-07-24,191.3343048095703,201.3000030517578,202.86000061035156,197.50999450683594,200.4199981689453,39827000,MSFT
2020-07-27,193.7581329345703,203.85000610351562,203.97000122070312,200.86000061035156,201.47000122070312,30160900,MSFT
2020-07-28,192.01869201660156,202.02000427246094,204.6999969482422,201.74000549316406,203.61000061035156,23251400,MSFT
2020-07-29,193.95773315429688,204.05999755859375,204.64999389648438,202.00999450683594,202.5,19632600,MSFT
2020-07-30,193.8056182861328,203.89999389648438,204.4600067138672,199.57000732421875,201.0,25079600,MSFT
2020-07-31,194.8606719970703,205.00999450683594,205.10000610351562,199.00999450683594,204.39999389648438,51044000,MSFT
2020-08-03,205.81988525390625,216.5399932861328,217.63999938964844,210.44000244140625,211.52000427246094,78983000,MSFT
2020-08-04,202.73074340820312,213.2899932861328,214.77000427246094,210.30999755859375,214.1699981689453,49280100,MSFT
2020-08-05,202.39810180664062,212.94000244140625,215.0,211.57000732421875,214.89999389648438,28806400,MSFT
2020-08-06,205.63929748535156,216.35000610351562,216.3699951171875,211.5500030517578,212.33999633789062,32656800,MSFT
2020-08-07,201.96084594726562,212.47999572753906,215.6999969482422,210.92999267578125,214.85000610351562,27820400,MSFT
2020-08-10,197.94027709960938,208.25,211.8800048828125,206.35000610351562,211.6699981689453,36716500,MSFT
2020-08-11,193.3113555908203,203.3800048828125,207.64999389648438,203.13999938964844,207.16000366210938,36446500,MSFT
2020-08-12,198.83372497558594,209.19000244140625,210.27999877929688,204.75,205.2899932861328,28013100,MSFT
2020-08-13,198.36798095703125,208.6999969482422,211.35000610351562,208.14999389648438,209.44000244140625,22588900,MSFT
2020-08-14,198.55807495117188,208.89999389648438,209.58999633789062,207.50999450683594,208.75999450683594,17958900,MSFT
2020-08-17,199.86976623535156,210.27999877929688,211.19000244140625,208.9199981689453,209.60000610351562,20184800,MSFT
2020-08-18,201.01988220214844,211.49000549316406,212.36000061035156,209.2100067138672,210.52999877929688,21336200,MSFT
2020-08-19,199.80030822753906,209.6999969482422,212.10000610351562,209.25,211.49000549316406,27627600,MSFT
2020-08-20,204.4499053955078,214.5800018310547,215.0,208.91000366210938,209.5399932861328,26981500,MSFT
2020-08-21,202.9635772705078,213.02000427246094,216.25,212.85000610351562,213.86000061035156,36249300,MSFT
2020-08-24,203.60189819335938,213.69000244140625,215.52000427246094,212.42999267578125,214.7899932861328,25460100,MSFT
2020-08-25,206.25071716308594,216.47000122070312,216.61000061035156,213.10000610351562,213.10000610351562,23043700,MSFT
2020-08-26,210.70977783203125,221.14999389648438,222.08999633789062,217.36000061035156,217.8800048828125,39600800,MSFT
2020-08-27,215.8834228515625,226.5800018310547,231.14999389648438,219.39999389648438,222.88999938964844,57602200,MSFT
2020-08-28,218.1034393310547,228.91000366210938,230.63999938964844,226.5800018310547,228.17999267578125,26292900,MSFT
2020-08-31,214.88299560546875,225.52999877929688,228.6999969482422,224.30999755859375,227.0,28774200,MSFT
2020-09-01,216.5408477783203,227.27000427246094,227.4499969482422,224.42999267578125,225.50999450683594,25725500,MSFT
2020-09-02,220.71408081054688,231.64999389648438,232.86000061035156,227.35000610351562,227.97000122070312,34080800,MSFT
2020-09-03,207.04151916503906,217.3000030517578,229.30999755859375,214.9600067138672,229.27000427246094,58400300,MSFT
2020-09-04,204.13551330566406,214.25,218.36000061035156,205.19000244140625,215.10000610351562,59664100,MSFT
2020-09-08,193.09268188476562,202.66000366210938,210.02999877929688,202.1999969482422,206.5,52924300,MSFT
2020-09-09,201.31527709960938,211.2899932861328,214.83999633789062,206.6999969482422,207.60000610351562,45679000,MSFT
2020-09-10,195.67471313476562,205.3699951171875,214.74000549316406,204.11000061035156,213.39999389648438,35461500,MSFT
2020-09-11,194.39796447753906,204.02999877929688,208.6300048828125,201.24000549316406,207.1999969482422,33620100,MSFT
2020-09-14,195.7128448486328,205.41000366210938,209.1999969482422,204.02999877929688,204.24000549316406,30375800,MSFT
2020-09-15,198.92373657226562,208.77999877929688,209.77999877929688,206.92999267578125,208.4199981689453,21823900,MSFT
2020-09-16,195.36981201171875,205.0500030517578,210.64999389648438,204.63999938964844,210.6199951171875,26328100,MSFT
2020-09-17,193.33087158203125,202.91000366210938,204.3300018310547,199.9600067138672,200.0500030517578,34011300,MSFT
2020-09-18,190.92979431152344,200.38999938964844,203.64999389648438,196.25,202.8000030517578,55225300,MSFT
2020-09-21,192.97828674316406,202.5399932861328,202.7100067138672,196.3800048828125,197.19000244140625,39839700,MSFT
2020-09-22,197.62791442871094,207.4199981689453,208.10000610351562,202.0800018310547,205.05999755859375,33517100,MSFT
2020-09-23,191.12037658691406,200.58999633789062,208.10000610351562,200.02999877929688,207.89999389648438,30803800,MSFT
2020-09-24,193.59765625,203.19000244140625,205.57000732421875,199.1999969482422,199.85000610351562,31202500,MSFT
2020-09-25,198.00904846191406,207.82000732421875,209.0399932861328,202.5399932861328,203.5500030517578,29437300,MSFT
2020-09-28,199.55258178710938,209.44000244140625,212.57000732421875,208.05999755859375,210.8800048828125,32004900,MSFT
2020-09-29,197.47549438476562,207.25999450683594,210.07000732421875,206.80999755859375,209.35000610351562,24221900,MSFT
2020-09-30,200.40060424804688,210.3300018310547,211.97999572753906,206.5399932861328,207.72999572753906,33829100,MSFT
2020-10-01,202.4300079345703,212.4600067138672,213.99000549316406,211.32000732421875,213.49000549316406,27158400,MSFT
2020-10-02,196.4559783935547,206.19000244140625,210.99000549316406,205.5399932861328,208.0,33154800,MSFT
2020-10-05,200.44822692871094,210.3800048828125,210.41000366210938,206.97999572753906,207.22000122070312,21331600,MSFT
2020-10-06,196.1892547607422,205.91000366210938,210.17999267578125,204.82000732421875,208.82000732421875,28554300,MSFT
2020-10-07,199.9241485595703,209.8300018310547,210.11000061035156,206.72000122070312,207.05999755859375,25681100,MSFT
2020-10-08,200.6387176513672,210.5800018310547,211.19000244140625,208.32000732421875,210.50999450683594,19925800,MSFT
2020-10-09,205.6218719482422,215.80999755859375,215.86000061035156,211.22999572753906,211.22999572753906,26458000,MSFT
2020-10-12,210.9479217529297,221.39999389648438,223.86000061035156,216.80999755859375,218.7899932861328,40461400,MSFT
2020-10-13,212.33901977539062,222.86000061035156,225.2100067138672,220.42999267578125,222.72000122070312,28950800,MSFT
2020-10-14,210.4334716796875,220.86000061035156,224.22000122070312,219.1300048828125,223.0,23421700,MSFT
2020-10-15,209.2900848388672,219.66000366210938,220.36000061035156,216.00999450683594,217.10000610351562,22733100,MSFT
2020-10-16,209.2900848388672,219.66000366210938,222.2899932861328,219.32000732421875,220.14999389648438,26057900,MSFT
2020-10-19,204.10690307617188,214.22000122070312,222.3000030517578,213.72000122070312,220.4199981689453,27625800,MSFT
2020-10-20,204.51663208007812,214.64999389648438,217.3699951171875,213.08999633789062,215.8000030517578,22753500,MSFT
2020-10-21,204.65957641601562,214.8000030517578,216.9199981689453,213.1199951171875,213.1199951171875,22724900,MSFT
2020-10-22,204.74526977539062,214.88999938964844,216.05999755859375,211.6999969482422,213.92999267578125,22351500,MSFT
2020-10-23,206.0220184326172,216.22999572753906,216.27999877929688,213.16000366210938,215.02999877929688,18879600,MSFT
2020-10-26,200.162353515625,210.0800018310547,216.33999633789062,208.10000610351562,213.85000610351562,37111600,MSFT
2020-10-27,203.1827392578125,213.25,214.6699981689453,210.3300018310547,211.58999633789062,36700300,MSFT
2020-10-28,193.11167907714844,202.67999267578125,208.83999633789062,202.10000610351562,207.6699981689453,51195600,MSFT
2020-10-29,195.05538940429688,204.72000122070312,207.36000061035156,203.3699951171875,204.07000732421875,31432600,MSFT
2020-10-30,192.91163635253906,202.47000122070312,204.2899932861328,199.6199951171875,203.5,36953700,MSFT
2020-11-02,192.77822875976562,202.3300018310547,205.27999877929688,200.1199951171875,204.2899932861328,30842200,MSFT
2020-11-03,196.6846466064453,206.42999267578125,208.1199951171875,203.1199951171875,203.88999938964844,27512000,MSFT
2020-11-04,206.17445373535156,216.38999938964844,218.32000732421875,212.4199981689453,214.02000427246094,42311800,MSFT
2020-11-05,212.74871826171875,223.2899932861328,224.1199951171875,221.14999389648438,222.0399932861328,36080100,MSFT
2020-11-06,213.15843200683594,223.72000122070312,224.36000061035156,218.02999877929688,222.25999450683594,25231900,MSFT
2020-11-09,208.08006286621094,218.38999938964844,228.1199951171875,217.8800048828125,224.44000244140625,44395000,MSFT
2020-11-10,201.04847717285156,211.00999450683594,216.5,209.72000122070312,214.5,44045100,MSFT
2020-11-11,206.3269500732422,216.5500030517578,218.0399932861328,212.1999969482422,212.38999938964844,29440800,MSFT
2020-11-12,205.26930236816406,215.44000244140625,219.11000061035156,214.4600067138672,217.2100067138672,21593900,MSFT
2020-11-13,206.28880310058594,216.50999450683594,217.4199981689453,214.16000366210938,216.36000061035156,18621100,MSFT
2020-11-16,206.9748077392578,217.22999572753906,217.74000549316406,214.52000427246094,214.8699951171875,24953300,MSFT
2020-11-17,204.33558654785156,214.4600067138672,217.67999267578125,214.0800018310547,216.10000610351562,24154100,MSFT
2020-11-18,201.64169311523438,211.0800018310547,215.1699981689453,210.92999267578125,213.64999389648438,28372800,MSFT
2020-11-19,202.9217987060547,212.4199981689453,213.02999877929688,209.92999267578125,211.3800048828125,24792700,MSFT
2020-11-20,200.9825439453125,210.38999938964844,213.2899932861328,210.0,212.1999969482422,22843100,MSFT
2020-11-23,200.715087890625,210.11000061035156,212.2899932861328,208.16000366210938,210.9499969482422,25683500,MSFT
2020-11-24,204.29739379882812,213.86000061035156,214.25,208.86000061035156,209.58999633789062,33979700,MSFT
2020-11-25,204.30691528320312,213.8699951171875,215.2899932861328,212.4600067138672,215.11000061035156,21012900,MSFT
2020-11-27,205.60614013671875,215.22999572753906,216.27000427246094,214.0399932861328,214.85000610351562,14512200,MSFT
2020-11-30,204.49803161621094,214.07000732421875,214.75999450683594,210.83999633789062,214.10000610351562,33064800,MSFT
2020-12-01,206.54229736328125,216.2100067138672,217.32000732421875,213.35000610351562,214.50999450683594,30904500,MSFT
2020-12-02,205.73985290527344,215.3699951171875,215.47000122070312,212.8000030517578,214.8800048828125,23724500,MSFT
2020-12-03,204.66038513183594,214.24000549316406,216.3800048828125,213.64999389648438,214.61000061035156,25120900,MSFT
2020-12-04,204.77503967285156,214.36000061035156,215.3800048828125,213.17999267578125,214.22000122070312,24666000,MSFT
2020-12-07,204.70811462402344,214.2899932861328,215.5399932861328,212.99000549316406,214.3699951171875,24620000,MSFT
2020-12-08,206.35121154785156,216.00999450683594,216.9499969482422,212.88999938964844,213.97000122070312,23284100,MSFT
2020-12-09,202.3295135498047,211.8000030517578,215.22999572753906,211.2100067138672,215.16000366210938,32440600,MSFT
2020-12-10,201.10670471191406,210.52000427246094,213.0800018310547,210.36000061035156,211.77000427246094,26733300,MSFT
2020-12-11,203.72425842285156,213.25999450683594,213.32000732421875,209.11000061035156,210.0500030517578,30979400,MSFT
2020-12-14,204.62217712402344,214.1999969482422,216.2100067138672,212.8800048828125,213.10000610351562,28798400,MSFT
2020-12-15,204.55532836914062,214.1300048828125,215.4199981689453,212.24000549316406,215.1699981689453,27000600,MSFT
2020-12-16,209.4750518798828,219.27999877929688,220.11000061035156,214.72000122070312,214.75,35023300,MSFT
2020-12-17,209.60879516601562,219.4199981689453,220.88999938964844,217.9199981689453,219.8699951171875,32515800,MSFT
2020-12-18,208.81588745117188,218.58999633789062,219.69000244140625,216.02000427246094,218.58999633789062,63354900,MSFT
2020-12-21,212.6370391845703,222.58999633789062,224.0,217.27999877929688,217.5500030517578,37181900,MSFT
2020-12-22,213.9266815185547,223.94000244140625,225.6300048828125,221.85000610351562,222.69000244140625,22612200,MSFT
2020-12-23,211.13720703125,221.02000427246094,223.55999755859375,220.8000030517578,223.11000061035156,18699600,MSFT
2020-12-24,212.7898712158203,222.75,223.61000061035156,221.1999969482422,221.4199981689453,10550600,MSFT
2020-12-28,214.90106201171875,224.9600067138672,226.02999877929688,223.02000427246094,224.4499969482422,17933500,MSFT
2020-12-29,214.12725830078125,224.14999389648438,227.17999267578125,223.5800018310547,226.30999755859375,17403200,MSFT
2020-12-30,211.76773071289062,221.67999267578125,225.6300048828125,221.47000122070312,225.22999572753906,20272300,MSFT
2020-12-31,212.47462463378906,222.4199981689453,223.0,219.67999267578125,221.6999969482422,20942100,MSFT
2021-01-04,207.95616149902344,217.69000244140625,223.0,214.80999755859375,222.52999877929688,37130100,MSFT
2021-01-05,208.15675354003906,217.89999389648438,218.52000427246094,215.6999969482422,217.25999450683594,23823000,MSFT
2021-01-06,202.75936889648438,212.25,216.49000549316406,211.94000244140625,212.1699981689453,35930700,MSFT
2021-01-07,208.52928161621094,218.2899932861328,219.33999633789062,213.7100067138672,214.0399932861328,27694500,MSFT
2021-01-08,209.79983520507812,219.6199951171875,220.5800018310547,217.02999877929688,218.67999267578125,22956200,MSFT
2021-01-11,207.7650909423828,217.49000549316406,218.91000366210938,216.72999572753906,218.47000122070312,23031300,MSFT
2021-01-12,205.3195343017578,214.92999267578125,217.10000610351562,213.32000732421875,216.5,23249300,MSFT
2021-01-13,206.66647338867188,216.33999633789062,216.75999450683594,213.92999267578125,214.02000427246094,20087100,MSFT
2021-01-14,203.4949493408203,213.02000427246094,217.4600067138672,212.74000549316406,215.91000366210938,29480800,MSFT
2021-01-15,203.1414794921875,212.64999389648438,214.50999450683594,212.02999877929688,213.52000427246094,31746500,MSFT
2021-01-19,206.7620086669922,216.44000244140625,216.97999572753906,212.6300048828125,213.75,30480900,MSFT
2021-01-20,214.3087615966797,224.33999633789062,225.7899932861328,217.2899932861328,217.6999969482422,37777300,MSFT
2021-01-21,214.91064453125,224.97000122070312,226.3000030517578,222.4199981689453,224.6999969482422,30709400,MSFT
2021-01-22,215.84677124023438,225.9499969482422,230.07000732421875,225.8000030517578,227.0800018310547,30172700,MSFT
2021-01-25,219.26670837402344,229.52999877929688,229.77999877929688,224.22000122070312,229.1199951171875,33152100,MSFT
2021-01-26,221.9415283203125,232.3300018310547,234.17999267578125,230.0800018310547,231.86000061035156,49169600,MSFT
2021-01-27,222.4860076904297,232.89999389648438,240.44000244140625,230.13999938964844,238.0,69870600,MSFT
2021-01-28,228.24642944335938,238.92999267578125,242.63999938964844,235.08999633789062,235.61000061035156,49111200,MSFT
2021-01-29,221.58807373046875,231.9600067138672,238.02000427246094,231.35000610351562,235.99000549316406,42503100,MSFT
2021-02-01,228.93418884277344,239.64999389648438,242.5,232.42999267578125,235.05999755859375,33314200,MSFT
2021-02-02,228.8004150390625,239.50999450683594,242.30999755859375,238.69000244140625,241.3000030517578,25916300,MSFT
2021-02-03,232.1343994140625,243.0,245.08999633789062,239.25999450683594,239.57000732421875,27158100,MSFT
2021-02-04,231.1886749267578,242.00999450683594,243.24000549316406,240.3699951171875,242.66000366210938,25296100,MSFT
2021-02-05,231.37017822265625,242.1999969482422,243.27999877929688,240.4199981689453,242.22999572753906,18054800,MSFT
2021-02-08,231.6281280517578,242.47000122070312,243.67999267578125,240.80999755859375,243.14999389648438,22211900,MSFT
2021-02-09,232.86997985839844,243.77000427246094,244.75999450683594,241.3800048828125,241.8699951171875,23565000,MSFT
2021-02-10,231.96246337890625,242.82000732421875,245.9199981689453,240.88999938964844,245.0,22186700,MSFT
2021-02-11,233.55776977539062,244.49000549316406,245.14999389648438,242.14999389648438,244.77999877929688,15751100,MSFT
2021-02-12,234.03543090820312,244.99000549316406,245.3000030517578,242.72999572753906,243.92999267578125,16561100,MSFT
2021-02-16,232.8031005859375,243.6999969482422,246.1300048828125,242.9199981689453,245.02999877929688,26728500,MSFT
2021-02-17,233.81802368164062,244.1999969482422,244.30999755859375,240.94000244140625,241.32000732421875,21653500,MSFT
2021-02-18,233.4254608154297,243.7899932861328,243.92999267578125,240.86000061035156,241.8000030517578,16925600,MSFT
2021-02-19,230.72532653808594,240.97000122070312,243.86000061035156,240.17999267578125,243.75,25262600,MSFT
2021-02-22,224.53997802734375,234.50999450683594,237.92999267578125,232.39999389648438,237.4199981689453,36446900,MSFT
2021-02-23,223.3527069091797,233.27000427246094,234.8300018310547,228.72999572753906,230.3300018310547,30228700,MSFT
2021-02-24,224.57830810546875,234.5500030517578,235.1999969482422,229.0,230.00999450683594,26339700,MSFT
2021-02-25,219.25466918945312,228.99000549316406,234.58999633789062,227.8800048828125,232.0800018310547,39542200,MSFT
2021-02-26,222.5005645751953,232.3800048828125,235.3699951171875,229.5399932861328,231.52999877929688,37819200,MSFT
2021-03-01,226.86669921875,236.94000244140625,237.47000122070312,233.14999389648438,235.89999389648438,25324000,MSFT
2021-03-02,223.9272003173828,233.8699951171875,237.3000030517578,233.4499969482422,237.00999450683594,22812500,MSFT
2021-03-03,217.88546752929688,227.55999755859375,233.5800018310547,227.25999450683594,232.16000366210938,34029500,MSFT
2021-03-04,217.0907440185547,226.72999572753906,232.49000549316406,224.25999450683594,226.74000549316406,44727800,MSFT
2021-03-05,221.75369262695312,231.60000610351562,233.27000427246094,226.4600067138672,229.52000427246094,41872800,MSFT
2021-03-08,217.72267150878906,227.38999938964844,233.3699951171875,227.1300048828125,231.3699951171875,35267400,MSFT
2021-03-09,223.84103393554688,233.77999877929688,235.3800048828125,231.6699981689453,232.8800048828125,33080500,MSFT
2021-03-10,222.53884887695312,232.4199981689453,237.0,232.0399932861328,237.0,29746800,MSFT
2021-03-11,227.04859924316406,237.1300048828125,239.1699981689453,234.30999755859375,234.9600067138672,29907600,MSFT
2021-03-12,225.727294921875,235.75,235.82000732421875,233.22999572753906,234.00999450683594,22653700,MSFT
2021-03-15,224.82725524902344,234.80999755859375,235.19000244140625,231.80999755859375,234.9600067138672,26034900,MSFT
2021-03-16,227.60394287109375,237.7100067138672,240.05999755859375,235.94000244140625,236.27999877929688,28092200,MSFT
2021-03-17,226.96243286132812,237.0399932861328,238.5500030517578,233.22999572753906,236.14999389648438,29562100,MSFT
2021-03-18,220.91111755371094,230.72000122070312,234.19000244140625,230.3300018310547,232.55999755859375,34833000,MSFT
2021-03-19,220.5568389892578,230.35000610351562,232.47000122070312,229.35000610351562,231.02000427246094,46430700,MSFT
2021-03-22,225.95712280273438,235.99000549316406,236.89999389648438,230.13999938964844,230.27000427246094,30127000,MSFT
2021-03-23,227.47946166992188,237.5800018310547,241.0500030517578,237.07000732421875,237.49000549316406,31638400,MSFT
2021-03-24,225.44961547851562,235.4600067138672,238.0,235.32000732421875,237.85000610351562,25620100,MSFT
2021-03-25,222.46229553222656,232.33999633789062,236.94000244140625,231.57000732421875,235.3000030517578,34061900,MSFT
2021-03-26,226.42626953125,236.47999572753906,236.7100067138672,231.5500030517578,231.5500030517578,25479900,MSFT
2021-03-29,225.2389678955078,235.24000549316406,236.8000030517578,231.8800048828125,236.58999633789062,25227500,MSFT
2021-03-30,221.9931182861328,231.85000610351562,233.85000610351562,231.10000610351562,233.52999877929688,24792000,MSFT
2021-03-31,225.74644470214844,235.77000427246094,239.10000610351562,232.38999938964844,232.91000366210938,43623500,MSFT
2021-04-01,232.0467071533203,242.35000610351562,242.83999633789062,238.0500030517578,238.47000122070312,30338000,MSFT
2021-04-05,238.48098754882812,249.07000732421875,249.9600067138672,242.6999969482422,242.75999450683594,36910600,MSFT
2021-04-06,237.32241821289062,247.86000061035156,249.39999389648438,246.8800048828125,247.61000061035156,22931900,MSFT
2021-04-07,239.2756805419922,249.89999389648438,250.92999267578125,247.19000244140625,247.80999755859375,22719800,MSFT
2021-04-08,242.48326110839844,253.25,254.13999938964844,252.0,252.77000427246094,23625200,MSFT
2021-04-09,244.97274780273438,255.85000610351562,255.99000549316406,252.44000244140625,252.8699951171875,24326800,MSFT
2021-04-12,245.03021240234375,255.91000366210938,257.6700134277344,254.6199951171875,254.7100067138672,27148700,MSFT
2021-04-13,247.5005340576172,258.489990234375,259.19000244140625,256.8299865722656,257.260009765625,23837500,MSFT
2021-04-14,244.7237548828125,255.58999633789062,258.8299865722656,255.16000366210938,257.4800109863281,23070900,MSFT
2021-04-15,248.46755981445312,259.5,259.92999267578125,257.7300109863281,257.92999267578125,25627500,MSFT
2021-04-16,249.65484619140625,260.739990234375,261.0,257.6000061035156,259.4700012207031,24878600,MSFT
2021-04-19,247.73983764648438,258.739990234375,261.4800109863281,257.82000732421875,260.19000244140625,23209300,MSFT
2021-04-20,247.28030395507812,258.260009765625,260.20001220703125,256.8399963378906,257.82000732421875,19722900,MSFT
2021-04-21,249.50161743164062,260.5799865722656,260.67999267578125,257.25,258.94000244140625,24030400,MSFT
2021-04-22,246.23666381835938,257.1700134277344,261.7799987792969,255.63999938964844,260.2099914550781,25606200,MSFT
2021-04-23,250.0474090576172,261.1499938964844,261.510009765625,257.2699890136719,257.8800048828125,21462600,MSFT
2021-04-26,250.43043518066406,261.54998779296875,262.44000244140625,260.1700134277344,261.6600036621094,19763300,MSFT
2021-04-27,250.8325653076172,261.9700012207031,263.19000244140625,260.1199951171875,261.5799865722656,31014200,MSFT
2021-04-28,243.737548828125,254.55999755859375,256.5400085449219,252.9499969482422,256.0799865722656,46903100,MSFT
2021-04-29,241.77471923828125,252.50999450683594,256.1000061035156,249.0,255.4600067138672,40589000,MSFT
2021-04-30,241.45875549316406,252.17999267578125,253.0800018310547,249.60000610351562,249.74000549316406,30945100,MSFT
2021-05-03,241.15235900878906,251.86000061035156,254.35000610351562,251.1199951171875,253.39999389648438,19626600,MSFT
2021-05-04,237.25540161132812,247.7899932861328,251.2100067138672,245.75999450683594,250.97000122070312,32756100,MSFT
2021-05-05,235.9915313720703,246.47000122070312,249.5,245.82000732421875,249.05999755859375,21901300,MSFT
2021-05-06,239.11294555664062,249.72999572753906,249.86000061035156,244.69000244140625,246.4499969482422,26491100,MSFT
2021-05-07,241.72689819335938,252.4600067138672,254.3000030517578,251.1699981689453,252.14999389648438,27032900,MSFT
2021-05-10,236.6713409423828,247.17999267578125,251.72999572753906,247.1199951171875,250.8699951171875,29299900,MSFT
2021-05-11,235.76170349121094,246.22999572753906,246.60000610351562,242.57000732421875,244.5500030517578,33641600,MSFT
2021-05-12,228.83908081054688,239.0,244.3800048828125,238.07000732421875,242.1699981689453,36684400,MSFT
2021-05-13,232.69775390625,243.02999877929688,245.60000610351562,241.4199981689453,241.8000030517578,29624300,MSFT
2021-05-14,237.60009765625,248.14999389648438,249.17999267578125,245.49000549316406,245.5800018310547,23901100,MSFT
2021-05-17,234.75636291503906,245.17999267578125,246.58999633789062,243.52000427246094,246.5500030517578,24970200,MSFT
2021-05-18,232.74563598632812,243.0800018310547,246.41000366210938,242.89999389648438,246.27000427246094,20168000,MSFT
2021-05-19,233.32147216796875,243.1199951171875,243.22999572753906,238.60000610351562,239.30999755859375,25739800,MSFT
2021-05-20,236.5460205078125,246.47999572753906,247.9499969482422,243.86000061035156,243.9600067138672,21800700,MSFT
2021-05-21,235.288818359375,245.1699981689453,248.3300018310547,244.74000549316406,247.57000732421875,21863100,MSFT
2021-05-24,240.6727294921875,250.77999877929688,251.16000366210938,247.50999450683594,247.7899932861328,21411500,MSFT
2021-05-25,241.57484436035156,251.72000122070312,252.75,250.82000732421875,251.77000427246094,17704300,MSFT
2021-05-26,241.3541259765625,251.49000549316406,252.94000244140625,250.75,251.42999267578125,17771600,MSFT
2021-05-27,239.2620086669922,249.30999755859375,251.47999572753906,249.25,251.1699981689453,24426200,MSFT
2021-05-28,239.61708068847656,249.67999267578125,252.0800018310547,249.55999755859375,251.0,18270200,MSFT
2021-06-01,237.42897033691406,247.39999389648438,251.2899932861328,246.9600067138672,251.22999572753906,23213300,MSFT
2021-06-02,237.3330078125,247.3000030517578,249.27000427246094,245.83999633789062,248.1300048828125,19406700,MSFT
2021-06-03,235.80709838867188,245.7100067138672,246.33999633789062,243.0,245.22000122070312,25307700,MSFT
2021-06-04,240.6822967529297,250.7899932861328,251.64999389648438,247.50999450683594,247.75999450683594,25281100,MSFT
2021-06-07,243.5806121826172,253.80999755859375,254.08999633789062,249.80999755859375,249.97999572753906,23079200,MSFT
2021-06-08,242.39060974121094,252.57000732421875,256.010009765625,252.50999450683594,255.16000366210938,22455000,MSFT
2021-06-09,243.36949157714844,253.58999633789062,255.52999877929688,253.2100067138672,253.80999755859375,17937600,MSFT
2021-06-10,246.87237548828125,257.239990234375,257.4599914550781,253.6699981689453,254.2899932861328,24563600,MSFT
2021-06-11,247.49620056152344,257.8900146484375,258.489990234375,256.6099853515625,257.989990234375,18999700,MSFT
2021-06-14,249.41554260253906,259.8900146484375,259.95001220703125,256.79998779296875,257.8999938964844,19150500,MSFT
2021-06-15,247.94725036621094,258.3599853515625,259.989990234375,257.67999267578125,259.7699890136719,18038900,MSFT
2021-06-16,247.00677490234375,257.3800048828125,260.5799865722656,254.4199981689453,259.3999938964844,27220000,MSFT
2021-06-17,250.3848876953125,260.8999938964844,261.75,256.010009765625,256.07000732421875,27565500,MSFT
2021-06-18,248.97412109375,259.42999267578125,262.29998779296875,258.75,259.6300048828125,37202200,MSFT
2021-06-21,252.045166015625,262.6300048828125,263.5199890136719,257.9200134277344,259.82000732421875,26696100,MSFT
2021-06-22,254.80908203125,265.510009765625,265.7900085449219,262.3999938964844,262.7200012207031,24694100,MSFT
2021-06-23,254.57876586914062,265.2699890136719,266.8299865722656,264.42999267578125,265.989990234375,19518700,MSFT
2021-06-24,255.9414520263672,266.69000244140625,267.8500061035156,265.4700012207031,266.1600036621094,21446900,MSFT
2021-06-25,254.33880615234375,265.0199890136719,267.25,264.760009765625,266.2300109863281,25611100,MSFT
2021-06-28,257.8897705078125,268.7200012207031,268.8999938964844,265.9100036621094,266.19000244140625,19590000,MSFT
2021-06-29,260.4617004394531,271.3999938964844,271.6499938964844,267.9800109863281,268.8699951171875,19937800,MSFT
2021-06-30,259.9818420410156,270.8999938964844,271.3599853515625,269.6000061035156,270.69000244140625,21656500,MSFT
2021-07-01,260.65362548828125,271.6000061035156,271.8399963378906,269.6000061035156,269.6099853515625,16725300,MSFT
2021-07-02,266.45977783203125,277.6499938964844,278.0,272.5,272.82000732421875,26458000,MSFT
2021-07-06,266.46942138671875,277.6600036621094,279.3699951171875,274.29998779296875,278.0299987792969,31565600,MSFT
2021-07-07,268.6479187011719,279.92999267578125,280.69000244140625,277.1499938964844,279.3999938964844,23260000,MSFT
2021-07-08,266.23907470703125,277.4200134277344,278.7300109863281,274.8699951171875,276.8999938964844,24618600,MSFT
2021-07-09,266.73809814453125,277.94000244140625,278.04998779296875,275.32000732421875,275.7200012207031,23916700,MSFT
2021-07-12,266.1430969238281,277.32000732421875,279.7699890136719,276.5799865722656,279.1600036621094,18931700,MSFT
2021-07-13,269.6556091308594,280.9800109863281,282.8500061035156,277.3900146484375,277.5199890136719,26120100,MSFT
2021-07-14,271.1238708496094,282.510009765625,283.6600036621094,280.54998779296875,282.3500061035156,23113700,MSFT
2021-07-15,269.70355224609375,281.0299987792969,282.510009765625,279.8299865722656,282.0,22604200,MSFT
2021-07-16,269.434814453125,280.75,284.1000061035156,279.4599914550781,282.07000732421875,26186800,MSFT
2021-07-19,265.8455810546875,277.010009765625,280.3699951171875,274.45001220703125,278.92999267578125,32935600,MSFT
2021-07-20,268.0625305175781,279.32000732421875,280.9700012207031,276.260009765625,278.0299987792969,26259700,MSFT
2021-07-21,270.05865478515625,281.3999938964844,281.5199890136719,277.2900085449219,278.8999938964844,24364300,MSFT
2021-07-22,274.6075744628906,286.1400146484375,286.4200134277344,283.4200134277344,283.8399963378906,23384100,MSFT
2021-07-23,277.995361328125,289.6700134277344,289.989990234375,286.5,287.3699951171875,22768100,MSFT
2021-07-26,277.400390625,289.04998779296875,289.69000244140625,286.6400146484375,289.0,23176100,MSFT
2021-07-27,274.99151611328125,286.5400085449219,289.5799865722656,282.95001220703125,289.42999267578125,33604100,MSFT
2021-07-28,274.6844787597656,286.2200012207031,290.1499938964844,283.8299865722656,288.989990234375,33566900,MSFT
2021-07-29,274.953125,286.5,288.6199951171875,286.0799865722656,286.239990234375,18168300,MSFT
2021-07-30,273.42718505859375,284.9100036621094,286.6600036621094,283.9100036621094,285.1700134277344,20944800,MSFT
2021-08-02,273.3407287597656,284.82000732421875,286.7699890136719,283.739990234375,286.3599853515625,16267400,MSFT
2021-08-03,275.548095703125,287.1199951171875,287.2300109863281,284.0,285.4200134277344,17879000,MSFT
2021-08-04,274.96270751953125,286.510009765625,287.5899963378906,284.6499938964844,286.2200012207031,16191300,MSFT
2021-08-05,277.8514404296875,289.5199890136719,289.6300048828125,286.1000061035156,286.8800048828125,13900200,MSFT
2021-08-06,277.7938232421875,289.4599914550781,289.5,287.6199951171875,288.510009765625,16589300,MSFT
2021-08-09,276.7093200683594,288.3299865722656,291.54998779296875,287.80999755859375,289.75,16117600,MSFT
2021-08-10,274.89556884765625,286.44000244140625,289.25,285.20001220703125,288.79998779296875,18616600,MSFT
2021-08-11,275.38494873046875,286.95001220703125,288.6600036621094,285.8599853515625,287.2099914550781,13955900,MSFT
2021-08-12,278.1297302246094,289.80999755859375,289.9700012207031,286.3399963378906,286.6300048828125,14561300,MSFT
2021-08-13,281.047119140625,292.8500061035156,292.8999938964844,289.29998779296875,289.4800109863281,18249000,MSFT
2021-08-16,282.72674560546875,294.6000061035156,294.82000732421875,290.0199890136719,293.19000244140625,22507600,MSFT
2021-08-17,281.26788330078125,293.0799865722656,293.42999267578125,291.0799865722656,292.3900146484375,20075300,MSFT
2021-08-18,279.5467529296875,290.7300109863281,294.82000732421875,290.2699890136719,292.0400085449219,21813000,MSFT
2021-08-19,285.3544616699219,296.7699890136719,297.4700012207031,288.6400146484375,288.69000244140625,29850500,MSFT
2021-08-20,292.6524658203125,304.3599853515625,305.8399963378906,298.05999755859375,299.7200012207031,40817600,MSFT
2021-08-23,292.9312438964844,304.6499938964844,305.3999938964844,301.8500061035156,303.25,22830200,MSFT
2021-08-24,290.97943115234375,302.6199951171875,305.6499938964844,302.0,305.0199890136719,18175800,MSFT
2021-08-25,290.3928527832031,302.010009765625,304.5899963378906,300.4200134277344,304.29998779296875,20006100,MSFT
2021-08-26,287.5852355957031,299.0899963378906,302.42999267578125,298.95001220703125,300.989990234375,17666100,MSFT
2021-08-27,288.19097900390625,299.7200012207031,300.8699951171875,296.8299865722656,298.989990234375,22605700,MSFT
2021-08-30,291.912109375,303.5899963378906,304.2200012207031,301.05999755859375,301.1199951171875,16348100,MSFT
2021-08-31,290.2678527832031,301.8800048828125,304.5,301.5,304.4200134277344,26285300,MSFT
2021-09-01,290.21978759765625,301.8299865722656,305.19000244140625,301.489990234375,302.8699951171875,18983800,MSFT
2021-09-02,289.56597900390625,301.1499938964844,303.3599853515625,300.17999267578125,302.20001220703125,16285600,MSFT
2021-09-03,289.5563659667969,301.1400146484375,302.6000061035156,300.260009765625,300.989990234375,14747900,MSFT
2021-09-07,288.6332702636719,300.17999267578125,301.0899963378906,298.20001220703125,301.010009765625,17180400,MSFT
2021-09-08,288.6620788574219,300.2099914550781,300.6099853515625,297.4700012207031,299.7799987792969,15046800,MSFT
2021-09-09,285.8159484863281,297.25,302.1400146484375,297.0,300.82000732421875,19927000,MSFT
2021-09-10,284.3352355957031,295.7099914550781,299.9200134277344,295.3800048828125,298.4200134277344,19633400,MSFT
2021-09-13,285.56597900390625,296.989990234375,298.5400085449219,294.0799865722656,297.54998779296875,23652900,MSFT
2021-09-14,288.25830078125,299.7900085449219,301.3900146484375,298.1000061035156,299.55999755859375,21853400,MSFT
2021-09-15,293.0947570800781,304.82000732421875,305.32000732421875,301.82000732421875,303.260009765625,28356300,MSFT
2021-09-16,293.47943115234375,305.2200012207031,305.30999755859375,300.760009765625,303.760009765625,19550800,MSFT
2021-09-17,288.3351745605469,299.8699951171875,304.5,299.5299987792969,304.1700134277344,41372500,MSFT
2021-09-20,282.9794616699219,294.29998779296875,298.7200012207031,289.5199890136719,296.3299865722656,38278700,MSFT
2021-09-21,283.4602355957031,294.79998779296875,297.5400085449219,294.07000732421875,295.69000244140625,22364100,MSFT
2021-09-22,287.0948486328125,298.5799865722656,300.2200012207031,294.510009765625,296.7300109863281,26626300,MSFT
2021-09-23,288.037109375,299.55999755859375,300.8999938964844,297.5299987792969,298.8500061035156,18604600,MSFT
2021-09-24,287.8352355957031,299.3500061035156,299.79998779296875,296.92999267578125,298.2300109863281,14999000,MSFT
2021-09-27,282.85443115234375,294.1700134277344,296.4700012207031,292.94000244140625,296.1400146484375,23571700,MSFT
2021-09-28,272.6140441894531,283.5199890136719,290.7799987792969,282.75,289.79998779296875,43186200,MSFT
2021-09-29,273.07568359375,284.0,286.7699890136719,283.010009765625,285.1000061035156,26353700,MSFT
2021-09-30,271.07568359375,281.9200134277344,287.8299865722656,281.6199951171875,285.7099914550781,32343600,MSFT
2021-10-01,277.9794616699219,289.1000061035156,289.9800109863281,281.2900085449219,282.1199951171875,30086300,MSFT
2021-10-04,272.2198486328125,283.1099853515625,287.75,280.25,287.3999938964844,31350700,MSFT
2021-10-05,277.65252685546875,288.760009765625,290.3999938964844,284.04998779296875,284.04998779296875,24993000,MSFT
2021-10-06,281.8352355957031,293.1099853515625,293.6300048828125,285.510009765625,285.7799987792969,28002600,MSFT
2021-10-07,283.50830078125,294.8500061035156,296.6400146484375,293.9200134277344,295.17999267578125,20430500,MSFT
2021-10-08,283.50830078125,294.8500061035156,296.6400146484375,293.760009765625,296.2200012207031,17685700,MSFT
2021-10-11,282.91217041015625,294.2300109863281,297.9700012207031,292.75,292.9200134277344,19298600,MSFT
2021-10-12,281.61407470703125,292.8800048828125,295.44000244140625,292.3500061035156,295.3399963378906,17974100,MSFT
2021-10-13,284.9121398925781,296.30999755859375,297.2799987792969,293.489990234375,294.9100036621094,23416300,MSFT
2021-10-14,291.1043701171875,302.75,303.2699890136719,297.8299865722656,299.2099914550781,27262900,MSFT
2021-10-15,292.5082092285156,304.2099914550781,304.45001220703125,300.5199890136719,302.3399963378906,25384800,MSFT
2021-10-18,295.4697570800781,307.2900085449219,308.2099914550781,302.69000244140625,303.57000732421875,22729300,MSFT
2021-10-19,296.3736267089844,308.2300109863281,309.29998779296875,307.2200012207031,308.3500061035156,17682100,MSFT
2021-10-20,295.58514404296875,307.4100036621094,309.70001220703125,306.1099853515625,309.2099914550781,16537100,MSFT
2021-10-21,298.8062744140625,310.760009765625,311.0199890136719,306.3599853515625,307.1700134277344,16918100,MSFT
2021-10-22,297.2679138183594,309.1600036621094,311.0899963378906,307.79998779296875,310.3999938964844,17449300,MSFT
2021-10-25,296.2774658203125,308.1300048828125,309.3999938964844,306.4599914550781,309.3599853515625,17554500,MSFT
2021-10-26,298.1812744140625,310.1099853515625,312.3999938964844,308.6000061035156,311.0,28107300,MSFT
2021-10-27,310.7389831542969,323.1700134277344,326.1000061035156,316.0,316.0,52588700,MSFT
2021-10-28,311.8735656738281,324.3500061035156,324.8699951171875,321.3599853515625,324.3299865722656,26297900,MSFT
2021-10-29,318.8638610839844,331.6199951171875,332.0,323.8999938964844,324.1300048828125,34766000,MSFT
2021-11-01,316.7004699707031,329.3699951171875,331.489990234375,326.3699951171875,331.3599853515625,27073200,MSFT
2021-11-02,320.3157958984375,333.1300048828125,333.45001220703125,330.0,330.30999755859375,26487100,MSFT
2021-11-03,321.15234375,334.0,334.8999938964844,330.6499938964844,333.8999938964844,21500100,MSFT
2021-11-04,323.4985046386719,336.44000244140625,336.5400085449219,329.510009765625,332.8900146484375,23992200,MSFT
2021-11-05,323.13311767578125,336.05999755859375,338.7900085449219,334.4200134277344,338.510009765625,22570100,MSFT
2021-11-08,324.02740478515625,336.989990234375,337.6499938964844,334.44000244140625,337.29998779296875,20897000,MSFT
2021-11-09,323.02734375,335.95001220703125,338.7200012207031,334.5299987792969,337.1099853515625,21307400,MSFT
2021-11-10,318.0754089355469,330.79998779296875,334.6300048828125,329.9200134277344,334.57000732421875,25500900,MSFT
2021-11-11,319.6427307128906,332.42999267578125,333.7699890136719,330.510009765625,331.25,16849800,MSFT
2021-11-12,323.7676696777344,336.7200012207031,337.2300109863281,333.7900085449219,333.9200134277344,23831000,MSFT
2021-11-15,323.1427917480469,336.07000732421875,337.8800048828125,334.0299987792969,337.5400085449219,16723000,MSFT
2021-11-16,326.45037841796875,339.510009765625,340.6700134277344,335.510009765625,335.67999267578125,20886800,MSFT
2021-11-17,326.6719055175781,339.1199951171875,342.19000244140625,338.0,338.94000244140625,19053400,MSFT
2021-11-18,328.74298095703125,341.2699890136719,342.45001220703125,337.1199951171875,338.17999267578125,22463500,MSFT
2021-11-19,330.515380859375,343.1099853515625,345.1000061035156,342.20001220703125,342.6400146484375,21963400,MSFT
2021-11-22,327.3558349609375,339.8299865722656,349.6700134277344,339.54998779296875,344.6199951171875,31031100,MSFT
2021-11-23,325.2847595214844,337.67999267578125,339.45001220703125,333.55999755859375,337.04998779296875,30427600,MSFT
2021-11-24,325.5063781738281,337.9100036621094,338.1600036621094,333.9100036621094,336.2799987792969,21661300,MSFT
2021-11-26,317.5784606933594,329.67999267578125,337.92999267578125,328.1199951171875,334.3500061035156,24217200,MSFT
2021-11-29,324.2733459472656,336.6300048828125,339.0299987792969,334.739990234375,334.94000244140625,28563500,MSFT
2021-11-30,318.4550476074219,330.5899963378906,337.7799987792969,328.989990234375,335.32000732421875,42885600,MSFT
2021-12-01,317.9637451171875,330.0799865722656,339.2799987792969,329.3900146484375,335.1300048828125,33337600,MSFT
2021-12-02,317.3955078125,329.489990234375,333.489990234375,327.79998779296875,330.29998779296875,30766000,MSFT
2021-12-03,311.1533203125,323.010009765625,332.70001220703125,318.0299987792969,331.989990234375,41779300,MSFT
2021-12-06,314.216552734375,326.19000244140625,327.45001220703125,319.2300109863281,323.95001220703125,30032600,MSFT
2021-12-07,322.62615966796875,334.9200134277344,335.79998779296875,330.1000061035156,331.6400146484375,31021900,MSFT
2021-12-08,322.67425537109375,334.9700012207031,335.5,330.79998779296875,335.30999755859375,24761000,MSFT
2021-12-09,320.8728942871094,333.1000061035156,336.489990234375,332.1199951171875,334.4100036621094,22214200,MSFT
2021-12-10,329.9664001464844,342.5400085449219,343.0,334.7900085449219,334.9800109863281,38095700,MSFT
2021-12-13,326.9416809082031,339.3999938964844,343.7900085449219,339.0799865722656,340.67999267578125,28899400,MSFT
2021-12-14,316.2876892089844,328.3399963378906,334.6400146484375,324.1099853515625,333.2200012207031,44438700,MSFT
2021-12-15,322.36602783203125,334.6499938964844,335.19000244140625,324.5,328.6099853515625,35381100,MSFT
2021-12-16,312.97393798828125,324.8999938964844,336.760009765625,323.0199890136719,335.7099914550781,35034800,MSFT
2021-12-17,311.91424560546875,323.79998779296875,324.9200134277344,317.25,320.8800048828125,47750300,MSFT
2021-12-20,308.16705322265625,319.9100036621094,322.79998779296875,317.57000732421875,320.04998779296875,28326500,MSFT
2021-12-21,315.27618408203125,327.2900085449219,327.7300109863281,319.79998779296875,323.2900085449219,24740600,MSFT
2021-12-22,320.9692687988281,333.20001220703125,333.6099853515625,325.75,328.29998779296875,24831500,MSFT
2021-12-23,322.4045104980469,334.69000244140625,336.3900146484375,332.7300109863281,332.75,19617800,MSFT
2021-12-27,329.8797607421875,342.45001220703125,342.4800109863281,335.42999267578125,335.4599914550781,19947000,MSFT
2021-12-28,328.72381591796875,341.25,343.80999755859375,340.32000732421875,343.1499938964844,15661500,MSFT
2021-12-29,329.3981018066406,341.95001220703125,344.29998779296875,339.67999267578125,341.29998779296875,15042000,MSFT
2021-12-30,326.8645935058594,339.32000732421875,343.1300048828125,338.82000732421875,341.9100036621094,15994500,MSFT
2021-12-31,323.9747009277344,336.32000732421875,339.3599853515625,335.8500061035156,338.510009765625,18000800,MSFT
2022-01-03,322.46240234375,334.75,338.0,329.7799987792969,335.3500061035156,28865100,MSFT
2022-01-04,316.9330749511719,329.010009765625,335.20001220703125,326.1199951171875,334.8299865722656,32674300,MSFT
2022-01-05,304.7667236328125,316.3800048828125,326.07000732421875,315.9800109863281,325.8599853515625,40054300,MSFT
2022-01-06,302.35845947265625,313.8800048828125,318.70001220703125,311.489990234375,313.1499938964844,39646100,MSFT
2022-01-07,302.51263427734375,314.0400085449219,316.5,310.0899963378906,314.1499938964844,32720000,MSFT
2022-01-10,302.7341003417969,314.2699890136719,314.7200012207031,304.69000244140625,309.489990234375,44289500,MSFT
2022-01-11,303.41802978515625,314.9800109863281,316.6099853515625,309.8900146484375,313.3800048828125,29386800,MSFT
2022-01-12,306.5872497558594,318.2699890136719,323.4100036621094,317.0799865722656,319.6700134277344,34372200,MSFT
2022-01-13,293.6116943359375,304.79998779296875,320.8800048828125,304.0,320.4700012207031,45366000,MSFT
2022-01-14,298.8135070800781,310.20001220703125,310.82000732421875,303.75,304.25,39846400,MSFT
2022-01-18,291.5406799316406,302.6499938964844,309.79998779296875,301.739990234375,304.07000732421875,42333200,MSFT
2022-01-19,292.1956787109375,303.3299865722656,313.9100036621094,302.70001220703125,306.2900085449219,45933900,MSFT
2022-01-20,290.5291748046875,301.6000061035156,311.6499938964844,301.1400146484375,309.07000732421875,35380700,MSFT
2022-01-21,285.1637268066406,296.0299987792969,304.1099853515625,295.6099853515625,302.69000244140625,57984400,MSFT
2022-01-24,285.4912109375,296.3699951171875,297.1099853515625,276.04998779296875,292.20001220703125,85731500,MSFT
2022-01-25,277.9004211425781,288.489990234375,294.989990234375,285.1700134277344,291.5199890136719,72848600,MSFT
2022-01-26,285.8187255859375,296.7099914550781,308.5,293.0299987792969,307.989990234375,90428900,MSFT
2022-01-27,288.8337707519531,299.8399963378906,307.29998779296875,297.92999267578125,302.6600036621094,53481300,MSFT
2022-01-28,296.9447326660156,308.260009765625,308.4800109863281,294.45001220703125,300.2300109863281,49743700,MSFT
2022-01-31,299.5649108886719,310.9800109863281,312.3800048828125,306.3699951171875,308.95001220703125,46444500,MSFT
2022-02-01,297.4263916015625,308.760009765625,310.6300048828125,305.1300048828125,310.4100036621094,40950400,MSFT
2022-02-02,301.953857421875,313.4599914550781,315.1199951171875,308.8800048828125,309.6300048828125,36636000,MSFT
2022-02-03,290.1920166015625,301.25,311.2300109863281,299.9599914550781,309.489990234375,43730000,MSFT
2022-02-04,294.70989990234375,305.94000244140625,308.79998779296875,299.9700012207031,300.2099914550781,35096500,MSFT
2022-02-07,289.9031066894531,300.95001220703125,307.8399963378906,299.8999938964844,306.1700134277344,28533300,MSFT
2022-02-08,293.38055419921875,304.55999755859375,305.55999755859375,299.95001220703125,301.25,32421200,MSFT
2022-02-09,299.7864074707031,311.2099914550781,311.92999267578125,307.3900146484375,309.8699951171875,31284700,MSFT
2022-02-10,291.2805480957031,302.3800048828125,309.1199951171875,300.70001220703125,304.0400085449219,45386200,MSFT
2022-02-11,284.2099914550781,295.0400085449219,304.2900085449219,294.2200012207031,303.19000244140625,39175600,MSFT
2022-02-14,284.1713562011719,295.0,296.760009765625,291.3500061035156,293.7699890136719,36359500,MSFT
2022-02-15,289.440673828125,300.4700012207031,300.79998779296875,297.0199890136719,300.010009765625,27058300,MSFT
2022-02-16,289.1028747558594,299.5,300.8699951171875,293.67999267578125,298.3699951171875,29982100,MSFT
2022-02-17,280.6372985839844,290.7300109863281,296.79998779296875,290.0,296.3599853515625,32461600,MSFT
2022-02-18,277.93450927734375,287.92999267578125,293.8599853515625,286.30999755859375,293.04998779296875,34264000,MSFT
2022-02-22,277.7317810058594,287.7200012207031,291.5400085449219,284.5,285.0,41736100,MSFT
2022-02-23,270.5404357910156,280.2699890136719,291.70001220703125,280.1000061035156,290.17999267578125,37811200,MSFT
2022-02-24,284.36322021484375,294.5899963378906,295.1600036621094,271.5199890136719,272.510009765625,56989700,MSFT
2022-02-25,286.98883056640625,297.30999755859375,297.6300048828125,291.6499938964844,295.1400146484375,32546700,MSFT
2022-02-28,288.41754150390625,298.7900085449219,299.1400146484375,293.0,294.30999755859375,34627500,MSFT
2022-03-01,284.7107849121094,294.95001220703125,299.9700012207031,292.1499938964844,296.3999938964844,31217800,MSFT
2022-03-02,289.7689208984375,300.19000244140625,301.4700012207031,293.70001220703125,295.3599853515625,31873000,MSFT
2022-03-03,285.6470642089844,295.9200134277344,303.1300048828125,294.04998779296875,302.8900146484375,27314500,MSFT
2022-03-04,279.7974548339844,289.8599853515625,295.6600036621094,287.1700134277344,294.2900085449219,32356500,MSFT
2022-03-07,269.2276306152344,278.9100036621094,289.69000244140625,278.5299987792969,288.5299987792969,43157200,MSFT
2022-03-08,266.27386474609375,275.8500061035156,283.9599914550781,270.0,277.79998779296875,48159500,MSFT
2022-03-09,278.4846496582031,288.5,289.6000061035156,280.7799987792969,283.44000244140625,35204500,MSFT
2022-03-10,275.6756896972656,285.5899963378906,286.6000061035156,280.5799865722656,283.0199890136719,30628000,MSFT
2022-03-11,270.3473815917969,280.07000732421875,289.510009765625,279.42999267578125,287.9599914550781,27209300,MSFT
2022-03-14,266.8433532714844,276.44000244140625,285.3999938964844,275.82000732421875,280.3399963378906,30660700,MSFT
2022-03-15,277.18157958984375,287.1499938964844,287.82000732421875,278.7300109863281,280.3500061035156,34245100,MSFT
2022-03-16,284.1702880859375,294.3900146484375,294.57000732421875,283.20001220703125,289.1099853515625,37826300,MSFT
2022-03-17,284.9714660644531,295.2200012207031,295.6099853515625,289.3699951171875,293.2900085449219,30816600,MSFT
2022-03-18,290.0005187988281,300.42999267578125,301.0,292.7300109863281,295.3699951171875,43390600,MSFT
2022-03-21,288.774658203125,299.1600036621094,300.1400146484375,294.8999938964844,298.8900146484375,28351200,MSFT
2022-03-22,293.5045166015625,304.05999755859375,305.0,298.7699890136719,299.79998779296875,27599700,MSFT
2022-03-23,289.0931701660156,299.489990234375,303.2300109863281,297.7200012207031,300.510009765625,25715400,MSFT
2022-03-24,293.54315185546875,304.1000061035156,304.20001220703125,298.32000732421875,299.1400146484375,24484500,MSFT
2022-03-25,293.13775634765625,303.67999267578125,305.5,299.2900085449219,305.2300109863281,22566500,MSFT
2022-03-28,299.9140930175781,310.70001220703125,310.79998779296875,304.3299865722656,304.3299865722656,29578200,MSFT
2022-03-29,304.46051025390625,315.4100036621094,315.82000732421875,309.04998779296875,313.9100036621094,30393400,MSFT
2022-03-30,302.9642639160156,313.8599853515625,315.95001220703125,311.5799865722656,313.760009765625,28163600,MSFT
2022-03-31,297.6070251464844,308.30999755859375,315.1400146484375,307.8900146484375,313.8999938964844,33422100,MSFT
2022-04-01,298.678466796875,309.4200134277344,310.1300048828125,305.5400085449219,309.3699951171875,27110500,MSFT
2022-04-04,304.0357666015625,314.9700012207031,315.1099853515625,309.7099914550781,310.0899963378906,24289600,MSFT
2022-04-05,300.0877685546875,310.8800048828125,314.8699951171875,309.8699951171875,313.2699890136719,23156700,MSFT
2022-04-06,289.1028747558594,299.5,307.0,296.7099914550781,305.19000244140625,40110400,MSFT
2022-04-07,290.9079284667969,301.3699951171875,303.6499938964844,296.3500061035156,296.6600036621094,31411200,MSFT
2022-04-08,286.6606750488281,296.9700012207031,301.1199951171875,296.2799987792969,300.44000244140625,24361900,MSFT
2022-04-11,275.357177734375,285.260009765625,292.6099853515625,285.0,291.7900085449219,34569300,MSFT
2022-04-12,272.26824951171875,282.05999755859375,290.739990234375,280.489990234375,289.239990234375,30966700,MSFT
2022-04-13,277.6352233886719,287.6199951171875,288.5799865722656,281.29998779296875,282.7300109863281,21907200,MSFT
2022-04-14,270.1156921386719,279.8299865722656,288.30999755859375,279.32000732421875,288.0899963378906,28221600,MSFT
2022-04-18,270.7817077636719,280.5199890136719,282.4599914550781,278.3399963378906,278.9100036621094,20778000,MSFT
2022-04-19,275.3957824707031,285.29998779296875,286.1700134277344,278.4100036621094,279.3800048828125,22297700,MSFT
2022-04-20,276.4189453125,286.3599853515625,289.70001220703125,285.3699951171875,289.3999938964844,22906700,MSFT
2022-04-21,271.0616760253906,280.80999755859375,293.29998779296875,280.05999755859375,288.5799865722656,29454600,MSFT
2022-04-22,264.51702880859375,274.0299987792969,283.20001220703125,273.3800048828125,281.67999267578125,29405800,MSFT
2022-04-25,270.9748229980469,280.7200012207031,281.1099853515625,270.7699890136719,273.2900085449219,35678900,MSFT
2022-04-26,260.8392639160156,270.2200012207031,278.3599853515625,270.0,277.5,46518400,MSFT
2022-04-27,273.3880310058594,283.2200012207031,290.9700012207031,279.1600036621094,282.1000061035156,63477700,MSFT
2022-04-28,279.575439453125,289.6300048828125,290.9800109863281,281.4599914550781,285.19000244140625,33646600,MSFT
2022-04-29,267.8858642578125,277.5199890136719,289.8800048828125,276.5,288.6099853515625,37073900,MSFT
2022-05-02,274.5946044921875,284.4700012207031,284.94000244140625,276.2200012207031,277.7099914550781,35151100,MSFT
2022-05-03,271.9979553222656,281.7799987792969,284.1300048828125,280.1499938964844,283.9599914550781,25978600,MSFT
2022-05-04,279.9133605957031,289.9800109863281,290.8800048828125,276.7300109863281,282.5899963378906,33599300,MSFT
2022-05-05,267.7217712402344,277.3500061035156,286.3500061035156,274.3399963378906,285.5400085449219,43260400,MSFT
2022-05-06,265.1927185058594,274.7300109863281,279.25,271.2699890136719,274.80999755859375,37780300,MSFT
2022-05-09,255.39508056640625,264.5799865722656,272.3599853515625,263.32000732421875,270.05999755859375,47726000,MSFT
2022-05-10,260.1443176269531,269.5,273.75,265.07000732421875,271.69000244140625,39336400,MSFT
2022-05-11,251.50502014160156,260.54998779296875,271.3599853515625,259.29998779296875,265.67999267578125,48975900,MSFT
2022-05-12,246.48553466796875,255.35000610351562,259.8800048828125,250.02000427246094,257.69000244140625,51033800,MSFT
2022-05-13,252.05517578125,261.1199951171875,263.0400085449219,255.35000610351562,257.3500061035156,34925100,MSFT
2022-05-16,252.4219512939453,261.5,265.82000732421875,255.77999877929688,259.9599914550781,32550900,MSFT
2022-05-17,257.5574035644531,266.82000732421875,268.3299865722656,262.4599914550781,266.1099853515625,28828800,MSFT
2022-05-18,245.83079528808594,254.0800018310547,263.6000061035156,252.77000427246094,263.0,31356000,MSFT
2022-05-19,244.92137145996094,253.13999938964844,257.6700134277344,251.8800048828125,253.89999389648438,32692300,MSFT
2022-05-20,244.36016845703125,252.55999755859375,258.5400085449219,246.44000244140625,257.239990234375,39199300,MSFT
2022-05-23,252.1875457763672,260.6499938964844,261.5,253.42999267578125,255.49000549316406,33175400,MSFT
2022-05-24,251.19094848632812,259.6199951171875,261.3299865722656,253.5,257.8900146484375,29043900,MSFT
2022-05-25,253.9967498779297,262.5199890136719,264.5799865722656,257.1300048828125,258.1400146484375,28547900,MSFT
2022-05-26,257.2670593261719,265.8999938964844,267.1099853515625,261.42999267578125,262.2699890136719,25002100,MSFT
2022-05-27,264.3686828613281,273.239990234375,273.3399963378906,267.55999755859375,268.4800109863281,26910800,MSFT
2022-05-31,263.0432434082031,271.8699951171875,274.7699890136719,268.92999267578125,272.5299987792969,37827700,MSFT
2022-06-01,263.575439453125,272.4200134277344,277.69000244140625,270.0400085449219,275.20001220703125,25292200,MSFT
2022-06-02,265.6652526855469,274.5799865722656,274.6499938964844,261.6000061035156,264.45001220703125,44008200,MSFT
2022-06-03,261.2533264160156,270.0199890136719,273.45001220703125,268.4100036621094,270.30999755859375,28059000,MSFT
2022-06-06,260.0245361328125,268.75,274.17999267578125,267.2200012207031,272.05999755859375,22400300,MSFT
2022-06-07,263.65283203125,272.5,273.1300048828125,265.94000244140625,266.6400146484375,22860700,MSFT
2022-06-08,261.63067626953125,270.4100036621094,273.0,269.6099853515625,271.7099914550781,17372300,MSFT
2022-06-09,256.193115234375,264.7900085449219,272.7099914550781,264.6300048828125,267.7799987792969,26439700,MSFT
2022-06-10,244.7762451171875,252.99000549316406,260.5799865722656,252.52999877929688,260.5799865722656,31422800,MSFT
2022-06-13,234.3945770263672,242.25999450683594,249.02000427246094,241.52999877929688,245.11000061035156,46135800,MSFT
2022-06-14,236.5521697998047,244.49000549316406,245.74000549316406,241.50999450683594,243.86000061035156,28651500,MSFT
2022-06-15,243.58616638183594,251.75999450683594,255.3000030517578,246.4199981689453,248.30999755859375,33111700,MSFT
2022-06-16,237.0166015625,244.97000122070312,247.4199981689453,243.02000427246094,245.97999572753906,33169200,MSFT
2022-06-17,239.60958862304688,247.64999389648438,250.5,244.02999877929688,244.6999969482422,43084800,MSFT
2022-06-21,245.50184631347656,253.74000549316406,254.75,249.50999450683594,250.25999450683594,29928300,MSFT
2022-06-22,244.9116668701172,253.1300048828125,257.1700134277344,250.3699951171875,251.88999938964844,25939900,MSFT
2022-06-23,250.4556121826172,258.8599853515625,259.3699951171875,253.6300048828125,255.57000732421875,25861400,MSFT
2022-06-24,259.0086669921875,267.70001220703125,267.9800109863281,261.7200012207031,261.80999755859375,33923200,MSFT
2022-06-27,256.2898254394531,264.8900146484375,268.29998779296875,263.2799987792969,268.2099914550781,24615100,MSFT
2022-06-28,248.15292358398438,256.4800109863281,266.9100036621094,256.32000732421875,263.9800109863281,27295500,MSFT
2022-06-29,251.81015014648438,260.260009765625,261.9700012207031,255.75999450683594,257.5899963378906,20069800,MSFT
2022-06-30,248.49156188964844,256.8299865722656,259.5299987792969,252.89999389648438,257.04998779296875,31730900,MSFT
2022-07-01,251.1522216796875,259.5799865722656,259.7699890136719,254.61000061035156,256.3900146484375,22837700,MSFT
2022-07-05,254.31617736816406,262.8500061035156,262.9800109863281,254.74000549316406,256.1600036621094,22941000,MSFT
2022-07-06,257.5669860839844,266.2099914550781,267.989990234375,262.3999938964844,263.75,23824400,MSFT
2022-07-07,259.6858825683594,268.3999938964844,269.05999755859375,265.0199890136719,265.1199951171875,20859900,MSFT
2022-07-08,258.9699401855469,267.6600036621094,268.1000061035156,263.2900085449219,264.7900085449219,19658800,MSFT
2022-07-11,255.92218017578125,264.510009765625,266.5299987792969,262.17999267578125,265.6499938964844,19455200,MSFT
2022-07-12,245.43411254882812,253.6699981689453,265.94000244140625,252.0399932861328,265.8800048828125,35868500,MSFT
2022-07-13,244.51498413085938,252.72000122070312,253.5500030517578,248.11000061035156,250.19000244140625,29497400,MSFT
2022-07-14,245.83079528808594,254.0800018310547,255.13999938964844,245.94000244140625,250.57000732421875,25102800,MSFT
2022-07-15,248.38510131835938,256.7200012207031,260.3699951171875,254.77000427246094,255.72000122070312,29774100,MSFT
2022-07-18,245.99530029296875,254.25,260.8399963378906,253.3000030517578,259.75,20975000,MSFT
2022-07-19,251.1038818359375,259.5299987792969,259.7200012207031,253.67999267578125,257.5799865722656,25012600,MSFT
2022-07-20,253.75494384765625,262.2699890136719,264.8699951171875,258.9100036621094,259.8999938964844,22788300,MSFT
2022-07-21,256.2414855957031,264.8399963378906,264.8900146484375,257.0299987792969,259.7900085449219,22404700,MSFT
2022-07-22,251.9069366455078,260.3599853515625,265.3299865722656,259.07000732421875,265.239990234375,21881300,MSFT
2022-07-25,250.42662048339844,258.8299865722656,261.5,256.80999755859375,261.0,21056000,MSFT
2022-07-26,243.7216033935547,251.89999389648438,259.8800048828125,249.57000732421875,259.8599853515625,39348000,MSFT
2022-07-27,260.014892578125,268.739990234375,270.04998779296875,258.8500061035156,261.1600036621094,45994000,MSFT
2022-07-28,267.43585205078125,276.4100036621094,277.8399963378906,267.8699951171875,269.75,33459300,MSFT
2022-07-29,271.6252746582031,280.739990234375,282.0,276.6300048828125,277.70001220703125,32152800,MSFT
2022-08-01,268.98394775390625,278.010009765625,281.2799987792969,275.8399963378906,277.82000732421875,21539600,MSFT
2022-08-02,265.8974609375,274.82000732421875,277.8900146484375,272.3800048828125,276.0,22754200,MSFT
2022-08-03,273.299072265625,282.4700012207031,283.5,276.6099853515625,276.760009765625,23518900,MSFT
2022-08-04,274.4407043457031,283.6499938964844,283.79998779296875,280.1700134277344,281.79998779296875,18098700,MSFT
2022-08-05,273.7248229980469,282.9100036621094,283.6499938964844,278.67999267578125,279.1499938964844,16774600,MSFT
2022-08-08,271.21893310546875,280.32000732421875,285.9200134277344,279.32000732421875,284.04998779296875,18739200,MSFT
2022-08-09,273.1346130371094,282.29998779296875,283.0799865722656,277.6099853515625,279.6400146484375,23405200,MSFT
2022-08-10,279.7718811035156,289.1600036621094,289.80999755859375,286.94000244140625,288.1700134277344,24687800,MSFT
2022-08-11,277.7013854980469,287.0199890136719,291.2099914550781,286.510009765625,290.8500061035156,20065900,MSFT
2022-08-12,282.4326477050781,291.9100036621094,291.9100036621094,286.94000244140625,288.4800109863281,22619700,MSFT
2022-08-15,283.94195556640625,293.4700012207031,294.17999267578125,290.1099853515625,291.0,18085700,MSFT
2022-08-16,283.2066650390625,292.7099914550781,294.0400085449219,290.4200134277344,291.989990234375,18102900,MSFT
2022-08-17,282.46002197265625,291.32000732421875,293.3500061035156,289.4700012207031,289.739990234375,18253400,MSFT
2022-08-18,281.3450622558594,290.1700134277344,291.9100036621094,289.0799865722656,290.19000244140625,17186200,MSFT
2022-08-19,277.447265625,286.1499938964844,289.25,285.55999755859375,288.8999938964844,20570000,MSFT
2022-08-22,269.302734375,277.75,282.4599914550781,277.2200012207031,282.0799865722656,25061100,MSFT
2022-08-23,268.03253173828125,276.44000244140625,278.8599853515625,275.3999938964844,276.44000244140625,17527400,MSFT
2022-08-24,267.4023742675781,275.7900085449219,277.2300109863281,275.1099853515625,275.4100036621094,18137000,MSFT
2022-08-25,270.36920166015625,278.8500061035156,279.0199890136719,274.5199890136719,277.3299865722656,16583400,MSFT
2022-08-26,259.9364929199219,268.0899963378906,280.3399963378906,267.9800109863281,279.0799865722656,27549300,MSFT
2022-08-29,257.16351318359375,265.2300109863281,267.3999938964844,263.8500061035156,265.8500061035156,20338500,MSFT
2022-08-30,254.97225952148438,262.9700012207031,267.04998779296875,260.6600036621094,266.6700134277344,22767100,MSFT
2022-08-31,253.51791381835938,261.4700012207031,267.1099853515625,261.3299865722656,265.3900146484375,24791800,MSFT
2022-09-01,252.48037719726562,260.3999938964844,260.8900146484375,255.41000366210938,258.8699951171875,23263400,MSFT
2022-09-02,248.2723846435547,256.05999755859375,264.739990234375,254.47000122070312,261.70001220703125,22855400,MSFT
2022-09-06,245.54786682128906,253.25,257.8299865722656,251.94000244140625,256.20001220703125,21328200,MSFT
2022-09-07,250.2406463623047,258.0899963378906,258.8299865722656,253.22000122070312,254.6999969482422,24126700,MSFT
2022-09-08,250.65757751464844,258.5199890136719,260.42999267578125,254.7899932861328,257.510009765625,20319900,MSFT
2022-09-09,256.4169616699219,264.4599914550781,265.2300109863281,260.2900085449219,260.5,22084700,MSFT
2022-09-12,258.54034423828125,266.6499938964844,267.45001220703125,265.1600036621094,265.7799987792969,18747700,MSFT
2022-09-13,244.326171875,251.99000549316406,260.3999938964844,251.58999633789062,258.8399963378906,33353300,MSFT
2022-09-14,244.5491943359375,252.22000122070312,254.22999572753906,249.86000061035156,253.52999877929688,23913000,MSFT
2022-09-15,237.91720581054688,245.3800048828125,251.39999389648438,244.02000427246094,249.77000427246094,31530900,MSFT
2022-09-16,237.29666137695312,244.74000549316406,245.3000030517578,242.05999755859375,244.25999450683594,39791800,MSFT
2022-09-19,237.08340454101562,244.52000427246094,245.13999938964844,240.85000610351562,242.47000122070312,26826900,MSFT
2022-09-20,235.0763397216797,242.4499969482422,243.50999450683594,239.63999938964844,242.07000732421875,26660300,MSFT
2022-09-21,231.68275451660156,238.9499969482422,247.66000366210938,238.89999389648438,244.27000427246094,28625600,MSFT
2022-09-22,233.6510467529297,240.97999572753906,243.86000061035156,237.57000732421875,237.8699951171875,31061200,MSFT
2022-09-23,230.68409729003906,237.9199981689453,241.1300048828125,235.1999969482422,239.5399932861328,34176000,MSFT
2022-09-26,230.22837829589844,237.4499969482422,241.4499969482422,236.89999389648438,237.0500030517578,27694200,MSFT
2022-09-27,229.22003173828125,236.41000366210938,241.8000030517578,234.5,239.97999572753906,27018700,MSFT
2022-09-28,233.73829650878906,241.07000732421875,242.3300018310547,234.72999572753906,236.80999755859375,29029700,MSFT
2022-09-29,230.27688598632812,237.5,239.9499969482422,234.41000366210938,238.88999938964844,27484200,MSFT
2022-09-30,225.8167724609375,232.89999389648438,240.5399932861328,232.72999572753906,238.2899932861328,35694800,MSFT
2022-10-03,233.4183349609375,240.74000549316406,241.61000061035156,234.66000366210938,235.41000366210938,28880400,MSFT
2022-10-04,241.310791015625,248.8800048828125,250.36000061035156,244.97999572753906,245.08999633789062,34888400,MSFT
2022-10-05,241.6210174560547,249.1999969482422,250.5800018310547,244.10000610351562,245.99000549316406,20347100,MSFT
2022-10-06,239.2843475341797,246.7899932861328,250.33999633789062,246.0800018310547,247.92999267578125,20239900,MSFT
2022-10-07,227.1160430908203,234.24000549316406,241.32000732421875,233.1699981689453,240.89999389648438,37769600,MSFT
2022-10-10,222.2777862548828,229.25,234.55999755859375,226.72999572753906,233.0500030517578,29743600,MSFT
2022-10-11,218.55458068847656,225.41000366210938,229.05999755859375,224.11000061035156,227.6199951171875,30474000,MSFT
2022-10-12,218.8842315673828,225.75,227.86000061035156,223.9600067138672,225.39999389648438,21903900,MSFT
2022-10-13,227.1160430908203,234.24000549316406,236.10000610351562,219.1300048828125,219.85000610351562,42551800,MSFT
2022-10-14,221.6087646484375,228.55999755859375,237.24000549316406,228.33999633789062,235.5399932861328,30198600,MSFT
2022-10-17,230.3059844970703,237.52999877929688,238.9600067138672,235.13999938964844,235.82000732421875,28142300,MSFT
2022-10-18,231.2464599609375,238.5,243.92999267578125,235.3699951171875,243.24000549316406,26329600,MSFT
2022-10-19,229.2879180908203,236.47999572753906,239.61000061035156,234.2899932861328,237.0399932861328,19985700,MSFT
2022-10-20,228.96795654296875,236.14999389648438,241.30999755859375,234.8699951171875,235.77000427246094,21811000,MSFT
2022-10-21,234.75637817382812,242.1199951171875,243.0,234.5,234.74000549316406,26299700,MSFT
2022-10-24,239.73036193847656,247.25,247.83999633789062,241.3000030517578,243.75999450683594,24911200,MSFT
2022-10-25,243.0366668701172,250.66000366210938,251.0399932861328,245.8300018310547,247.25999450683594,34775500,MSFT
2022-10-26,224.28485107421875,231.32000732421875,238.3000030517578,230.05999755859375,231.1699981689453,82543200,MSFT
2022-10-27,219.85382080078125,226.75,233.69000244140625,225.77999877929688,231.0399932861328,40424600,MSFT
2022-10-28,228.6964111328125,235.8699951171875,236.60000610351562,226.0500030517578,226.24000549316406,40647700,MSFT
2022-10-31,225.0701904296875,232.1300048828125,234.9199981689453,231.14999389648438,233.75999450683594,28357300,MSFT
2022-11-01,221.23062133789062,228.1699981689453,235.74000549316406,227.3300018310547,234.60000610351562,30592300,MSFT
2022-11-02,213.4060821533203,220.10000610351562,231.3000030517578,220.0399932861328,229.4600067138672,38407000,MSFT
2022-11-03,207.7340087890625,214.25,220.41000366210938,213.97999572753906,220.08999633789062,36633900,MSFT
2022-11-04,214.65684509277344,221.38999938964844,221.58999633789062,213.42999267578125,217.5500030517578,36789100,MSFT
2022-11-07,220.9397430419922,227.8699951171875,228.41000366210938,221.27999877929688,221.99000549316406,33498000,MSFT
2022-11-08,221.90933227539062,228.8699951171875,231.64999389648438,225.83999633789062,228.6999969482422,28192500,MSFT
2022-11-09,217.68190002441406,224.50999450683594,228.6300048828125,224.3300018310547,227.3699951171875,27852900,MSFT
2022-11-10,235.5902099609375,242.97999572753906,243.3300018310547,235.0,235.42999267578125,46268000,MSFT
2022-11-11,239.59458923339844,247.11000061035156,247.99000549316406,241.92999267578125,242.99000549316406,34620200,MSFT
2022-11-14,234.2036895751953,241.5500030517578,243.91000366210938,239.2100067138672,241.99000549316406,31123300,MSFT
2022-11-15,234.61093139648438,241.97000122070312,247.0,240.02999877929688,245.66000366210938,31390100,MSFT
2022-11-16,235.0387420654297,241.72999572753906,243.8000030517578,240.4199981689453,242.7899932861328,24093300,MSFT
2022-11-17,234.9901123046875,241.67999267578125,243.25,237.6300048828125,237.77999877929688,23123500,MSFT
2022-11-18,234.5428924560547,241.22000122070312,243.74000549316406,239.02999877929688,243.50999450683594,27613500,MSFT
2022-11-21,235.34988403320312,242.0500030517578,244.6699981689453,241.19000244140625,241.42999267578125,26394700,MSFT
2022-11-22,238.2473907470703,245.02999877929688,245.30999755859375,240.7100067138672,243.58999633789062,19665700,MSFT
2022-11-23,240.726806640625,247.5800018310547,248.27999877929688,244.27000427246094,245.11000061035156,19508500,MSFT
2022-11-25,240.63931274414062,247.49000549316406,248.6999969482422,246.72999572753906,247.30999755859375,9200800,MSFT
2022-11-28,235.0679168701172,241.75999450683594,246.64999389648438,240.8000030517578,246.0800018310547,24778200,MSFT
2022-11-29,233.67750549316406,240.3300018310547,242.7899932861328,238.2100067138672,241.39999389648438,17956300,MSFT
2022-11-30,248.0775146484375,255.13999938964844,255.3300018310547,239.86000061035156,240.57000732421875,47594200,MSFT
2022-12-01,247.63999938964844,254.69000244140625,256.1199951171875,250.9199981689453,253.8699951171875,26041500,MSFT
2022-12-02,247.96090698242188,255.02000427246094,256.05999755859375,249.69000244140625,249.82000732421875,21528500,MSFT
2022-12-05,243.2742919921875,250.1999969482422,253.82000732421875,248.05999755859375,252.00999450683594,23435300,MSFT
2022-12-06,238.33489990234375,245.1199951171875,251.86000061035156,243.77999877929688,250.82000732421875,22463700,MSFT
2022-12-07,237.6056365966797,244.3699951171875,246.16000366210938,242.2100067138672,244.8300018310547,20481500,MSFT
2022-12-08,240.55178833007812,247.39999389648438,248.74000549316406,243.05999755859375,244.83999633789062,22611800,MSFT
2022-12-09,238.6265869140625,245.4199981689453,248.30999755859375,244.16000366210938,244.6999969482422,20609700,MSFT
2022-12-12,245.52035522460938,252.50999450683594,252.5399932861328,247.1699981689453,247.4499969482422,30665100,MSFT
2022-12-13,249.8082733154297,256.9200134277344,263.9200134277344,253.07000732421875,261.69000244140625,42196900,MSFT
2022-12-14,250.10000610351562,257.2200012207031,262.5899963378906,254.30999755859375,257.1300048828125,35410900,MSFT
2022-12-15,242.11721801757812,249.00999450683594,254.1999969482422,247.33999633789062,253.72000122070312,35560400,MSFT
2022-12-16,237.9168243408203,244.69000244140625,249.83999633789062,243.50999450683594,248.5500030517578,86102000,MSFT
2022-12-19,233.794189453125,240.4499969482422,245.2100067138672,238.7100067138672,244.86000061035156,29696400,MSFT
2022-12-20,235.10678100585938,241.8000030517578,242.91000366210938,238.4199981689453,239.39999389648438,25150800,MSFT
2022-12-21,237.66397094726562,244.42999267578125,245.6199951171875,240.11000061035156,241.69000244140625,23690600,MSFT
2022-12-22,231.59671020507812,238.19000244140625,241.99000549316406,233.8699951171875,241.25999450683594,28651700,MSFT
2022-12-23,232.12176513671875,238.72999572753906,238.8699951171875,233.94000244140625,236.11000061035156,21207000,MSFT
2022-12-27,230.4007568359375,236.9600067138672,238.92999267578125,235.8300018310547,238.6999969482422,16688600,MSFT
2022-12-28,228.03805541992188,234.52999877929688,239.72000122070312,234.1699981689453,236.88999938964844,17457100,MSFT
2022-12-29,234.33865356445312,241.00999450683594,241.9199981689453,235.64999389648438,235.64999389648438,19770700,MSFT
2022-12-30,233.18162536621094,239.82000732421875,239.9600067138672,236.66000366210938,238.2100067138672,21938500,MSFT
2023-01-03,232.9482879638672,239.5800018310547,245.75,237.39999389648438,243.0800018310547,25740000,MSFT
2023-01-04,222.7583465576172,229.10000610351562,232.8699951171875,225.9600067138672,232.27999877929688,50623400,MSFT
2023-01-05,216.1563262939453,222.30999755859375,227.5500030517578,221.75999450683594,227.1999969482422,39585600,MSFT
2023-01-06,218.70375061035156,224.92999267578125,225.75999450683594,219.35000610351562,223.0,43613600,MSFT
2023-01-09,220.83316040039062,227.1199951171875,231.24000549316406,226.41000366210938,226.4499969482422,27369800,MSFT
2023-01-10,222.5152587890625,228.85000610351562,231.30999755859375,227.3300018310547,227.75999450683594,27033900,MSFT
2023-01-11,229.24371337890625,235.77000427246094,235.9499969482422,231.11000061035156,231.2899932861328,28669300,MSFT
2023-01-12,231.9078826904297,238.50999450683594,239.89999389648438,233.55999755859375,235.25999450683594,27269500,MSFT
2023-01-13,232.60791015625,239.22999572753906,239.3699951171875,234.9199981689453,237.0,21333300,MSFT
2023-01-17,233.69692993164062,240.35000610351562,240.91000366210938,237.08999633789062,237.97000122070312,29831300,MSFT
2023-01-18,229.28262329101562,235.80999755859375,242.3800048828125,235.52000427246094,241.57000732421875,30028700,MSFT
2023-01-19,225.510009765625,231.92999267578125,235.52000427246094,230.67999267578125,233.77999877929688,28623000,MSFT
2023-01-20,233.570556640625,240.22000122070312,240.74000549316406,234.50999450683594,234.86000061035156,35389800,MSFT
2023-01-23,235.86517333984375,242.5800018310547,245.1699981689453,239.64999389648438,241.10000610351562,31934000,MSFT
2023-01-24,235.3401336669922,242.0399932861328,243.9499969482422,240.44000244140625,242.5,40234400,MSFT
2023-01-25,233.94973754882812,240.61000061035156,243.3000030517578,230.89999389648438,234.47999572753906,66526600,MSFT
2023-01-26,241.13516235351562,248.0,248.30999755859375,242.0,243.64999389648438,33454500,MSFT
2023-01-27,241.29078674316406,248.16000366210938,249.8300018310547,246.8300018310547,248.99000549316406,26498900,MSFT
2023-01-30,235.99163818359375,242.7100067138672,245.60000610351562,242.1999969482422,244.50999450683594,25867400,MSFT
2023-01-31,240.95045471191406,247.80999755859375,247.9499969482422,242.9499969482422,243.4499969482422,26541100,MSFT
2023-02-01,245.7537078857422,252.75,255.17999267578125,245.47000122070312,248.0,31259900,MSFT
2023-02-02,257.27569580078125,264.6000061035156,264.69000244140625,257.25,258.82000732421875,39940400,MSFT
2023-02-03,251.19873046875,258.3500061035156,264.20001220703125,257.1000061035156,259.5400085449219,29077300,MSFT
2023-02-06,249.66238403320312,256.7699890136719,258.29998779296875,254.77999877929688,257.44000244140625,22518000,MSFT
2023-02-07,260.15374755859375,267.55999755859375,268.7699890136719,260.0799865722656,260.5299987792969,50841400,MSFT
2023-02-08,259.3467102050781,266.7300109863281,276.760009765625,266.2099914550781,273.20001220703125,54686000,MSFT
2023-02-09,256.3227844238281,263.6199951171875,273.9800109863281,262.79998779296875,273.79998779296875,42375100,MSFT
2023-02-10,255.81716918945312,263.1000061035156,264.0899963378906,260.6600036621094,261.5299987792969,25818500,MSFT
2023-02-13,263.8096923828125,271.32000732421875,274.6000061035156,267.1499938964844,267.6400146484375,44630900,MSFT
2023-02-14,264.6361389160156,272.1700134277344,274.9700012207031,269.2799987792969,272.6700134277344,37047900,MSFT
2023-02-15,262.52093505859375,269.32000732421875,270.7300109863281,266.17999267578125,268.32000732421875,28922400,MSFT
2023-02-16,255.5319366455078,262.1499938964844,266.739990234375,261.8999938964844,264.0199890136719,29603600,MSFT
2023-02-17,251.54518127441406,258.05999755859375,260.0899963378906,256.0,259.3900146484375,30000100,MSFT
2023-02-21,246.29127502441406,252.6699981689453,255.49000549316406,251.58999633789062,254.47999572753906,28397400,MSFT
2023-02-22,245.16055297851562,251.50999450683594,254.33999633789062,250.33999633789062,254.08999633789062,22491100,MSFT
2023-02-23,248.33827209472656,254.77000427246094,256.8399963378906,250.47999572753906,255.55999755859375,29219100,MSFT
2023-02-24,242.9283447265625,249.22000122070312,251.0,248.10000610351562,249.9600067138672,24990900,MSFT
2023-02-27,243.84461975097656,250.16000366210938,252.82000732421875,249.38999938964844,252.4600067138672,21190000,MSFT
2023-02-28,243.12332153320312,249.4199981689453,251.49000549316406,248.72999572753906,249.07000732421875,22491000,MSFT
2023-03-01,240.05284118652344,246.27000427246094,250.92999267578125,245.7899932861328,250.75999450683594,27565300,MSFT
2023-03-02,244.77066040039062,251.11000061035156,251.39999389648438,245.61000061035156,246.5500030517578,24808200,MSFT
2023-03-03,248.8451385498047,255.2899932861328,255.6199951171875,251.38999938964844,252.19000244140625,30760100,MSFT
2023-03-06,250.38522338867188,256.8699951171875,260.1199951171875,255.97999572753906,256.42999267578125,24109800,MSFT
2023-03-07,247.73387145996094,254.14999389648438,257.69000244140625,253.38999938964844,256.29998779296875,21473200,MSFT
2023-03-08,247.29525756835938,253.6999969482422,254.5399932861328,250.80999755859375,254.0399932861328,17340200,MSFT
2023-03-09,245.95008850097656,252.32000732421875,259.55999755859375,251.5800018310547,255.82000732421875,26653400,MSFT
2023-03-10,242.31427001953125,248.58999633789062,252.7899932861328,247.60000610351562,251.0800018310547,28333900,MSFT
2023-03-13,247.50973510742188,253.9199981689453,257.9100036621094,245.72999572753906,247.39999389648438,33339700,MSFT
2023-03-14,254.206298828125,260.7900085449219,261.07000732421875,255.86000061035156,256.75,33620300,MSFT
2023-03-15,258.7388610839844,265.44000244140625,266.4800109863281,259.2099914550781,259.9800109863281,46028000,MSFT
2023-03-16,269.22723388671875,276.20001220703125,276.55999755859375,263.2799987792969,265.2099914550781,54768800,MSFT
2023-03-17,272.37567138671875,279.42999267578125,283.3299865722656,276.32000732421875,278.260009765625,69527400,MSFT
2023-03-20,265.35748291015625,272.2300109863281,277.4800109863281,269.8500061035156,276.9800109863281,43466600,MSFT
2023-03-21,266.86834716796875,273.7799987792969,275.0,269.5199890136719,274.8800048828125,34558700,MSFT
2023-03-22,265.41595458984375,272.2900085449219,281.0400085449219,272.17999267578125,273.3999938964844,34873300,MSFT
2023-03-23,270.6504211425781,277.6600036621094,281.05999755859375,275.20001220703125,277.94000244140625,36610900,MSFT
2023-03-24,273.4869079589844,280.57000732421875,280.6300048828125,275.2799987792969,277.239990234375,28172000,MSFT
2023-03-27,269.40277099609375,276.3800048828125,281.4599914550781,275.5199890136719,280.5,26840200,MSFT
2023-03-28,268.2817687988281,275.2300109863281,276.1400146484375,272.04998779296875,275.7900085449219,21878600,MSFT
2023-03-29,273.428466796875,280.510009765625,281.1400146484375,278.4100036621094,278.9599914550781,25087000,MSFT
2023-03-30,276.87908935546875,284.04998779296875,284.4599914550781,281.4800109863281,284.2300109863281,25053400,MSFT
2023-03-31,281.0217590332031,288.29998779296875,289.2699890136719,283.0,283.7300109863281,32766000,MSFT
2023-04-03,279.9787902832031,287.2300109863281,288.2699890136719,283.95001220703125,286.5199890136719,24883300,MSFT
2023-04-04,279.9300842285156,287.17999267578125,290.45001220703125,285.6700134277344,287.2300109863281,25824300,MSFT
2023-04-05,277.16180419921875,284.3399963378906,287.1499938964844,282.9200134277344,285.8500061035156,22064800,MSFT
2023-04-06,284.2384948730469,291.6000061035156,292.0799865722656,282.0299987792969,283.2099914550781,29770300,MSFT
2023-04-10,282.0842590332031,289.3900146484375,289.6000061035156,284.7099914550781,289.2099914550781,23103000,MSFT
2023-04-11,275.68988037109375,282.8299865722656,285.9800109863281,281.6400146484375,285.75,27276600,MSFT
2023-04-12,276.333251953125,283.489990234375,287.010009765625,281.9599914550781,284.7900085449219,27403400,MSFT
2023-04-13,282.5228576660156,289.8399963378906,289.8999938964844,283.1700134277344,283.5899963378906,24222700,MSFT
2023-04-14,278.916259765625,286.1400146484375,288.4800109863281,283.69000244140625,287.0,20987900,MSFT
2023-04-17,281.5091552734375,288.79998779296875,291.6000061035156,286.1600036621094,289.92999267578125,23836200,MSFT
2023-04-18,281.0899658203125,288.3699951171875,291.760009765625,287.010009765625,291.57000732421875,20161800,MSFT
2023-04-19,281.16796875,288.45001220703125,289.04998779296875,284.5400085449219,285.989990234375,17150300,MSFT
2023-04-20,278.8869323730469,286.1099853515625,289.0299987792969,285.0799865722656,285.25,23244400,MSFT
2023-04-21,278.5459289550781,285.760009765625,286.2699890136719,283.05999755859375,285.010009765625,21676400,MSFT
2023-04-24,274.6566162109375,281.7699890136719,284.95001220703125,278.7200012207031,282.0899963378906,26611000,MSFT
2023-04-25,268.46697998046875,275.4200134277344,281.6000061035156,275.3699951171875,279.510009765625,45772200,MSFT
2023-04-26,287.91326904296875,295.3699951171875,299.57000732421875,292.7300109863281,296.70001220703125,64599200,MSFT
2023-04-27,297.1344909667969,304.8299865722656,305.20001220703125,295.25,295.9700012207031,46462600,MSFT
2023-04-28,299.50311279296875,307.260009765625,308.92999267578125,303.30999755859375,304.010009765625,36469600,MSFT
2023-05-01,297.8460388183594,305.55999755859375,308.6000061035156,305.1499938964844,306.9700012207031,21294100,MSFT
2023-05-02,297.6998596191406,305.4100036621094,309.17999267578125,303.9100036621094,307.760009765625,26404400,MSFT
2023-05-03,296.71533203125,304.3999938964844,308.6099853515625,304.0899963378906,306.6199951171875,22360800,MSFT
2023-05-04,297.6998596191406,305.4100036621094,307.760009765625,303.3999938964844,306.239990234375,22519900,MSFT
2023-05-05,302.80755615234375,310.6499938964844,311.9700012207031,304.2699890136719,305.7200012207031,28197100,MSFT
2023-05-08,300.85809326171875,308.6499938964844,310.20001220703125,306.0899963378906,310.1300048828125,21318600,MSFT
2023-05-09,299.2496643066406,307.0,310.0400085449219,306.30999755859375,308.0,21340800,MSFT
2023-05-10,304.42559814453125,312.30999755859375,313.0,307.6700134277344,308.6199951171875,30078000,MSFT
2023-05-11,302.2811279296875,310.1099853515625,311.1199951171875,306.260009765625,310.1000061035156,31680200,MSFT
2023-05-12,301.169921875,308.9700012207031,310.6499938964844,306.6000061035156,310.54998779296875,19774700,MSFT
2023-05-15,301.6475830078125,309.4599914550781,309.8999938964844,307.5899963378906,309.1000061035156,16336500,MSFT
2023-05-16,303.8699951171875,311.739990234375,313.7099914550781,309.8299865722656,309.8299865722656,26730300,MSFT
2023-05-17,306.7420959472656,314.0,314.42999267578125,310.739990234375,312.2900085449219,24315000,MSFT
2023-05-18,311.1576232910156,318.5199890136719,319.0400085449219,313.7200012207031,314.5299987792969,27276000,MSFT
2023-05-19,310.9817199707031,318.3399963378906,318.75,316.3699951171875,316.739990234375,27546700,MSFT
2023-05-22,313.7560729980469,321.17999267578125,322.5899963378906,318.010009765625,318.6000061035156,24115700,MSFT
2023-05-23,307.9729919433594,315.260009765625,322.7200012207031,315.25,320.0299987792969,30797200,MSFT
2023-05-24,306.59552001953125,313.8500061035156,316.5,312.6099853515625,314.7300109863281,23384900,MSFT
2023-05-25,318.3865966796875,325.9200134277344,326.8999938964844,320.0,323.239990234375,43301700,MSFT
2023-05-26,325.1954345703125,332.8900146484375,333.3999938964844,323.8800048828125,324.0199890136719,36630600,MSFT
2023-05-30,323.55426025390625,331.2099914550781,335.739990234375,330.5199890136719,335.2300109863281,29503100,MSFT
2023-05-31,320.7994689941406,328.3900146484375,335.94000244140625,327.3299865722656,332.2900085449219,45950600,MSFT
2023-06-01,324.892578125,332.5799865722656,333.5299987792969,324.7200012207031,325.92999267578125,26773900,MSFT
2023-06-02,327.6474304199219,335.3999938964844,337.5,332.54998779296875,334.25,25873800,MSFT
2023-06-05,328.1749572753906,335.94000244140625,338.55999755859375,334.6600036621094,335.2200012207031,21307100,MSFT
2023-06-06,325.9671630859375,333.67999267578125,335.3699951171875,332.1700134277344,335.3299865722656,20396200,MSFT
2023-06-07,315.9052429199219,323.3800048828125,334.489990234375,322.5,331.6499938964844,40717100,MSFT
2023-06-08,317.7417907714844,325.260009765625,326.6400146484375,323.3500061035156,323.94000244140625,23277700,MSFT
2023-06-09,319.2364807128906,326.7900085449219,329.989990234375,324.4100036621094,324.989990234375,22529000,MSFT
2023-06-12,324.17950439453125,331.8500061035156,332.1000061035156,325.1600036621094,328.5799865722656,24260300,MSFT
2023-06-13,326.56304931640625,334.2900085449219,336.9800109863281,330.3900146484375,334.4700012207031,22951300,MSFT
2023-06-14,329.54254150390625,337.3399963378906,339.0400085449219,332.80999755859375,334.3399963378906,26003800,MSFT
2023-06-15,340.0538330078125,348.1000061035156,349.8399963378906,337.20001220703125,337.4800109863281,38899100,MSFT
2023-06-16,334.4172668457031,342.3299865722656,351.4700012207031,341.95001220703125,351.32000732421875,46552000,MSFT
2023-06-20,330.2362060546875,338.04998779296875,342.0799865722656,335.8599853515625,339.30999755859375,26375400,MSFT
2023-06-21,325.8499755859375,333.55999755859375,337.7300109863281,332.07000732421875,336.3699951171875,25117800,MSFT
2023-06-22,331.8577575683594,339.7099914550781,340.1199951171875,333.3399963378906,334.1199951171875,23556800,MSFT
2023-06-23,327.2762145996094,335.0199890136719,337.9599914550781,333.45001220703125,334.3599853515625,23146900,MSFT
2023-06-26,321.0046081542969,328.6000061035156,336.1099853515625,328.489990234375,333.7200012207031,21520600,MSFT
2023-06-27,326.8365478515625,334.57000732421875,336.1499938964844,329.29998779296875,331.8599853515625,24354100,MSFT
2023-06-28,328.0870361328125,335.8500061035156,337.9800109863281,333.80999755859375,334.6600036621094,20259500,MSFT
2023-06-29,327.30548095703125,335.04998779296875,336.1099853515625,332.6199951171875,334.7099914550781,16997000,MSFT
2023-06-30,332.66864013671875,340.5400085449219,342.7300109863281,337.20001220703125,337.75,26832800,MSFT
2023-07-03,330.17755126953125,337.989990234375,340.8999938964844,336.57000732421875,339.19000244140625,12508700,MSFT
2023-07-05,330.3338623046875,338.1499938964844,341.6499938964844,334.7300109863281,335.0899963378906,18172400,MSFT
2023-07-06,333.3816833496094,341.2699890136719,342.989990234375,335.5,337.29998779296875,28161200,MSFT
2023-07-07,329.42529296875,337.2200012207031,341.7900085449219,337.0,339.32000732421875,21214800,MSFT
2023-07-10,324.15997314453125,331.8299865722656,335.2300109863281,327.5899963378906,334.6000061035156,32791400,MSFT
2023-07-11,324.7851257324219,332.4700012207031,332.8599853515625,327.0,331.05999755859375,26698200,MSFT
2023-07-12,329.4057922363281,337.20001220703125,341.6499938964844,335.6700134277344,336.6000061035156,29995300,MSFT
2023-07-13,334.7395935058594,342.6600036621094,343.739990234375,339.0199890136719,339.55999755859375,20567200,MSFT
2023-07-14,337.2599792480469,345.239990234375,351.42999267578125,344.30999755859375,347.5899963378906,28352700,MSFT
2023-07-17,337.7386474609375,345.7300109863281,346.989990234375,342.20001220703125,345.67999267578125,20363900,MSFT
2023-07-18,351.1805725097656,359.489990234375,366.7799987792969,342.1700134277344,345.8299865722656,64738600,MSFT
2023-07-19,346.8725280761719,355.0799865722656,362.4599914550781,352.44000244140625,361.75,39732900,MSFT
2023-07-20,338.852294921875,346.8699951171875,357.9700012207031,345.3699951171875,353.57000732421875,33778400,MSFT
2023-07-21,335.8239440917969,343.7699890136719,350.29998779296875,339.8299865722656,349.1499938964844,69405400,MSFT
2023-07-24,337.1329345703125,345.1099853515625,346.9200134277344,342.30999755859375,345.8500061035156,26678100,MSFT
2023-07-25,342.8672790527344,350.9800109863281,351.8900146484375,345.07000732421875,347.1099853515625,41637700,MSFT
2023-07-26,329.962646484375,337.7699890136719,344.6700134277344,333.1099853515625,341.44000244140625,58383700,MSFT
2023-07-27,323.0755920410156,330.7200012207031,341.3299865722656,329.04998779296875,340.4800109863281,39635300,MSFT
2023-07-28,330.5487365722656,338.3699951171875,340.010009765625,333.1700134277344,333.6700134277344,28484900,MSFT
2023-07-31,328.1553955078125,335.9200134277344,337.70001220703125,333.3599853515625,336.9200134277344,25446000,MSFT
2023-08-01,328.5657043457031,336.3399963378906,338.5400085449219,333.70001220703125,335.19000244140625,18311900,MSFT
2023-08-02,319.92999267578125,327.5,333.6300048828125,326.3599853515625,333.6300048828125,27761300,MSFT
2023-08-03,319.10943603515625,326.6600036621094,329.8800048828125,325.95001220703125,326.0,18253700,MSFT
2023-08-04,320.2035827636719,327.7799987792969,335.1400146484375,327.239990234375,331.8800048828125,23741500,MSFT
2023-08-07,322.47967529296875,330.1099853515625,331.1099853515625,327.5199890136719,328.3699951171875,17741500,MSFT
2023-08-08,318.5135498046875,326.04998779296875,328.75,323.0,326.9599914550781,22327600,MSFT
2023-08-09,314.7818603515625,322.2300109863281,327.1099853515625,321.04998779296875,326.4700012207031,22373300,MSFT
2023-08-10,315.4656677246094,322.92999267578125,328.260009765625,321.17999267578125,326.0199890136719,20113700,MSFT
2023-08-11,313.5900573730469,321.010009765625,322.4100036621094,319.2099914550781,320.260009765625,24355500,MSFT
2023-08-14,316.54998779296875,324.0400085449219,324.05999755859375,320.0799865722656,321.3900146484375,18836100,MSFT
2023-08-15,314.4203796386719,321.8599853515625,325.0899963378906,320.8999938964844,323.0,16966300,MSFT
2023-08-16,313.65679931640625,320.3999938964844,324.4200134277344,319.79998779296875,320.79998779296875,20698900,MSFT
2023-08-17,310.21087646484375,316.8800048828125,321.8699951171875,316.2099914550781,320.5400085449219,21257200,MSFT
2023-08-18,309.8193359375,316.4800109863281,318.3800048828125,311.54998779296875,314.489990234375,24755000,MSFT
2023-08-21,315.105712890625,321.8800048828125,322.7699890136719,317.0400085449219,317.92999267578125,24040000,MSFT
2023-08-22,315.6734313964844,322.4599914550781,326.0799865722656,321.4599914550781,325.5,16084600,MSFT
2023-08-23,320.117919921875,327.0,329.20001220703125,323.4599914550781,323.82000732421875,21166400,MSFT
2023-08-24,313.2358703613281,319.9700012207031,332.9800109863281,319.9599914550781,332.8500061035156,23281400,MSFT
2023-08-25,316.1825256347656,322.9800109863281,325.3599853515625,318.79998779296875,321.4700012207031,21684100,MSFT
2023-08-28,316.88739013671875,323.70001220703125,326.1499938964844,321.7200012207031,325.6600036621094,14808500,MSFT
2023-08-29,321.4982604980469,328.4100036621094,328.9800109863281,321.8800048828125,321.8800048828125,19284600,MSFT
2023-08-30,321.8702087402344,328.7900085449219,329.80999755859375,326.45001220703125,328.6700134277344,15222100,MSFT
2023-08-31,320.8619384765625,327.760009765625,330.9100036621094,326.7799987792969,329.20001220703125,26411000,MSFT
2023-09-01,321.7429504394531,328.6600036621094,331.989990234375,326.7799987792969,331.30999755859375,14942000,MSFT
2023-09-05,326.5300598144531,333.54998779296875,334.8500061035156,328.6600036621094,329.0,18553900,MSFT
2023-09-06,325.8741149902344,332.8800048828125,334.4599914550781,330.17999267578125,333.3800048828125,17535800,MSFT
2023-09-07,322.9666748046875,329.9100036621094,333.0799865722656,329.0299987792969,331.2900085449219,18381000,MSFT
2023-09-08,327.23492431640625,334.2699890136719,336.1600036621094,329.4599914550781,330.0899963378906,19530100,MSFT
2023-09-11,330.8276672363281,337.94000244140625,338.4200134277344,335.42999267578125,337.239990234375,16583300,MSFT
2023-09-12,324.7874450683594,331.7699890136719,336.7900085449219,331.4800109863281,335.82000732421875,17565500,MSFT
2023-09-13,328.9872131347656,336.05999755859375,336.8500061035156,331.1700134277344,331.30999755859375,16544400,MSFT
2023-09-14,331.5716857910156,338.70001220703125,340.8599853515625,336.57000732421875,339.1499938964844,20267000,MSFT
2023-09-15,323.2701416015625,330.2200012207031,337.3999938964844,329.6499938964844,336.9200134277344,37679800,MSFT
2023-09-18,322.1345520019531,329.05999755859375,330.3999938964844,326.3599853515625,327.79998779296875,16834200,MSFT
2023-09-19,321.733154296875,328.6499938964844,329.3900146484375,324.510009765625,326.1700134277344,16505900,MSFT
2023-09-20,314.01898193359375,320.7699890136719,329.5899963378906,320.510009765625,329.510009765625,21436500,MSFT
2023-09-21,312.8051452636719,319.5299987792969,325.3500061035156,315.0,319.260009765625,35560400,MSFT
2023-09-22,310.3381652832031,317.010009765625,321.45001220703125,316.1499938964844,321.32000732421875,21447900,MSFT
2023-09-25,310.8570251464844,317.5400085449219,317.6700134277344,315.0,316.5899963378906,17836000,MSFT
2023-09-26,305.5706481933594,312.1400146484375,315.8800048828125,310.0199890136719,315.1300048828125,26297600,MSFT
2023-09-27,306.2069396972656,312.7900085449219,314.29998779296875,309.69000244140625,312.29998779296875,19410100,MSFT
2023-09-28,307.03912353515625,313.6400146484375,315.4800109863281,309.45001220703125,310.989990234375,19683600,MSFT
2023-09-29,309.1046447753906,315.75,319.4700012207031,314.9800109863281,317.75,24147300,MSFT
2023-10-02,315.0273742675781,321.79998779296875,321.8900146484375,315.17999267578125,316.2799987792969,20570000,MSFT
2023-10-03,306.7943115234375,313.3900146484375,321.3900146484375,311.2099914550781,320.8299865722656,21033500,MSFT
2023-10-04,312.2470703125,318.9599914550781,320.0400085449219,314.0,314.0299987792969,20720100,MSFT
2023-10-05,312.638671875,319.3599853515625,319.9800109863281,314.8999938964844,319.0899963378906,16965600,MSFT
2023-10-06,320.3724365234375,327.260009765625,329.19000244140625,316.29998779296875,316.54998779296875,25673600,MSFT
2023-10-09,322.8785400390625,329.82000732421875,330.29998779296875,323.17999267578125,324.75,19891200,MSFT
2023-10-10,321.4786682128906,328.3900146484375,331.1000061035156,327.6700134277344,330.9599914550781,20557100,MSFT
2023-10-11,325.4237976074219,332.4200134277344,332.82000732421875,329.1400146484375,331.2099914550781,20063200,MSFT
2023-10-12,324.19036865234375,331.1600036621094,333.6300048828125,328.7200012207031,330.57000732421875,19313100,MSFT
2023-10-13,320.8325500488281,327.7300109863281,333.8299865722656,326.3599853515625,332.3800048828125,21072400,MSFT
2023-10-16,325.63922119140625,332.6400146484375,336.1400146484375,330.6000061035156,331.04998779296875,22158000,MSFT
2023-10-17,325.0714111328125,332.05999755859375,333.4599914550781,327.4100036621094,329.5899963378906,18338500,MSFT
2023-10-18,323.1624450683594,330.1099853515625,335.5899963378906,328.29998779296875,332.489990234375,23153600,MSFT
2023-10-19,324.3470153808594,331.32000732421875,336.8800048828125,330.9100036621094,332.1499938964844,25052100,MSFT
2023-10-20,319.794921875,326.6700134277344,331.9200134277344,325.45001220703125,331.7200012207031,25027700,MSFT
2023-10-23,322.3890686035156,329.32000732421875,332.7300109863281,324.3900146484375,325.4700012207031,24374700,MSFT
2023-10-24,323.5736389160156,330.5299987792969,331.8399963378906,327.6000061035156,331.29998779296875,31153600,MSFT
2023-10-25,333.50018310546875,340.6700134277344,346.20001220703125,337.6199951171875,345.0199890136719,55053800,MSFT
2023-10-26,320.9891662597656,327.8900146484375,341.6300048828125,326.94000244140625,340.5400085449219,37828500,MSFT
2023-10-27,322.86871337890625,329.80999755859375,336.7200012207031,328.3999938964844,330.42999267578125,29856500,MSFT
2023-10-30,330.2109375,337.30999755859375,339.45001220703125,331.8299865722656,333.4100036621094,22828100,MSFT
2023-10-31,330.9940490722656,338.1099853515625,339.0,334.69000244140625,338.8500061035156,20265300,MSFT
2023-11-01,338.7864990234375,346.07000732421875,347.4200134277344,339.6499938964844,339.7900085449219,28158800,MSFT
2023-11-02,340.98919677734375,348.32000732421875,348.8299865722656,344.7699890136719,347.239990234375,24348100,MSFT
2023-11-03,345.3748779296875,352.79998779296875,354.3900146484375,347.3299865722656,349.6300048828125,23637700,MSFT
2023-11-06,349.0263977050781,356.5299987792969,357.5400085449219,353.3500061035156,353.45001220703125,23828300,MSFT
2023-11-07,352.9422302246094,360.5299987792969,362.4599914550781,357.6300048828125,359.3999938964844,25833900,MSFT
2023-11-08,355.5560607910156,363.20001220703125,363.8699951171875,360.54998779296875,361.67999267578125,26767800,MSFT
2023-11-09,353.098876953125,360.69000244140625,364.7900085449219,360.3599853515625,362.29998779296875,24847300,MSFT
2023-11-10,361.88983154296875,369.6700134277344,370.1000061035156,361.07000732421875,361.489990234375,28042100,MSFT
2023-11-13,358.96282958984375,366.67999267578125,368.4700012207031,365.8999938964844,368.2200012207031,19986500,MSFT
2023-11-14,362.4771728515625,370.2699890136719,371.95001220703125,367.3500061035156,371.010009765625,27683900,MSFT
2023-11-15,362.6243591308594,369.6700134277344,373.1300048828125,367.1099853515625,371.2799987792969,26860100,MSFT
2023-11-16,369.0005187988281,376.1700134277344,376.3500061035156,370.17999267578125,370.9599914550781,27182300,MSFT
2023-11-17,362.80096435546875,369.8500061035156,374.3699951171875,367.0,373.6099853515625,40157000,MSFT
2023-11-20,370.24627685546875,377.44000244140625,378.8699951171875,371.0,371.2200012207031,52465100,MSFT
2023-11-21,365.9595947265625,373.07000732421875,376.2200012207031,371.1199951171875,375.6700134277344,28423100,MSFT
2023-11-22,370.6485290527344,377.8500061035156,379.7900085449219,374.9700012207031,378.0,23345300,MSFT
2023-11-24,370.2364807128906,377.42999267578125,377.9700012207031,375.1400146484375,377.3299865722656,10176600,MSFT
2023-11-27,371.39398193359375,378.6099853515625,380.6400146484375,376.20001220703125,376.7799987792969,22179200,MSFT
2023-11-28,375.4060363769531,382.70001220703125,383.0,378.1600036621094,378.3500061035156,20453100,MSFT
2023-11-29,371.62939453125,378.8500061035156,384.29998779296875,377.44000244140625,383.760009765625,28963400,MSFT
2023-11-30,371.68829345703125,378.9100036621094,380.0899963378906,375.4700012207031,378.489990234375,30554400,MSFT
2023-12-01,367.3721618652344,374.510009765625,378.1600036621094,371.30999755859375,376.760009765625,33040500,MSFT
2023-12-04,362.1045227050781,369.1400146484375,369.5199890136719,362.8999938964844,369.1000061035156,32063300,MSFT
2023-12-05,365.4200744628906,372.5199890136719,373.0799865722656,365.6199951171875,366.45001220703125,23065000,MSFT
2023-12-06,361.77099609375,368.79998779296875,374.17999267578125,368.0299987792969,373.5400085449219,21182100,MSFT
2023-12-07,363.8800048828125,370.95001220703125,371.45001220703125,366.32000732421875,368.2300109863281,23118900,MSFT
2023-12-08,367.0974426269531,374.2300109863281,374.4599914550781,368.2300109863281,369.20001220703125,20154400,MSFT
2023-12-11,364.2232971191406,371.29998779296875,371.6000061035156,366.1000061035156,368.4800109863281,27708800,MSFT
2023-12-12,367.24456787109375,374.3800048828125,374.4200134277344,370.4599914550781,370.8500061035156,24838300,MSFT
2023-12-13,367.2347717285156,374.3699951171875,377.6400146484375,370.7699890136719,376.0199890136719,30955500,MSFT
2023-12-14,358.9556579589844,365.92999267578125,373.760009765625,364.1300048828125,373.30999755859375,43277500,MSFT
2023-12-15,363.66424560546875,370.7300109863281,372.3999938964844,366.2799987792969,366.8500061035156,78502300,MSFT
2023-12-18,365.5475158691406,372.6499938964844,373.0,368.67999267578125,369.45001220703125,21802900,MSFT
2023-12-19,366.1459655761719,373.260009765625,373.260009765625,369.8399963378906,371.489990234375,20603700,MSFT
2023-12-20,363.5562438964844,370.6199951171875,376.0299987792969,370.5299987792969,375.0,26316700,MSFT
2023-12-21,366.4206237792969,373.5400085449219,374.4100036621094,370.0400085449219,372.55999755859375,17708000,MSFT
2023-12-22,367.4407653808594,374.5799865722656,375.17999267578125,372.7099914550781,373.67999267578125,17107500,MSFT
2023-12-26,367.519287109375,374.6600036621094,376.94000244140625,373.5,375.0,12673100,MSFT
2023-12-27,366.9405822753906,374.07000732421875,375.05999755859375,372.80999755859375,373.69000244140625,14905400,MSFT
2023-12-28,368.12744140625,375.2799987792969,376.4599914550781,374.1600036621094,375.3699951171875,14327000,MSFT
2023-12-29,368.8729553222656,376.0400085449219,377.1600036621094,373.4800109863281,376.0,18730800,MSFT
2024-01-02,363.80145263671875,370.8699951171875,375.8999938964844,366.7699890136719,373.8599853515625,25258600,MSFT
2024-01-03,363.5366516113281,370.6000061035156,373.260009765625,368.510009765625,369.010009765625,23083500,MSFT
2024-01-04,360.9273376464844,367.94000244140625,373.1000061035156,367.1700134277344,370.6700134277344,20901500,MSFT
2024-01-05,360.74102783203125,367.75,372.05999755859375,366.5,368.9700012207031,21004600,MSFT
2024-01-08,367.5487060546875,374.69000244140625,375.20001220703125,369.010009765625,369.29998779296875,23134000,MSFT
2024-01-09,368.627685546875,375.7900085449219,375.989990234375,371.19000244140625,372.010009765625,20830000,MSFT
2024-01-10,375.4747009277344,382.7699890136719,384.1700134277344,376.32000732421875,376.3699951171875,25514200,MSFT
2024-01-11,377.2992248535156,384.6300048828125,390.67999267578125,380.3800048828125,386.0,27850800,MSFT
2024-01-12,381.0660400390625,388.4700012207031,388.67999267578125,384.6499938964844,385.489990234375,21661200,MSFT
2024-01-16,382.831787109375,390.2699890136719,394.0299987792969,387.6199951171875,393.6600036621094,27202300,MSFT
2024-01-17,382.04705810546875,389.4700012207031,390.1099853515625,384.80999755859375,387.9800109863281,22234100,MSFT
2024-01-18,386.3631286621094,393.8699951171875,393.989990234375,390.1199951171875,391.7200012207031,23392100,MSFT
2024-01-19,391.0716552734375,398.6700134277344,398.6700134277344,393.5,395.760009765625,29331100,MSFT
2024-01-22,388.95281982421875,396.510009765625,400.6199951171875,393.5899963378906,400.0199890136719,27016900,MSFT
2024-01-23,391.2972412109375,398.8999938964844,399.3800048828125,393.92999267578125,395.75,20525900,MSFT
2024-01-24,394.88751220703125,402.55999755859375,405.6300048828125,400.45001220703125,401.5400085449219,24867000,MSFT
2024-01-25,397.15350341796875,404.8699951171875,407.010009765625,402.5299987792969,404.32000732421875,21021200,MSFT
2024-01-26,396.23138427734375,403.92999267578125,406.1700134277344,402.42999267578125,404.3699951171875,17803300,MSFT
2024-01-29,401.9110412597656,409.7200012207031,409.9800109863281,404.3299865722656,406.05999755859375,24510200,MSFT
2024-01-30,400.80255126953125,408.5899963378906,413.04998779296875,406.45001220703125,412.260009765625,33477600,MSFT
2024-01-31,390.0024719238281,397.5799865722656,415.32000732421875,397.2099914550781,406.9599914550781,47871100,MSFT
2024-02-01,396.084228515625,403.7799987792969,408.0,401.79998779296875,401.8299865722656,30657700,MSFT
2024-02-02,403.3824462890625,411.2200012207031,412.6499938964844,403.55999755859375,403.80999755859375,28256700,MSFT
2024-02-05,397.9186096191406,405.6499938964844,411.1600036621094,403.989990234375,409.8999938964844,25352300,MSFT
2024-02-06,397.7616882324219,405.489990234375,407.9700012207031,402.9100036621094,405.8800048828125,18382600,MSFT
2024-02-07,406.1585388183594,414.04998779296875,414.29998779296875,407.3999938964844,407.44000244140625,22340500,MSFT
2024-02-08,406.21734619140625,414.1099853515625,415.55999755859375,412.5299987792969,414.04998779296875,21225300,MSFT
2024-02-09,412.5345764160156,420.54998779296875,420.82000732421875,415.0899963378906,415.25,22032800,MSFT
2024-02-12,407.345458984375,415.260009765625,420.739990234375,414.75,420.55999755859375,21202900,MSFT
2024-02-13,398.5758361816406,406.32000732421875,410.07000732421875,403.3900146484375,404.94000244140625,27824900,MSFT
2024-02-14,402.42822265625,409.489990234375,409.8399963378906,404.57000732421875,408.07000732421875,20401200,MSFT
2024-02-15,399.5487365722656,406.55999755859375,409.1300048828125,404.2900085449219,408.1400146484375,21825500,MSFT
2024-02-16,397.0919189453125,404.05999755859375,408.2900085449219,403.44000244140625,407.9599914550781,22296500,MSFT
2024-02-20,395.8437805175781,402.7900085449219,404.489990234375,398.010009765625,403.239990234375,24307900,MSFT
2024-02-21,395.24432373046875,402.17999267578125,402.2900085449219,397.2200012207031,400.1700134277344,18518900,MSFT
2024-02-22,404.551025390625,411.6499938964844,412.8299865722656,408.57000732421875,410.19000244140625,27009900,MSFT
2024-02-23,403.26361083984375,410.3399963378906,415.8599853515625,408.9700012207031,415.6700134277344,16295900,MSFT
2024-02-26,400.5118713378906,407.5400085449219,412.1600036621094,407.3599853515625,411.4599914550781,16193500,MSFT
2024-02-27,400.4529113769531,407.4800109863281,408.32000732421875,403.8500061035156,407.989990234375,14835800,MSFT
2024-02-28,400.6887512207031,407.7200012207031,409.29998779296875,405.32000732421875,408.17999267578125,13183100,MSFT
2024-02-29,406.50677490234375,413.6400146484375,414.20001220703125,405.9200134277344,408.6400146484375,31947300,MSFT
2024-03-01,408.3346252441406,415.5,415.8699951171875,410.8800048828125,411.2699890136719,17823400,MSFT
2024-03-04,407.7646179199219,414.9200134277344,417.3500061035156,412.32000732421875,413.44000244140625,17596000,MSFT
2024-03-05,395.7061767578125,402.6499938964844,414.25,400.6400146484375,413.9599914550781,26919200,MSFT
2024-03-06,395.1558837890625,402.0899963378906,405.1600036621094,398.3900146484375,402.9700012207031,22344100,MSFT
2024-03-07,402.0843200683594,409.1400146484375,409.7799987792969,402.239990234375,406.1199951171875,18718500,MSFT
2024-03-08,399.214599609375,406.2200012207031,410.4200134277344,404.3299865722656,407.9599914550781,18002200,MSFT
2024-03-11,397.5439453125,404.5199890136719,405.67999267578125,401.260009765625,403.760009765625,16120800,MSFT
2024-03-12,408.1183776855469,415.2799987792969,415.57000732421875,406.7900085449219,407.6199951171875,22457000,MSFT
2024-03-13,407.9415283203125,415.1000061035156,418.17999267578125,411.45001220703125,418.1000061035156,17115900,MSFT
2024-03-14,417.88702392578125,425.2200012207031,427.82000732421875,417.989990234375,420.239990234375,34157300,MSFT
2024-03-15,409.23876953125,416.4200134277344,422.6000061035156,412.7900085449219,419.2900085449219,45079900,MSFT
2024-03-18,410.12322998046875,417.32000732421875,420.7300109863281,413.7799987792969,414.25,20106000,MSFT
2024-03-19,414.1427001953125,421.4100036621094,421.6700134277344,415.54998779296875,417.8299865722656,19837900,MSFT
2024-03-20,417.8968200683594,425.2300109863281,425.9599914550781,420.6600036621094,422.0,17860100,MSFT
2024-03-21,421.9653625488281,429.3699951171875,430.82000732421875,427.1600036621094,429.8299865722656,21296200,MSFT
2024-03-22,421.3462829589844,428.739990234375,429.8599853515625,426.07000732421875,429.70001220703125,17648500,MSFT
2024-03-25,415.5676574707031,422.8599853515625,427.4100036621094,421.6099853515625,425.239990234375,18060500,MSFT
2024-03-26,414.3785400390625,421.6499938964844,425.989990234375,421.3500061035156,425.6099853515625,16725600,MSFT
2024-03-27,414.1623840332031,421.42999267578125,424.45001220703125,419.010009765625,424.44000244140625,16705000,MSFT
2024-03-28,413.464599609375,420.7200012207031,421.8699951171875,419.1199951171875,420.9599914550781,21871200,MSFT
2024-04-01,417.2481994628906,424.57000732421875,427.8900146484375,422.2200012207031,423.95001220703125,16316000,MSFT
2024-04-02,414.1721496582031,421.44000244140625,422.3800048828125,417.8399963378906,420.1099853515625,17912000,MSFT
2024-04-03,413.1992492675781,420.45001220703125,423.260009765625,419.0899963378906,419.7300109863281,16502300,MSFT
2024-04-04,410.6736145019531,417.8800048828125,428.6700134277344,417.57000732421875,424.989990234375,19370900,MSFT
2024-04-05,418.1817932128906,425.5199890136719,426.510009765625,418.32000732421875,420.010009765625,16554800,MSFT
2024-04-08,417.2679138183594,424.5899963378906,427.2799987792969,423.29998779296875,425.1700134277344,14272400,MSFT
2024-04-09,418.9287109375,426.2799987792969,427.739990234375,421.6199951171875,426.44000244140625,12496900,MSFT
2024-04-10,415.96087646484375,423.260009765625,424.0299987792969,419.70001220703125,422.19000244140625,16216600,MSFT
2024-04-11,420.5502014160156,427.92999267578125,429.3699951171875,422.3599853515625,425.82000732421875,17966400,MSFT
2024-04-12,414.6242370605469,421.8999938964844,425.17999267578125,419.7699890136719,424.04998779296875,19253800,MSFT
2024-04-15,406.50677490234375,413.6400146484375,426.82000732421875,413.42999267578125,426.6000061035156,20273500,MSFT
2024-04-16,407.4304504394531,414.5799865722656,418.3999938964844,413.7300109863281,414.57000732421875,16765600,MSFT
2024-04-17,404.73773193359375,411.8399963378906,418.8800048828125,410.3299865722656,417.25,15855500,MSFT
2024-04-18,397.2982177734375,404.2699890136719,411.8900146484375,403.95001220703125,410.6300048828125,21029900,MSFT
2024-04-19,392.237060546875,399.1199951171875,405.4800109863281,397.7699890136719,404.0299987792969,30565800,MSFT
2024-04-22,394.0453186035156,400.9599914550781,402.8500061035156,395.75,400.0799865722656,20286900,MSFT
2024-04-23,400.5413818359375,407.57000732421875,408.20001220703125,403.05999755859375,404.239990234375,15734500,MSFT
2024-04-24,402.0057067871094,409.05999755859375,412.4700012207031,406.7799987792969,409.55999755859375,15065300,MSFT
2024-04-25,392.15850830078125,399.0400085449219,399.8900146484375,388.0299987792969,394.0299987792969,40586500,MSFT
2024-04-26,399.3128967285156,406.32000732421875,413.0,405.760009765625,412.1700134277344,29694700,MSFT
2024-04-29,395.3131103515625,402.25,406.32000732421875,399.19000244140625,405.25,19582100,MSFT
2024-04-30,382.61590576171875,389.3299865722656,402.1600036621094,389.1700134277344,401.489990234375,28781400,MSFT
2024-05-01,388.129150390625,394.94000244140625,401.7200012207031,390.30999755859375,392.6099853515625,23562500,MSFT
2024-05-02,390.97918701171875,397.8399963378906,399.92999267578125,394.6499938964844,397.6600036621094,17709400,MSFT
2024-05-03,399.64703369140625,406.6600036621094,407.1499938964844,401.8599853515625,402.2799987792969,17446700,MSFT
2024-05-06,406.408447265625,413.5400085449219,413.92999267578125,406.3699951171875,408.760009765625,16996600,MSFT
2024-05-07,402.28082275390625,409.3399963378906,414.6700134277344,409.0899963378906,414.6600036621094,20018200,MSFT
2024-05-08,403.460205078125,410.5400085449219,412.2300109863281,406.7099914550781,408.1700134277344,11792300,MSFT
2024-05-09,405.20947265625,412.32000732421875,412.7200012207031,409.1000061035156,410.57000732421875,14689700,MSFT
2024-05-10,407.5876770019531,414.739990234375,415.3800048828125,411.79998779296875,412.94000244140625,13402300,MSFT
2024-05-13,406.5853271484375,413.7200012207031,418.3500061035156,410.82000732421875,418.010009765625,15440200,MSFT
2024-05-14,409.3763427734375,416.55999755859375,417.489990234375,411.54998779296875,412.0199890136719,15109300,MSFT
2024-05-15,416.5338439941406,423.0799865722656,423.80999755859375,417.2699890136719,417.8999938964844,22239500,MSFT
2024-05-16,414.4761962890625,420.989990234375,425.4200134277344,420.3500061035156,421.79998779296875,17530100,MSFT
2024-05-17,413.7082214355469,420.2099914550781,422.9200134277344,418.0299987792969,422.5400085449219,15352200,MSFT
2024-05-20,418.75885009765625,425.3399963378906,426.7699890136719,419.989990234375,420.2099914550781,16272100,MSFT
2024-05-21,422.4016418457031,429.0400085449219,432.9700012207031,424.8500061035156,426.8299865722656,21453300,MSFT
2024-05-22,423.8587341308594,430.5199890136719,432.4100036621094,427.1300048828125,430.0899963378906,18073700,MSFT
2024-05-23,420.3931884765625,427.0,433.6000061035156,425.4200134277344,432.9700012207031,17211700,MSFT
2024-05-24,423.50433349609375,430.1600036621094,431.05999755859375,424.4100036621094,427.19000244140625,11855300,MSFT
2024-05-28,423.6618347167969,430.32000732421875,430.82000732421875,426.6000061035156,429.6300048828125,15718000,MSFT
2024-05-29,422.52960205078125,429.1700134277344,430.94000244140625,425.69000244140625,425.69000244140625,15517100,MSFT
2024-05-30,408.2539978027344,414.6700134277344,424.29998779296875,414.239990234375,424.29998779296875,28394500,MSFT
2024-05-31,408.7068786621094,415.1300048828125,416.75,404.510009765625,416.75,47995300,MSFT
2024-06-03,407.12176513671875,413.5199890136719,416.42999267578125,408.9200134277344,415.5299987792969,17484700,MSFT
2024-06-04,409.63232421875,416.07000732421875,416.44000244140625,409.67999267578125,412.42999267578125,14348900,MSFT
2024-06-05,417.4494934082031,424.010009765625,424.0799865722656,416.29998779296875,417.80999755859375,16988000,MSFT
2024-06-06,417.9515686035156,424.5199890136719,425.30999755859375,420.5799865722656,424.010009765625,14861300,MSFT
2024-06-07,417.2919616699219,423.8500061035156,426.2799987792969,423.0,426.20001220703125,13621700,MSFT
2024-06-10,421.2497253417969,427.8699951171875,428.0799865722656,423.8900146484375,424.70001220703125,13982900,MSFT
2024-06-11,425.98529052734375,432.67999267578125,432.82000732421875,425.25,425.4800109863281,14551100,MSFT
2024-06-12,434.23565673828125,441.05999755859375,443.3999938964844,433.25,435.32000732421875,22366200,MSFT
2024-06-13,434.74761962890625,441.5799865722656,443.3900146484375,439.3699951171875,440.8500061035156,15960600,MSFT
2024-06-14,435.7222900390625,442.57000732421875,443.1400146484375,436.7200012207031,438.2799987792969,13582000,MSFT
2024-06-17,441.4325256347656,448.3699951171875,450.94000244140625,440.7200012207031,442.5899963378906,20790000,MSFT
2024-06-18,439.43402099609375,446.3399963378906,450.1400146484375,444.8900146484375,449.7099914550781,17112500,MSFT
2024-06-20,438.80389404296875,445.70001220703125,446.5299987792969,441.2699890136719,446.29998779296875,19877400,MSFT
2024-06-21,442.82073974609375,449.7799987792969,450.5799865722656,446.510009765625,447.3800048828125,34187100,MSFT
2024-06-24,440.743408203125,447.6700134277344,452.75,446.4100036621094,449.79998779296875,15913700,MSFT
2024-06-25,443.9726257324219,450.95001220703125,451.4200134277344,446.75,448.25,16413400,MSFT
2024-06-26,445.1639099121094,452.1600036621094,453.6000061035156,448.19000244140625,449.0,16507000,MSFT
2024-06-27,445.84326171875,452.8500061035156,456.1700134277344,451.7699890136719,452.17999267578125,14806300,MSFT
2024-06-28,440.03448486328125,446.95001220703125,455.3800048828125,446.4100036621094,453.07000732421875,28362300,MSFT
2024-07-01,449.6632080078125,456.7300109863281,457.3699951171875,445.6600036621094,448.6600036621094,17662800,MSFT
2024-07-02,452.1737365722656,459.2799987792969,459.5899963378906,453.1099853515625,453.20001220703125,13979800,MSFT
2024-07-03,453.64068603515625,460.7699890136719,461.0199890136719,457.8800048828125,458.19000244140625,9932800,MSFT
2024-07-05,460.3256530761719,467.55999755859375,468.3500061035156,458.9700012207031,459.6099853515625,16000300,MSFT
2024-07-08,459.02606201171875,466.239990234375,467.70001220703125,464.4599914550781,466.54998779296875,12962300,MSFT
2024-07-09,452.4297180175781,459.5400085449219,467.3299865722656,458.0,467.0,17207200,MSFT
2024-07-10,459.0358581542969,466.25,466.4599914550781,458.8599853515625,461.2200012207031,18196100,MSFT
2024-07-11,447.66461181640625,454.70001220703125,464.7799987792969,451.54998779296875,462.9800109863281,23111200,MSFT
2024-07-12,446.5324401855469,453.54998779296875,456.3599853515625,450.6499938964844,454.3299865722656,16324300,MSFT
2024-07-15,446.93603515625,453.9599914550781,457.260009765625,451.42999267578125,453.29998779296875,14429400,MSFT
2024-07-16,442.5647277832031,449.5199890136719,454.29998779296875,446.6600036621094,454.2200012207031,17175700,MSFT
2024-07-17,436.6575622558594,443.5199890136719,444.8500061035156,439.17999267578125,442.5899963378906,21778000,MSFT
2024-07-18,433.5563659667969,440.3699951171875,444.6499938964844,434.3999938964844,444.3399963378906,20794800,MSFT
2024-07-19,430.3467712402344,437.1099853515625,441.1400146484375,432.0,433.1000061035156,20940400,MSFT
2024-07-22,436.0865173339844,442.94000244140625,444.6000061035156,438.9100036621094,441.7900085449219,15808800,MSFT
2024-07-23,437.967041015625,444.8500061035156,448.3900146484375,443.1000061035156,443.8999938964844,13107100,MSFT
2024-07-24,422.2637939453125,428.8999938964844,441.4800109863281,427.5899963378906,440.45001220703125,26805800,MSFT
2024-07-25,411.9262390136719,418.3999938964844,429.79998779296875,417.510009765625,428.79998779296875,29943800,MSFT
2024-07-26,418.6899719238281,425.2699890136719,428.9200134277344,417.2699890136719,418.20001220703125,23583800,MSFT
2024-07-29,420.1274108886719,426.7300109863281,432.1499938964844,424.70001220703125,431.5799865722656,15125800,MSFT
2024-07-30,416.3763427734375,422.9200134277344,429.04998779296875,417.3599853515625,427.7200012207031,32687600,MSFT
2024-07-31,411.8770446777344,418.3500061035156,421.7799987792969,412.2099914550781,420.5,42891400,MSFT
2024-08-01,410.6562194824219,417.1099853515625,427.4599914550781,413.0899963378906,420.7900085449219,30296400,MSFT
2024-08-02,402.1695861816406,408.489990234375,415.0,404.3399963378906,412.489990234375,29437900,MSFT
2024-08-05,389.0360107421875,395.1499938964844,401.0400085449219,385.5799865722656,389.1700134277344,40709200,MSFT
2024-08-06,393.427001953125,399.6099853515625,405.6700134277344,398.5,400.0,24946500,MSFT
2024-08-07,392.2652587890625,398.42999267578125,410.0799865722656,397.4700012207031,408.6400146484375,20650900,MSFT
2024-08-08,396.4593811035156,402.69000244140625,405.8599853515625,399.94000244140625,402.44000244140625,20203000,MSFT
2024-08-09,399.73779296875,406.0199890136719,408.04998779296875,402.260009765625,404.0299987792969,19276700,MSFT
2024-08-12,400.515625,406.80999755859375,408.760009765625,404.239990234375,407.05999755859375,16762900,MSFT
2024-08-13,407.60418701171875,414.010009765625,414.95001220703125,409.57000732421875,409.5899963378906,19414300,MSFT
2024-08-14,410.4100646972656,416.8599853515625,417.7200012207031,412.45001220703125,414.79998779296875,18267000,MSFT
2024-08-15,415.2627258300781,421.0299987792969,421.1099853515625,417.6600036621094,419.79998779296875,20752100,MSFT
2024-08-16,412.7377624511719,418.4700012207031,421.3399963378906,417.29998779296875,420.6000061035156,22775600,MSFT
2024-08-19,415.7558288574219,421.5299987792969,421.75,416.4599914550781,418.9599914550781,15234000,MSFT
2024-08-20,418.9810485839844,424.79998779296875,425.8599853515625,421.6400146484375,421.70001220703125,16387600,MSFT
2024-08-21,418.3301086425781,424.1400146484375,426.3999938964844,421.7200012207031,424.0799865722656,16067300,MSFT
2024-08-22,409.8577575683594,415.54998779296875,426.7900085449219,414.6099853515625,424.3599853515625,19361900,MSFT
2024-08-23,411.0807800292969,416.7900085449219,419.260009765625,412.0899963378906,416.9800109863281,18493800,MSFT
2024-08-26,407.82598876953125,413.489990234375,417.2799987792969,411.3399963378906,416.3699951171875,13152800,MSFT
2024-08-27,408.1711730957031,413.8399963378906,414.3599853515625,410.25,412.8599853515625,13492900,MSFT
2024-08-28,404.9755859375,410.6000061035156,415.0,407.30999755859375,414.8800048828125,14882700,MSFT
2024-08-29,407.4610595703125,413.1199951171875,422.04998779296875,410.6000061035156,414.94000244140625,17045200,MSFT
2024-08-30,411.42596435546875,417.1400146484375,417.489990234375,412.1300048828125,415.6000061035156,24308300,MSFT
2024-09-03,403.8314208984375,409.44000244140625,419.8800048828125,407.0299987792969,417.9100036621094,20313600,MSFT
2024-09-04,403.2987976074219,408.8999938964844,411.239990234375,404.3699951171875,405.9100036621094,15135800,MSFT
2024-09-05,402.79583740234375,408.3900146484375,413.1000061035156,406.1300048828125,407.6199951171875,14195500,MSFT
2024-09-06,396.1974792480469,401.70001220703125,410.6499938964844,400.79998779296875,409.05999755859375,19609500,MSFT
2024-09-09,400.16241455078125,405.7200012207031,408.6499938964844,402.1499938964844,407.239990234375,15295100,MSFT
2024-09-10,408.5262756347656,414.20001220703125,416.3299865722656,407.70001220703125,408.20001220703125,19594300,MSFT
2024-09-11,417.2451477050781,423.0400085449219,423.989990234375,409.5799865722656,415.5,19266900,MSFT
2024-09-12,421.15087890625,427.0,427.3699951171875,419.75,423.30999755859375,17395700,MSFT
2024-09-13,424.6917724609375,430.5899963378906,431.8299865722656,425.4599914550781,425.8299865722656,15874600,MSFT
2024-09-16,425.43145751953125,431.3399963378906,433.5299987792969,428.2200012207031,430.6000061035156,13834700,MSFT
2024-09-17,429.18927001953125,435.1499938964844,441.8500061035156,432.2699890136719,440.2300109863281,18874200,MSFT
2024-09-18,424.90869140625,430.80999755859375,436.0299987792969,430.4100036621094,435.0,18898000,MSFT
2024-09-19,432.6808166503906,438.69000244140625,441.5,436.8999938964844,441.2300109863281,21706600,MSFT
2024-09-20,429.3075866699219,435.2699890136719,439.239990234375,434.2200012207031,437.2200012207031,55167100,MSFT
2024-09-23,427.5717468261719,433.510009765625,436.4599914550781,430.3900146484375,434.2799987792969,15128900,MSFT
2024-09-24,423.29119873046875,429.1700134277344,433.3500061035156,426.1000061035156,433.0,17015800,MSFT
2024-09-25,426.19091796875,432.1099853515625,433.1199951171875,428.57000732421875,429.8299865722656,13396400,MSFT
2024-09-26,425.40185546875,431.30999755859375,435.29998779296875,429.1300048828125,435.0899963378906,14492000,MSFT
2024-09-27,422.1569519042969,428.0199890136719,431.8500061035156,427.4700012207031,431.5199890136719,14896100,MSFT
2024-09-30,424.4057312011719,430.29998779296875,430.4200134277344,425.3699951171875,428.2099914550781,16807300,MSFT
2024-10-01,414.9273681640625,420.69000244140625,428.4800109863281,418.80999755859375,428.45001220703125,19092900,MSFT
2024-10-02,411.4161071777344,417.1300048828125,422.82000732421875,416.7099914550781,422.5799865722656,16582300,MSFT
2024-10-03,410.8341979980469,416.5400085449219,419.54998779296875,414.2900085449219,417.6300048828125,13686400,MSFT
2024-10-04,410.3607482910156,416.05999755859375,419.75,414.9700012207031,418.239990234375,19169700,MSFT
2024-10-07,403.9300842285156,409.5400085449219,417.1099853515625,409.0,416.0,20919800,MSFT
2024-10-08,409.0292663574219,414.7099914550781,415.6600036621094,408.1700134277344,410.8999938964844,19229300,MSFT
2024-10-09,411.7415466308594,417.4599914550781,420.3800048828125,414.29998779296875,415.8599853515625,14974300,MSFT
2024-10-10,410.143798828125,415.8399963378906,417.3500061035156,413.1499938964844,415.2300109863281,13848400,MSFT
2024-10-11,410.6172180175781,416.32000732421875,417.1300048828125,413.25,416.1400146484375,14144900,MSFT
2024-10-14,413.3985595703125,419.1400146484375,424.0400085449219,417.5199890136719,417.7699890136719,16653100,MSFT
2024-10-15,413.0040588378906,418.739990234375,422.4800109863281,415.260009765625,422.17999267578125,18900200,MSFT
2024-10-16,410.4199523925781,416.1199951171875,416.3599853515625,410.4800109863281,415.1700134277344,15508900,MSFT
2024-10-17,411.0117492675781,416.7200012207031,422.5,415.5899963378906,422.3599853515625,14820000,MSFT
2024-10-18,412.4320373535156,418.1600036621094,419.6499938964844,416.260009765625,417.1400146484375,17145300,MSFT
2024-10-21,413.0435485839844,418.7799987792969,418.9599914550781,413.75,416.1199951171875,14206100,MSFT
2024-10-22,421.6539306640625,427.510009765625,430.5799865722656,418.0400085449219,418.489990234375,25482200,MSFT
2024-10-23,418.7838134765625,424.6000061035156,431.0799865722656,422.5299987792969,430.8599853515625,19654400,MSFT
2024-10-24,418.9119873046875,424.7300109863281,425.9800109863281,422.3999938964844,425.3299865722656,13581600,MSFT
2024-10-25,422.2851867675781,428.1499938964844,432.5199890136719,426.57000732421875,426.760009765625,16899100,MSFT
2024-10-28,420.74652099609375,426.5899963378906,431.94000244140625,426.29998779296875,431.6600036621094,14882400,MSFT
2024-10-29,426.0331115722656,431.95001220703125,433.1700134277344,425.79998779296875,428.0,17644100,MSFT
2024-10-30,426.6051940917969,432.5299987792969,438.5,432.1000061035156,437.44000244140625,29749100,MSFT
2024-10-31,400.78375244140625,406.3500061035156,416.1600036621094,406.29998779296875,415.3599853515625,53971000,MSFT
2024-11-01,404.74871826171875,410.3699951171875,415.5,407.5,409.010009765625,24230400,MSFT
2024-11-04,402.8648681640625,408.4599914550781,410.4200134277344,405.57000732421875,409.79998779296875,19672300,MSFT
2024-11-05,405.8238220214844,411.4599914550781,414.8999938964844,408.0799865722656,408.3699951171875,17626000,MSFT
2024-11-06,414.4243469238281,420.17999267578125,420.45001220703125,410.5199890136719,412.4200134277344,26681800,MSFT
2024-11-07,419.6024169921875,425.42999267578125,426.8500061035156,419.8800048828125,421.2799987792969,19901800,MSFT
2024-11-08,416.7520446777344,422.5400085449219,426.5,421.7799987792969,425.32000732421875,16891400,MSFT
2024-11-11,412.28411865234375,418.010009765625,424.80999755859375,416.0,422.5199890136719,24503300,MSFT
2024-11-12,417.2353210449219,423.0299987792969,424.44000244140625,417.20001220703125,418.25,19401200,MSFT
2024-11-13,419.3755798339844,425.20001220703125,429.3299865722656,418.2099914550781,421.6400146484375,21502200,MSFT
2024-11-14,421.04248046875,426.8900146484375,428.1700134277344,420.0,425.0,30246900,MSFT
2024-11-15,409.3152770996094,415.0,422.79998779296875,413.6400146484375,419.82000732421875,28247600,MSFT
2024-11-18,410.06488037109375,415.760009765625,418.3999938964844,412.1000061035156,414.8699951171875,24727000,MSFT
2024-11-19,412.0671081542969,417.7900085449219,417.94000244140625,411.54998779296875,413.1099853515625,18133500,MSFT
2024-11-20,409.7986145019531,415.489990234375,417.2900085449219,410.5799865722656,416.8699951171875,19191700,MSFT
2024-11-21,408.0295715332031,412.8699951171875,419.7799987792969,410.2900085449219,419.5,20780200,MSFT
2024-11-22,412.11114501953125,417.0,417.3999938964844,411.05999755859375,411.3699951171875,24814600,MSFT
2024-11-25,413.88018798828125,418.7900085449219,421.0799865722656,414.8500061035156,418.3800048828125,27691100,MSFT
2024-11-26,422.9723205566406,427.989990234375,429.0400085449219,418.8500061035156,419.5899963378906,23458900,MSFT
2024-11-27,418.0309143066406,422.989990234375,427.2300109863281,422.0199890136719,425.1099853515625,18332400,MSFT
2024-11-29,418.49542236328125,423.4599914550781,424.8800048828125,417.79998779296875,420.0899963378906,16271900,MSFT
2024-12-02,425.92724609375,430.9800109863281,433.0,421.30999755859375,421.57000732421875,20207200,MSFT
2024-12-03,426.1446533203125,431.20001220703125,432.4700012207031,427.739990234375,429.8399963378906,18302000,MSFT
2024-12-04,432.291748046875,437.4200134277344,439.6700134277344,432.6300048828125,433.0299987792969,26009400,MSFT
2024-12-05,437.4308166503906,442.6199951171875,444.6600036621094,436.1700134277344,437.9200134277344,21697800,MSFT
2024-12-06,438.3696594238281,443.57000732421875,446.1000061035156,441.7699890136719,442.29998779296875,18821000,MSFT
2024-12-09,440.79095458984375,446.0199890136719,448.3299865722656,440.5,442.6000061035156,19144400,MSFT
2024-12-10,438.1324768066406,443.3299865722656,449.6199951171875,441.6000061035156,444.3900146484375,18469500,MSFT
2024-12-11,443.72607421875,448.989990234375,450.3500061035156,444.04998779296875,444.04998779296875,19200200,MSFT
2024-12-12,444.2893981933594,449.55999755859375,456.1600036621094,449.1099853515625,449.1099853515625,20834800,MSFT
2024-12-13,442.0262756347656,447.2699890136719,451.42999267578125,445.5799865722656,448.44000244140625,20177800,MSFT
2024-12-16,446.2956237792969,451.5899963378906,452.17999267578125,445.2799987792969,447.2699890136719,23598800,MSFT
2024-12-17,449.1319580078125,454.4599914550781,455.2900085449219,449.57000732421875,451.010009765625,22733500,MSFT
2024-12-18,432.2621154785156,437.3900146484375,452.6499938964844,437.0199890136719,451.32000732421875,24444500,MSFT
2024-12-19,431.90631103515625,437.0299987792969,443.17999267578125,436.32000732421875,441.6199951171875,22963700,MSFT
2024-12-20,431.48138427734375,436.6000061035156,443.739990234375,428.6300048828125,433.1099853515625,64263700,MSFT
2024-12-23,430.147216796875,435.25,437.6499938964844,432.8299865722656,436.739990234375,19152500,MSFT
2024-12-24,434.1793518066406,439.3299865722656,439.6000061035156,434.19000244140625,434.6499938964844,7164500,MSFT
2024-12-26,432.9736328125,438.1099853515625,440.94000244140625,436.6300048828125,439.0799865722656,8194200,MSFT
2024-12-27,425.4825134277344,430.5299987792969,435.2200012207031,426.3500061035156,434.6000061035156,18117700,MSFT
2024-12-30,419.8493957519531,424.8299865722656,427.54998779296875,421.8999938964844,426.05999755859375,13158700,MSFT
2024-12-31,416.5583801269531,421.5,426.7300109863281,420.6600036621094,426.1000061035156,13246500,MSFT
2025-01-02,413.672607421875,418.5799865722656,426.07000732421875,414.8500061035156,425.5299987792969,16896500,MSFT
2025-01-03,418.38671875,423.3500061035156,424.0299987792969,419.5400085449219,421.0799865722656,16662900,MSFT
2025-01-06,422.8339538574219,427.8500061035156,434.32000732421875,425.4800109863281,428.0,20573600,MSFT
2025-01-07,417.4181823730469,422.3699951171875,430.6499938964844,420.79998779296875,429.0,18139100,MSFT
2025-01-08,419.58251953125,424.55999755859375,426.9700012207031,421.5400085449219,423.4599914550781,15054600,MSFT
2025-01-10,414.0382995605469,418.95001220703125,424.7099914550781,415.0199890136719,424.6300048828125,20201100,MSFT
2025-01-13,412.2989501953125,417.19000244140625,418.5,412.2900085449219,415.239990234375,17604800,MSFT
2025-01-14,410.7967529296875,415.6700134277344,419.739990234375,410.7200012207031,417.80999755859375,16935900,MSFT
2025-01-15,421.31201171875,426.30999755859375,428.1499938964844,418.2699890136719,419.1300048828125,19637800,MSFT
2025-01-16,419.602294921875,424.5799865722656,429.489990234375,424.3900146484375,428.70001220703125,15300000,MSFT
2025-01-17,424.0001220703125,429.0299987792969,434.4800109863281,428.1700134277344,434.0899963378906,26197500,MSFT
2025-01-21,423.4763488769531,428.5,430.8999938964844,425.6000061035156,430.20001220703125,26085700,MSFT
2025-01-22,440.9688415527344,446.20001220703125,447.2699890136719,436.0,437.55999755859375,27803800,MSFT
2025-01-23,441.47283935546875,446.7099914550781,446.75,441.5,442.0,18389300,MSFT
2025-01-24,438.85394287109375,444.05999755859375,446.6499938964844,441.3999938964844,445.1600036621094,15549500,MSFT
2025-01-27,429.4652404785156,434.55999755859375,435.20001220703125,423.5,424.010009765625,35647800,MSFT
2025-01-28,441.9571228027344,447.20001220703125,448.3800048828125,431.3800048828125,434.6000061035156,23491700,MSFT
2025-01-29,437.1441955566406,442.3299865722656,446.8800048828125,440.3999938964844,446.69000244140625,23581400,MSFT
2025-01-30,410.1247253417969,414.989990234375,422.8599853515625,413.1600036621094,418.7699890136719,54586300,MSFT
2025-01-31,410.19390869140625,415.05999755859375,420.69000244140625,414.9100036621094,418.9800109863281,34161900,MSFT
2025-02-03,406.10247802734375,410.9200134277344,415.4100036621094,408.6600036621094,411.6000061035156,25679100,MSFT
2025-02-04,407.5354309082031,412.3699951171875,413.9200134277344,409.739990234375,412.69000244140625,20532100,MSFT
2025-02-05,408.4447021484375,413.2900085449219,413.8299865722656,410.3999938964844,412.3500061035156,16316700,MSFT
2025-02-06,410.9450378417969,415.82000732421875,418.20001220703125,414.0,414.0,16309800,MSFT
2025-02-07,404.9461364746094,409.75,418.6499938964844,408.1000061035156,416.4800109863281,22886800,MSFT
2025-02-10,407.3871765136719,412.2200012207031,415.4599914550781,410.9200134277344,413.7099914550781,20817900,MSFT
2025-02-11,406.6163635253906,411.44000244140625,412.489990234375,409.29998779296875,409.6400146484375,18140600,MSFT
2025-02-12,404.2444763183594,409.0400085449219,410.75,404.3699951171875,407.2099914550781,19121700,MSFT
2025-02-13,405.7268981933594,410.5400085449219,411.0,406.3599853515625,407.0,23891700,MSFT
2025-02-14,403.6416320800781,408.42999267578125,408.9100036621094,405.8800048828125,407.7900085449219,22758500,MSFT
2025-02-18,404.8374328613281,409.6400146484375,410.6000061035156,406.5,408.0,21423100,MSFT
2025-02-19,409.9072570800781,414.7699890136719,415.489990234375,407.6499938964844,407.8800048828125,24114200,MSFT
2025-02-20,412.0759582519531,416.1300048828125,419.30999755859375,412.5400085449219,415.2900085449219,23508700,MSFT
2025-02-21,404.2331237792969,408.2099914550781,418.04998779296875,407.8900146484375,417.3399963378906,27524800,MSFT
2025-02-24,400.0641174316406,404.0,409.3699951171875,399.32000732421875,408.510009765625,26443700,MSFT
2025-02-25,394.0235595703125,397.8999938964844,401.9200134277344,396.70001220703125,401.1000061035156,29387400,MSFT
2025-02-26,395.83575439453125,399.7300109863281,403.6000061035156,394.25,398.010009765625,19619000,MSFT
2025-02-27,388.70587158203125,392.5299987792969,405.739990234375,392.1700134277344,401.2699890136719,21127400,MSFT
2025-02-28,393.1224365234375,396.989990234375,397.6300048828125,386.57000732421875,392.6600036621094,32845700,MSFT
2025-03-03,384.70526123046875,388.489990234375,398.82000732421875,386.1600036621094,398.82000732421875,23007700,MSFT
2025-03-04,384.82403564453125,388.6099853515625,392.5799865722656,381.0,383.3999938964844,29342900,MSFT
2025-03-05,397.1131591796875,401.0199890136719,401.6700134277344,388.80999755859375,389.3399963378906,23433100,MSFT
2025-03-06,393.0234069824219,396.8900146484375,402.1499938964844,392.67999267578125,394.2799987792969,23304600,MSFT
2025-03-07,389.4783020019531,393.30999755859375,394.79998779296875,385.5400085449219,392.32000732421875,22034100,MSFT
2025-03-10,376.4563903808594,380.1600036621094,386.3999938964844,377.2200012207031,385.8399963378906,32840100,MSFT
2025-03-11,376.7435607910156,380.45001220703125,386.0,376.9100036621094,379.0,30380200,MSFT
2025-03-12,379.53607177734375,383.2699890136719,385.2200012207031,378.95001220703125,382.95001220703125,24253600,MSFT
2025-03-13,375.0799255371094,378.7699890136719,385.32000732421875,377.45001220703125,383.1600036621094,20473000,MSFT
2025-03-14,384.7745361328125,388.55999755859375,390.2300109863281,379.510009765625,379.7799987792969,19952800,MSFT
2025-03-17,384.9132385253906,388.70001220703125,392.7099914550781,385.57000732421875,386.70001220703125,22474300,MSFT
2025-03-18,379.7836608886719,383.5199890136719,387.3699951171875,381.1000061035156,387.07000732421875,19486900,MSFT
2025-03-19,384.04180908203125,387.82000732421875,389.67999267578125,384.0,385.5299987792969,19185500,MSFT
2025-03-20,383.07135009765625,386.8399963378906,391.7900085449219,383.2799987792969,385.739990234375,18470500,MSFT
2025-03-21,387.4482421875,391.260009765625,391.739990234375,382.79998779296875,383.2200012207031,39675900,MSFT
2025-03-24,389.2505187988281,393.0799865722656,395.3999938964844,389.80999755859375,395.3999938964844,21004500,MSFT
2025-03-25,391.3102722167969,395.1600036621094,396.3599853515625,392.6400146484375,393.9200134277344,15775000,MSFT
2025-03-26,386.17083740234375,389.9700012207031,395.30999755859375,388.57000732421875,395.0,16108400,MSFT
2025-03-27,386.7748718261719,390.5799865722656,392.239990234375,387.3999938964844,390.1300048828125,13766800,MSFT
2025-03-28,375.1096496582031,378.79998779296875,389.1300048828125,376.92999267578125,388.0799865722656,21632000,MSFT
2025-03-31,371.73284912109375,375.3900146484375,377.07000732421875,367.239990234375,372.5400085449219,35184700,MSFT
2025-04-01,378.46661376953125,382.19000244140625,382.8500061035156,373.2300109863281,374.6499938964844,19689500,MSFT
2025-04-02,378.4171142578125,382.1400146484375,385.0799865722656,376.6199951171875,377.9700012207031,16092600,MSFT
2025-04-03,369.4750671386719,373.1099853515625,377.4800109863281,369.3500061035156,374.7900085449219,30198000,MSFT
2025-04-04,356.3343505859375,359.8399963378906,374.5899963378906,359.4800109863281,364.1300048828125,49209900,MSFT
2025-04-07,354.3736267089844,357.8599853515625,371.0,344.7900085449219,350.8800048828125,50425000,MSFT
2025-04-08,351.1058044433594,354.55999755859375,373.6499938964844,350.25,368.260009765625,35868900,MSFT
2025-04-09,386.6857604980469,390.489990234375,393.2300109863281,353.1000061035156,353.5400085449219,50199700,MSFT
2025-04-10,377.6347961425781,381.3500061035156,383.8999938964844,367.79998779296875,382.05999755859375,38024400,MSFT
2025-04-11,384.6656799316406,388.45001220703125,390.04998779296875,378.8900146484375,380.6400146484375,23839200,MSFT
2025-04-14,384.0318603515625,387.80999755859375,394.6499938964844,384.2099914550781,393.2200012207031,19251200,MSFT
2025-04-15,381.97216796875,385.7300109863281,391.8900146484375,384.1600036621094,388.510009765625,17199900,MSFT
2025-04-16,367.98968505859375,371.6099853515625,381.6099853515625,368.0,380.6700134277344,21967800,MSFT
2025-04-17,364.1969909667969,367.7799987792969,374.32000732421875,366.8900146484375,373.75,21120200,MSFT
2025-04-21,355.62139892578125,359.1199951171875,364.4800109863281,355.6700134277344,362.82000732421875,20807300,MSFT
2025-04-22,363.2463684082031,366.82000732421875,367.7699890136719,359.8599853515625,363.3800048828125,19485000,MSFT
2025-04-23,370.7426452636719,374.3900146484375,380.3900146484375,373.0199890136719,376.05999755859375,20545500,MSFT
2025-04-24,383.52679443359375,387.29998779296875,388.45001220703125,375.19000244140625,375.70001220703125,22232300,MSFT
2025-04-25,388.03253173828125,391.8500061035156,392.1600036621094,384.6000061035156,387.0,18973200,MSFT
2025-04-28,387.3492431640625,391.1600036621094,392.739990234375,386.6400146484375,391.9599914550781,16579400,MSFT
2025-04-29,390.2012023925781,394.0400085449219,395.1000061035156,390.3800048828125,391.29998779296875,14974000,MSFT
2025-04-30,391.4092712402344,395.260009765625,396.6600036621094,384.44000244140625,390.29998779296875,36461100,MSFT
2025-05-01,421.2556457519531,425.3999938964844,436.989990234375,424.8999938964844,431.1099853515625,58938100,MSFT
2025-05-02,431.0393981933594,435.2799987792969,439.44000244140625,429.989990234375,431.739990234375,30757400,MSFT
2025-05-05,431.9207458496094,436.1700134277344,439.5,432.1099853515625,432.8699951171875,20136100,MSFT
2025-05-06,429.08856201171875,433.30999755859375,437.7300109863281,431.1700134277344,432.20001220703125,15104200,MSFT
2025-05-07,429.1282043457031,433.3500061035156,438.1199951171875,431.1099853515625,433.8399963378906,23295300,MSFT
2025-05-08,433.9012145996094,438.1700134277344,443.6700134277344,435.6600036621094,437.92999267578125,23491300,MSFT
2025-05-09,434.455810546875,438.7300109863281,440.739990234375,435.8800048828125,440.0,15324200,MSFT
2025-05-12,444.8832092285156,449.260009765625,449.3699951171875,439.7799987792969,445.94000244140625,22821900,MSFT
2025-05-13,444.7643737792969,449.1400146484375,450.6700134277344,445.3599853515625,447.7799987792969,23618800,MSFT
2025-05-14,448.5273132324219,452.94000244140625,453.8999938964844,448.1400146484375,448.1400146484375,19902800,MSFT
2025-05-15,449.5392761230469,453.1300048828125,456.19000244140625,450.42999267578125,450.7699890136719,21992300,MSFT
2025-05-16,450.67022705078125,454.2699890136719,454.3599853515625,448.7300109863281,452.04998779296875,23849800,MSFT
2025-05-19,455.2337646484375,458.8699951171875,459.5899963378906,450.79998779296875,450.8800048828125,21336500,MSFT
2025-05-20,454.53936767578125,458.1700134277344,458.3399963378906,454.32000732421875,455.5899963378906,15441800,MSFT
2025-05-21,448.9837341308594,452.57000732421875,457.7799987792969,451.80999755859375,454.57000732421875,19216900,MSFT
2025-05-22,451.25555419921875,454.8599853515625,460.25,453.8999938964844,454.95001220703125,18025600,MSFT
2025-05-23,446.6126403808594,450.17999267578125,453.69000244140625,448.9100036621094,449.9800109863281,16883500,MSFT
2025-05-27,457.03936767578125,460.69000244140625,460.95001220703125,456.1199951171875,456.4800109863281,20974300,MSFT
2025-05-28,453.7357482910156,457.3599853515625,462.5199890136719,456.92999267578125,461.2200012207031,17086300,MSFT
2025-05-29,455.0453186035156,458.67999267578125,461.7200012207031,455.30999755859375,461.54998779296875,13974800,MSFT
2025-05-30,456.71197509765625,460.3599853515625,461.67999267578125,455.5400085449219,459.7200012207031,34770500,MSFT
2025-06-02,458.3092346191406,461.9700012207031,462.1099853515625,456.8900146484375,457.1400146484375,16626500,MSFT
2025-06-03,459.3013000488281,462.9700012207031,464.1400146484375,460.8599853515625,461.4700012207031,15743800,MSFT
2025-06-04,460.19415283203125,463.8699951171875,465.69000244140625,463.0199890136719,464.0,14162700,MSFT
2025-06-05,463.9739685058594,467.67999267578125,469.6499938964844,464.0299987792969,464.9599914550781,20131700,MSFT
2025-06-06,466.652587890625,470.3800048828125,473.3399963378906,468.7799987792969,470.0899963378906,15285600,MSFT
2025-06-09,469.0038146972656,472.75,473.42999267578125,468.6199951171875,469.70001220703125,16469900,MSFT
2025-06-10,467.1883239746094,470.9200134277344,472.79998779296875,466.9599914550781,471.19000244140625,15375900,MSFT
2025-06-11,468.87481689453125,472.6199951171875,475.4700012207031,469.6600036621094,470.0199890136719,16399200,MSFT
2025-06-12,475.0752868652344,478.8699951171875,480.4200134277344,473.5199890136719,475.0199890136719,18950600,MSFT
2025-06-13,471.1962585449219,474.9599914550781,479.17999267578125,472.760009765625,476.4100036621094,16814500,MSFT
2025-06-16,475.34320068359375,479.1400146484375,480.69000244140625,475.0,475.2099914550781,15626100,MSFT
2025-06-17,474.2519226074219,478.0400085449219,478.739990234375,474.0799865722656,475.3999938964844,15414100,MSFT
2025-06-18,476.4344482421875,480.239990234375,481.0,474.4599914550781,478.0,17526500,MSFT
2025-06-20,473.616943359375,477.3999938964844,483.4599914550781,476.8699951171875,482.2300109863281,37576200,MSFT
2025-06-23,482.1488037109375,486.0,487.75,472.510009765625,478.2099914550781,24864000,MSFT
2025-06-24,486.2262268066406,490.1099853515625,491.8500061035156,486.79998779296875,488.95001220703125,22305600,MSFT
2025-06-25,488.369140625,492.2699890136719,494.55999755859375,489.3900146484375,492.0400085449219,17495100,MSFT
2025-06-26,493.5080871582031,497.45001220703125,498.0400085449219,492.80999755859375,492.9800109863281,21578900,MSFT
2025-06-27,492.0100402832031,495.94000244140625,499.29998779296875,493.0299987792969,497.54998779296875,34539200,MSFT
2025-06-30,493.4683837890625,497.4100036621094,500.760009765625,495.3299865722656,497.0400085449219,28369000,MSFT
2025-07-01,488.15081787109375,492.04998779296875,498.04998779296875,490.9800109863281,496.4700012207031,19945400,MSFT
2025-07-02,487.198486328125,491.0899963378906,493.5,488.70001220703125,489.989990234375,16319600,MSFT
2025-07-03,494.8870849609375,498.8399963378906,500.1300048828125,493.44000244140625,493.80999755859375,13984800,MSFT
2025-07-07,493.77593994140625,497.7200012207031,498.75,495.2300109863281,497.3800048828125,13981600,MSFT
2025-07-08,492.68463134765625,496.6199951171875,498.20001220703125,494.1099853515625,497.239990234375,11846600,MSFT
2025-07-09,499.52008056640625,503.510009765625,506.7799987792969,499.739990234375,500.29998779296875,18659500,MSFT
2025-07-10,497.5061340332031,501.4800109863281,504.44000244140625,497.75,503.04998779296875,16492100,MSFT
2025-07-11,499.3315734863281,503.32000732421875,505.0299987792969,497.79998779296875,498.4700012207031,16459500,MSFT
2025-07-14,499.033935546875,503.0199890136719,503.9700012207031,501.0299987792969,501.5199890136719,12058800,MSFT
2025-07-15,501.811767578125,505.82000732421875,508.29998779296875,502.7900085449219,503.0199890136719,14927200,MSFT
2025-07-16,501.6133728027344,505.6199951171875,506.7200012207031,501.8900146484375,505.17999267578125,15154400,MSFT
2025-07-17,507.6451721191406,511.70001220703125,513.3699951171875,505.6199951171875,505.67999267578125,17503100,MSFT
2025-07-18,506.0082092285156,510.04998779296875,514.6400146484375,507.42999267578125,514.47998046875,21209700,MSFT
2025-07-21,506.0181579589844,510.05999755859375,512.0900268554688,505.54998779296875,506.7099914550781,14066800,MSFT
2025-07-22,501.2660827636719,505.2699890136719,511.20001220703125,505.2699890136719,510.9700012207031,13868600,MSFT
2025-07-23,501.861328125,505.8699951171875,506.7900085449219,500.70001220703125,506.75,16396600,MSFT
2025-07-24,506.8316650390625,510.8800048828125,513.6699829101562,507.29998779296875,508.7699890136719,16107000,MSFT
2025-07-25,509.6392517089844,513.7100219726562,518.2899780273438,510.3599853515625,512.469970703125,19125700,MSFT
2025-07-28,508.43878173828125,512.5,515.0,510.1199951171875,514.0800170898438,14308000,MSFT
2025-07-29,508.50823974609375,512.5700073242188,517.6199951171875,511.55999755859375,515.530029296875,16469200,MSFT
2025-07-30,509.1729431152344,513.239990234375,515.9500122070312,509.44000244140625,515.1699829101562,26380400,MSFT
2025-07-31,529.2723999023438,533.5,555.4500122070312,531.9000244140625,555.22998046875,51617300,MSFT
2025-08-01,519.956787109375,524.1099853515625,535.7999877929688,520.8599853515625,535.0,28977600,MSFT
2025-08-04,531.3953857421875,535.6400146484375,538.25,528.1300048828125,528.27001953125,25349000,MSFT
2025-08-05,523.5679931640625,527.75,537.2999877929688,527.239990234375,537.1799926757812,19171600,MSFT
2025-08-06,520.7802734375,524.9400024414062,531.7000122070312,524.030029296875,530.9000244140625,21355700,MSFT
2025-08-07,516.7127075195312,520.8400268554688,528.0900268554688,517.5499877929688,526.7999877929688,16079100,MSFT
2025-08-08,517.9032592773438,522.0399780273438,524.6599731445312,519.4099731445312,522.5999755859375,15531000,MSFT
2025-08-11,517.6353759765625,521.77001953125,527.5900268554688,519.719970703125,522.2999877929688,20194400,MSFT
2025-08-12,525.046142578125,529.239990234375,530.97998046875,522.7000122070312,523.75,18667000,MSFT
2025-08-13,516.4547729492188,520.5800170898438,532.7000122070312,519.3699951171875,532.1099853515625,19619200,MSFT
2025-08-14,518.3396606445312,522.47998046875,525.9500122070312,520.1400146484375,522.5599975585938,20269100,MSFT
2025-08-15,516.0480346679688,520.1699829101562,526.0999755859375,519.0800170898438,522.77001953125,25213300,MSFT
2025-08-18,513.0023803710938,517.0999755859375,522.8200073242188,514.02001953125,521.5900268554688,23760600,MSFT
2025-08-19,505.73040771484375,509.7699890136719,515.1599731445312,508.54998779296875,515.0,21481000,MSFT
2025-08-20,501.7125244140625,505.7200012207031,511.0,504.44000244140625,509.8699951171875,27723000,MSFT
2025-08-21,501.06658935546875,504.239990234375,507.6300048828125,502.7200012207031,503.69000244140625,18443300,MSFT
2025-08-22,504.037841796875,507.2300109863281,510.7300109863281,502.4100036621094,504.25,24324200,MSFT
2025-08-25,501.0865173339844,504.260009765625,508.19000244140625,504.1199951171875,506.6300048828125,21638600,MSFT
2025-08-26,498.8804931640625,502.0400085449219,504.9800109863281,498.510009765625,504.3599853515625,30835700,MSFT
2025-08-27,503.5508728027344,506.739990234375,507.2900085449219,499.8999938964844,502.0,17277900,MSFT
2025-08-28,506.4326477050781,509.6400146484375,511.0899963378906,505.5,507.0899963378906,18015600,MSFT
2025-08-29,503.501220703125,506.69000244140625,509.6000061035156,504.489990234375,508.6600036621094,20961600,MSFT
2025-09-02,501.9410705566406,505.1199951171875,506.0,496.80999755859375,500.4700012207031,18128000,MSFT
2025-09-03,502.1696472167969,505.3500061035156,507.7900085449219,502.32000732421875,503.7900085449219,16345100,MSFT
2025-09-04,504.7731628417969,507.9700012207031,508.1499938964844,503.1499938964844,504.29998779296875,15509500,MSFT
2025-09-05,491.8847961425781,495.0,511.9700012207031,492.3699951171875,509.07000732421875,31994800,MSFT
2025-09-08,495.06463623046875,498.20001220703125,501.20001220703125,495.0299987792969,498.1099853515625,16771000,MSFT
2025-09-09,495.2733459472656,498.4100036621094,502.25,497.70001220703125,501.42999267578125,14410500,MSFT
2025-09-10,497.2209777832031,500.3699951171875,503.2300109863281,496.7200012207031,502.9800109863281,21611800,MSFT
2025-09-11,497.8569641113281,501.010009765625,503.1700134277344,497.8800048828125,502.25,18881600,MSFT
2025-09-12,506.6910095214844,509.8999938964844,512.5499877929688,503.8500061035156,506.6499938964844,23624900,MSFT
2025-09-15,512.1166381835938,515.3599853515625,515.469970703125,507.0,508.7900085449219,17143800,MSFT
2025-09-16,505.83642578125,509.0400085449219,517.22998046875,508.6000061035156,516.8800048828125,19711900,MSFT
2025-09-17,506.81024169921875,510.0199890136719,511.2900085449219,505.92999267578125,510.6199951171875,15816600,MSFT
2025-09-18,505.2501525878906,508.45001220703125,513.0700073242188,507.6600036621094,511.489990234375,18913700,MSFT
2025-09-19,514.67041015625,517.9299926757812,519.2999877929688,510.30999755859375,510.55999755859375,52474100,MSFT
2025-09-22,511.21234130859375,514.4500122070312,517.739990234375,512.5399780273438,515.5900268554688,20009300,MSFT
2025-09-23,506.0252685546875,509.2300109863281,514.5900268554688,507.30999755859375,513.7999877929688,19799600,MSFT
2025-09-24,506.9394226074219,510.1499938964844,512.47998046875,506.9200134277344,510.3800048828125,13533700,MSFT
2025-09-25,503.8390808105469,507.0299987792969,510.010009765625,505.0400085449219,508.29998779296875,15786500,MSFT
2025-09-26,508.2411804199219,511.4599914550781,513.9400024414062,506.6199951171875,510.05999755859375,16213100,MSFT
2025-09-29,511.36138916015625,514.5999755859375,516.8499755859375,508.8800048828125,511.5,17617800,MSFT
2025-09-30,514.6903686523438,517.9500122070312,518.1599731445312,509.6600036621094,513.239990234375,19728200,MSFT
2025-10-01,516.4393310546875,519.7100219726562,520.510009765625,511.69000244140625,514.7999877929688,22632300,MSFT
2025-10-02,512.4942626953125,515.739990234375,521.5999755859375,510.67999267578125,517.6400146484375,21222900,MSFT
2025-10-03,514.0940551757812,517.3499755859375,520.489990234375,515.0,517.0999755859375,15112300,MSFT
2025-10-06,525.2435302734375,528.5700073242188,531.030029296875,518.2000122070312,518.6099853515625,21388600,MSFT
2025-10-07,520.682373046875,523.97998046875,529.7999877929688,521.4400024414062,528.2899780273438,14615200,MSFT
2025-10-08,521.546875,524.8499755859375,526.9500122070312,523.0900268554688,523.280029296875,13363400,MSFT
2025-10-09,519.1123657226562,522.4000244140625,524.3300170898438,517.4000244140625,522.3400268554688,18343600,MSFT
2025-10-10,507.74432373046875,510.9599914550781,523.5800170898438,509.6300048828125,519.6400146484375,24133800,MSFT
2025-10-13,510.81488037109375,514.0499877929688,516.4099731445312,511.67999267578125,516.4099731445312,14284200,MSFT
2025-10-14,510.337890625,513.5700073242188,515.280029296875,506.0,510.2300109863281,14684300,MSFT
2025-10-15,510.1987609863281,513.4299926757812,517.1900024414062,510.0,514.9600219726562,14694700,MSFT
2025-10-16,508.3902282714844,511.6099853515625,516.8499755859375,508.1300048828125,512.5800170898438,15559600,MSFT
2025-10-17,510.347900390625,513.5800170898438,515.47998046875,507.30999755859375,509.0400085449219,19867800,MSFT
2025-10-20,513.53759765625,516.7899780273438,518.7000122070312,513.4299926757812,514.6099853515625,14665600,MSFT
2025-10-21,514.4021606445312,517.6599731445312,518.6900024414062,513.0399780273438,517.5,15586200,MSFT
2025-10-22,517.2640380859375,520.5399780273438,525.22998046875,517.7100219726562,521.1500244140625,18962700,MSFT
2025-10-23,517.283935546875,520.5599975585938,523.9500122070312,518.6099853515625,522.4600219726562,14023500,MSFT
2025-10-24,520.314697265625,523.6099853515625,525.3499755859375,520.7100219726562,522.7899780273438,15532400,MSFT
2025-10-27,528.1749877929688,531.52001953125,534.5800170898438,529.010009765625,531.780029296875,18734700,MSFT
2025-10-28,538.6585693359375,542.0700073242188,553.719970703125,540.77001953125,550.0,29986700,MSFT
2025-10-29,538.141845703125,541.5499877929688,546.27001953125,536.72998046875,544.9400024414062,36023000,MSFT
2025-10-30,522.451171875,525.760009765625,534.969970703125,522.1199951171875,530.47998046875,41023100,MSFT
2025-10-31,514.5512084960938,517.8099975585938,529.3200073242188,515.0999755859375,528.8800048828125,34006400,MSFT
2025-11-03,513.776123046875,517.030029296875,524.9600219726562,514.5900268554688,519.8099975585938,22374700,MSFT
2025-11-04,511.0931701660156,514.3300170898438,515.5499877929688,507.8399963378906,511.760009765625,20958700,MSFT
2025-11-05,503.9682312011719,507.1600036621094,514.8300170898438,506.5799865722656,513.2999877929688,23024300,MSFT
2025-11-06,493.9715576171875,497.1000061035156,505.70001220703125,495.80999755859375,505.6600036621094,27406500,MSFT
2025-11-07,493.6933288574219,496.82000732421875,499.3800048828125,493.25,496.95001220703125,24019800,MSFT
2025-11-10,502.8155212402344,506.0,506.8500061035156,498.79998779296875,500.0400085449219,26101500,MSFT
2025-11-11,505.4786682128906,508.67999267578125,509.6000061035156,502.3500061035156,504.79998779296875,17980000,MSFT
2025-11-12,507.9232177734375,511.1400146484375,511.6700134277344,499.1199951171875,509.3599853515625,26574900,MSFT
2025-11-13,500.1225891113281,503.2900085449219,513.5,501.2900085449219,510.30999755859375,25273100,MSFT
2025-11-14,506.96923828125,510.17999267578125,511.6000061035156,497.44000244140625,498.2300109863281,28505700,MSFT
2025-11-17,504.296142578125,507.489990234375,512.1199951171875,504.9100036621094,508.45001220703125,19092800,MSFT
2025-11-18,490.6824035644531,493.7900085449219,502.9800109863281,486.7799987792969,495.3699951171875,33815100,MSFT
2025-11-19,484.0543518066406,487.1199951171875,495.19000244140625,482.8299865722656,490.1000061035156,23245300,MSFT
2025-11-20,476.3088684082031,478.42999267578125,493.57000732421875,475.5,492.7099914550781,26802500,MSFT
2025-11-21,470.0268249511719,472.1199951171875,478.9200134277344,468.2699890136719,478.5,31769200,MSFT
2025-11-24,471.8985290527344,474.0,476.8999938964844,468.0199890136719,475.0,34421000,MSFT
2025-11-25,474.8752136230469,476.989990234375,479.1499938964844,464.8900146484375,474.07000732421875,28019800,MSFT
2025-11-26,483.3475036621094,485.5,488.30999755859375,481.20001220703125,486.30999755859375,25709100,MSFT
2025-11-28,489.82867431640625,492.010009765625,492.6300048828125,486.6499938964844,487.6000061035156,14386700,MSFT
2025-12-01,484.5820007324219,486.739990234375,489.8599853515625,484.6499938964844,488.44000244140625,23964000,MSFT
2025-12-02,487.82757568359375,490.0,493.5,486.32000732421875,486.7200012207031,19562700,MSFT
2025-12-03,475.6119689941406,477.7300109863281,484.239990234375,475.20001220703125,476.32000732421875,34615100,MSFT
2025-12-04,478.7081604003906,480.8399963378906,481.32000732421875,476.489990234375,479.760009765625,22318200,MSFT
2025-12-05,481.01788330078125,483.1600036621094,483.3999938964844,478.8800048828125,482.5199890136719,22608700,MSFT
2025-12-08,488.8430480957031,491.0199890136719,492.29998779296875,484.3800048828125,484.8900146484375,21965900,MSFT
2025-12-09,489.8385925292969,492.0199890136719,492.1199951171875,488.5,489.1000061035156,14696100,MSFT
2025-12-10,476.4382629394531,478.55999755859375,484.25,475.0799865722656,484.0299987792969,35756200,MSFT
2025-12-11,481.3265075683594,483.4700012207031,486.0299987792969,475.8599853515625,476.6300048828125,24669200,MSFT
2025-12-12,476.4084167480469,478.5299987792969,482.45001220703125,476.3399963378906,479.82000732421875,21248100,MSFT
2025-12-15,472.7148742675781,474.82000732421875,480.7200012207031,472.5199890136719,480.1000061035156,23727700,MSFT
2025-12-16,474.2779235839844,476.3900146484375,477.8900146484375,470.8800048828125,471.9100036621094,20705600,MSFT
2025-12-17,474.00909423828125,476.1199951171875,480.0,475.0,476.9100036621094,24527200,MSFT
2025-12-18,481.8342590332031,483.9800109863281,489.6000061035156,477.8900146484375,478.19000244140625,28573500,MSFT
2025-12-19,483.7656555175781,485.9200134277344,487.8500061035156,482.489990234375,487.3599853515625,70836100,MSFT
2025-12-22,482.7701110839844,484.9200134277344,488.7300109863281,482.69000244140625,486.1199951171875,16963000,MSFT
2025-12-23,484.6915588378906,486.8500061035156,487.8299865722656,484.739990234375,484.9800109863281,14683600,MSFT
2025-12-24,485.8563232421875,488.0199890136719,489.1600036621094,484.8299865722656,485.67999267578125,5855900,MSFT
2025-12-26,485.5477294921875,487.7099914550781,488.1199951171875,485.9599914550781,486.7099914550781,8842200,MSFT
2025-12-29,484.9404296875,487.1000061035156,488.3500061035156,484.17999267578125,484.8599853515625,10893400,MSFT
2025-12-30,485.3187561035156,487.4800109863281,489.67999267578125,485.5,485.92999267578125,13944500,MSFT
2025-12-31,481.4758605957031,483.6199951171875,488.1400146484375,483.29998779296875,487.8399963378906,15601600,MSFT
2026-01-02,470.84320068359375,472.94000244140625,484.6600036621094,470.1600036621094,484.3900146484375,25571600,MSFT
2026-01-05,470.75360107421875,472.8500061035156,476.07000732421875,469.5,474.05999755859375,25250300,MSFT
2026-01-06,476.3885192871094,478.510009765625,478.739990234375,469.75,473.79998779296875,23037700,MSFT
2026-01-07,481.3265075683594,483.4700012207031,489.70001220703125,477.95001220703125,479.760009765625,25564200,MSFT
2026-01-08,475.9902648925781,478.1099853515625,482.6600036621094,475.8599853515625,481.239990234375,18162600,MSFT
2026-01-09,477.15509033203125,479.2799987792969,479.82000732421875,472.20001220703125,474.05999755859375,18491000,MSFT
2026-01-12,475.06439208984375,477.17999267578125,480.989990234375,475.67999267578125,476.6700134277344,23519900,MSFT
2026-01-13,468.5832824707031,470.6700134277344,475.7799987792969,465.95001220703125,474.67999267578125,28545800,MSFT
2026-01-14,457.3433532714844,459.3800048828125,468.20001220703125,457.1700134277344,466.4599914550781,28184300,MSFT
2026-01-15,454.6354064941406,456.6600036621094,464.25,455.8999938964844,464.1199951171875,23225800,MSFT
2026-01-16,457.8211975097656,459.8599853515625,463.19000244140625,456.4800109863281,457.8299865722656,34246700,MSFT
2026-01-20,452.5048522949219,454.5199890136719,456.79998779296875,449.2799987792969,451.2200012207031,26130000,MSFT
2026-01-21,442.1409912109375,444.1099853515625,452.69000244140625,438.67999267578125,452.6000061035156,37980500,MSFT
2026-01-22,449.1398620605469,451.1400146484375,452.8399963378906,444.70001220703125,447.6199951171875,25349400,MSFT
2026-01-23,463.8841857910156,465.95001220703125,471.1000061035156,450.5299987792969,451.8699951171875,38000200,MSFT
2026-01-26,468.1949768066406,470.2799987792969,474.25,462.0,465.30999755859375,29291200,MSFT
2026-01-27,478.4493408203125,480.5799865722656,482.8699951171875,473.1600036621094,473.70001220703125,29213900,MSFT
2026-01-28,479.4946594238281,481.6300048828125,483.739990234375,478.0,483.2099914550781,36875400,MSFT
2026-01-29,431.57806396484375,433.5,442.5,421.0199890136719,439.989990234375,128855300,MSFT
2026-01-30,428.3822937011719,430.2900085449219,439.6000061035156,426.45001220703125,439.1700134277344,58566800,MSFT
2026-02-02,421.49298095703125,423.3699951171875,430.739990234375,422.25,430.239990234375,42219900,MSFT
2026-02-03,409.3868713378906,411.2099914550781,422.04998779296875,408.55999755859375,422.010009765625,61424100,MSFT
2026-02-04,412.35369873046875,414.19000244140625,419.79998779296875,409.239990234375,411.0,45012400,MSFT
2026-02-05,391.9246520996094,393.6700134277344,408.29998779296875,392.32000732421875,407.44000244140625,66289200,MSFT
2026-02-06,399.3615417480469,401.1400146484375,401.7900085449219,392.9200134277344,399.1700134277344,53515300,MSFT
2026-02-09,411.76629638671875,413.6000061035156,414.8900146484375,400.8699951171875,404.8500061035156,45480500,MSFT
2026-02-10,411.437744140625,413.2699890136719,423.67999267578125,412.70001220703125,419.6199951171875,44857900,MSFT
2026-02-11,402.5771789550781,404.3699951171875,416.4599914550781,401.010009765625,416.17999267578125,42491000,MSFT
2026-02-12,400.05841064453125,401.8399963378906,406.20001220703125,398.010009765625,405.0,40802400,MSFT
2026-02-13,399.5407409667969,401.32000732421875,405.5400085449219,398.04998779296875,404.45001220703125,34091600,MSFT
2026-02-17,395.1004943847656,396.8599853515625,400.5199890136719,394.5299987792969,399.2200012207031,32078800,MSFT
2026-02-18,397.8283386230469,399.6000061035156,402.55999755859375,396.32000732421875,398.1300048828125,23223400,MSFT
2026-02-19,397.5988464355469,398.4599914550781,404.42999267578125,396.6700134277344,400.69000244140625,28234000,MSFT
2026-02-20,396.37152099609375,397.2300109863281,400.1199951171875,395.1600036621094,396.1099853515625,34015200,MSFT
2026-02-23,383.6390686035156,384.4700012207031,395.3599853515625,383.1000061035156,395.0,43238300,MSFT
2026-02-24,388.1593017578125,389.0,389.3599853515625,381.7099914550781,384.1400146484375,33884700,MSFT
2026-02-25,399.7342224121094,400.6000061035156,401.4700012207031,390.1600036621094,390.5299987792969,43625500,MSFT
2026-02-26,400.851806640625,401.7200012207031,407.489990234375,398.739990234375,404.7099914550781,34405900,MSFT
2026-02-27,391.8912048339844,392.739990234375,396.82000732421875,389.8800048828125,390.8800048828125,51367200,MSFT
2026-03-02,397.6886291503906,398.54998779296875,401.19000244140625,390.6300048828125,392.8599853515625,35474900,MSFT
2026-03-03,403.0570068359375,403.92999267578125,406.70001220703125,392.6700134277344,393.1400146484375,38199200,MSFT
2026-03-04,404.32427978515625,405.20001220703125,411.0299987792969,400.30999755859375,401.2699890136719,35808000,MSFT
2026-03-05,409.79241943359375,410.67999267578125,411.6099853515625,404.3999938964844,404.4200134277344,39001300,MSFT
2026-03-06,408.0761413574219,408.9599914550781,413.04998779296875,408.510009765625,409.20001220703125,31123900,MSFT
2026-03-09,408.5251770019531,409.4100036621094,410.2099914550781,403.5,404.9200134277344,30131900,MSFT
2026-03-10,404.8830871582031,405.760009765625,410.20001220703125,402.92999267578125,410.0299987792969,31706400,MSFT
2026-03-11,404.0049743652344,404.8800048828125,409.010009765625,401.5899963378906,405.57000732421875,25512100,MSFT
2026-03-12,400.9914855957031,401.8599853515625,406.1199951171875,401.7099914550781,404.6300048828125,27263900,MSFT
2026-03-13,394.69512939453125,395.54998779296875,404.79998779296875,394.25,401.0,26848000,MSFT
2026-03-16,399.08563232421875,399.95001220703125,400.6300048828125,394.7900085449219,398.07000732421875,27733700,MSFT
2026-03-17,398.5467834472656,399.4100036621094,404.3999938964844,397.75,400.2699890136719,26228300,MSFT
2026-03-18,390.9432678222656,391.7900085449219,398.0,391.0,397.1300048828125,25908500,MSFT
2026-03-19,388.1792297363281,389.0199890136719,392.489990234375,387.05999755859375,390.1000061035156,25138800,MSFT
2026-03-20,381.0447082519531,381.8699951171875,387.0,380.1199951171875,386.7900085449219,50853200,MSFT
2026-03-23,382.1722717285156,383.0,387.2099914550781,381.67999267578125,383.8999938964844,29680100,MSFT
2026-03-24,371.9344177246094,372.739990234375,382.4700012207031,371.8500061035156,382.3599853515625,42733600,MSFT
2026-03-25,370.2381286621094,371.0400085449219,377.05999755859375,369.6300048828125,376.9200134277344,31181200,MSFT
2026-03-26,365.1790771484375,365.9700012207031,374.7200012207031,365.19000244140625,370.82000732421875,36836600,MSFT
2026-03-27,355.9989318847656,356.7699890136719,362.45001220703125,356.510009765625,361.8999938964844,37883400,MSFT
2026-03-30,358.1842041015625,358.9599914550781,365.3599853515625,356.2799987792969,361.8999938964844,44797000,MSFT
2026-03-31,369.3699951171875,370.1700134277344,372.8999938964844,363.07000732421875,364.54998779296875,45244400,MSFT
2026-04-01,368.57171630859375,369.3699951171875,373.989990234375,368.20001220703125,373.489990234375,29417200,MSFT
2026-04-02,372.6528625488281,373.4599914550781,373.6400146484375,364.1499938964844,367.2099914550781,24099100,MSFT
2026-04-06,372.0741271972656,372.8800048828125,373.7300109863281,369.5,373.489990234375,16146600,MSFT
2026-04-07,371.48541259765625,372.2900085449219,372.45001220703125,366.55999755859375,370.3399963378906,21443300,MSFT
2026-04-08,373.52099609375,374.3299865722656,385.0,371.4100036621094,384.9800109863281,33064800,MSFT
2026-04-09,372.26373291015625,373.07000732421875,373.5,367.04998779296875,372.5,30435300,MSFT
2026-04-10,370.0684814453125,370.8699951171875,375.6400146484375,370.0299987792969,372.9800109863281,28111100,MSFT
2026-04-13,383.539306640625,384.3699951171875,384.5400085449219,371.0199890136719,373.6099853515625,35745800,MSFT
2026-04-14,392.2604064941406,393.1099853515625,394.69000244140625,386.5199890136719,387.9200134277344,37504500,MSFT
2026-04-15,410.3312683105469,411.2200012207031,414.3699951171875,396.7300109863281,398.0,45063400,MSFT
2026-04-16,419.35174560546875,420.260009765625,420.82000732421875,412.1400146484375,419.8599853515625,41642400,MSFT
2026-04-17,421.87628173828125,422.7900085449219,431.5799865722656,420.69000244140625,424.82000732421875,48568200,MSFT
2026-04-20,417.1664733886719,418.07000732421875,423.3299865722656,416.29998779296875,421.1499938964844,27582200,MSFT
2026-04-21,423.2433166503906,424.1600036621094,427.17999267578125,417.20001220703125,420.239990234375,32048500,MSFT
2026-04-22,431.984375,432.9200134277344,433.70001220703125,423.6700134277344,426.19000244140625,29378200,MSFT
2026-04-23,414.8514709472656,415.75,423.6600036621094,411.4100036621094,419.8900146484375,38308000,MSFT
2026-04-24,423.7023010253906,424.6199951171875,424.95001220703125,415.79998779296875,416.9700012207031,27457400,MSFT
2026-04-27,423.9018859863281,424.82000732421875,427.1099853515625,417.07000732421875,422.3800048828125,30867300,MSFT
2026-04-28,428.3222961425781,429.25,429.9200134277344,421.8999938964844,424.57000732421875,30438100,MSFT
2026-04-29,423.5426330566406,424.4599914550781,426.82000732421875,420.2900085449219,424.5799865722656,38288300,MSFT
2026-04-30,406.8987121582031,407.7799987792969,414.4200134277344,398.010009765625,410.80999755859375,70909400,MSFT
2026-05-01,413.5443115234375,414.44000244140625,417.1099853515625,410.44000244140625,412.79998779296875,31372400,MSFT
2026-05-04,412.72607421875,413.6199951171875,420.7799987792969,410.79998779296875,411.5400085449219,28066500,MSFT
2026-05-05,410.4909362792969,411.3800048828125,416.7799987792969,408.79998779296875,415.32000732421875,25700900,MSFT
2026-05-06,413.0653381347656,413.9599914550781,418.4200134277344,405.1099853515625,408.0,30285900,MSFT
2026-05-07,419.8606262207031,420.7699890136719,427.9800109863281,418.760009765625,420.1099853515625,34942400,MSFT
2026-05-08,414.22283935546875,415.1199951171875,418.6300048828125,414.0,417.3900146484375,33383800,MSFT
2026-05-11,411.7681579589844,412.6600036621094,412.69000244140625,405.5,407.8699951171875,35657900,MSFT
2026-05-12,406.8887023925781,407.7699890136719,415.5,406.6400146484375,414.4800109863281,38594200,MSFT
2026-05-13,404.3342590332031,405.2099914550781,406.30999755859375,401.0299987792969,403.20001220703125,29667100,MSFT
2026-05-14,408.5451354980469,409.42999267578125,411.8399963378906,400.8800048828125,404.4800109863281,27077500,MSFT
2026-05-15,421.0081481933594,421.9200134277344,428.1700134277344,412.9100036621094,414.2699890136719,50771200,MSFT
2026-05-18,422.6246643066406,423.5400085449219,425.1199951171875,415.6099853515625,416.6199951171875,32564100,MSFT
2026-05-19,416.51788330078125,417.4200134277344,432.70001220703125,416.489990234375,429.8999938964844,33018700,MSFT
2026-05-20,420.1499938964844,421.05999755859375,422.1000061035156,411.29998779296875,414.1700134277344,27864000,MSFT
2026-05-21,419.0899963378906,419.0899963378906,426.3399963378906,415.7099914550781,424.75,31393500,MSFT
2026-05-22,418.57000732421875,418.57000732421875,424.3999938964844,416.3299865722656,419.5400085449219,22390300,MSFT
2026-05-26,416.0299987792969,416.0299987792969,419.7699890136719,413.0199890136719,416.42999267578125,30398000,MSFT
2026-05-27,412.6700134277344,412.6700134277344,415.94000244140625,409.5799865722656,411.010009765625,28901500,MSFT
2026-05-28,426.989990234375,426.989990234375,429.489990234375,412.6700134277344,412.9800109863281,47250500,MSFT
2026-05-29,450.239990234375,450.239990234375,450.3299865722656,432.3599853515625,432.54998779296875,79654400,MSFT
2026-06-01,460.5199890136719,460.5199890136719,466.32000732421875,458.2699890136719,464.8399963378906,53628900,MSFT
2026-06-02,441.30999755859375,441.30999755859375,453.5,440.42999267578125,446.8800048828125,37036800,MSFT
2026-06-03,427.3399963378906,427.3399963378906,440.3900146484375,424.25,438.45001220703125,39037000,MSFT
2026-06-04,428.04998779296875,428.04998779296875,436.1499938964844,426.4100036621094,435.80999755859375,26899500,MSFT
2026-06-05,416.6700134277344,416.6700134277344,429.4700012207031,414.3999938964844,428.3399963378906,34782200,MSFT
2026-06-08,411.739990234375,411.739990234375,417.1600036621094,408.55999755859375,414.1400146484375,32086700,MSFT
2026-06-09,403.4100036621094,403.4100036621094,411.9800109863281,398.4800109863281,409.0299987792969,35317300,MSFT
2026-06-10,397.3599853515625,397.3599853515625,405.0400085449219,397.1600036621094,398.54998779296875,32576000,MSFT
2026-06-11,390.3399963378906,390.3399963378906,396.8500061035156,384.0,395.2099914550781,47224100,MSFT
2026-06-12,390.739990234375,390.739990234375,391.739990234375,382.2699890136719,391.42999267578125,34865800,MSFT
2026-06-15,399.760009765625,399.760009765625,401.75,392.8500061035156,396.79998779296875,32266400,MSFT
2026-06-16,393.8299865722656,393.8299865722656,396.8399963378906,390.69000244140625,395.7900085449219,31506800,MSFT
2026-06-17,378.9100036621094,378.9100036621094,390.3699951171875,377.32000732421875,390.25,41987800,MSFT
2026-06-18,379.3999938964844,379.3999938964844,381.3699951171875,373.2799987792969,377.82000732421875,59714200,MSFT
2026-06-22,367.3399963378906,367.3399963378906,381.6300048828125,367.07000732421875,375.739990234375,45171100,MSFT
2026-06-23,373.94000244140625,373.94000244140625,377.2200012207031,370.6700134277344,372.3800048828125,40647600,MSFT
2026-06-24,365.4599914550781,365.4599914550781,378.8800048828125,364.7799987792969,371.57000732421875,44509900,MSFT
2026-06-25,352.8299865722656,352.8299865722656,364.2300109863281,349.20001220703125,362.7699890136719,66179000,MSFT
2026-06-26,372.9700012207031,372.9700012207031,376.6099853515625,355.42999267578125,357.1499938964844,186201600,MSFT
2026-06-29,368.57000732421875,368.57000732421875,380.5,359.8999938964844,377.5,51229900,MSFT
2026-06-30,373.0199890136719,373.0199890136719,374.1499938964844,367.45001220703125,371.0299987792969,44945700,MSFT
2026-07-01,384.2799987792969,384.2799987792969,388.8299865722656,374.8900146484375,380.8299865722656,48065800,MSFT
2026-07-02,390.489990234375,390.489990234375,392.20001220703125,383.70001220703125,384.4800109863281,42128900,MSFT
2026-07-06,386.739990234375,386.739990234375,389.1499938964844,381.2200012207031,387.0400085449219,34224500,MSFT
2026-07-07,388.8399963378906,388.8399963378906,395.57000732421875,388.2200012207031,392.489990234375,29297500,MSFT
2026-07-08,383.3399963378906,383.3399963378906,385.30999755859375,381.3299865722656,384.0299987792969,25908300,MSFT
2026-07-09,384.3599853515625,384.3599853515625,384.6499938964844,373.3500061035156,374.45001220703125,31083200,MSFT
2026-07-10,385.1000061035156,385.1000061035156,391.9100036621094,381.5,387.79998779296875,24644600,MSFT
2026-07-13,390.989990234375,390.989990234375,393.6499938964844,384.1499938964844,387.75,28914900,MSFT
2026-07-14,384.92999267578125,384.92999267578125,388.19000244140625,378.6499938964844,382.82000732421875,27863900,MSFT
2026-07-15,395.6300048828125,395.6300048828125,398.9599914550781,386.3999938964844,387.79998779296875,36253700,MSFT
2026-07-16,401.1000061035156,401.1000061035156,405.989990234375,392.04998779296875,398.30999755859375,36944800,MSFT
2019-01-02,52.270503997802734,52.73400115966797,53.03950119018555,51.263999938964844,51.36000061035156,31868000,GOOGL
2019-01-03,50.82284164428711,51.27349853515625,53.3129997253418,51.118499755859375,52.53350067138672,41960000,GOOGL
2019-01-04,53.42972183227539,53.903499603271484,54.0,51.84299850463867,52.12799835205078,46022000,GOOGL
2019-01-07,53.32317352294922,53.79600143432617,54.1349983215332,53.13199996948242,54.048500061035156,47446000,GOOGL
2019-01-08,53.79152297973633,54.26850128173828,54.66749954223633,53.41749954223633,54.29999923706055,35414000,GOOGL
2019-01-09,53.607154846191406,54.08250045776367,54.582000732421875,53.71849822998047,54.39950180053711,26998000,GOOGL
2019-01-10,53.46738815307617,53.94150161743164,53.990501403808594,53.23400115966797,53.74700164794922,26598000,GOOGL
2019-01-11,52.75570297241211,53.2234992980957,53.66849899291992,52.82149887084961,53.494998931884766,30864000,GOOGL
2019-01-14,52.11339569091797,52.57550048828125,52.92250061035156,52.4275016784668,52.66699981689453,28490000,GOOGL
2019-01-15,53.848018646240234,54.32550048828125,54.41350173950195,52.72200012207031,52.9005012512207,37518000,GOOGL
2019-01-16,53.996700286865234,54.47549819946289,55.11800003051758,54.4005012512207,54.5,38280000,GOOGL
2019-01-17,54.472984313964844,54.95600128173828,55.03499984741211,54.16299819946289,54.39950180053711,24896000,GOOGL
2019-01-18,54.87838363647461,55.3650016784668,55.900001525878906,54.9640007019043,55.429500579833984,44892000,GOOGL
2019-01-22,53.45747756958008,53.93149948120117,54.94850158691406,53.544498443603516,54.79999923706055,39632000,GOOGL
2019-01-23,53.743934631347656,54.22050094604492,54.647499084472656,53.378501892089844,54.34299850463867,25194000,GOOGL
2019-01-24,53.72362518310547,54.20000076293945,54.400001525878906,53.500999450683594,54.1254997253418,29114000,GOOGL
2019-01-25,54.591426849365234,55.07550048828125,55.167999267578125,54.59000015258789,54.71149826049805,23260000,GOOGL
2019-01-28,53.51844024658203,53.99300003051758,54.66849899291992,53.730499267578125,54.503501892089844,29334000,GOOGL
2019-01-29,53.032752990722656,53.50299835205078,54.23649978637695,53.30099868774414,54.051998138427734,19704000,GOOGL
2019-01-30,54.4169807434082,54.89950180053711,54.97600173950195,53.832000732421875,53.86800003051758,29452000,GOOGL
2019-01-31,55.799713134765625,56.294498443603516,56.38349914550781,55.26250076293945,55.61199951171875,40232000,GOOGL
2019-02-01,55.43940353393555,55.930999755859375,56.720001220703125,55.712501525878906,56.114498138427734,33116000,GOOGL
2019-02-04,56.56938552856445,57.07099914550781,57.117000579833984,55.8754997253418,55.95050048828125,78408000,GOOGL
2019-02-05,57.0872917175293,57.59349822998047,57.63850021362305,56.18000030517578,56.48149871826172,82296000,GOOGL
2019-02-06,55.651031494140625,56.144500732421875,57.70000076293945,55.917999267578125,57.4635009765625,48256000,GOOGL
2019-02-07,54.80949783325195,55.295501708984375,55.5994987487793,54.679500579833984,55.590999603271484,38298000,GOOGL
2019-02-08,54.634544372558594,55.11899948120117,55.255001068115234,54.71200180053711,54.74399948120117,21766000,GOOGL
2019-02-11,54.62165832519531,55.10599899291992,55.67150115966797,55.0,55.1875,18498000,GOOGL
2019-02-12,55.88346862792969,56.37900161743164,56.643001556396484,55.550498962402344,55.550498962402344,35036000,GOOGL
2019-02-13,55.93551254272461,56.43149948120117,57.14250183105469,56.29999923706055,56.652000427246094,28042000,GOOGL
2019-02-14,55.9637565612793,56.459999084472656,56.80649948120117,55.85449981689453,56.25,21106000,GOOGL
2019-02-15,55.489463806152344,55.98149871826172,56.96500015258789,55.83599853515625,56.96500015258789,27826000,GOOGL
2019-02-19,55.83043670654297,56.32550048828125,56.481998443603516,55.832000732421875,55.832000732421875,21980000,GOOGL
2019-02-20,55.53703689575195,56.02949905395508,56.54650115966797,55.587501525878906,56.444000244140625,24090000,GOOGL
2019-02-21,54.72523498535156,55.21049880981445,55.95750045776367,54.89899826049805,55.93899917602539,33272000,GOOGL
2019-02-22,55.337310791015625,55.827999114990234,55.86249923706055,55.025001525878906,55.48500061035156,29436000,GOOGL
2019-02-25,55.37546920776367,55.86650085449219,56.27000045776367,55.705501556396484,56.096500396728516,26208000,GOOGL
2019-02-26,55.60741424560547,56.10049819946289,56.321998596191406,55.334999084472656,55.71849822998047,35026000,GOOGL
2019-02-27,55.651031494140625,56.144500732421875,56.2864990234375,55.428001403808594,55.70050048828125,22092000,GOOGL
2019-02-28,55.83242416381836,56.32749938964844,56.699501037597656,55.920501708984375,55.95000076293945,27422000,GOOGL
2019-03-01,56.9212646484375,57.42599868774414,57.5,56.54999923706055,56.54999923706055,34086000,GOOGL
2019-03-04,57.16411209106445,57.67100143432617,58.2760009765625,56.912498474121094,57.72800064086914,35490000,GOOGL
2019-03-05,57.945682525634766,58.45949935913086,58.824501037597656,57.6510009765625,57.79999923706055,40094000,GOOGL
2019-03-06,57.73505401611328,58.24700164794922,58.73699951171875,58.15250015258789,58.5880012512207,23602000,GOOGL
2019-03-07,57.036739349365234,57.54249954223633,58.17900085449219,57.08549880981445,58.025001525878906,30086000,GOOGL
2019-03-08,56.99312973022461,57.49850082397461,57.67250061035156,56.5099983215332,56.69499969482422,23694000,GOOGL
2019-03-11,58.444759368896484,58.9630012512207,58.99549865722656,57.57849884033203,57.599998474121094,30032000,GOOGL
2019-03-12,59.33634567260742,59.86249923706055,60.285499572753906,59.1150016784668,59.1150016784668,42220000,GOOGL
2019-03-13,59.42605209350586,59.952999114990234,60.35599899291992,59.89550018310547,60.29650115966797,25888000,GOOGL
2019-03-14,59.1024169921875,59.62649917602539,60.23500061035156,59.561500549316406,59.95100021362305,27302000,GOOGL
2019-03-15,58.991905212402344,59.51499938964844,60.08599853515625,59.35049819946289,59.900001525878906,51886000,GOOGL
2019-03-18,58.905174255371094,59.4275016784668,59.747501373291016,59.07400131225586,59.484500885009766,24442000,GOOGL
2019-03-19,59.59456253051758,60.12300109863281,60.170501708984375,59.472999572753906,59.58599853515625,29788000,GOOGL
2019-03-20,60.78252410888672,61.32149887084961,61.4995002746582,59.97949981689453,60.06999969482422,41508000,GOOGL
2019-03-21,61.26326370239258,61.80649948120117,61.821998596191406,60.82899856567383,61.0,28150000,GOOGL
2019-03-22,59.851783752441406,60.38249969482422,61.68149948120117,60.29999923706055,61.442501068115234,34422000,GOOGL
2019-03-25,59.342796325683594,59.86899948120117,60.47200012207031,59.5,59.97800064086914,27576000,GOOGL
2019-03-26,58.969112396240234,59.492000579833984,60.38249969482422,59.0880012512207,60.259498596191406,30752000,GOOGL
2019-03-27,58.382808685302734,58.9005012512207,59.59600067138672,58.21149826049805,59.59600067138672,29428000,GOOGL
2019-03-28,58.098323822021484,58.61349868774414,58.86249923706055,58.17150115966797,58.775001525878906,22402000,GOOGL
2019-03-29,58.327301025390625,58.84450149536133,59.19850158691406,58.319000244140625,59.00899887084961,30890000,GOOGL
2019-04-01,59.422096252441406,59.94900131225586,60.0099983215332,59.31800079345703,59.37699890136719,27706000,GOOGL
2019-04-02,59.74720764160156,60.277000427246094,60.29050064086914,59.5620002746582,60.002498626708984,18288000,GOOGL
2019-04-03,60.008392333984375,60.54050064086914,61.029998779296875,60.25400161743164,60.6349983215332,22180000,GOOGL
2019-04-04,60.43659591674805,60.97249984741211,61.02750015258789,60.45199966430664,60.56449890136719,21022000,GOOGL
2019-04-05,60.04011154174805,60.5724983215332,61.019500732421875,60.50149917602539,60.96500015258789,20012000,GOOGL
2019-04-08,59.88300704956055,60.41400146484375,60.6974983215332,60.23500061035156,60.55550003051758,21750000,GOOGL
2019-04-09,59.60595703125,60.134498596191406,60.35749816894531,59.91899871826172,60.09450149536133,19668000,GOOGL
2019-04-10,59.79230880737305,60.3224983215332,60.446998596191406,60.03300094604492,60.25450134277344,15510000,GOOGL
2019-04-11,59.94792556762695,60.47949981689453,60.637001037597656,60.22700119018555,60.44499969482422,16998000,GOOGL
2019-04-12,60.599159240722656,61.13650131225586,61.15250015258789,60.66450119018555,60.78099822998047,24312000,GOOGL
2019-04-15,60.7874870300293,61.326499938964844,61.46500015258789,60.72800064086914,61.204498291015625,23796000,GOOGL
2019-04-16,61.054115295410156,61.59550094604492,61.79899978637695,61.25199890136719,61.5,22622000,GOOGL
2019-04-17,61.46200180053711,62.00699996948242,62.255001068115234,61.64500045776367,61.849998474121094,30366000,GOOGL
2019-04-18,61.52791976928711,62.07350158691406,62.297000885009766,61.97050094604492,62.25,24750000,GOOGL
2019-04-22,62.13701629638672,62.6879997253418,62.71699905395508,61.66849899291992,61.833499908447266,19084000,GOOGL
2019-04-23,62.97111892700195,63.52949905395508,63.721500396728516,62.5984992980957,62.832000732421875,31868000,GOOGL
2019-04-24,62.448753356933594,63.002498626708984,63.70000076293945,62.990501403808594,63.52949905395508,23396000,GOOGL
2019-04-25,62.8100471496582,63.367000579833984,63.63999938964844,62.900001525878906,63.51499938964844,31344000,GOOGL
2019-04-26,63.30961608886719,63.87099838256836,63.945499420166016,63.25,63.66899871826172,27228000,GOOGL
2019-04-29,64.24036407470703,64.80999755859375,64.84850311279297,63.58549880981445,64.02549743652344,72368000,GOOGL
2019-04-30,59.421104431152344,59.948001861572266,60.04899978637695,59.150001525878906,59.53150177001953,133178000,GOOGL
2019-05-01,58.150367736816406,58.66600036621094,59.962501525878906,58.58399963378906,59.875,74340000,GOOGL
2019-05-02,57.8128662109375,58.32550048828125,58.96900177001953,57.916500091552734,58.630001068115234,45098000,GOOGL
2019-05-03,58.954734802246094,59.477500915527344,59.56999969482422,58.6775016784668,58.87049865722656,41588000,GOOGL
2019-05-06,59.148521423339844,59.67300033569336,59.77149963378906,58.55799865722656,58.599998474121094,31774000,GOOGL
2019-05-07,58.4249382019043,58.94300079345703,59.73849868774414,58.25,59.29050064086914,36604000,GOOGL
2019-05-08,58.02449417114258,58.53900146484375,59.2135009765625,58.381500244140625,58.864498138427734,25520000,GOOGL
2019-05-09,57.885215759277344,58.39849853515625,58.70349884033203,57.731998443603516,58.130001068115234,29556000,GOOGL
2019-05-10,57.868865966796875,58.38199996948242,58.81399917602539,57.31850051879883,58.44200134277344,31650000,GOOGL
2019-05-13,56.33000946044922,56.829498291015625,57.5984992980957,56.275001525878906,57.262001037597656,45626000,GOOGL
2019-05-14,55.748661041259766,56.24300003051758,57.243499755859375,56.17649841308594,57.11600112915039,40392000,GOOGL
2019-05-15,58.02547073364258,58.540000915527344,58.915000915527344,56.06999969482422,56.127498626708984,59302000,GOOGL
2019-05-16,58.70445251464844,59.224998474121094,59.70800018310547,58.42250061035156,58.59199905395508,35308000,GOOGL
2019-05-17,57.92536544799805,58.43899917602539,59.31449890136719,58.32099914550781,58.791500091552734,25362000,GOOGL
2019-05-20,56.72996520996094,57.233001708984375,57.650001525878906,56.90700149536133,57.650001525878906,30602000,GOOGL
2019-05-21,57.21466827392578,57.72200012207031,57.900001525878906,57.16550064086914,57.7239990234375,20562000,GOOGL
2019-05-22,57.2845458984375,57.79249954223633,58.18899917602539,57.54999923706055,57.5625,18826000,GOOGL
2019-05-23,56.76366424560547,57.266998291015625,57.502498626708984,56.65800094604492,57.30350112915039,25214000,GOOGL
2019-05-24,56.430118560791016,56.93050003051758,57.71799850463867,56.83549880981445,57.599998474121094,18554000,GOOGL
2019-05-28,56.47720718383789,56.97800064086914,57.824501037597656,56.93349838256836,57.07400131225586,20948000,GOOGL
2019-05-29,55.50482940673828,55.99700164794922,56.75,55.59749984741211,56.6349983215332,36230000,GOOGL
2019-05-30,55.57768249511719,56.070499420166016,56.34000015258789,55.79499816894531,56.00749969482422,18088000,GOOGL
2019-05-31,54.83872985839844,55.32500076293945,55.66999816894531,55.16749954223633,55.28200149536133,31582000,GOOGL
2019-06-03,51.48051071166992,51.9370002746582,53.349998474121094,51.35150146484375,53.346500396728516,96890000,GOOGL
2019-06-04,52.261085510253906,52.7244987487793,52.922000885009766,51.80149841308594,52.2244987487793,60512000,GOOGL
2019-06-05,51.772918701171875,52.231998443603516,52.84049987792969,51.650001525878906,52.75,46988000,GOOGL
2019-06-06,51.927547454833984,52.38800048828125,52.5,51.7755012512207,52.31050109863281,29020000,GOOGL
2019-06-07,52.9489860534668,53.41849899291992,53.67150115966797,52.557498931884766,52.7140007019043,43828000,GOOGL
2019-06-10,53.66216278076172,54.13800048828125,54.742000579833984,53.763999938964844,53.849998474121094,28510000,GOOGL
2019-06-11,53.5769157409668,54.051998138427734,55.20050048828125,53.97850036621094,54.8494987487793,33508000,GOOGL
2019-06-12,53.48077392578125,53.95500183105469,54.125999450683594,53.47999954223633,53.997501373291016,23670000,GOOGL
2019-06-13,54.07103729248047,54.550498962402344,54.829498291015625,54.128501892089844,54.23550033569336,20814000,GOOGL
2019-06-14,53.837608337402344,54.314998626708984,54.737998962402344,54.07400131225586,54.48699951171875,24582000,GOOGL
2019-06-17,54.213775634765625,54.69449996948242,55.06399917602539,54.400001525878906,54.45500183105469,19770000,GOOGL
2019-06-18,54.77629089355469,55.262001037597656,55.93899917602539,55.03950119018555,55.57500076293945,34526000,GOOGL
2019-06-19,54.7401008605957,55.22549819946289,55.471500396728516,54.80149841308594,55.36199951171875,26714000,GOOGL
2019-06-20,55.1707878112793,55.65999984741211,56.13600158691406,55.349998474121094,56.084999084472656,24018000,GOOGL
2019-06-21,55.77394485473633,56.26850128173828,56.32849884033203,55.486000061035156,55.49300003051758,50774000,GOOGL
2019-06-24,55.3442497253418,55.834999084472656,56.17850112915039,55.66550064086914,56.0,24236000,GOOGL
2019-06-25,53.90104293823242,54.37900161743164,55.78499984741211,54.22999954223633,55.75400161743164,31644000,GOOGL
2019-06-26,53.54124069213867,54.01599884033203,54.75600051879883,53.68450164794922,54.54999923706055,34698000,GOOGL
2019-06-27,53.358360290527344,53.83150100708008,54.42300033569336,53.79249954223633,54.337501525878906,24078000,GOOGL
2019-06-28,53.66415023803711,54.13999938964844,54.13999938964844,53.689998626708984,53.86149978637695,33672000,GOOGL
2019-07-01,54.51658630371094,55.0,55.429500579833984,54.76649856567383,55.051998138427734,29196000,GOOGL
2019-07-02,55.14105224609375,55.630001068115234,55.644500732421875,54.98350143432617,55.24150085449219,20630000,GOOGL
2019-07-03,55.655982971191406,56.14950180053711,56.39950180053711,55.74250030517578,55.92499923706055,20154000,GOOGL
2019-07-05,56.13573455810547,56.63349914550781,56.73249816894531,55.875,55.96849822998047,29794000,GOOGL
2019-07-08,55.34871292114258,55.839500427246094,56.36050033569336,55.5880012512207,56.29349899291992,29888000,GOOGL
2019-07-09,55.72041702270508,56.214500427246094,56.393001556396484,55.35749816894531,55.51599884033203,29472000,GOOGL
2019-07-10,56.54410934448242,57.045501708984375,57.117000579833984,56.53300094604492,56.61600112915039,30710000,GOOGL
2019-07-11,56.70121765136719,57.20399856567383,57.6619987487793,56.97650146484375,57.30799865722656,26004000,GOOGL
2019-07-12,56.76366424560547,57.266998291015625,57.375,56.928001403808594,57.14649963378906,21878000,GOOGL
2019-07-15,57.01988983154297,57.5255012512207,57.534000396728516,57.0,57.266998291015625,21164000,GOOGL
2019-07-16,57.16609573364258,57.67300033569336,57.92900085449219,57.33649826049805,57.33649826049805,25352000,GOOGL
2019-07-17,56.83305358886719,57.33700180053711,57.922000885009766,57.33100128173828,57.54600143432617,19538000,GOOGL
2019-07-18,56.85782241821289,57.36199951171875,57.40850067138672,56.643001556396484,57.099998474121094,25450000,GOOGL
2019-07-19,56.080223083496094,56.57749938964844,57.57899856567383,56.5625,57.465999603271484,23184000,GOOGL
2019-07-22,56.45985794067383,56.96049880981445,57.000999450683594,56.260501861572266,56.77349853515625,28914000,GOOGL
2019-07-23,56.89796829223633,57.40250015258789,57.44300079345703,56.64250183105469,57.17250061035156,20648000,GOOGL
2019-07-24,56.48563003540039,56.98649978637695,57.27299880981445,56.425498962402344,56.63100051879883,27192000,GOOGL
2019-07-25,56.297794342041016,56.797000885009766,57.179500579833984,56.18550109863281,56.9474983215332,54762000,GOOGL
2019-07-26,61.71377182006836,62.26100158691406,63.419498443603516,61.400001525878906,61.400001525878906,121216000,GOOGL
2019-07-29,61.5462532043457,62.09199905395508,62.449501037597656,61.5099983215332,62.125,41382000,GOOGL
2019-07-30,60.86034393310547,61.400001525878906,61.84550094604492,61.26599884033203,61.349998474121094,28616000,GOOGL
2019-07-31,60.37464904785156,60.90999984741211,61.74549865722656,60.409000396728516,61.243499755859375,39960000,GOOGL
2019-08-01,60.05646896362305,60.5890007019043,61.814998626708984,60.349998474121094,60.881500244140625,35426000,GOOGL
2019-08-02,59.290260314941406,59.816001892089844,60.474998474121094,59.5,60.150001525878906,34910000,GOOGL
2019-08-05,57.23002624511719,57.73749923706055,58.84400177001953,57.13750076293945,58.64849853515625,47840000,GOOGL
2019-08-06,58.03935241699219,58.55400085449219,59.06999969482422,58.076499938964844,58.2760009765625,36014000,GOOGL
2019-08-07,58.27873611450195,58.795501708984375,58.993499755859375,57.54199981689453,57.88999938964844,30686000,GOOGL
2019-08-08,59.779422760009766,60.30950164794922,60.31399917602539,58.70000076293945,59.32149887084961,30116000,GOOGL
2019-08-09,58.92251968383789,59.44499969482422,60.222999572753906,59.24449920654297,59.9995002746582,20418000,GOOGL
2019-08-12,58.2088508605957,58.724998474121094,59.28049850463867,58.43600082397461,59.0,22064000,GOOGL
2019-08-13,59.310577392578125,59.83649826049805,60.27149963378906,58.64950180053711,58.717498779296875,28434000,GOOGL
2019-08-14,57.70085525512695,58.212501525878906,59.13949966430664,58.05350112915039,58.80350112915039,35430000,GOOGL
2019-08-15,57.95212173461914,58.465999603271484,58.82099914550781,58.150001525878906,58.42150115966797,28506000,GOOGL
2019-08-16,58.44227981567383,58.96049880981445,59.19200134277344,58.650001525878906,59.03950119018555,24916000,GOOGL
2019-08-19,59.494449615478516,60.02199935913086,60.46950149536133,59.52000045776367,59.59149932861328,24450000,GOOGL
2019-08-20,58.656375885009766,59.17649841308594,59.900001525878906,59.15250015258789,59.76750183105469,20206000,GOOGL
2019-08-21,59.05534744262695,59.57899856567383,60.02799987792969,59.395999908447266,59.79100036621094,14152000,GOOGL
2019-08-22,59.0523681640625,59.57600021362305,59.93899917602539,58.945499420166016,59.689998626708984,17352000,GOOGL
2019-08-23,57.17204284667969,57.67900085449219,59.78350067138672,57.5,59.25849914550781,36254000,GOOGL
2019-08-26,58.0443115234375,58.558998107910156,58.59299850463867,57.74250030517578,57.97249984741211,21166000,GOOGL
2019-08-27,58.026466369628906,58.54100036621094,59.25,58.22800064086914,59.150001525878906,23460000,GOOGL
2019-08-28,58.17167663574219,58.6875,58.92499923706055,58.01250076293945,58.243499755859375,16810000,GOOGL
2019-08-29,59.18717575073242,59.71200180053711,59.95949935913086,59.263999938964844,59.32099914550781,19636000,GOOGL
2019-08-30,59.003299713134766,59.5265007019043,60.01750183105469,59.2859992980957,60.01750183105469,18064000,GOOGL
2019-09-03,57.963523864746094,58.477500915527344,59.45399856567383,58.18550109863281,59.092498779296875,25908000,GOOGL
2019-09-04,58.59393310546875,59.11349868774414,59.24399948120117,58.576499938964844,58.97249984741211,21312000,GOOGL
2019-09-05,60.076786041259766,60.609500885009766,60.70000076293945,59.634498596191406,59.68299865722656,26394000,GOOGL
2019-09-06,59.785865783691406,60.316001892089844,60.647499084472656,60.16299819946289,60.457000732421875,18972000,GOOGL
2019-09-09,59.733821868896484,60.26350021362305,61.02750015258789,59.65850067138672,60.354000091552734,31854000,GOOGL
2019-09-10,59.7551383972168,60.28499984741211,60.5,59.800498962402344,59.804500579833984,27922000,GOOGL
2019-09-11,60.463863372802734,61.0,61.12350082397461,60.11399841308594,60.19449996948242,23522000,GOOGL
2019-09-12,61.205772399902344,61.74850082397461,62.12099838256836,61.12799835205078,61.173500061035156,31644000,GOOGL
2019-09-13,61.456546783447266,62.00149917602539,62.0525016784668,61.354000091552734,61.605499267578125,23676000,GOOGL
2019-09-16,61.04023742675781,61.58150100708008,61.95100021362305,61.259498596191406,61.52199935913086,28218000,GOOGL
2019-09-17,60.95351791381836,61.49399948120117,61.75,61.16749954223633,61.58150100708008,20806000,GOOGL
2019-09-18,61.090797424316406,61.63249969482422,61.8120002746582,60.82350158691406,61.512001037597656,17440000,GOOGL
2019-09-19,61.39311218261719,61.9375,62.21699905395508,61.615501403808594,61.61600112915039,16554000,GOOGL
2019-09-20,60.9515266418457,61.492000579833984,62.13999938964844,61.17900085449219,61.68199920654297,37692000,GOOGL
2019-09-23,61.191898345947266,61.734500885009766,61.98400115966797,61.18899917602539,61.32849884033203,20798000,GOOGL
2019-09-24,60.3810920715332,60.916500091552734,62.355499267578125,60.53200149536133,62.0,35804000,GOOGL
2019-09-25,61.749454498291016,62.297000885009766,62.4010009765625,60.459999084472656,60.800498962402344,26798000,GOOGL
2019-09-26,61.56855773925781,62.114498138427734,62.23350143432617,61.590999603271484,62.106998443603516,23166000,GOOGL
2019-09-27,60.75874328613281,61.29750061035156,62.2495002746582,60.7599983215332,62.14149856567383,34122000,GOOGL
2019-09-30,60.520355224609375,61.05699920654297,61.37049865722656,60.67100143432617,61.029998779296875,24470000,GOOGL
2019-10-01,59.7700080871582,60.29999923706055,61.643001556396484,60.27750015258789,61.1245002746582,24504000,GOOGL
2019-10-02,58.378353118896484,58.895999908447266,59.9379997253418,58.631500244140625,59.82500076293945,33030000,GOOGL
2019-10-03,58.948787689208984,59.471500396728516,59.54999923706055,58.15700149536133,59.16699981689453,28368000,GOOGL
2019-10-04,60.015830993652344,60.54800033569336,60.62300109863281,59.548500061035156,59.714500427246094,24282000,GOOGL
2019-10-07,59.88151550292969,60.412498474121094,60.945499420166016,60.21799850463867,60.349998474121094,17040000,GOOGL
2019-10-08,58.98347854614258,59.506500244140625,60.34349822998047,59.4739990234375,59.938499450683594,20086000,GOOGL
2019-10-09,59.59158706665039,60.119998931884766,60.42300033569336,59.90599822998047,60.06650161743164,15948000,GOOGL
2019-10-10,59.941978454589844,60.4734992980957,60.78099822998047,59.893001556396484,59.93000030517578,12842000,GOOGL
2019-10-11,60.25123977661133,60.785499572753906,61.4375,60.68199920654297,61.201499938964844,22330000,GOOGL
2019-10-14,60.35333251953125,60.88850021362305,61.29399871826172,60.59400177001953,60.69449996948242,13296000,GOOGL
2019-10-15,61.566078186035156,62.11199951171875,62.35649871826172,61.04600143432617,61.07500076293945,27584000,GOOGL
2019-10-16,61.60374450683594,62.150001525878906,62.70949935913086,61.92649841308594,62.09049987792969,22986000,GOOGL
2019-10-17,62.089439392089844,62.63999938964844,63.1875,62.493499755859375,62.56999969482422,20958000,GOOGL
2019-10-18,61.67362594604492,62.22050094604492,62.90549850463867,62.00699996948242,62.734500885009766,31624000,GOOGL
2019-10-21,61.667179107666016,62.2140007019043,62.675498962402344,61.9995002746582,62.435001373291016,18094000,GOOGL
2019-10-22,61.5145378112793,62.060001373291016,62.436500549316406,61.99250030517578,62.2239990234375,22862000,GOOGL
2019-10-23,62.32881546020508,62.881500244140625,62.902000427246094,62.010501861572266,62.010501861572266,21282000,GOOGL
2019-10-24,62.40216827392578,62.955501556396484,63.14500045776367,62.61750030517578,62.955501556396484,20224000,GOOGL
2019-10-25,62.65938949584961,63.21500015258789,63.400001525878906,62.45750045776367,62.599998474121094,27104000,GOOGL
2019-10-28,63.88253402709961,64.4489974975586,64.96199798583984,63.615501403808594,63.75,65428000,GOOGL
2019-10-29,62.47898864746094,63.03300094604492,64.04000091552734,62.78049850463867,63.79999923706055,52654000,GOOGL
2019-10-30,62.48096466064453,63.03499984741211,63.4010009765625,62.532501220703125,62.75749969482422,29204000,GOOGL
2019-10-31,62.38680648803711,62.939998626708984,63.32600021362305,62.4739990234375,63.0,31904000,GOOGL
2019-11-01,63.05339050292969,63.61249923706055,63.650001525878906,62.98550033569336,63.290000915527344,28812000,GOOGL
2019-11-04,63.91377258300781,64.48049926757812,64.625,63.80550003051758,63.80550003051758,30632000,GOOGL
2019-11-05,64.00444793701172,64.5719985961914,64.86199951171875,64.46900177001953,64.55999755859375,25148000,GOOGL
2019-11-06,63.983154296875,64.55049896240234,64.64949798583984,64.1135025024414,64.50450134277344,24626000,GOOGL
2019-11-07,64.77264404296875,65.34700012207031,66.13249969482422,64.6875,64.71399688720703,45140000,GOOGL
2019-11-08,64.87474060058594,65.44999694824219,65.85549926757812,65.07599639892578,65.07599639892578,30392000,GOOGL
2019-11-11,64.34346008300781,64.91400146484375,65.24500274658203,64.79350280761719,65.19999694824219,17234000,GOOGL
2019-11-12,64.2904281616211,64.8604965209961,65.46749877929688,64.71199798583984,64.92849731445312,28852000,GOOGL
2019-11-13,64.23937225341797,64.80899810791016,65.1259994506836,64.60749816894531,64.65899658203125,20538000,GOOGL
2019-11-14,64.88217163085938,65.4574966430664,65.78600311279297,64.6969985961914,64.75,28948000,GOOGL
2019-11-15,66.09095001220703,66.677001953125,66.677001953125,65.59449768066406,65.75250244140625,39286000,GOOGL
2019-11-18,65.41197204589844,65.99199676513672,66.69599914550781,65.80799865722656,66.61699676513672,27984000,GOOGL
2019-11-19,65.05266571044922,65.62950134277344,66.33149719238281,65.5885009765625,66.33149719238281,21864000,GOOGL
2019-11-20,64.52088165283203,65.09300231933594,65.6604995727539,64.46050262451172,65.56800079345703,28892000,GOOGL
2019-11-21,64.43563842773438,65.00700378417969,65.55599975585938,64.5374984741211,64.9625015258789,25546000,GOOGL
2019-11-22,64.114990234375,64.68350219726562,65.34500122070312,64.46800231933594,65.1500015258789,27776000,GOOGL
2019-11-25,64.70822143554688,65.28199768066406,65.52050018310547,64.78050231933594,64.81300354003906,23590000,GOOGL
2019-11-26,65.07299041748047,65.6500015258789,65.70050048828125,65.2020034790039,65.49549865722656,21910000,GOOGL
2019-11-27,65.02986145019531,65.60649871826172,65.88200378417969,65.47350311279297,65.77100372314453,18808000,GOOGL
2019-11-29,64.63139343261719,65.20449829101562,65.49749755859375,65.1614990234375,65.33000183105469,12802000,GOOGL
2019-12-02,63.87659454345703,64.44300079345703,65.27200317382812,64.01899719238281,65.12799835205078,26538000,GOOGL
2019-12-03,64.16799926757812,64.73699951171875,64.86150360107422,63.852500915527344,63.93299865722656,25270000,GOOGL
2019-12-04,65.36736297607422,65.9469985961914,66.2135009765625,65.15249633789062,65.30500030517578,35506000,GOOGL
2019-12-05,65.76483917236328,66.3479995727539,66.39900207519531,65.71600341796875,66.3499984741211,24408000,GOOGL
2019-12-06,66.3808822631836,66.96949768066406,67.12349700927734,66.5615005493164,66.63749694824219,32968000,GOOGL
2019-12-09,66.5593032836914,67.14949798583984,67.87750244140625,66.80349731445312,66.94300079345703,30842000,GOOGL
2019-12-10,66.55435180664062,67.14450073242188,67.4000015258789,66.69999694824219,66.99700164794922,17606000,GOOGL
2019-12-11,66.62175750732422,67.2125015258789,67.49449920654297,67.05500030517578,67.41500091552734,20480000,GOOGL
2019-12-12,66.83189392089844,67.42449951171875,67.72899627685547,66.91000366210938,67.1604995727539,29114000,GOOGL
2019-12-13,66.75159454345703,67.34349822998047,67.56749725341797,67.08300018310547,67.3949966430664,33170000,GOOGL
2019-12-16,67.43701171875,68.03500366210938,68.17649841308594,67.53050231933594,67.75,28128000,GOOGL
2019-12-17,67.14907836914062,67.74449920654297,68.21649932861328,67.53849792480469,68.12049865722656,32948000,GOOGL
2019-12-18,67.00137329101562,67.59549713134766,67.97149658203125,67.52300262451172,67.8499984741211,23330000,GOOGL
2019-12-19,67.22588348388672,67.8219985961914,67.87650299072266,67.4375,67.59549713134766,28922000,GOOGL
2019-12-20,66.96717834472656,67.56099700927734,68.19999694824219,67.5364990234375,68.15499877929688,50090000,GOOGL
2019-12-23,66.93795013427734,67.53150177001953,68.09249877929688,67.4000015258789,67.9365005493164,19936000,GOOGL
2019-12-24,66.63066101074219,67.22149658203125,67.60050201416016,67.20850372314453,67.510498046875,13468000,GOOGL
2019-12-26,67.52474212646484,68.12349700927734,68.16000366210938,67.27549743652344,67.32749938964844,23662000,GOOGL
2019-12-27,67.1366958618164,67.73200225830078,68.35250091552734,67.6500015258789,68.19999694824219,23212000,GOOGL
2019-12-30,66.39674377441406,66.9854965209961,67.8499984741211,66.89199829101562,67.84049987792969,19994000,GOOGL
2019-12-31,66.3808822631836,66.96949768066406,67.03299713134766,66.60649871826172,66.78949737548828,19514000,GOOGL
2020-01-02,67.83250427246094,68.43399810791016,68.43399810791016,67.32450103759766,67.42050170898438,27278000,GOOGL
2020-01-03,67.47765350341797,68.07599639892578,68.6875,67.36599731445312,67.4000015258789,23408000,GOOGL
2020-01-06,69.27621459960938,69.8905029296875,69.91600036621094,67.55000305175781,67.58149719238281,46768000,GOOGL
2020-01-07,69.14240264892578,69.75550079345703,70.17500305175781,69.5780029296875,70.02300262451172,34330000,GOOGL
2020-01-08,69.63452911376953,70.25199890136719,70.59249877929688,69.63150024414062,69.74099731445312,35314000,GOOGL
2020-01-09,70.36555480957031,70.989501953125,71.43399810791016,70.510498046875,71.09649658203125,33200000,GOOGL
2020-01-10,70.82002258300781,71.447998046875,71.74700164794922,70.9800033569336,71.47350311279297,26258000,GOOGL
2020-01-13,71.36865234375,72.00150299072266,72.0739974975586,71.26850128173828,71.76249694824219,30730000,GOOGL
2020-01-14,70.90080261230469,71.52950286865234,72.13150024414062,71.38849639892578,72.0,26076000,GOOGL
2020-01-15,71.3275375366211,71.95999908447266,72.03900146484375,71.58300018310547,71.6510009765625,21550000,GOOGL
2020-01-16,71.87071990966797,72.50800323486328,72.53500366210938,72.0,72.27249908447266,26080000,GOOGL
2020-01-17,73.32579803466797,73.97599792480469,74.02749633789062,72.82749938964844,73.12699890136719,52424000,GOOGL
2020-01-21,73.46111297607422,74.11250305175781,74.49400329589844,73.510498046875,73.94999694824219,48930000,GOOGL
2020-01-22,73.54138946533203,74.19349670410156,75.02899932861328,74.13300323486328,74.48650360107422,28458000,GOOGL
2020-01-23,73.58203125,74.2344970703125,74.67500305175781,74.01599884033203,74.37750244140625,26650000,GOOGL
2020-01-24,72.66417694091797,73.30850219726562,74.70999908447266,73.15899658203125,74.64099884033203,29786000,GOOGL
2020-01-27,70.95731353759766,71.58650207519531,71.8290023803711,70.9749984741211,71.5770034790039,34132000,GOOGL
2020-01-28,71.88756561279297,72.5250015258789,72.73999786376953,71.51799774169922,72.08699798583984,29724000,GOOGL
2020-01-29,72.19483947753906,72.83499908447266,73.20700073242188,72.26950073242188,72.9229965209961,21566000,GOOGL
2020-01-30,72.07341003417969,72.7125015258789,72.76249694824219,71.75,71.90499877929688,27110000,GOOGL
2020-01-31,71.00933837890625,71.63899993896484,73.4834976196289,71.35299682617188,73.39299774169922,43822000,GOOGL
2020-02-03,73.47843933105469,74.12999725341797,74.31500244140625,72.83049774169922,73.0824966430664,71636000,GOOGL
2020-02-04,71.63528442382812,72.27050018310547,73.36699676513672,71.10150146484375,72.72450256347656,95880000,GOOGL
2020-02-05,71.66700744628906,72.30249786376953,73.22899627685547,71.48400115966797,73.18049621582031,36376000,GOOGL
2020-02-06,73.14985656738281,73.79850006103516,74.0780029296875,72.52400207519531,72.5989990234375,37822000,GOOGL
2020-02-07,73.30548858642578,73.95549774169922,74.26249694824219,73.27050018310547,73.36949920654297,28360000,GOOGL
2020-02-10,74.7699966430664,75.43299865722656,75.44400024414062,73.76000213623047,73.86150360107422,38302000,GOOGL
2020-02-11,74.83938598632812,75.50299835205078,76.49400329589844,75.27249908447266,75.66349792480469,34852000,GOOGL
2020-02-12,75.26412200927734,75.93150329589844,76.01499938964844,75.43350219726562,75.79299926757812,31042000,GOOGL
2020-02-13,75.0044174194336,75.66950225830078,76.29750061035156,75.19999694824219,75.5,22914000,GOOGL
2020-02-14,75.2690658569336,75.9365005493164,76.00250244140625,75.27749633789062,75.72650146484375,23198000,GOOGL
2020-02-18,75.30426788330078,75.97200012207031,76.52799987792969,75.55049896240234,75.71700286865234,25642000,GOOGL
2020-02-19,75.57337188720703,76.24349975585938,76.53700256347656,76.04900360107422,76.36000061035156,22746000,GOOGL
2020-02-20,75.1828384399414,75.84950256347656,76.35350036621094,75.21299743652344,75.95050048828125,25962000,GOOGL
2020-02-21,73.52105712890625,74.1729965209961,75.54750061035156,73.92449951171875,75.22899627685547,42520000,GOOGL
2020-02-24,70.36901092529297,70.99299621582031,71.81900024414062,70.3395004272461,71.15249633789062,49560000,GOOGL
2020-02-25,68.7067642211914,69.31600189208984,71.84249877929688,69.02100372314453,71.55000305175781,51580000,GOOGL
2020-02-26,68.91243743896484,69.52349853515625,70.68350219726562,68.82749938964844,69.7490005493164,49776000,GOOGL
2020-02-27,65.16961669921875,65.74749755859375,68.47000122070312,65.71199798583984,67.95700073242188,62290000,GOOGL
2020-02-28,66.37394714355469,66.9625015258789,67.12249755859375,63.410499572753906,63.71549987792969,80198000,GOOGL
2020-03-02,68.7067642211914,69.31600189208984,69.37349700927734,66.26000213623047,67.56950378417969,55430000,GOOGL
2020-03-03,66.29811096191406,66.88600158691406,70.40950012207031,66.46199798583984,69.88400268554688,56602000,GOOGL
2020-03-04,68.47282409667969,69.08000183105469,69.13899993896484,66.8499984741211,67.947998046875,47598000,GOOGL
2020-03-05,65.16020202636719,65.73799896240234,67.68150329589844,65.08200073242188,67.27749633789062,54380000,GOOGL
2020-03-06,64.21757507324219,64.78700256347656,65.13749694824219,62.86050033569336,63.497501373291016,64640000,GOOGL
2020-03-09,60.25520324707031,60.78950119018555,62.63650131225586,59.902000427246094,60.24800109863281,69252000,GOOGL
2020-03-10,63.19811248779297,63.75849914550781,63.79249954223633,60.72549819946289,62.71950149536133,54872000,GOOGL
2020-03-11,60.01285171508789,60.54499816894531,62.846500396728516,59.55699920654297,62.41350173950195,54732000,GOOGL
2020-03-12,55.08901596069336,55.57749938964844,59.4375,55.423500061035156,56.13100051879883,94326000,GOOGL
2020-03-13,60.17987060546875,60.7135009765625,60.720001220703125,55.614498138427734,58.7495002746582,79400000,GOOGL
2020-03-16,53.1784553527832,53.650001525878906,57.27349853515625,53.354000091552734,54.480499267578125,96520000,GOOGL
2020-03-17,55.411651611328125,55.90299987792969,56.29999923706055,52.45500183105469,54.53200149536133,83194000,GOOGL
2020-03-18,54.079959869384766,54.55950164794922,55.2495002746582,51.849998474121094,52.99700164794922,93044000,GOOGL
2020-03-19,55.0949592590332,55.583499908447266,57.63050079345703,52.77750015258789,54.4109992980957,74064000,GOOGL
2020-03-20,52.94106674194336,53.410499572753906,56.92399978637695,53.10499954223633,56.54499816894531,82878000,GOOGL
2020-03-23,52.243247985839844,52.70650100708008,53.34550094604492,50.44350051879883,52.81850051879883,83672000,GOOGL
2020-03-24,56.003902435302734,56.5004997253418,56.666500091552734,54.32149887084961,55.19900131225586,72468000,GOOGL
2020-03-25,54.59687423706055,55.08100128173828,57.30849838256836,54.1505012512207,56.229000091552734,90324000,GOOGL
2020-03-26,57.63493728637695,58.145999908447266,58.57400131225586,54.60150146484375,55.736000061035156,76562000,GOOGL
2020-03-27,55.02507781982422,55.51300048828125,57.5525016784668,55.20000076293945,56.37350082397461,62794000,GOOGL
2020-03-30,56.811737060546875,57.31549835205078,57.54999923706055,54.92449951171875,56.63199996948242,58736000,GOOGL
2020-03-31,57.58686828613281,58.09749984741211,58.66999816894531,56.83599853515625,57.436500549316406,65228000,GOOGL
2020-04-01,54.62066650390625,55.10499954223633,56.47100067138672,54.67449951171875,56.20000076293945,51970000,GOOGL
2020-04-02,55.3606071472168,55.85150146484375,56.13850021362305,54.65650177001953,55.0,56410000,GOOGL
2020-04-03,54.15480041503906,54.6349983215332,55.93949890136719,53.75400161743164,55.73550033569336,51374000,GOOGL
2020-04-06,58.63953399658203,59.15950012207031,59.537498474121094,56.25,56.650001525878906,63320000,GOOGL
2020-04-07,58.60830307006836,59.12799835205078,61.03900146484375,58.86249923706055,60.85049819946289,61620000,GOOGL
2020-04-08,59.8195686340332,60.349998474121094,60.744998931884766,59.1974983215332,60.154998779296875,40334000,GOOGL
2020-04-09,59.798255920410156,60.32849884033203,61.0994987487793,59.62099838256836,60.909000396728516,54028000,GOOGL
2020-04-13,59.988563537597656,60.52050018310547,60.72600173950195,59.11650085449219,60.07500076293945,38702000,GOOGL
2020-04-14,62.70547866821289,63.26150131225586,63.787498474121094,61.426998138427734,61.99850082397461,63358000,GOOGL
2020-04-15,62.31245803833008,62.8650016784668,63.75550079345703,61.70000076293945,62.32550048828125,42236000,GOOGL
2020-04-16,62.31889724731445,62.871498107910156,63.667999267578125,61.90999984741211,63.356998443603516,57896000,GOOGL
2020-04-17,63.3879280090332,63.95000076293945,64.5,63.29999923706055,64.08499908447266,51050000,GOOGL
2020-04-20,62.50326919555664,63.057498931884766,63.840999603271484,62.821998596191406,63.49449920654297,35292000,GOOGL
2020-04-21,60.07530212402344,60.608001708984375,62.5,60.25,62.135501861572266,49648000,GOOGL
2020-04-22,62.36747741699219,62.920501708984375,63.99399948120117,61.86000061035156,62.05550003051758,46296000,GOOGL
2020-04-23,62.9998664855957,63.55849838256836,64.40750122070312,63.0265007019043,63.2869987487793,34202000,GOOGL
2020-04-24,63.26898193359375,63.83000183105469,63.885501861572266,62.20000076293945,62.75,37402000,GOOGL
2020-04-27,62.984500885009766,63.542999267578125,64.70500183105469,63.25299835205078,64.5999984741211,44186000,GOOGL
2020-04-28,61.08782196044922,61.62950134277344,64.23799896240234,61.51900100708008,64.16000366210938,80700000,GOOGL
2020-04-29,66.5191650390625,67.10900115966797,68.00749969482422,66.33650207519531,67.25,108358000,GOOGL
2020-04-30,66.7431640625,67.33499908447266,67.5,66.07499694824219,66.56800079345703,55842000,GOOGL
2020-05-01,65.28707122802734,65.86599731445312,67.57150268554688,65.48300170898438,66.20449829101562,48872000,GOOGL
2020-05-04,65.5636215209961,66.1449966430664,66.22350311279297,64.80049896240234,65.40650177001953,30806000,GOOGL
2020-05-05,66.85814666748047,67.45099639892578,68.55049896240234,66.75150299072266,66.875,39666000,GOOGL
2020-05-06,66.68024444580078,67.27149963378906,68.43450164794922,67.25650024414062,67.9000015258789,31732000,GOOGL
2020-05-07,67.86224365234375,68.46399688720703,68.80000305175781,67.62699890136719,68.06549835205078,30652000,GOOGL
2020-05-08,68.608642578125,69.21700286865234,69.83200073242188,68.60050201416016,69.09100341796875,33326000,GOOGL
2020-05-11,69.56266784667969,70.17949676513672,70.77649688720703,68.7750015258789,68.8395004272461,32718000,GOOGL
2020-05-12,68.15467071533203,68.75900268554688,70.71649932861328,68.72550201416016,70.41100311279297,33918000,GOOGL
2020-05-13,66.8239517211914,67.41649627685547,69.2665023803711,66.40049743652344,68.80799865722656,40368000,GOOGL
2020-05-14,67.2467041015625,67.84300231933594,67.86849975585938,66.16500091552734,66.6760025024414,36660000,GOOGL
2020-05-15,68.0495834350586,68.65299987792969,68.72899627685547,66.94999694824219,67.41300201416016,41544000,GOOGL
2020-05-18,68.6502685546875,69.25900268554688,69.63800048828125,67.70999908447266,68.0790023803711,47094000,GOOGL
2020-05-19,68.11599731445312,68.72000122070312,69.62449645996094,68.68800354003906,69.27400207519531,31586000,GOOGL
2020-05-20,69.83873748779297,70.45800018310547,70.60150146484375,69.37100219726562,69.45800018310547,38262000,GOOGL
2020-05-21,69.71929931640625,70.3375015258789,70.822998046875,69.71949768066406,70.54949951171875,30894000,GOOGL
2020-05-22,70.04093933105469,70.66200256347656,70.8499984741211,69.79750061035156,70.19499969482422,28544000,GOOGL
2020-05-26,70.44384765625,71.06849670410156,72.25550079345703,70.97000122070312,72.0979995727539,44590000,GOOGL
2020-05-27,70.38982391357422,71.01399993896484,71.26750183105469,69.7300033569336,71.0,31684000,GOOGL
2020-05-28,70.28873443603516,70.91200256347656,72.2229995727539,69.9540023803711,70.0,35170000,GOOGL
2020-05-29,71.04602813720703,71.6760025024414,71.83650207519531,70.79900360107422,71.02149963378906,37044000,GOOGL
2020-06-01,71.11293029785156,71.74349975585938,72.0790023803711,71.11399841308594,71.28500366210938,25162000,GOOGL
2020-06-02,71.48165130615234,72.1155014038086,72.1500015258789,71.08049774169922,71.75,23442000,GOOGL
2020-06-03,71.33000183105469,71.9625015258789,72.45050048828125,71.58100128173828,72.13500213623047,27732000,GOOGL
2020-06-04,70.09346008300781,70.71499633789062,72.06600189208984,70.30049896240234,71.83899688720703,26982000,GOOGL
2020-06-05,71.36817169189453,72.0009994506836,72.31500244140625,70.38099670410156,70.78199768066406,42642000,GOOGL
2020-06-08,71.76563262939453,72.4020004272461,72.44999694824219,71.2239990234375,71.31400299072266,33878000,GOOGL
2020-06-09,71.96585083007812,72.60399627685547,73.38999938964844,72.11799621582031,72.26200103759766,33624000,GOOGL
2020-06-10,72.59132385253906,73.23500061035156,73.63849639892578,72.71800231933594,73.07550048828125,31762000,GOOGL
2020-06-11,69.47891235351562,70.09500122070312,72.58000183105469,69.92050170898438,72.05149841308594,47144000,GOOGL
2020-06-12,70.02507781982422,70.64600372314453,71.72550201416016,69.29000091552734,71.29299926757812,36676000,GOOGL
2020-06-15,70.41262817382812,71.03700256347656,71.25,69.36000061035156,69.47450256347656,30468000,GOOGL
2020-06-16,71.68783569335938,72.32350158691406,72.8584976196289,71.44950103759766,72.44999694824219,30648000,GOOGL
2020-06-17,71.9886703491211,72.62699890136719,73.11000061035156,71.75650024414062,72.64700317382812,30610000,GOOGL
2020-06-18,71.07575988769531,71.70600128173828,72.64849853515625,71.31199645996094,72.49250030517578,34862000,GOOGL
2020-06-19,70.60592651367188,71.23200225830078,72.2249984741211,70.94999694824219,72.0,52784000,GOOGL
2020-06-22,71.89547729492188,72.53299713134766,72.54750061035156,70.95950317382812,71.25050354003906,29442000,GOOGL
2020-06-23,72.55562591552734,73.1989974975586,73.76000213623047,72.25,72.5999984741211,37752000,GOOGL
2020-06-24,71.00537872314453,71.63500213623047,73.78949737548828,71.5,73.16400146484375,31592000,GOOGL
2020-06-25,71.42168426513672,72.05500030517578,72.11599731445312,70.97699737548828,71.56099700927734,23958000,GOOGL
2020-06-26,67.5282211303711,68.12699890136719,71.85099792480469,67.75,71.63150024414062,97640000,GOOGL
2020-06-29,69.24449920654297,69.8584976196289,69.9000015258789,67.5824966430664,68.01699829101562,45074000,GOOGL
2020-06-30,70.27932739257812,70.90249633789062,71.19999694824219,69.34649658203125,69.84400177001953,40286000,GOOGL
2020-07-01,71.46629333496094,72.0999984741211,72.42400360107422,70.70899963378906,70.95850372314453,42182000,GOOGL
2020-07-02,72.85051727294922,73.49649810791016,74.4260025024414,72.55349731445312,72.59200286865234,57218000,GOOGL
2020-07-06,74.32345581054688,74.98249816894531,75.5,73.8489990234375,74.40750122070312,44712000,GOOGL
2020-07-07,73.84123992919922,74.49600219726562,76.06600189208984,74.48500061035156,74.80650329589844,42364000,GOOGL
2020-07-08,74.51922607421875,75.18000030517578,75.55850219726562,74.61499786376953,75.04000091552734,31766000,GOOGL
2020-07-09,75.26560974121094,75.93299865722656,76.45700073242188,74.77950286865234,75.49649810791016,41836000,GOOGL
2020-07-10,76.27416229248047,76.95050048828125,77.06700134277344,75.03600311279297,75.6624984741211,35918000,GOOGL
2020-07-13,74.94692993164062,75.61150360107422,78.81800079345703,75.3280029296875,77.49700164794922,42954000,GOOGL
2020-07-14,75.3746337890625,76.04299926757812,76.13999938964844,74.29650115966797,74.6395034790039,38108000,GOOGL
2020-07-15,75.17737579345703,75.84400177001953,76.81649780273438,74.8915023803711,76.1614990234375,31026000,GOOGL
2020-07-16,75.08024597167969,75.74600219726562,75.79550170898438,74.41349792480469,75.07499694824219,26484000,GOOGL
2020-07-17,75.17589569091797,75.84249877929688,76.17150115966797,74.90499877929688,75.84549713134766,34264000,GOOGL
2020-07-20,77.50475311279297,78.19200134277344,78.45050048828125,75.13500213623047,75.75,30166000,GOOGL
2020-07-21,77.11222839355469,77.7959976196289,79.35250091552734,77.63099670410156,79.25150299072266,27486000,GOOGL
2020-07-22,77.5548095703125,78.24250030517578,78.3489990234375,77.1614990234375,77.7854995727539,24482000,GOOGL
2020-07-23,75.17094421386719,75.8375015258789,78.51750183105469,75.42949676513672,78.29650115966797,33910000,GOOGL
2020-07-24,74.74768829345703,75.4104995727539,75.77149963378906,74.37950134277344,74.95950317382812,29902000,GOOGL
2020-07-27,75.79936981201172,76.47149658203125,76.87799835205078,75.61650085449219,75.66300201416016,27124000,GOOGL
2020-07-28,74.5217056274414,75.18250274658203,76.30049896240234,75.0260009765625,76.25,30910000,GOOGL
2020-07-29,75.50597381591797,76.17549896240234,76.66649627685547,75.15049743652344,75.25,22676000,GOOGL
2020-07-30,76.24244689941406,76.91850280761719,77.04450225830078,74.75849914550781,74.89849853515625,36042000,GOOGL
2020-07-31,73.74359893798828,74.39749908447266,75.2509994506836,72.69999694824219,74.85250091552734,91468000,GOOGL
2020-08-03,73.48638916015625,74.13800048828125,74.8864974975586,73.58599853515625,74.55000305175781,45482000,GOOGL
2020-08-04,73.01753997802734,73.66500091552734,74.65550231933594,73.20149993896484,74.33550262451172,37212000,GOOGL
2020-08-05,73.30448913574219,73.95449829101562,74.5,73.56099700927734,73.84100341796875,29134000,GOOGL
2020-08-06,74.58612823486328,75.24749755859375,75.3134994506836,73.59500122070312,73.80750274658203,33306000,GOOGL
2020-08-07,74.26001739501953,74.91850280761719,76.00450134277344,74.3134994506836,75.4520034790039,27718000,GOOGL
2020-08-10,74.1832046508789,74.84100341796875,75.35749816894531,73.87449645996094,74.54000091552734,20546000,GOOGL
2020-08-11,73.3763656616211,74.0270004272461,75.52200317382812,73.90950012207031,74.69999694824219,31098000,GOOGL
2020-08-12,74.69961547851562,75.36199951171875,75.58350372314453,74.25,74.35600280761719,22512000,GOOGL
2020-08-13,75.16597747802734,75.8324966430664,76.84850311279297,75.4104995727539,75.4104995727539,22388000,GOOGL
2020-08-14,74.57026672363281,75.23149871826172,75.989501953125,74.94999694824219,75.68049621582031,21942000,GOOGL
2020-08-17,75.14566802978516,75.81199645996094,76.18900299072266,75.25,75.79850006103516,19990000,GOOGL
2020-08-18,77.10529327392578,77.78900146484375,77.86849975585938,76.08350372314453,76.30599975585938,28378000,GOOGL
2020-08-19,76.55169677734375,77.23049926757812,78.44300079345703,77.0,77.62449645996094,30472000,GOOGL
2020-08-20,78.11979675292969,78.8125,79.00849914550781,76.7229995727539,76.99849700927734,26382000,GOOGL
2020-08-21,78.08609771728516,78.77850341796875,79.59400177001953,78.1155014038086,78.58999633789062,34838000,GOOGL
2020-08-24,78.5608901977539,79.25749969482422,80.43900299072266,78.75199890136719,79.62349700927734,25638000,GOOGL
2020-08-25,79.58678436279297,80.2925033569336,80.44400024414062,78.89399719238281,79.00499725341797,25150000,GOOGL
2020-08-26,81.48397064208984,82.20649719238281,82.6395034790039,80.04900360107422,80.31500244140625,52188000,GOOGL
2020-08-27,80.7103271484375,81.4260025024414,82.39949798583984,80.94049835205078,82.33049774169922,31350000,GOOGL
2020-08-28,81.25102996826172,81.97149658203125,82.06749725341797,81.28050231933594,81.47350311279297,22418000,GOOGL
2020-08-31,80.7603759765625,81.47650146484375,82.2249984741211,81.2665023803711,82.17849731445312,26422000,GOOGL
2020-09-01,82.02664184570312,82.75399780273438,82.96099853515625,81.47650146484375,81.60800170898438,22652000,GOOGL
2020-09-02,85.11476135253906,85.86949920654297,86.30500030517578,83.0094985961914,83.40049743652344,49522000,GOOGL
2020-09-03,80.75939178466797,81.47550201416016,85.0,80.385498046875,84.97599792480469,63726000,GOOGL
2020-09-04,78.36561584472656,79.06050109863281,81.74949645996094,76.89849853515625,80.44999694824219,55850000,GOOGL
2020-09-08,75.51043701171875,76.18000030517578,77.77749633789062,75.82499694824219,76.25,54032000,GOOGL
2020-09-09,76.68155670166016,77.36150360107422,77.93599700927734,76.25849914550781,77.44499969482422,39242000,GOOGL
2020-09-10,75.63185119628906,76.30249786376953,78.68299865722656,76.0,77.50900268554688,33024000,GOOGL
2020-09-11,75.12187957763672,75.78800201416016,76.93499755859375,74.6510009765625,76.40750122070312,30706000,GOOGL
2020-09-14,74.7784194946289,75.44149780273438,77.8499984741211,75.25550079345703,76.5824966430664,42660000,GOOGL
2020-09-15,76.08136749267578,76.75599670410156,77.54949951171875,76.1050033569336,76.39450073242188,23042000,GOOGL
2020-09-16,74.93999481201172,75.60449981689453,77.71849822998047,75.57949829101562,77.1240005493164,22128000,GOOGL
2020-09-17,73.698486328125,74.35199737548828,74.93299865722656,73.12300109863281,74.29049682617188,40008000,GOOGL
2020-09-18,71.91680145263672,72.55449676513672,74.76000213623047,71.58100128173828,74.41500091552734,63056000,GOOGL
2020-09-21,70.87850189208984,71.50700378417969,72.00299835205078,70.13400268554688,71.58100128173828,56908000,GOOGL
2020-09-22,72.34944915771484,72.99099731445312,73.19850158691406,71.4749984741211,72.51599884033203,33950000,GOOGL
2020-09-23,69.85012817382812,70.46949768066406,72.65399932861328,70.13400268554688,72.60449981689453,37726000,GOOGL
2020-09-24,70.5177001953125,71.14299774169922,71.89949798583984,70.10749816894531,70.13400268554688,34552000,GOOGL
2020-09-25,71.32058715820312,71.9530029296875,72.2969970703125,70.38400268554688,71.25250244140625,30326000,GOOGL
2020-09-28,72.2919692993164,72.93299865722656,73.64949798583984,72.31400299072266,73.59950256347656,30784000,GOOGL
2020-09-29,72.65674591064453,73.3010025024414,73.5999984741211,72.69999694824219,73.19550323486328,31816000,GOOGL
2020-09-30,72.63591766357422,73.27999877929688,74.30999755859375,72.78800201416016,73.0469970703125,40924000,GOOGL
2020-10-01,73.74112701416016,74.3949966430664,74.75350189208984,73.83999633789062,74.18299865722656,32884000,GOOGL
2020-10-02,72.14031982421875,72.77999877929688,73.95149993896484,72.36750030517578,72.98149871826172,31222000,GOOGL
2020-10-05,73.48986053466797,74.1415023803711,74.23500061035156,73.00450134277344,73.13249969482422,21602000,GOOGL
2020-10-06,71.91332244873047,72.5510025024414,74.22599792480469,72.25050354003906,73.7750015258789,26096000,GOOGL
2020-10-07,72.31575775146484,72.95700073242188,73.44850158691406,71.6614990234375,72.96549987792969,36108000,GOOGL
2020-10-08,73.51958465576172,74.17150115966797,74.40149688720703,73.27249908447266,73.27249908447266,26076000,GOOGL
2020-10-09,74.85871124267578,75.52249908447266,75.59249877929688,74.3499984741211,74.64299774169922,32966000,GOOGL
2020-10-12,77.54191589355469,78.22949981689453,79.4209976196289,76.46499633789062,76.9000015258789,55344000,GOOGL
2020-10-13,77.66483306884766,78.35350036621094,79.25800323486328,77.93150329589844,78.85050201416016,39072000,GOOGL
2020-10-14,77.48491668701172,78.1719970703125,79.19249725341797,77.29499816894531,78.7300033569336,33174000,GOOGL
2020-10-15,77.08992767333984,77.77349853515625,78.56999969482422,77.05650329589844,77.2249984741211,31210000,GOOGL
2020-10-16,77.69605255126953,78.38500213623047,78.885498046875,77.88300323486328,78.09149932861328,34194000,GOOGL
2020-10-19,75.82514190673828,76.49749755859375,79.19650268554688,76.14600372314453,78.79650115966797,29734000,GOOGL
2020-10-20,76.87235260009766,77.55400085449219,78.69200134277344,76.0250015258789,76.15550231933594,41670000,GOOGL
2020-10-21,78.60250854492188,79.29949951171875,80.75700378417969,78.35700225830078,78.49250030517578,60322000,GOOGL
2020-10-22,79.6269302368164,80.33300018310547,80.6709976196289,78.8740005493164,79.25,30512000,GOOGL
2020-10-23,80.93136596679688,81.64900207519531,81.70600128173828,80.59549713134766,80.75250244140625,30548000,GOOGL
2020-10-26,78.51825714111328,79.2145004272461,81.47899627685547,78.38899993896484,80.75,35826000,GOOGL
2020-10-27,79.24134826660156,79.94400024414062,80.0999984741211,78.84950256347656,79.44650268554688,25902000,GOOGL
2020-10-28,74.87606048583984,75.54000091552734,77.69049835205078,75.42400360107422,77.50050354003906,45174000,GOOGL
2020-10-29,77.1598129272461,77.84400177001953,79.43699645996094,75.82749938964844,75.85099792480469,55406000,GOOGL
2020-10-30,80.09526824951172,80.80549621582031,84.06600189208984,80.07849884033203,83.37200164794922,99878000,GOOGL
2020-11-02,80.50218200683594,81.21600341796875,82.91200256347656,80.71199798583984,81.177001953125,44228000,GOOGL
2020-11-03,81.55978393554688,82.28299713134766,82.94999694824219,80.60549926757812,81.53800201416016,31432000,GOOGL
2020-11-04,86.5252685546875,87.2925033569336,88.50150299072266,85.1500015258789,85.27899932861328,71342000,GOOGL
2020-11-05,87.35043334960938,88.125,89.59100341796875,87.05149841308594,88.52249908447266,39758000,GOOGL
2020-11-06,87.21316528320312,87.98650360107422,88.42500305175781,86.83399963378906,87.56700134277344,28622000,GOOGL
2020-11-09,87.29691314697266,88.07099914550781,90.84449768066406,87.87750244140625,89.79900360107422,53440000,GOOGL
2020-11-10,86.1223373413086,86.88600158691406,87.96900177001953,85.80599975585938,86.4885025024414,43022000,GOOGL
2020-11-11,86.59365844726562,87.36150360107422,88.1449966430664,87.15299987792969,87.41999816894531,31838000,GOOGL
2020-11-12,86.3750991821289,87.14099884033203,88.2490005493164,86.89849853515625,87.0999984741211,26474000,GOOGL
2020-11-13,87.83415222167969,88.61299896240234,88.85649871826172,86.79900360107422,87.4000015258789,29744000,GOOGL
2020-11-16,87.92188262939453,88.70149993896484,89.71700286865234,88.06649780273438,88.20700073242188,25468000,GOOGL
2020-11-17,87.3088150024414,88.08300018310547,88.85700225830078,87.97450256347656,88.39299774169922,21314000,GOOGL
2020-11-18,86.26704406738281,87.03199768066406,88.25,86.92849731445312,87.83200073242188,20108000,GOOGL
2020-11-19,87.15567779541016,87.92849731445312,88.17449951171875,86.5009994506836,86.6614990234375,20106000,GOOGL
2020-11-20,86.05591583251953,86.81900024414062,88.41799926757812,86.75,88.0999984741211,27694000,GOOGL
2020-11-23,85.6187973022461,86.37799835205078,87.29949951171875,85.50900268554688,87.01100158691406,22530000,GOOGL
2020-11-24,87.41983032226562,88.19499969482422,88.3239974975586,86.0364990234375,86.375,27984000,GOOGL
2020-11-25,87.43122863769531,88.20649719238281,88.51899719238281,87.41799926757812,88.3905029296875,19600000,GOOGL
2020-11-27,88.56565856933594,89.35099792480469,89.85050201416016,88.22699737548828,88.22699737548828,14790000,GOOGL
2020-11-30,86.94901275634766,87.72000122070312,89.01699829101562,87.39199829101562,88.78250122070312,32418000,GOOGL
2020-12-01,88.97899627685547,89.76799774169922,91.08599853515625,88.15149688720703,88.33300018310547,37350000,GOOGL
2020-12-02,90.44648742675781,91.24849700927734,91.63700103759766,89.25849914550781,89.76799774169922,29424000,GOOGL
2020-12-03,90.29136657714844,91.09200286865234,92.19149780273438,90.8499984741211,91.0270004272461,24728000,GOOGL
2020-12-04,90.38652801513672,91.18800354003906,91.4749984741211,90.67949676513672,91.01100158691406,20544000,GOOGL
2020-12-07,90.052978515625,90.85150146484375,91.4645004272461,90.1520004272461,90.77749633789062,22288000,GOOGL
2020-12-08,89.77046966552734,90.56649780273438,90.79850006103516,89.56400299072266,90.4260025024414,19936000,GOOGL
2020-12-09,88.11168670654297,88.89299774169922,91.41850280761719,88.0999984741211,90.51799774169922,31728000,GOOGL
2020-12-10,87.60568237304688,88.38249969482422,88.74949645996094,86.67649841308594,88.12999725341797,28688000,GOOGL
2020-12-11,87.96002960205078,88.73999786376953,88.8655014038086,87.63700103759766,88.0,18628000,GOOGL
2020-12-14,86.84293365478516,87.61299896240234,89.48999786376953,87.45649719238281,88.53600311279297,33050000,GOOGL
2020-12-15,87.28007507324219,88.05400085449219,88.19999694824219,87.08350372314453,87.99299621582031,21352000,GOOGL
2020-12-16,87.08727264404297,87.8594970703125,88.45549774169922,87.4530029296875,88.45549774169922,24676000,GOOGL
2020-12-17,86.26060485839844,87.02549743652344,88.33550262451172,86.55750274658203,88.19650268554688,34880000,GOOGL
2020-12-18,85.55239868164062,86.31099700927734,87.41799926757812,85.75,87.30850219726562,85256000,GOOGL
2020-12-21,85.9657211303711,86.72799682617188,86.8499984741211,84.69999694824219,85.45649719238281,33974000,GOOGL
2020-12-22,85.2550277709961,86.01100158691406,86.63050079345703,85.28900146484375,86.46649932861328,20370000,GOOGL
2020-12-23,85.6520004272461,86.4114990234375,87.20549774169922,86.05999755859375,86.19650268554688,22974000,GOOGL
2020-12-24,85.94589233398438,86.70800018310547,87.12049865722656,86.21749877929688,86.44999694824219,9312000,GOOGL
2020-12-28,87.91839599609375,88.697998046875,89.3499984741211,87.09100341796875,87.24549865722656,27650000,GOOGL
2020-12-29,87.11553192138672,87.88800048828125,89.42350006103516,87.75550079345703,89.36150360107422,19726000,GOOGL
2020-12-30,86.04948425292969,86.8125,88.38800048828125,86.4000015258789,88.25,21026000,GOOGL
2020-12-31,86.86177825927734,87.63200378417969,87.875,86.80449676513672,86.8635025024414,21070000,GOOGL
2021-01-04,85.54792785644531,86.30650329589844,88.12449645996094,85.35700225830078,88.0,37324000,GOOGL
2021-01-05,86.23782348632812,87.00250244140625,87.34149932861328,85.84500122070312,86.25450134277344,20360000,GOOGL
2021-01-06,85.38685607910156,86.14399719238281,87.19850158691406,84.80500030517578,85.01300048828125,46588000,GOOGL
2021-01-07,87.93722534179688,88.71700286865234,88.89099884033203,86.33799743652344,86.33799743652344,41936000,GOOGL
2021-01-08,89.1014175415039,89.8915023803711,89.96800231933594,88.06099700927734,88.85800170898438,35484000,GOOGL
2021-01-11,87.04268646240234,87.81449890136719,89.21900177001953,87.60700225830078,88.85099792480469,34796000,GOOGL
2021-01-12,86.10796356201172,86.87149810791016,88.3949966430664,85.81900024414062,87.26799774169922,29528000,GOOGL
2021-01-13,86.59465789794922,87.36250305175781,87.81950378417969,86.36599731445312,86.36599731445312,23432000,GOOGL
2021-01-14,85.78532409667969,86.5459976196289,88.37750244140625,86.30349731445312,87.44349670410156,29212000,GOOGL
2021-01-15,85.62178039550781,86.38099670410156,87.38099670410156,85.58550262451172,86.45099639892578,31444000,GOOGL
2021-01-19,88.43930053710938,89.22350311279297,90.19200134277344,86.6415023803711,87.1500015258789,41660000,GOOGL
2021-01-20,93.17728424072266,94.00350189208984,94.98600006103516,90.97550201416016,91.31849670410156,64152000,GOOGL
2021-01-21,93.37947845458984,94.2074966430664,96.60399627685547,93.97049713134766,94.68250274658203,58634000,GOOGL
2021-01-22,93.79627990722656,94.62799835205078,95.21949768066406,93.82499694824219,94.572998046875,32744000,GOOGL
2021-01-25,93.88153076171875,94.71399688720703,96.09100341796875,92.95800018310547,95.63700103759766,50586000,GOOGL
2021-01-26,94.55902862548828,95.39749908447266,95.7874984741211,93.80650329589844,94.29949951171875,31462000,GOOGL
2021-01-27,90.14763641357422,90.9469985961914,94.02349853515625,89.86399841308594,93.74549865722656,82512000,GOOGL
2021-01-28,91.84559631347656,92.66000366210938,94.39949798583984,91.55000305175781,91.55000305175781,55278000,GOOGL
2021-01-29,90.56494140625,91.36799621582031,92.37699890136719,90.0780029296875,91.70099639892578,44530000,GOOGL
2021-02-01,93.8215560913086,94.65350341796875,95.7770004272461,92.22949981689453,92.22949981689453,40252000,GOOGL
2021-02-02,95.11261749267578,95.95600128173828,97.46849822998047,95.31849670410156,95.65650177001953,66332000,GOOGL
2021-02-03,102.03919219970703,102.94400024414062,105.33100128173828,100.67749786376953,103.28050231933594,97882000,GOOGL
2021-02-04,101.77899932861328,102.68150329589844,103.46499633789062,101.75499725341797,103.03099822998047,48596000,GOOGL
2021-02-05,103.52352905273438,104.44149780273438,104.7969970703125,102.5,102.97799682617188,29866000,GOOGL
2021-02-08,103.30992126464844,104.22599792480469,105.75,103.1675033569336,105.0,28828000,GOOGL
2021-02-09,102.85743713378906,103.76950073242188,104.92549896240234,103.5,103.73999786376953,21892000,GOOGL
2021-02-10,103.40706634521484,104.3239974975586,104.94400024414062,102.61199951171875,104.15699768066406,25102000,GOOGL
2021-02-11,103.51956939697266,104.4375,104.69999694824219,103.44300079345703,104.55000305175781,20480000,GOOGL
2021-02-12,103.83080291748047,104.75150299072266,104.9749984741211,103.67849731445312,103.9885025024414,18990000,GOOGL
2021-02-16,104.607421875,105.53500366210938,107.25700378417969,104.5875015258789,104.5875015258789,31004000,GOOGL
2021-02-17,104.99994659423828,105.93099975585938,106.12200164794922,104.4175033569336,104.6989974975586,20294000,GOOGL
2021-02-18,104.36507415771484,105.29049682617188,106.09950256347656,104.66649627685547,105.25,22546000,GOOGL
2021-02-19,103.52252960205078,104.44049835205078,105.92900085449219,104.17150115966797,105.3895034790039,37938000,GOOGL
2021-02-22,101.81022644042969,102.71299743652344,104.0165023803711,102.4000015258789,102.68000030517578,29466000,GOOGL
2021-02-23,102.10064697265625,103.00599670410156,103.625,99.5114974975586,100.69950103759766,34658000,GOOGL
2021-02-24,103.27474212646484,104.19049835205078,104.41600036621094,101.37650299072266,101.50199890136719,22608000,GOOGL
2021-02-25,99.91156005859375,100.79750061035156,104.1500015258789,100.32450103759766,102.79650115966797,41548000,GOOGL
2021-02-26,100.20694732666016,101.09549713134766,102.82599639892578,100.05049896240234,101.49749755859375,40042000,GOOGL
2021-03-01,102.5734634399414,103.48300170898438,103.8115005493164,101.72100067138672,102.4000015258789,26060000,GOOGL
2021-03-02,102.31674194335938,103.2239990234375,104.73699951171875,102.83350372314453,103.24199676513672,25564000,GOOGL
2021-03-03,99.68656158447266,100.57050323486328,103.79949951171875,99.69999694824219,102.59750366210938,33892000,GOOGL
2021-03-04,100.80266571044922,101.69650268554688,103.72949981689453,100.27149963378906,100.74349975585938,49216000,GOOGL
2021-03-05,103.9319076538086,104.85350036621094,105.30999755859375,101.38899993896484,103.05750274658203,53100000,GOOGL
2021-03-08,99.49279022216797,100.375,105.68699645996094,100.2594985961914,104.2030029296875,36868000,GOOGL
2021-03-09,101.12133026123047,102.01799774169922,103.19599914550781,101.77999877929688,102.48750305175781,33920000,GOOGL
2021-03-10,100.91466522216797,101.80950164794922,103.06999969482422,100.96649932861328,103.06999969482422,27100000,GOOGL
2021-03-11,104.10388946533203,105.0270004272461,105.5634994506836,102.82250213623047,102.91100311279297,27702000,GOOGL
2021-03-12,101.5990982055664,102.5,103.88050079345703,101.62100219726562,103.82050323486328,33818000,GOOGL
2021-03-15,101.81914520263672,102.72200012207031,102.74949645996094,101.3895034790039,102.2490005493164,26168000,GOOGL
2021-03-16,103.27870178222656,104.19450378417969,105.68399810791016,102.9645004272461,103.29949951171875,31900000,GOOGL
2021-03-17,103.19593811035156,104.11100006103516,104.94999694824219,102.20600128173828,103.42350006103516,26382000,GOOGL
2021-03-18,100.17869567871094,101.06700134277344,103.4375,100.95899963378906,102.40899658203125,31700000,GOOGL
2021-03-19,100.45721435546875,101.3479995727539,101.85199737548828,100.14649963378906,101.48650360107422,46072000,GOOGL
2021-03-22,100.64208221435547,101.53450012207031,102.41699981689453,100.69999694824219,101.38150024414062,33536000,GOOGL
2021-03-23,101.16940307617188,102.06649780273438,103.20549774169922,101.4000015258789,101.99749755859375,28510000,GOOGL
2021-03-24,100.73326873779297,101.62650299072266,103.37999725341797,101.44999694824219,102.58799743652344,25218000,GOOGL
2021-03-25,100.72981262207031,101.62300109863281,102.28199768066406,99.80449676513672,101.45249938964844,35616000,GOOGL
2021-03-26,100.34672546386719,101.23650360107422,101.96949768066406,100.19249725341797,101.5895004272461,27978000,GOOGL
2021-03-29,101.39044189453125,102.28949737548828,102.46050262451172,100.27249908447266,101.10800170898438,26492000,GOOGL
2021-03-30,101.42414855957031,102.32350158691406,103.13349914550781,101.80750274658203,102.64900207519531,27312000,GOOGL
2021-03-31,102.21958923339844,103.1259994506836,104.31300354003906,102.3499984741211,102.72000122070312,42570000,GOOGL
2021-04-01,105.55302429199219,106.48899841308594,106.7874984741211,104.57150268554688,104.61250305175781,39880000,GOOGL
2021-04-05,109.97284698486328,110.947998046875,111.44950103759766,107.260498046875,107.35749816894531,48510000,GOOGL
2021-04-06,109.49209594726562,110.46299743652344,111.4000015258789,110.0895004272461,110.5459976196289,35240000,GOOGL
2021-04-07,110.96751403808594,111.95149993896484,112.2249984741211,110.65499877929688,110.65499877929688,24134000,GOOGL
2021-04-08,111.53251647949219,112.52149963378906,113.5895004272461,112.15049743652344,113.19999694824219,28664000,GOOGL
2021-04-09,112.5356216430664,113.53350067138672,113.69850158691406,111.86299896240234,112.27200317382812,26146000,GOOGL
2021-04-12,111.24456787109375,112.23100280761719,112.84449768066406,111.39099884033203,112.70600128173828,25024000,GOOGL
2021-04-13,111.73075866699219,112.72149658203125,113.17350006103516,112.15249633789062,112.54949951171875,25682000,GOOGL
2021-04-14,111.11026000976562,112.09549713134766,113.37149810791016,111.8010025024414,113.37149810791016,21002000,GOOGL
2021-04-15,113.25821685791016,114.26249694824219,114.80000305175781,112.55850219726562,113.09750366210938,29174000,GOOGL
2021-04-16,113.13430786132812,114.13749694824219,114.71199798583984,113.5459976196289,114.46199798583984,26282000,GOOGL
2021-04-19,113.48173522949219,114.48799896240234,115.20449829101562,113.50900268554688,113.50900268554688,30290000,GOOGL
2021-04-20,112.9489517211914,113.95050048828125,114.94999694824219,112.85600280761719,114.87449645996094,22288000,GOOGL
2021-04-21,112.9162368774414,113.9175033569336,114.0,112.24099731445312,113.60250091552734,23204000,GOOGL
2021-04-22,111.63609313964844,112.6259994506836,114.44400024414062,112.01599884033203,113.7699966430664,24146000,GOOGL
2021-04-23,113.98575592041016,114.99649810791016,115.30599975585938,113.0625,113.3499984741211,29066000,GOOGL
2021-04-26,114.48136138916016,115.49649810791016,116.22650146484375,114.86599731445312,115.22599792480469,32038000,GOOGL
2021-04-27,113.54219818115234,114.54900360107422,115.92250061035156,114.30799865722656,115.88150024414062,44386000,GOOGL
2021-04-28,116.91529846191406,117.9520034790039,121.56900024414062,117.66100311279297,119.625,81106000,GOOGL
2021-04-29,118.58647918701172,119.63800048828125,120.20800018310547,118.69249725341797,119.46150207519531,41234000,GOOGL
2021-04-30,116.64070892333984,117.67500305175781,119.09249877929688,117.3280029296875,118.4010009765625,44856000,GOOGL
2021-05-03,116.12429809570312,117.15399932861328,119.07749938964844,116.7750015258789,118.24549865722656,28242000,GOOGL
2021-05-04,114.32772827148438,115.34149932861328,116.24949645996094,112.83399963378906,115.67749786376953,44818000,GOOGL
2021-05-05,114.72124481201172,115.7385025024414,116.75,115.41400146484375,116.43150329589844,26636000,GOOGL
2021-05-06,115.8403091430664,116.86750030517578,116.86750030517578,114.6520004272461,115.31649780273438,25190000,GOOGL
2021-05-07,116.56291198730469,117.59649658203125,118.5625,117.30799865722656,118.19450378417969,28898000,GOOGL
2021-05-10,113.58036041259766,114.5875015258789,116.55000305175781,114.22699737548828,116.40699768066406,30914000,GOOGL
2021-05-11,112.50540161132812,113.50299835205078,114.01399993896484,111.69599914550781,112.15350341796875,34186000,GOOGL
2021-05-12,109.04557800292969,110.01249694824219,112.39900207519531,109.68099975585938,111.30950164794922,46376000,GOOGL
2021-05-13,110.472412109375,111.4520034790039,111.97200012207031,110.33599853515625,111.30599975585938,33204000,GOOGL
2021-05-14,112.91773223876953,113.91899871826172,114.23600006103516,112.5,112.927001953125,31996000,GOOGL
2021-05-17,113.44010925292969,114.44599914550781,114.48899841308594,112.77549743652344,113.17849731445312,21598000,GOOGL
2021-05-18,112.12921905517578,113.12349700927734,115.38400268554688,113.1094970703125,115.11750030517578,22204000,GOOGL
2021-05-19,112.5767593383789,113.57499694824219,113.74949645996094,111.27200317382812,111.42150115966797,23684000,GOOGL
2021-05-20,114.33368682861328,115.34750366210938,115.5999984741211,114.1760025024414,114.55000305175781,32352000,GOOGL
2021-05-21,113.69831085205078,114.70649719238281,115.94450378417969,114.46499633789062,115.87049865722656,40632000,GOOGL
2021-05-24,117.01441955566406,118.052001953125,118.27749633789062,115.5979995727539,115.74449920654297,31832000,GOOGL
2021-05-25,117.10509490966797,118.14350128173828,119.19999694824219,117.75,118.5999984741211,22440000,GOOGL
2021-05-26,117.96944427490234,119.0155029296875,119.44950103759766,118.322998046875,118.32599639892578,21572000,GOOGL
2021-05-27,117.09569549560547,118.13400268554688,119.45249938964844,117.81300354003906,119.45249938964844,35224000,GOOGL
2021-05-28,116.8067398071289,117.84249877929688,118.80349731445312,117.64250183105469,118.72100067138672,21482000,GOOGL
2021-06-01,118.01255798339844,119.05899810791016,119.2854995727539,117.71399688720703,118.72200012207031,23354000,GOOGL
2021-06-02,117.48770904541016,118.52950286865234,119.68199920654297,117.61799621582031,119.4574966430664,21158000,GOOGL
2021-06-03,116.34732055664062,117.37899780273438,117.85099792480469,116.47599792480469,117.2864990234375,18696000,GOOGL
2021-06-04,118.6266098022461,119.67849731445312,119.95149993896484,118.12049865722656,118.4635009765625,24458000,GOOGL
2021-06-07,119.05927276611328,120.11499786376953,120.22550201416016,119.05000305175781,119.47200012207031,24120000,GOOGL
2021-06-08,118.86797332763672,119.9219970703125,120.97599792480469,119.73899841308594,120.60050201416016,24240000,GOOGL
2021-06-09,119.33880615234375,120.39700317382812,120.64399719238281,119.84500122070312,120.57150268554688,17942000,GOOGL
2021-06-10,120.68634033203125,121.75650024414062,121.80000305175781,120.18900299072266,120.34600067138672,25904000,GOOGL
2021-06-11,120.44200134277344,121.51000213623047,122.08599853515625,120.947998046875,122.0,21958000,GOOGL
2021-06-14,121.36930084228516,122.44550323486328,122.44599914550781,120.9000015258789,121.61299896240234,22098000,GOOGL
2021-06-15,120.35232543945312,121.41950225830078,122.77549743652344,121.05599975585938,122.44999694824219,21562000,GOOGL
2021-06-16,119.71099853515625,120.77249908447266,121.88600158691406,119.47000122070312,121.5719985961914,26472000,GOOGL
2021-06-17,120.6734619140625,121.74349975585938,122.52249908447266,120.5,120.69750213623047,25842000,GOOGL
2021-06-18,119.05530548095703,120.11100006103516,121.60299682617188,120.01499938964844,121.36699676513672,46116000,GOOGL
2021-06-21,120.74186706542969,121.8125,122.0,119.89849853515625,120.50050354003906,27414000,GOOGL
2021-06-22,121.25529479980469,122.33049774169922,122.4000015258789,121.06400299072266,121.75,22390000,GOOGL
2021-06-23,121.05360412597656,122.12699890136719,123.09549713134766,121.83450317382812,122.09349822998047,19148000,GOOGL
2021-06-24,121.4233169555664,122.5,123.05549621582031,122.30000305175781,122.69999694824219,21362000,GOOGL
2021-06-25,121.43173217773438,122.50849914550781,122.63300323486328,121.56500244140625,122.0,34594000,GOOGL
2021-06-28,121.45899200439453,122.53600311279297,122.78500366210938,121.40550231933594,122.67849731445312,28526000,GOOGL
2021-06-29,121.19781494140625,122.27249908447266,123.02100372314453,121.69100189208984,122.67050170898438,23108000,GOOGL
2021-06-30,121.01641082763672,122.0895004272461,122.25700378417969,121.35449981689453,121.99449920654297,24474000,GOOGL
2021-07-01,121.3683090209961,122.44450378417969,122.58699798583984,121.53150177001953,121.7249984741211,18110000,GOOGL
2021-07-02,124.15657043457031,125.25749969482422,125.40399932861328,123.05950164794922,123.1500015258789,25982000,GOOGL
2021-07-06,125.08087921142578,126.19000244140625,126.4280014038086,124.5824966430664,125.64849853515625,26404000,GOOGL
2021-07-07,125.36238861083984,126.4739990234375,127.28399658203125,126.15299987792969,127.16200256347656,24060000,GOOGL
2021-07-08,123.94495391845703,125.04399871826172,125.59549713134766,124.02200317382812,124.0260009765625,23790000,GOOGL
2021-07-09,124.41529083251953,125.51850128173828,125.7344970703125,124.55149841308594,125.0250015258789,18632000,GOOGL
2021-07-12,125.85948181152344,126.97550201416016,127.06950378417969,125.61100006103516,126.1780014038086,17668000,GOOGL
2021-07-13,126.22225952148438,127.34149932861328,128.0574951171875,126.67449951171875,127.03849792480469,19240000,GOOGL
2021-07-14,127.10990142822266,128.23699951171875,129.32650756835938,127.91449737548828,127.95800018310547,23742000,GOOGL
2021-07-15,125.88871765136719,127.00499725341797,128.6999969482422,126.52999877929688,128.6490020751953,24218000,GOOGL
2021-07-16,125.85403442382812,126.97000122070312,127.8115005493164,126.15350341796875,127.66300201416016,20424000,GOOGL
2021-07-19,123.4830551147461,124.5780029296875,126.20500183105469,123.50499725341797,126.0895004272461,27968000,GOOGL
2021-07-20,125.10021209716797,126.20950317382812,127.04299926757812,124.35050201416016,125.52749633789062,26312000,GOOGL
2021-07-21,126.42794036865234,127.54900360107422,127.59600067138672,126.02349853515625,126.13349914550781,20746000,GOOGL
2021-07-22,127.2927474975586,128.42149353027344,128.48300170898438,127.4990005493164,127.84400177001953,14302000,GOOGL
2021-07-23,131.8459014892578,133.01499938964844,133.3990020751953,129.80050659179688,130.4304962158203,41506000,GOOGL
2021-07-26,132.85693359375,134.03500366210938,134.23699951171875,132.30149841308594,133.32850646972656,30572000,GOOGL
2021-07-27,130.74069213867188,131.89999389648438,134.3990020751953,130.10400390625,134.25050354003906,54710000,GOOGL
2021-07-28,134.8978271484375,136.093994140625,138.2969970703125,135.27749633789062,136.31199645996094,95130000,GOOGL
2021-07-29,134.5841064453125,135.77749633789062,136.66099548339844,135.54299926757812,136.14999389648438,31716000,GOOGL
2021-07-30,133.5423583984375,134.72650146484375,135.30450439453125,134.2550048828125,135.03500366210938,25576000,GOOGL
2021-08-02,133.6692352294922,134.85450744628906,135.3365020751953,133.79400634765625,135.11700439453125,21634000,GOOGL
2021-08-03,134.43789672851562,135.6300048828125,135.73199462890625,133.3195037841797,135.13499450683594,20762000,GOOGL
2021-08-04,133.93785095214844,135.12550354003906,135.64950561523438,134.48699951171875,135.34950256347656,19676000,GOOGL
2021-08-05,135.05397033691406,136.25149536132812,136.35000610351562,134.8459930419922,135.6804962158203,17870000,GOOGL
2021-08-06,134.54544067382812,135.73849487304688,136.47250366210938,135.2100067138672,136.04200744628906,20488000,GOOGL
2021-08-09,135.70962524414062,136.91299438476562,137.1840057373047,135.33949279785156,135.9425048828125,17760000,GOOGL
2021-08-10,135.60455322265625,136.8070068359375,137.7725067138672,136.364501953125,137.3419952392578,19414000,GOOGL
2021-08-11,135.08120727539062,136.2790069580078,137.6824951171875,136.27149963378906,137.18150329589844,15352000,GOOGL
2021-08-12,135.98817443847656,137.19400024414062,137.3000030517578,135.42550659179688,135.97549438476562,16506000,GOOGL
2021-08-13,136.51695251464844,137.7274932861328,137.85650634765625,137.0330047607422,137.25,15948000,GOOGL
2021-08-16,137.09384155273438,138.3094940185547,138.3625030517578,135.2989959716797,137.52499389648438,22384000,GOOGL
2021-08-17,135.46034240722656,136.6614990234375,138.2655029296875,136.08200073242188,137.75,21716000,GOOGL
2021-08-18,134.25851440429688,135.44900512695312,137.10450744628906,135.32150268554688,136.5,19258000,GOOGL
2021-08-19,134.4874725341797,135.67999267578125,136.3524932861328,134.25,134.4355010986328,21782000,GOOGL
2021-08-20,136.22161865234375,137.42950439453125,137.5540008544922,135.25,136.0,31194000,GOOGL
2021-08-23,138.8106231689453,140.04150390625,140.87449645996094,137.6074981689453,137.96949768066406,28454000,GOOGL
2021-08-24,140.01992797851562,141.26150512695312,142.0800018310547,140.3385009765625,140.6114959716797,19268000,GOOGL
2021-08-25,140.8302001953125,142.07899475097656,142.1894989013672,141.37600708007812,141.625,15848000,GOOGL
2021-08-26,140.19732666015625,141.4405059814453,142.41749572753906,141.35699462890625,141.75,20610000,GOOGL
2021-08-27,142.73829650878906,144.00399780273438,144.5124969482422,141.4969940185547,141.65249633789062,28780000,GOOGL
2021-08-30,143.31964111328125,144.5904998779297,145.9705047607422,144.16299438476562,144.39999389648438,24434000,GOOGL
2021-08-31,143.42568969726562,144.69749450683594,145.17149353027344,144.281005859375,145.14700317382812,22448000,GOOGL
2021-09-01,143.93919372558594,145.2154998779297,146.25399780273438,144.8834991455078,145.0,21936000,GOOGL
2021-09-02,142.02761840820312,143.28700256347656,145.51950073242188,143.18499755859375,145.21600341796875,32342000,GOOGL
2021-09-03,142.4761199951172,143.739501953125,144.15499877929688,142.40049743652344,143.08050537109375,19850000,GOOGL
2021-09-07,143.0123748779297,144.28050231933594,144.56500244140625,143.61900329589844,143.83450317382812,20124000,GOOGL
2021-09-08,142.42803955078125,143.6909942626953,144.39999389648438,143.0,144.10000610351562,18344000,GOOGL
2021-09-09,142.27938842773438,143.54100036621094,144.3105010986328,143.17750549316406,143.8404998779297,15314000,GOOGL
2021-09-10,139.6378173828125,140.87600708007812,144.718505859375,140.73800659179688,144.21249389648438,36840000,GOOGL
2021-09-13,141.08148193359375,142.33250427246094,142.9499969482422,141.25,141.94949340820312,22094000,GOOGL
2021-09-14,141.2916259765625,142.54449462890625,143.36300659179688,141.75,142.99549865722656,19674000,GOOGL
2021-09-15,143.1600799560547,144.42950439453125,144.45050048828125,141.34750366210938,142.77149963378906,27408000,GOOGL
2021-09-16,142.34776306152344,143.61000061035156,144.3000030517578,142.40150451660156,143.95050048828125,26190000,GOOGL
2021-09-17,139.56246948242188,140.8000030517578,143.4499969482422,140.47000122070312,143.03050231933594,53384000,GOOGL
2021-09-20,137.50025939941406,138.71949768066406,139.0,136.32200622558594,138.1614990234375,46518000,GOOGL
2021-09-21,137.81100463867188,139.0330047607422,140.01150512695312,138.2779998779297,139.74949645996094,25332000,GOOGL
2021-09-22,139.0504913330078,140.2834930419922,140.88699340820312,138.55149841308594,139.3040008544922,25056000,GOOGL
2021-09-23,139.97482299804688,141.21600341796875,141.69650268554688,140.40150451660156,140.9875030517578,20952000,GOOGL
2021-09-24,140.96502685546875,142.21499633789062,142.33050537109375,140.24099731445312,140.5384979248047,22984000,GOOGL
2021-09-27,139.83206176757812,141.07200622558594,141.93850708007812,140.0675048828125,140.80450439453125,21882000,GOOGL
2021-09-28,134.63613891601562,135.8300018310547,139.09649658203125,135.36000061035156,138.65499877929688,45772000,GOOGL
2021-09-29,133.17263793945312,134.35350036621094,137.1510009765625,133.86500549316406,136.97999572753906,30848000,GOOGL
2021-09-30,132.5010986328125,133.67599487304688,135.54249572753906,133.55599975585938,134.26150512695312,37996000,GOOGL
2021-10-01,135.3428955078125,136.54299926757812,136.91050720214844,134.072998046875,134.44749450683594,35360000,GOOGL
2021-10-04,132.48472595214844,133.6595001220703,135.9604949951172,131.0500030517578,135.9604949951172,51202000,GOOGL
2021-10-05,134.82745361328125,136.0229949951172,137.22450256347656,134.04100036621094,134.04100036621094,32404000,GOOGL
2021-10-06,136.35589599609375,137.56500244140625,137.75,134.5500030517578,134.75,24364000,GOOGL
2021-10-07,138.00132751464844,139.22500610351562,140.04200744628906,138.6510009765625,138.89199829101562,25110000,GOOGL
2021-10-08,138.55690002441406,139.78550720214844,140.33099365234375,139.21749877929688,139.57699584960938,26526000,GOOGL
2021-10-11,137.69305419921875,138.91400146484375,140.71200561523438,138.85899353027344,139.29200744628906,17954000,GOOGL
2021-10-12,135.24972534179688,136.44900512695312,139.5070037841797,135.75999450683594,139.47999572753906,36332000,GOOGL
2021-10-13,136.3727569580078,137.58200073242188,138.0,136.5189971923828,137.40249633789062,19654000,GOOGL
2021-10-14,139.91038513183594,141.1510009765625,141.33749389648438,138.8249969482422,139.4739990234375,31894000,GOOGL
2021-10-15,140.12548828125,141.3679962158203,141.71800231933594,140.7550048828125,141.614501953125,30274000,GOOGL
2021-10-18,141.52308654785156,142.7779998779297,142.79600524902344,141.0695037841797,141.07650756835938,20396000,GOOGL
2021-10-19,141.97805786132812,143.23699951171875,143.66250610351562,142.60000610351562,143.3874969482422,20164000,GOOGL
2021-10-20,140.52294921875,141.7689971923828,143.54600524902344,141.37649536132812,143.33799743652344,23288000,GOOGL
2021-10-21,140.63893127441406,141.88600158691406,142.156005859375,140.5,141.7689971923828,26292000,GOOGL
2021-10-22,136.35739135742188,137.56649780273438,140.58299255371094,136.05599975585938,139.14999389648438,50588000,GOOGL
2021-10-25,136.2389373779297,137.44700622558594,138.0,135.4239959716797,137.5500030517578,34412000,GOOGL
2021-10-26,138.08409118652344,139.30850219726562,140.08299255371094,138.30450439453125,139.2635040283203,49236000,GOOGL
2021-10-27,144.932373046875,146.21749877929688,148.64999389648438,139.40499877929688,139.40499877929688,85782000,GOOGL
2021-10-28,144.56710815429688,145.8489990234375,147.1580047607422,144.6269989013672,147.13450622558594,36206000,GOOGL
2021-10-29,146.74476623535156,148.04600524902344,148.24200439453125,144.64950561523438,145.0780029296875,43320000,GOOGL
2021-11-01,142.23573303222656,143.4969940185547,148.04600524902344,143.22549438476562,148.04600524902344,46924000,GOOGL
2021-11-02,144.15423583984375,145.4324951171875,146.60899353027344,144.3354949951172,144.57949829101562,33482000,GOOGL
2021-11-03,145.3095245361328,146.59800720214844,146.66900634765625,144.59100341796875,145.90049743652344,27494000,GOOGL
2021-11-04,146.96434020996094,148.2675018310547,149.73350524902344,146.30799865722656,147.12449645996094,38412000,GOOGL
2021-11-05,147.543701171875,148.8520050048828,150.32749938964844,148.19700622558594,149.16949462890625,38354000,GOOGL
2021-11-08,147.72113037109375,149.031005859375,150.61500549316406,148.4304962158203,149.8249969482422,23052000,GOOGL
2021-11-09,147.609619140625,148.9185028076172,149.83450317382812,147.2449951171875,149.23300170898438,19530000,GOOGL
2021-11-10,144.6112060546875,145.89349365234375,148.07000732421875,144.53750610351562,147.5,29970000,GOOGL
2021-11-11,144.4853057861328,145.76649475097656,147.53550720214844,145.60049438476562,146.489501953125,16518000,GOOGL
2021-11-12,147.37120056152344,148.67799377441406,148.85000610351562,145.41099548339844,146.61549377441406,22360000,GOOGL
2021-11-15,147.14718627929688,148.45199584960938,149.54949951171875,147.5749969482422,148.90049743652344,23508000,GOOGL
2021-11-16,146.57626342773438,147.87600708007812,148.7624969482422,147.3125,148.14950561523438,18904000,GOOGL
2021-11-17,146.74575805664062,148.0469970703125,148.5594940185547,147.24000549316406,148.02749633789062,19594000,GOOGL
2021-11-18,148.5215301513672,149.8385009765625,150.58050537109375,147.88450622558594,148.2415008544922,35608000,GOOGL
2021-11-19,147.61753845214844,148.92649841308594,150.9665069580078,148.8990020751953,149.97549438476562,33682000,GOOGL
2021-11-22,145.01608276367188,146.302001953125,149.82949829101562,146.1475067138672,149.33250427246094,30594000,GOOGL
2021-11-23,144.5006866455078,145.78199768066406,146.66000366210938,144.11500549316406,146.1529998779297,27218000,GOOGL
2021-11-24,144.835693359375,146.1199951171875,146.24949645996094,144.3730010986328,145.47349548339844,18040000,GOOGL
2021-11-26,140.9333038330078,142.18299865722656,144.5574951171875,141.84249877929688,144.34849548339844,30470000,GOOGL
2021-11-29,144.25137329101562,145.53050231933594,146.29750061035156,143.89349365234375,144.0,32596000,GOOGL
2021-11-30,140.6503143310547,141.8975067138672,146.0,141.60150146484375,145.0084991455078,42068000,GOOGL
2021-12-01,139.81175231933594,141.05149841308594,145.95050048828125,140.91200256347656,144.0,34020000,GOOGL
2021-12-02,141.7094268798828,142.96600341796875,143.864501953125,140.21449279785156,141.25,29194000,GOOGL
2021-12-03,140.75340270996094,142.00149536132812,144.39999389648438,140.30099487304688,143.68099975585938,41230000,GOOGL
2021-12-06,141.8967742919922,143.15499877929688,143.8524932861328,140.14999389648438,143.04049682617188,30618000,GOOGL
2021-12-07,145.9751434326172,147.26950073242188,147.531005859375,145.2274932861328,145.59649658203125,32240000,GOOGL
2021-12-08,146.884033203125,148.18649291992188,148.39300537109375,146.406005859375,147.59649658203125,24270000,GOOGL
2021-12-09,146.34088134765625,147.6385040283203,149.10000610351562,147.11500549316406,147.59100341796875,23270000,GOOGL
2021-12-10,146.70066833496094,148.00149536132812,148.9774932861328,146.70399475097656,148.6999969482422,24458000,GOOGL
2021-12-13,144.54481506347656,145.82650756835938,147.97000122070312,145.5175018310547,147.781494140625,27070000,GOOGL
2021-12-14,142.64215087890625,143.90699768066406,144.47999572753906,141.21499633789062,143.96800231933594,38446000,GOOGL
2021-12-15,145.15386962890625,146.4409942626953,146.7209930419922,141.67799377441406,143.40899658203125,36370000,GOOGL
2021-12-16,143.1754150390625,144.44500732421875,147.677001953125,143.60699462890625,147.17050170898438,33650000,GOOGL
2021-12-17,140.47933959960938,141.72500610351562,143.83450317382812,141.3000030517578,142.5,50416000,GOOGL
2021-12-20,140.3623809814453,141.60699462890625,141.77450561523438,139.3209991455078,140.0,27192000,GOOGL
2021-12-21,142.2114715576172,143.47250366210938,143.86900329589844,140.50250244140625,142.05349731445312,28756000,GOOGL
2021-12-22,145.12814331054688,146.4149932861328,146.5,143.0675048828125,143.0675048828125,26322000,GOOGL
2021-12-23,145.6251983642578,146.91650390625,148.24349975585938,146.45199584960938,146.5,26384000,GOOGL
2021-12-27,146.6064910888672,147.906494140625,148.343994140625,147.16949462890625,147.25599670410156,15976000,GOOGL
2021-12-28,145.397705078125,146.68699645996094,148.2989959716797,146.05450439453125,148.23599243164062,18200000,GOOGL
2021-12-29,145.36602783203125,146.65499877929688,147.41700744628906,145.6475067138672,146.64450073242188,17788000,GOOGL
2021-12-30,144.91549682617188,146.20050048828125,147.3000030517578,145.9945068359375,146.69400024414062,15688000,GOOGL
2021-12-31,143.578857421875,144.8520050048828,146.69850158691406,144.8520050048828,146.0500030517578,18136000,GOOGL
2022-01-03,143.7171173095703,144.9915008544922,145.8509979248047,143.71299743652344,145.05499267578125,28646000,GOOGL
2022-01-04,143.13034057617188,144.39950561523438,146.48500061035156,143.7165069580078,145.39599609375,28400000,GOOGL
2022-01-05,136.56405639648438,137.77499389648438,144.49949645996094,137.68800354003906,144.4199981689453,54618000,GOOGL
2022-01-06,136.53677368164062,137.74749755859375,139.94000244140625,136.55850219726562,136.99850463867188,37348000,GOOGL
2022-01-07,135.8126983642578,137.01699829101562,138.44850158691406,135.76649475097656,138.14549255371094,29760000,GOOGL
2022-01-10,137.45068359375,138.66949462890625,138.8195037841797,133.1645050048828,135.0780029296875,44408000,GOOGL
2022-01-11,138.5078125,139.73599243164062,140.21600341796875,136.6925048828125,138.0070037841797,28730000,GOOGL
2022-01-12,140.18740844726562,141.4304962158203,142.60800170898438,140.6945037841797,141.14999389648438,26108000,GOOGL
2022-01-13,137.36892700195312,138.58700561523438,142.85000610351562,138.40899658203125,141.5399932861328,31436000,GOOGL
2022-01-14,138.2545623779297,139.48049926757812,140.74200439453125,136.99850463867188,137.07899475097656,29662000,GOOGL
2022-01-18,134.8026885986328,135.9980010986328,137.13150024414062,135.43850708007812,136.1750030517578,34872000,GOOGL
2022-01-19,133.92892456054688,135.1165008544922,137.95950317382812,135.0155029296875,136.52349853515625,28648000,GOOGL
2022-01-20,132.13580322265625,133.3074951171875,137.62600708007812,132.96449279785156,136.25,29908000,GOOGL
2022-01-21,129.205810546875,130.35150146484375,134.86549377441406,130.0865020751953,132.593505859375,55652000,GOOGL
2022-01-24,129.6543426513672,130.8040008544922,131.2030029296875,124.5,125.97799682617188,76622000,GOOGL
2022-01-25,125.8193359375,126.93499755859375,129.3990020751953,126.50050354003906,128.74000549316406,46960000,GOOGL
2022-01-26,128.09715270996094,129.23300170898438,133.0,127.14199829101562,131.11900329589844,49130000,GOOGL
2022-01-27,127.87113952636719,129.0050048828125,132.65249633789062,128.9324951171875,131.3040008544922,31950000,GOOGL
2022-01-28,132.17893981933594,133.3509979248047,133.35650634765625,128.48500061035156,129.65899658203125,34362000,GOOGL
2022-01-31,134.11428833007812,135.30349731445312,135.47300720214844,132.20950317382812,134.16200256347656,39986000,GOOGL
2022-02-01,136.4342041015625,137.6439971923828,137.79299926757812,134.36849975585938,137.59449768066406,68644000,GOOGL
2022-02-02,146.69918823242188,148.0,151.54649353027344,145.5225067138672,151.25,123200000,GOOGL
2022-02-03,141.83233642578125,143.08999633789062,149.6750030517578,142.66549682617188,145.70550537109375,71518000,GOOGL
2022-02-04,142.03355407714844,143.29299926757812,144.875,140.51499938964844,143.4445037841797,57998000,GOOGL
2022-02-07,137.97750854492188,139.2010040283203,144.25,138.89999389648438,144.25,54974000,GOOGL
2022-02-08,138.17376708984375,139.3990020751953,140.0,137.01400756835938,139.02650451660156,54284000,GOOGL
2022-02-09,140.3474884033203,141.5919952392578,142.52450561523438,140.18699645996094,140.9635009765625,40144000,GOOGL
2022-02-10,137.40159606933594,138.6199951171875,141.4844970703125,137.95700073242188,139.70350646972656,39330000,GOOGL
2022-02-11,133.10226440429688,134.28250122070312,139.156494140625,133.39999389648438,138.60000610351562,39958000,GOOGL
2022-02-14,134.33482360839844,135.5260009765625,136.3000030517578,133.25650024414062,133.25650024414062,34302000,GOOGL
2022-02-15,135.4078369140625,136.60850524902344,138.10850524902344,135.82150268554688,137.57049560546875,26680000,GOOGL
2022-02-16,136.5273895263672,137.73800659179688,138.08599853515625,134.9239959716797,136.64649963378906,25022000,GOOGL
2022-02-17,131.37408447265625,132.53900146484375,137.11349487304688,132.47850036621094,136.2429962158203,38950000,GOOGL
2022-02-18,129.25685119628906,130.4029998779297,134.07000732421875,130.19650268554688,133.4669952392578,45620000,GOOGL
2022-02-22,128.67254638671875,129.81350708007812,132.1804962158203,128.22349548339844,129.83799743652344,44990000,GOOGL
2022-02-23,126.46658325195312,127.58799743652344,132.05099487304688,127.52749633789062,131.64849853515625,32786000,GOOGL
2022-02-24,131.5247344970703,132.6909942626953,133.0,124.95349884033203,124.95349884033203,54456000,GOOGL
2022-02-25,133.2777099609375,134.45950317382812,135.27149963378906,131.75149536132812,133.552001953125,36406000,GOOGL
2022-02-28,133.8699493408203,135.0570068359375,135.75149536132812,132.59249877929688,133.0500030517578,38864000,GOOGL
2022-03-01,132.88319396972656,134.06149291992188,136.2554931640625,133.218505859375,134.8784942626953,26496000,GOOGL
2022-03-02,133.3887176513672,134.57150268554688,135.2624969482422,133.07150268554688,134.6280059814453,23520000,GOOGL
2022-03-03,132.72262573242188,133.89950561523438,136.4394989013672,133.02549743652344,136.00999450683594,24604000,GOOGL
2022-03-04,130.7471466064453,131.906494140625,133.85150146484375,130.33749389648438,132.92750549316406,30430000,GOOGL
2022-03-07,125.2677230834961,126.37850189208984,131.73500061035156,126.29499816894531,131.48800659179688,45112000,GOOGL
2022-03-08,125.98734283447266,127.10449981689453,131.25,125.67449951171875,126.25,40428000,GOOGL
2022-03-09,132.24732971191406,133.4199981689453,133.73550415039062,129.90049743652344,131.25,37026000,GOOGL
2022-03-10,131.26556396484375,132.42950439453125,133.27200317382812,130.91250610351562,131.26600646972656,27102000,GOOGL
2022-03-11,128.72903442382812,129.87049865722656,133.79550170898438,129.63150024414062,133.48849487304688,31526000,GOOGL
2022-03-14,124.84397888183594,125.95099639892578,130.40899658203125,125.2750015258789,130.25,38812000,GOOGL
2022-03-15,128.0624237060547,129.197998046875,129.85450744628906,125.72049713134766,126.97599792480469,30920000,GOOGL
2022-03-16,132.10906982421875,133.28050231933594,133.33299255371094,128.7344970703125,130.73300170898438,35576000,GOOGL
2022-03-17,132.6626434326172,133.83900451660156,134.08050537109375,132.18499755859375,133.1490020751953,28264000,GOOGL
2022-03-18,134.9290313720703,136.12550354003906,136.24400329589844,132.2584991455078,133.42449951171875,44566000,GOOGL
2022-03-21,134.90528869628906,136.10150146484375,137.0500030517578,134.09249877929688,136.1634979248047,26832000,GOOGL
2022-03-22,138.6386260986328,139.8679962158203,141.0500030517578,136.10150146484375,136.10150146484375,35496000,GOOGL
2022-03-23,137.06015014648438,138.27549743652344,139.5885009765625,137.8350067138672,138.70249938964844,25154000,GOOGL
2022-03-24,140.3276824951172,141.57200622558594,141.61900329589844,137.75050354003906,139.1999969482422,26396000,GOOGL
2022-03-25,140.42779541015625,141.67300415039062,142.03500366210938,139.7375030517578,141.91600036621094,24126000,GOOGL
2022-03-28,140.2122039794922,141.45550537109375,142.00250244140625,139.81149291992188,140.90049743652344,35050000,GOOGL
2022-03-29,141.25299072265625,142.5054931640625,143.7935028076172,142.0384979248047,142.6475067138672,34318000,GOOGL
2022-03-30,140.6909637451172,141.93850708007812,142.7205047607422,141.60000610351562,142.4600067138672,19884000,GOOGL
2022-03-31,137.84519958496094,139.0675048828125,142.10800170898438,139.02450561523438,142.05299377441406,37524000,GOOGL
2022-04-01,138.9186553955078,140.15049743652344,140.4709930419922,138.3074951171875,139.5,25942000,GOOGL
2022-04-04,141.7148895263672,142.97149658203125,143.71200561523438,140.3105010986328,140.35850524902344,25942000,GOOGL
2022-04-05,139.3553009033203,140.59100341796875,142.99049377441406,140.38250732421875,142.86900329589844,21418000,GOOGL
2022-04-06,135.3478240966797,136.54800415039062,139.36050415039062,135.51699829101562,138.75,32468000,GOOGL
2022-04-07,134.69412231445312,135.8885040283203,137.1645050048828,134.2274932861328,136.00999450683594,26234000,GOOGL
2022-04-08,132.11599731445312,133.28750610351562,135.6699981689453,132.9654998779297,135.58349609375,25142000,GOOGL
2022-04-11,127.69124603271484,128.82350158691406,132.09249877929688,128.6685028076172,131.82350158691406,36884000,GOOGL
2022-04-12,126.59197235107422,127.7145004272461,131.60000610351562,126.78900146484375,131.60000610351562,32710000,GOOGL
2022-04-13,128.7523193359375,129.8939971923828,130.33399963378906,127.74099731445312,128.0,27928000,GOOGL
2022-04-14,125.61614990234375,126.7300033569336,130.47950744628906,126.60099792480469,130.47950744628906,31598000,GOOGL
2022-04-18,126.5543212890625,127.67649841308594,128.21249389648438,126.18199920654297,127.0,20808000,GOOGL
2022-04-19,128.86630249023438,130.00900268554688,130.33299255371094,126.99949645996094,127.69149780273438,26490000,GOOGL
2022-04-20,126.91461181640625,128.0399932861328,131.3990020751953,127.5,130.89199829101562,31696000,GOOGL
2022-04-21,123.71746063232422,124.81449890136719,130.09849548339844,124.52649688720703,129.25,36446000,GOOGL
2022-04-22,118.58399200439453,119.635498046875,125.4020004272461,118.92500305175781,125.0,56884000,GOOGL
2022-04-25,121.99227142333984,123.0739974975586,123.27749633789062,118.51100158691406,119.10099792480469,46128000,GOOGL
2022-04-26,117.6071548461914,118.6500015258789,122.51000213623047,118.51100158691406,122.29450225830078,73054000,GOOGL
2022-04-27,113.2899398803711,114.29450225830078,117.24199676513672,112.73650360107422,114.46949768066406,91820000,GOOGL
2022-04-28,117.48078155517578,118.52249908447266,119.64949798583984,114.11499786376953,116.41500091552734,48884000,GOOGL
2022-04-29,113.10655975341797,114.1094970703125,117.91999816894531,113.81449890136719,116.7344970703125,42676000,GOOGL
2022-05-02,115.5583267211914,116.58300018310547,116.74549865722656,112.5999984741211,113.40499877929688,35534000,GOOGL
2022-05-03,116.3027114868164,117.33399963378906,118.44200134277344,116.03450012207031,116.43049621582031,24968000,GOOGL
2022-05-04,121.18641662597656,122.26100158691406,122.85449981689453,115.11599731445312,117.03150177001953,49916000,GOOGL
2022-05-05,115.48149108886719,116.50550079345703,121.03900146484375,115.00550079345703,120.2040023803711,45840000,GOOGL
2022-05-06,114.72917175292969,115.74649810791016,117.57150268554688,114.0155029296875,115.18450164794922,39710000,GOOGL
2022-05-09,111.52210235595703,112.51100158691406,115.0770034790039,112.00050354003906,113.25,40802000,GOOGL
2022-05-10,113.3895492553711,114.3949966430664,116.25,112.90049743652344,115.50749969482422,39900000,GOOGL
2022-05-11,112.60401916503906,113.60250091552734,116.364501953125,113.23650360107422,113.23650360107422,37534000,GOOGL
2022-05-12,111.85218048095703,112.84400177001953,114.29499816894531,109.82450103759766,111.37750244140625,53836000,GOOGL
2022-05-13,115.03050231933594,116.05049896240234,117.875,113.6050033569336,114.53299713134766,35038000,GOOGL
2022-05-16,113.43911743164062,114.44499969482422,116.16999816894531,113.8895034790039,114.95549774169922,25990000,GOOGL
2022-05-17,115.44928741455078,116.4729995727539,116.9000015258789,114.87000274658203,116.84049987792969,23054000,GOOGL
2022-05-18,110.91598510742188,111.89949798583984,115.4000015258789,111.55549621582031,115.0,35126000,GOOGL
2022-05-19,109.41381072998047,110.38400268554688,113.01000213623047,110.0,111.43150329589844,34144000,GOOGL
2022-05-20,107.95076751708984,108.90799713134766,112.18350219726562,105.79650115966797,111.95099639892578,48962000,GOOGL
2022-05-23,110.50810241699219,111.48799896240234,112.14749908447266,108.74099731445312,109.5875015258789,37184000,GOOGL
2022-05-24,105.03860473632812,105.97000122070312,106.45850372314453,101.8844985961914,105.77200317382812,76780000,GOOGL
2022-05-25,104.87506103515625,105.80500030517578,106.5,103.85649871826172,104.9854965209961,40258000,GOOGL
2022-05-26,106.8450927734375,107.7925033569336,108.64949798583984,105.2249984741211,105.677001953125,37948000,GOOGL
2022-05-27,111.3293228149414,112.31649780273438,112.31800079345703,109.13849639892578,109.48300170898438,37914000,GOOGL
2022-05-31,112.76212310791016,113.76200103759766,115.73500061035156,112.07849884033203,112.74649810791016,50012000,GOOGL
2022-06-01,112.8909683227539,113.89199829101562,117.10150146484375,113.25,114.8550033569336,36606000,GOOGL
2022-06-02,116.58867645263672,117.62249755859375,117.89949798583984,112.94650268554688,114.0,37992000,GOOGL
2022-06-03,113.53427124023438,114.54100036621094,116.32150268554688,113.51850128173828,116.0625,26136000,GOOGL
2022-06-06,115.7937240600586,116.82050323486328,119.34700012207031,116.16400146484375,116.70449829101562,33542000,GOOGL
2022-06-07,116.11982727050781,117.14949798583984,117.69100189208984,115.052001953125,115.48049926757812,31590000,GOOGL
2022-06-08,116.16394805908203,117.19400024414062,118.57050323486328,116.5999984741211,116.7614974975586,26108000,GOOGL
2022-06-09,113.826171875,114.83550262451172,118.29900360107422,114.7760009765625,116.32749938964844,25798000,GOOGL
2022-06-10,110.1844711303711,111.1614990234375,113.27899932861328,110.36599731445312,112.44499969482422,41452000,GOOGL
2022-06-13,105.4573974609375,106.39250183105469,108.79149627685547,106.11900329589844,106.7864990234375,47252000,GOOGL
2022-06-14,105.77753448486328,106.71549987792969,107.92449951171875,105.80000305175781,106.53500366210938,33706000,GOOGL
2022-06-15,108.79975128173828,109.7645034790039,111.42350006103516,107.66950225830078,108.54499816894531,39698000,GOOGL
2022-06-16,105.1015396118164,106.03350067138672,108.64849853515625,105.13800048828125,107.22100067138672,51684000,GOOGL
2022-06-17,106.20178985595703,107.14350128173828,108.69950103759766,105.0459976196289,106.03350067138672,51376000,GOOGL
2022-06-21,110.5635986328125,111.54399871826172,112.489501953125,108.5999984741211,108.92949676513672,47416000,GOOGL
2022-06-22,110.50761413574219,111.48750305175781,113.34649658203125,110.38249969482422,110.55650329589844,30774000,GOOGL
2022-06-23,111.25547790527344,112.24199676513672,112.74250030517578,110.50050354003906,112.23149871826172,28362000,GOOGL
2022-06-24,116.93807220458984,117.9749984741211,118.0790023803711,112.95249938964844,112.99500274658203,41164000,GOOGL
2022-06-27,114.8154067993164,115.83350372314453,118.57949829101562,115.17949676513672,118.27300262451172,36420000,GOOGL
2022-06-28,111.02303314208984,112.00749969482422,117.30950164794922,111.8479995727539,115.80249786376953,35792000,GOOGL
2022-06-29,110.71973419189453,111.70149993896484,113.1604995727539,110.87249755859375,111.552001953125,24716000,GOOGL
2022-06-30,108.00529479980469,108.96299743652344,110.88800048828125,106.75,110.0,43170000,GOOGL
2022-07-01,107.78177642822266,108.73750305175781,109.25,106.73049926757812,107.93299865722656,35476000,GOOGL
2022-07-05,112.26750183105469,113.26300048828125,113.37699890136719,105.73149871826172,107.10050201416016,39342000,GOOGL
2022-07-06,113.56499481201172,114.5719985961914,115.5895004272461,111.47599792480469,113.302001953125,37432000,GOOGL
2022-07-07,117.73898315429688,118.78299713134766,119.18949890136719,114.83350372314453,115.08000183105469,40936000,GOOGL
2022-07-08,118.3044662475586,119.35350036621094,119.68499755859375,116.90149688720703,117.25,38238000,GOOGL
2022-07-11,114.65977478027344,115.67649841308594,117.99800109863281,115.33049774169922,117.99800109863281,31196000,GOOGL
2022-07-12,113.01834106445312,114.02050018310547,116.9739990234375,113.69000244140625,116.21499633789062,29960000,GOOGL
2022-07-13,110.37479400634766,111.35350036621094,114.19599914550781,111.20149993896484,111.70099639892578,43722000,GOOGL
2022-07-14,109.39744567871094,110.36750030517578,111.09300231933594,108.37300109863281,110.21050262451172,37004000,GOOGL
2022-07-15,110.79505920410156,111.77749633789062,113.1405029296875,110.9000015258789,112.00050354003906,46770000,GOOGL
2022-07-18,108.07169342041016,109.02999877929688,113.68000030517578,108.37000274658203,112.63999938964844,43164600,GOOGL
2022-07-19,112.8096923828125,113.80999755859375,114.0199966430664,109.55999755859375,110.8499984741211,36530900,GOOGL
2022-07-20,112.8989028930664,113.9000015258789,115.4000015258789,112.4800033569336,113.16999816894531,35600400,GOOGL
2022-07-21,113.33502960205078,114.33999633789062,114.55000305175781,111.11000061035156,114.27999877929688,32676200,GOOGL
2022-07-22,106.95164489746094,107.9000015258789,112.33999633789062,106.5,111.0,48901200,GOOGL
2022-07-25,106.5650634765625,107.51000213623047,109.87000274658203,106.30000305175781,108.41000366210938,34690900,GOOGL
2022-07-26,104.0969467163086,105.0199966430664,107.19999694824219,104.06999969482422,106.5999984741211,47991000,GOOGL
2022-07-27,112.06626892089844,113.05999755859375,113.91000366210938,108.01000213623047,109.26000213623047,59858500,GOOGL
2022-07-28,113.21609497070312,114.22000122070312,114.33999633789062,111.45999908447266,112.37000274658203,32816600,GOOGL
2022-07-29,115.29762268066406,116.31999969482422,116.70999908447266,113.05999755859375,113.08000183105469,37223400,GOOGL
2022-08-01,113.8504638671875,114.86000061035156,116.72000122070312,114.33999633789062,115.30000305175781,26034300,GOOGL
2022-08-02,114.11808013916016,115.12999725341797,116.3499984741211,113.72000122070312,114.0,20236000,GOOGL
2022-08-03,117.04215240478516,118.08000183105469,118.62000274658203,115.4800033569336,115.70999908447266,28499000,GOOGL
2022-08-04,117.15119171142578,118.19000244140625,118.77999877929688,116.88999938964844,117.4800033569336,21602900,GOOGL
2022-08-05,116.4375228881836,117.47000122070312,118.11000061035156,116.0,116.2300033569336,19159500,GOOGL
2022-08-08,116.26901245117188,117.30000305175781,120.1500015258789,116.87999725341797,118.38999938964844,19138300,GOOGL
2022-08-09,115.60490417480469,116.62999725341797,117.31999969482422,115.70999908447266,117.13999938964844,19086500,GOOGL
2022-08-10,118.64791107177734,119.69999694824219,120.91999816894531,118.41000366210938,118.77999877929688,30930400,GOOGL
2022-08-11,117.79548645019531,118.83999633789062,121.48999786376953,118.55999755859375,121.27999877929688,24293700,GOOGL
2022-08-12,120.61052703857422,121.68000030517578,121.68000030517578,119.45999908447266,120.26000213623047,19096300,GOOGL
2022-08-15,121.00700378417969,122.08000183105469,122.30000305175781,120.61000061035156,121.12999725341797,19494800,GOOGL
2022-08-16,120.6303482055664,121.69999694824219,122.43000030517578,120.63999938964844,121.5199966430664,19041200,GOOGL
2022-08-17,118.4992446899414,119.55000305175781,121.29000091552734,119.37999725341797,120.12000274658203,22847000,GOOGL
2022-08-18,119.1137924194336,120.16999816894531,120.81999969482422,118.72000122070312,119.43000030517578,17987700,GOOGL
2022-08-19,116.1798095703125,117.20999908447266,119.1500015258789,116.76000213623047,119.05999755859375,21809500,GOOGL
2022-08-22,113.23591613769531,114.23999786376953,115.62999725341797,113.8499984741211,115.19999694824219,21456600,GOOGL
2022-08-23,112.85923767089844,113.86000061035156,115.01000213623047,113.43000030517578,113.4800033569336,15870400,GOOGL
2022-08-24,112.69074249267578,113.69000244140625,114.77999877929688,112.87000274658203,113.5,17734600,GOOGL
2022-08-25,115.6247329711914,116.6500015258789,116.72000122070312,114.11000061035156,114.23999786376953,16956800,GOOGL
2022-08-26,109.37019348144531,110.33999633789062,115.12000274658203,110.19000244140625,114.72000122070312,37245700,GOOGL
2022-08-29,108.4582748413086,109.41999816894531,110.94999694824219,108.80000305175781,109.98999786376953,21191200,GOOGL
2022-08-30,107.98249816894531,108.94000244140625,110.5,107.80000305175781,110.16999816894531,27513300,GOOGL
2022-08-31,107.26882934570312,108.22000122070312,110.8499984741211,108.12999725341797,110.6500015258789,28627000,GOOGL
2022-09-01,108.77545928955078,109.73999786376953,110.44999694824219,107.36000061035156,108.27999877929688,28360900,GOOGL
2022-09-02,106.90206909179688,107.8499984741211,110.73999786376953,107.26000213623047,110.58999633789062,24160700,GOOGL
2022-09-06,105.87120819091797,106.80999755859375,108.02999877929688,105.77999877929688,107.30000305175781,25068300,GOOGL
2022-09-07,108.48802185058594,109.44999694824219,109.9800033569336,106.9000015258789,107.05999755859375,23167000,GOOGL
2022-09-08,107.42742919921875,108.37999725341797,109.5999984741211,107.16000366210938,108.04000091552734,24238300,GOOGL
2022-09-09,109.67745971679688,110.6500015258789,110.98999786376953,109.0199966430664,109.06999969482422,23197700,GOOGL
2022-09-12,109.88562774658203,110.86000061035156,111.62000274658203,109.93000030517578,110.98999786376953,22966800,GOOGL
2022-09-13,103.40310668945312,104.31999969482422,108.30000305175781,104.08999633789062,107.80000305175781,38172900,GOOGL
2022-09-14,104.07711791992188,105.0,105.27999877929688,103.66000366210938,104.56999969482422,26395100,GOOGL
2022-09-15,102.00550842285156,102.91000366210938,105.2699966430664,102.3499984741211,104.02999877929688,34188300,GOOGL
2022-09-16,101.89646911621094,102.80000305175781,103.12999725341797,100.94000244140625,102.06999969482422,42797200,GOOGL
2022-09-19,102.16409301757812,103.06999969482422,103.33000183105469,101.55000305175781,101.75,23036800,GOOGL
2022-09-20,100.25105285644531,101.13999938964844,102.37000274658203,100.5199966430664,102.08000183105469,26517100,GOOGL
2022-09-21,98.40740966796875,99.27999877929688,102.87999725341797,99.2699966430664,101.66999816894531,31487300,GOOGL
2022-09-22,99.25984191894531,100.13999938964844,101.23999786376953,98.79000091552734,98.81999969482422,34298600,GOOGL
2022-09-23,97.87215423583984,98.73999786376953,99.66000366210938,97.47000122070312,99.62999725341797,31625400,GOOGL
2022-09-26,97.3071517944336,98.16999816894531,99.87999725341797,97.80000305175781,98.0999984741211,27072700,GOOGL
2022-09-27,96.6430435180664,97.5,100.0,96.87000274658203,99.43000030517578,30072800,GOOGL
2022-09-28,99.17062377929688,100.05000305175781,100.69999694824219,97.11000061035156,97.6500015258789,32466300,GOOGL
2022-09-29,96.5637435913086,97.41999816894531,98.63999938964844,95.95999908447266,98.63999938964844,31047200,GOOGL
2022-09-30,94.8093032836914,95.6500015258789,98.9000015258789,95.55999755859375,97.05000305175781,32941500,GOOGL
2022-10-03,97.77301788330078,98.63999938964844,99.29000091552734,96.5199966430664,96.76000213623047,27982000,GOOGL
2022-10-04,100.74665069580078,101.63999938964844,101.83999633789062,100.37999725341797,100.44000244140625,28850800,GOOGL
2022-10-05,100.53850555419922,101.43000030517578,101.93000030517578,98.80000305175781,99.83000183105469,22176900,GOOGL
2022-10-06,100.5285873413086,101.41999816894531,102.93000030517578,100.58999633789062,100.68000030517578,22324000,GOOGL
2022-10-07,97.81267547607422,98.68000030517578,100.52999877929688,98.30000305175781,99.8499984741211,27502800,GOOGL
2022-10-10,96.99988555908203,97.86000061035156,99.0999984741211,97.01000213623047,99.0,18225100,GOOGL
2022-10-11,96.32586669921875,97.18000030517578,99.25,96.30999755859375,97.43000030517578,26507100,GOOGL
2022-10-12,96.70250701904297,97.55999755859375,98.75,96.73999786376953,97.30000305175781,21876400,GOOGL
2022-10-13,98.18933868408203,99.05999755859375,99.77999877929688,94.37999725341797,95.1500015258789,34574500,GOOGL
2022-10-14,95.7113037109375,96.55999755859375,100.69000244140625,96.37000274658203,99.98999786376953,25410700,GOOGL
2022-10-17,99.0913314819336,99.97000122070312,100.93000030517578,98.83000183105469,98.86000061035156,28419200,GOOGL
2022-10-18,99.88428497314453,100.7699966430664,103.47000122070312,99.97000122070312,103.12999725341797,24060700,GOOGL
2022-10-19,98.75431823730469,99.62999725341797,101.0199966430664,98.91999816894531,100.01000213623047,23811100,GOOGL
2022-10-20,99.0913314819336,99.97000122070312,102.31999969482422,99.38999938964844,100.0,25323200,GOOGL
2022-10-21,100.24114227294922,101.12999725341797,101.30999755859375,97.72000122070312,97.8499984741211,32458700,GOOGL
2022-10-24,101.61890411376953,102.5199966430664,102.75,99.9800033569336,101.80000305175781,27176400,GOOGL
2022-10-25,103.56169891357422,104.4800033569336,104.81999969482422,102.72000122070312,102.9000015258789,40611400,GOOGL
2022-10-26,94.09563446044922,94.93000030517578,98.30999755859375,94.69000244140625,96.43000030517578,88114100,GOOGL
2022-10-27,91.40946197509766,92.22000122070312,95.43000030517578,91.80000305175781,94.5199966430664,60710900,GOOGL
2022-10-28,95.44367218017578,96.29000091552734,96.55000305175781,92.12999725341797,92.2699966430664,43697300,GOOGL
2022-10-31,93.67932891845703,94.51000213623047,96.02999877929688,93.9800033569336,95.41999816894531,31675000,GOOGL
2022-11-01,89.67483520507812,90.47000122070312,96.02999877929688,90.37000274658203,95.44999694824219,47161400,GOOGL
2022-11-02,86.20559692382812,86.97000122070312,91.18000030517578,86.87999725341797,90.94000244140625,57038300,GOOGL
2022-11-03,82.69670867919922,83.43000030517578,86.5199966430664,83.33999633789062,86.31999969482422,61288000,GOOGL
2022-11-04,85.81901550292969,86.58000183105469,86.63999938964844,83.70999908447266,85.4000015258789,51124900,GOOGL
2022-11-07,87.71224212646484,88.48999786376953,88.9000015258789,86.8499984741211,87.27999877929688,34078900,GOOGL
2022-11-08,88.11863708496094,88.9000015258789,90.31999969482422,87.58999633789062,88.9000015258789,30429000,GOOGL
2022-11-09,86.55252075195312,87.31999969482422,89.44000244140625,87.27999877929688,88.44999694824219,31769100,GOOGL
2022-11-10,93.11431884765625,93.94000244140625,94.38999938964844,91.61000061035156,92.25,51620100,GOOGL
2022-11-11,95.5626220703125,96.41000366210938,96.93000030517578,93.91999816894531,94.69000244140625,33090500,GOOGL
2022-11-14,94.8588638305664,95.69999694824219,96.79000091552734,94.51000213623047,95.08999633789062,30179500,GOOGL
2022-11-15,97.57479095458984,98.44000244140625,100.13999938964844,96.70999908447266,98.26000213623047,41640800,GOOGL
2022-11-16,97.98117065429688,98.8499984741211,99.63999938964844,97.63999938964844,97.9000015258789,29105200,GOOGL
2022-11-17,97.49549102783203,98.36000061035156,99.27999877929688,96.79000091552734,96.97000122070312,26052600,GOOGL
2022-11-18,96.57365417480469,97.43000030517578,98.9000015258789,96.37000274658203,98.7699966430664,28342300,GOOGL
2022-11-21,94.7597427368164,95.5999984741211,98.4000015258789,95.36000061035156,97.29000091552734,21647400,GOOGL
2022-11-22,96.19700622558594,97.05000305175781,97.22000122070312,94.05000305175781,95.94999694824219,23438500,GOOGL
2022-11-23,97.59461212158203,98.45999908447266,98.76000213623047,97.08999633789062,97.08999633789062,18868100,GOOGL
2022-11-25,96.60340118408203,97.45999908447266,98.63999938964844,97.4000015258789,98.23999786376953,9701400,GOOGL
2022-11-28,95.2057876586914,96.05000305175781,97.58000183105469,95.61000061035156,97.04000091552734,26237500,GOOGL
2022-11-29,94.35335540771484,95.19000244140625,96.12000274658203,94.11000061035156,95.7300033569336,20061700,GOOGL
2022-11-30,100.10236358642578,100.98999786376953,101.04000091552734,94.41999816894531,94.81999969482422,43647500,GOOGL
2022-12-01,100.10236358642578,100.98999786376953,102.25,100.25,101.0199966430664,28687100,GOOGL
2022-12-02,99.55721282958984,100.44000244140625,100.7699966430664,98.9000015258789,99.05000305175781,21480700,GOOGL
2022-12-05,98.60564422607422,99.4800033569336,101.37999725341797,99.0,99.4000015258789,24405100,GOOGL
2022-12-06,96.12761688232422,96.9800033569336,99.77999877929688,96.41999816894531,99.30000305175781,24910700,GOOGL
2022-12-07,94.10555267333984,94.94000244140625,96.87999725341797,94.72000122070312,96.41000366210938,31045400,GOOGL
2022-12-08,92.8863525390625,93.70999908447266,95.58000183105469,93.44999694824219,95.37999725341797,32213300,GOOGL
2022-12-09,92.01409149169922,92.83000183105469,94.26000213623047,92.75,93.7699966430664,28225400,GOOGL
2022-12-12,92.4898681640625,93.30999755859375,93.55999755859375,91.61000061035156,92.70999908447266,29420000,GOOGL
2022-12-13,94.78947448730469,95.62999725341797,99.52999877929688,95.02999877929688,97.76000213623047,40593700,GOOGL
2022-12-14,94.2343978881836,95.06999969482422,96.87000274658203,93.5999984741211,95.19999694824219,28733600,GOOGL
2022-12-15,90.0614013671875,90.86000061035156,93.63999938964844,90.01000213623047,93.12999725341797,40107000,GOOGL
2022-12-16,89.46668243408203,90.26000213623047,91.33000183105469,89.5199966430664,90.76000213623047,58011800,GOOGL
2022-12-19,87.66267395019531,88.44000244140625,90.55999755859375,88.20999908447266,90.26000213623047,29493000,GOOGL
2022-12-20,88.23757934570312,89.0199966430664,89.18000030517578,87.44000244140625,88.11000061035156,23453800,GOOGL
2022-12-21,88.79265594482422,89.58000183105469,90.22000122070312,88.31999969482422,89.08000183105469,24745600,GOOGL
2022-12-22,86.98865509033203,87.76000213623047,88.54000091552734,86.31999969482422,88.16000366210938,27658300,GOOGL
2022-12-23,88.44573211669922,89.2300033569336,89.55000305175781,87.06999969482422,87.11000061035156,23003000,GOOGL
2022-12-27,86.62189483642578,87.38999938964844,88.94000244140625,87.01000213623047,88.80000305175781,20097300,GOOGL
2022-12-28,85.2639389038086,86.0199966430664,88.04000091552734,85.94000244140625,86.9800033569336,19523200,GOOGL
2022-12-29,87.6725845336914,88.44999694824219,88.8499984741211,86.61000061035156,86.62000274658203,23333500,GOOGL
2022-12-30,87.45452117919922,88.2300033569336,88.30000305175781,86.56999969482422,86.9800033569336,23986300,GOOGL
2023-01-03,88.33670043945312,89.12000274658203,91.05000305175781,88.5199966430664,89.58999633789062,28131200,GOOGL
2023-01-04,87.30585479736328,88.08000183105469,90.6500015258789,87.2699966430664,90.3499984741211,34854800,GOOGL
2023-01-05,85.4423599243164,86.19999694824219,87.56999969482422,85.9000015258789,87.47000122070312,27194400,GOOGL
2023-01-06,86.57233428955078,87.33999633789062,87.69000244140625,84.86000061035156,86.79000091552734,41381500,GOOGL
2023-01-09,87.24636840820312,88.0199966430664,90.05000305175781,87.86000061035156,88.36000061035156,29003900,GOOGL
2023-01-10,87.64286041259766,88.41999816894531,88.66999816894531,85.83000183105469,85.9800033569336,30467800,GOOGL
2023-01-11,90.71560668945312,91.5199966430664,91.5999984741211,89.01000213623047,89.18000030517578,26862000,GOOGL
2023-01-12,90.32902526855469,91.12999725341797,91.87000274658203,89.75,91.4800033569336,30258100,GOOGL
2023-01-13,91.3103256225586,92.12000274658203,92.19000244140625,90.12999725341797,90.8499984741211,26329200,GOOGL
2023-01-17,90.48763275146484,91.29000091552734,92.25,90.05000305175781,92.05999755859375,32602400,GOOGL
2023-01-18,90.31912231445312,91.12000274658203,92.80000305175781,90.63999938964844,92.13999938964844,29116700,GOOGL
2023-01-19,92.23216247558594,93.05000305175781,93.61000061035156,90.62999725341797,90.72000122070312,37000400,GOOGL
2023-01-20,97.1584701538086,98.0199966430664,98.30000305175781,95.0199966430664,95.0999984741211,63191100,GOOGL
2023-01-23,98.91291046142578,99.79000091552734,100.04000091552734,97.5,97.94999694824219,40005100,GOOGL
2023-01-24,96.84127807617188,97.69999694824219,99.61000061035156,97.19999694824219,98.0999984741211,33078500,GOOGL
2023-01-25,94.3830795288086,95.22000122070312,96.16000366210938,93.76000213623047,95.56999969482422,42330000,GOOGL
2023-01-26,96.6628646850586,97.5199966430664,97.56999969482422,95.37999725341797,96.5,30114000,GOOGL
2023-01-27,98.49659729003906,99.37000274658203,100.31999969482422,97.30999755859375,97.30999755859375,33879800,GOOGL
2023-01-30,96.08797454833984,96.94000244140625,98.29000091552734,96.4000015258789,97.4800033569336,27226200,GOOGL
2023-01-31,97.97126770019531,98.83999633789062,98.87999725341797,96.81999969482422,96.87000274658203,29870700,GOOGL
2023-02-01,99.54728698730469,100.43000030517578,101.19000244140625,97.58000183105469,98.70999908447266,35531100,GOOGL
2023-02-02,106.79305267333984,107.73999786376953,107.8499984741211,105.61000061035156,105.80000305175781,69883800,GOOGL
2023-02-03,103.85905456542969,104.77999877929688,107.80999755859375,102.58000183105469,102.93000030517578,65309300,GOOGL
2023-02-06,101.9955825805664,102.9000015258789,104.36000061035156,101.87999725341797,102.4000015258789,31999600,GOOGL
2023-02-07,106.69393920898438,107.63999938964844,108.18000030517578,103.12000274658203,103.22000122070312,49010200,GOOGL
2023-02-08,98.49659729003906,99.37000274658203,103.13999938964844,98.04000091552734,102.05000305175781,94743500,GOOGL
2023-02-09,94.1749267578125,95.01000213623047,100.02999877929688,93.62999725341797,100.0,119455000,GOOGL
2023-02-10,93.73880004882812,94.56999969482422,96.75,94.25,95.44999694824219,54980700,GOOGL
2023-02-13,93.7784423828125,94.61000061035156,95.19999694824219,93.83999633789062,94.73999786376953,50076100,GOOGL
2023-02-14,93.84783172607422,94.68000030517578,94.8499984741211,92.26000213623047,94.43000030517578,54726100,GOOGL
2023-02-15,96.08797454833984,96.94000244140625,97.12000274658203,94.1500015258789,94.48999786376953,50169000,GOOGL
2023-02-16,94.6705322265625,95.51000213623047,97.68000030517578,94.73999786376953,95.37000274658203,42462600,GOOGL
2023-02-17,93.52072143554688,94.3499984741211,95.55999755859375,93.20999908447266,94.8499984741211,34284100,GOOGL
2023-02-21,90.98322296142578,91.79000091552734,93.0999984741211,91.72000122070312,93.0,33629300,GOOGL
2023-02-22,90.84445190429688,91.6500015258789,92.11000061035156,90.61000061035156,91.69999694824219,30884000,GOOGL
2023-02-23,90.09114837646484,90.88999938964844,91.94000244140625,89.76000213623047,91.91999816894531,41206400,GOOGL
2023-02-24,88.34661865234375,89.12999725341797,89.88999938964844,88.58000183105469,89.44000244140625,36585100,GOOGL
2023-02-27,89.08011627197266,89.87000274658203,90.16000366210938,89.33999633789062,89.87000274658203,27502300,GOOGL
2023-02-28,89.2684326171875,90.05999755859375,91.2300033569336,89.31999969482422,89.33000183105469,30142000,GOOGL
2023-03-01,89.56580352783203,90.36000061035156,91.02999877929688,89.66999816894531,89.9800033569336,31111200,GOOGL
2023-03-02,91.1913833618164,92.0,92.27999877929688,89.58999633789062,89.66000366210938,32204400,GOOGL
2023-03-03,92.82688903808594,93.6500015258789,93.7300033569336,92.44999694824219,92.4800033569336,35160100,GOOGL
2023-03-06,94.29386901855469,95.12999725341797,95.97000122070312,94.0,94.0199966430664,32639300,GOOGL
2023-03-07,93.0350341796875,93.86000061035156,95.66999816894531,93.52999877929688,94.9800033569336,27835500,GOOGL
2023-03-08,93.4216079711914,94.25,95.95999908447266,94.0,94.12000274658203,34103300,GOOGL
2023-03-09,91.50857543945312,92.31999969482422,95.52999877929688,91.9000015258789,94.05000305175781,28813500,GOOGL
2023-03-10,89.83341979980469,90.62999725341797,92.79000091552734,90.4000015258789,92.16999816894531,35941000,GOOGL
2023-03-13,90.30921173095703,91.11000061035156,92.56999969482422,89.41999816894531,90.08999633789062,37335600,GOOGL
2023-03-14,93.14408111572266,93.97000122070312,94.36000061035156,92.44000244140625,92.55999755859375,36050200,GOOGL
2023-03-15,95.26526641845703,96.11000061035156,96.93000030517578,92.63999938964844,93.22000122070312,50622100,GOOGL
2023-03-16,99.4382553100586,100.31999969482422,101.19000244140625,95.5,96.19999694824219,65492000,GOOGL
2023-03-17,100.7268295288086,101.62000274658203,102.83999633789062,100.0999984741211,100.26000213623047,61028500,GOOGL
2023-03-20,100.33033752441406,101.22000122070312,101.75,99.87000274658203,100.12000274658203,32960400,GOOGL
2023-03-21,103.9978256225586,104.91999816894531,105.0999984741211,101.22000122070312,101.25,42110300,GOOGL
2023-03-22,102.4614486694336,103.37000274658203,106.58999633789062,103.33000183105469,104.2699966430664,43427400,GOOGL
2023-03-23,104.67183685302734,105.5999984741211,106.30000305175781,104.45999908447266,105.05999755859375,40797800,GOOGL
2023-03-24,104.51325988769531,105.44000244140625,105.48999786376953,103.83999633789062,104.98999786376953,30393300,GOOGL
2023-03-27,101.5594482421875,102.45999908447266,104.76000213623047,101.93000030517578,104.62000274658203,31120900,GOOGL
2023-03-28,100.14201354980469,101.02999877929688,102.44999694824219,99.73999786376953,102.44000244140625,32057900,GOOGL
2023-03-29,100.49886322021484,101.38999938964844,102.48999786376953,100.6500015258789,102.27999877929688,28779600,GOOGL
2023-03-30,100.00325012207031,100.88999938964844,101.16000366210938,99.77999877929688,100.91000366210938,33086200,GOOGL
2023-03-31,102.81828308105469,103.7300033569336,103.88999938964844,101.04000091552734,101.30000305175781,36863400,GOOGL
2023-04-03,103.44275665283203,104.36000061035156,104.52999877929688,101.93000030517578,102.38999938964844,25035400,GOOGL
2023-04-04,103.7995834350586,104.72000122070312,105.58000183105469,104.04000091552734,104.33000183105469,24420100,GOOGL
2023-04-05,103.55179595947266,104.47000122070312,106.0999984741211,103.66000366210938,105.77999877929688,28290500,GOOGL
2023-04-06,107.4670639038086,108.41999816894531,109.16999816894531,104.33000183105469,105.26000213623047,48711500,GOOGL
2023-04-10,105.50447082519531,106.44000244140625,107.58999633789062,105.12000274658203,106.9800033569336,27067400,GOOGL
2023-04-11,104.42404174804688,105.3499984741211,106.7300033569336,104.68000030517578,106.55000305175781,26311800,GOOGL
2023-04-12,103.72028350830078,104.63999938964844,106.75,104.33999633789062,106.58000183105469,24370300,GOOGL
2023-04-13,106.48575592041016,107.43000030517578,107.48999786376953,105.83999633789062,105.83999633789062,24843600,GOOGL
2023-04-14,107.91311645507812,108.87000274658203,108.94000244140625,106.83999633789062,106.88999938964844,26578000,GOOGL
2023-04-17,105.03860473632812,105.97000122070312,106.16000366210938,104.5199966430664,104.66000366210938,37571200,GOOGL
2023-04-18,103.5815200805664,104.5,106.54000091552734,104.06999969482422,106.48999786376953,26596400,GOOGL
2023-04-19,103.26432800292969,104.18000030517578,104.9800033569336,103.06999969482422,103.58000183105469,20905700,GOOGL
2023-04-20,104.36457824707031,105.29000091552734,106.25,103.87000274658203,103.91000366210938,27820800,GOOGL
2023-04-21,104.4835205078125,105.41000366210938,106.0,104.77999877929688,105.47000122070312,25800100,GOOGL
2023-04-24,105.03860473632812,105.97000122070312,106.62999725341797,104.69999694824219,105.48999786376953,23542800,GOOGL
2023-04-25,102.93724060058594,103.8499984741211,106.69000244140625,103.83999633789062,105.83000183105469,46664100,GOOGL
2023-04-26,102.7984619140625,103.70999908447266,106.3499984741211,102.62999725341797,104.91999816894531,53347600,GOOGL
2023-04-27,106.64435577392578,107.58999633789062,108.37000274658203,103.54000091552734,104.44999694824219,50089200,GOOGL
2023-04-28,106.39655303955078,107.33999633789062,107.3499984741211,105.08999633789062,107.04000091552734,36139800,GOOGL
2023-05-01,106.25778198242188,107.19999694824219,107.98999786376953,106.81999969482422,106.83999633789062,26681700,GOOGL
2023-05-02,104.3943099975586,105.31999969482422,107.19999694824219,103.70999908447266,107.13999938964844,30997200,GOOGL
2023-05-03,104.4835205078125,105.41000366210938,107.48999786376953,104.95999908447266,105.52999877929688,21795400,GOOGL
2023-05-04,103.76986694335938,104.69000244140625,105.5999984741211,103.97000122070312,105.48999786376953,23419500,GOOGL
2023-05-05,104.6421127319336,105.56999969482422,105.87999725341797,104.11000061035156,104.81999969482422,26639300,GOOGL
2023-05-08,106.82276916503906,107.7699966430664,107.95999908447266,105.16000366210938,105.18000030517578,26511400,GOOGL
2023-05-09,106.40646362304688,107.3499984741211,110.1500015258789,107.19000244140625,108.38999938964844,36360100,GOOGL
2023-05-10,110.76779174804688,111.75,112.94000244140625,107.93000030517578,107.97000122070312,63153400,GOOGL
2023-05-11,115.54544067382812,116.56999969482422,117.91999816894531,114.41000366210938,115.4000015258789,78900000,GOOGL
2023-05-12,116.4771728515625,117.51000213623047,118.02999877929688,116.11000061035156,116.68000030517578,41102300,GOOGL
2023-05-15,115.48596954345703,116.51000213623047,118.4800033569336,116.01000213623047,116.11000061035156,36266800,GOOGL
2023-05-16,118.4595947265625,119.51000213623047,120.75,116.43000030517578,116.48999786376953,45035600,GOOGL
2023-05-17,119.77790069580078,120.83999633789062,121.66999816894531,118.88999938964844,119.61000061035156,33323600,GOOGL
2023-05-18,121.75041198730469,122.83000183105469,123.30999755859375,120.83000183105469,120.94999694824219,35234200,GOOGL
2023-05-19,121.68103790283203,122.76000213623047,125.97000122070312,122.1500015258789,123.55000305175781,41353400,GOOGL
2023-05-22,123.9509048461914,125.05000305175781,126.43000030517578,122.73999786376953,122.94000244140625,35253000,GOOGL
2023-05-23,121.4827880859375,122.55999755859375,124.62999725341797,122.20999908447266,124.16000366210938,34046300,GOOGL
2023-05-24,119.8373794555664,120.9000015258789,121.91000366210938,119.86000061035156,121.12000274658203,34182600,GOOGL
2023-05-25,122.39469909667969,123.4800033569336,125.31999969482422,121.95999908447266,124.5199966430664,42317000,GOOGL
2023-05-26,123.5147705078125,124.61000061035156,125.26000213623047,122.44999694824219,123.16999816894531,35635900,GOOGL
2023-05-30,122.58302307128906,123.66999816894531,125.66000366210938,122.0,125.63999938964844,35076700,GOOGL
2023-05-31,121.7900619506836,122.87000274658203,124.05999755859375,122.5,122.75,37325800,GOOGL
2023-06-01,122.6325912475586,123.72000122070312,124.41999816894531,122.62000274658203,122.81999969482422,30772700,GOOGL
2023-06-02,123.57423400878906,124.66999816894531,126.1500015258789,123.76000213623047,123.98999786376953,26980100,GOOGL
2023-06-05,124.90245819091797,126.01000213623047,127.43000030517578,123.83999633789062,124.01000213623047,32305500,GOOGL
2023-06-06,126.1910400390625,127.30999755859375,128.2899932861328,125.36000061035156,126.01000213623047,26638300,GOOGL
2023-06-07,121.4233169555664,122.5,129.0399932861328,122.12000274658203,126.97000122070312,52539000,GOOGL
2023-06-08,121.06648254394531,122.13999938964844,123.2300033569336,121.23999786376953,122.2300033569336,29389200,GOOGL
2023-06-09,121.15569305419922,122.2300033569336,123.76000213623047,121.91000366210938,122.25,23778300,GOOGL
2023-06-12,122.55329132080078,123.63999938964844,124.05000305175781,121.66000366210938,122.79000091552734,28306400,GOOGL
2023-06-13,122.74162292480469,123.83000183105469,125.16000366210938,123.18000030517578,124.9800033569336,22278300,GOOGL
2023-06-14,122.58302307128906,123.66999816894531,124.05000305175781,121.44999694824219,123.0999984741211,30592300,GOOGL
2023-06-15,123.99054718017578,125.08999633789062,125.45999908447266,122.4000015258789,123.13999938964844,35246300,GOOGL
2023-06-16,122.44426727294922,123.52999877929688,126.11000061035156,123.27999877929688,125.93000030517578,45535600,GOOGL
2023-06-20,122.01803588867188,123.0999984741211,124.56999969482422,122.13999938964844,122.93000030517578,26097500,GOOGL
2023-06-21,119.49046325683594,120.55000305175781,122.66000366210938,120.0999984741211,122.4000015258789,30306300,GOOGL
2023-06-22,122.06758880615234,123.1500015258789,123.23999786376953,118.83000183105469,120.0,26952200,GOOGL
2023-06-23,121.26471710205078,122.33999633789062,122.79000091552734,121.05999755859375,121.37999725341797,34913600,GOOGL
2023-06-26,117.29986572265625,118.33999633789062,122.0,118.2699966430664,120.76000213623047,33969900,GOOGL
2023-06-27,117.28996276855469,118.33000183105469,119.08000183105469,116.0999984741211,117.08000183105469,39535900,GOOGL
2023-06-28,119.12371063232422,120.18000030517578,120.38999938964844,116.8499984741211,117.08999633789062,27091400,GOOGL
2023-06-29,118.05318450927734,119.0999984741211,120.05999755859375,118.30000305175781,119.23999786376953,24090900,GOOGL
2023-06-30,118.64791107177734,119.69999694824219,121.08000183105469,119.69000244140625,120.16999816894531,29532200,GOOGL
2023-07-03,118.84616088867188,119.9000015258789,120.19000244140625,118.81999969482422,119.23999786376953,14467900,GOOGL
2023-07-05,120.67989349365234,121.75,122.61000061035156,119.2300033569336,119.23999786376953,27584800,GOOGL
2023-07-06,119.05432891845703,120.11000061035156,120.30000305175781,118.4000015258789,119.80000305175781,24745200,GOOGL
2023-07-07,118.42985534667969,119.4800033569336,121.05000305175781,119.4000015258789,120.0999984741211,21709500,GOOGL
2023-07-10,115.4264907836914,116.44999694824219,118.30999755859375,116.13999938964844,118.30000305175781,35315200,GOOGL
2023-07-11,116.11042022705078,117.13999938964844,117.70999908447266,115.3499984741211,116.29000091552734,23078800,GOOGL
2023-07-12,117.88468933105469,118.93000030517578,120.33000183105469,118.41000366210938,118.80000305175781,30404400,GOOGL
2023-07-13,123.44538879394531,124.54000091552734,124.83000183105469,120.44999694824219,120.93000030517578,44297900,GOOGL
2023-07-14,124.31764221191406,125.41999816894531,126.77999877929688,123.48999786376953,124.80000305175781,33283100,GOOGL
2023-07-17,123.55441284179688,124.6500015258789,127.0999984741211,124.19999694824219,125.94000244140625,25716200,GOOGL
2023-07-18,122.67224884033203,123.76000213623047,124.68000030517578,122.95999908447266,124.5999984741211,26193600,GOOGL
2023-07-19,120.95742797851562,122.02999877929688,125.18000030517578,121.80000305175781,124.5999984741211,37224000,GOOGL
2023-07-20,118.15231323242188,119.19999694824219,124.08999633789062,118.22000122070312,121.41999816894531,37906800,GOOGL
2023-07-21,118.96509552001953,120.0199966430664,120.98999786376953,118.7300033569336,120.62000274658203,72937900,GOOGL
2023-07-24,120.46183776855469,121.52999877929688,123.0,120.9800033569336,121.66000366210938,29686100,GOOGL
2023-07-25,121.13584899902344,122.20999908447266,123.1500015258789,121.0199966430664,121.36000061035156,52509600,GOOGL
2023-07-26,128.13380432128906,129.27000427246094,130.97999572753906,128.32000732421875,130.07000732421875,61682100,GOOGL
2023-07-27,128.2626495361328,129.39999389648438,133.24000549316406,128.7899932861328,131.6699981689453,44952100,GOOGL
2023-07-28,131.4147186279297,132.5800018310547,133.74000549316406,130.57000732421875,130.77999877929688,36591200,GOOGL
2023-07-31,131.553466796875,132.72000122070312,133.52999877929688,131.77999877929688,132.72999572753906,28055500,GOOGL
2023-08-01,130.393798828125,131.5500030517578,132.6300048828125,130.67999267578125,130.77999877929688,23166800,GOOGL
2023-08-02,127.25164794921875,128.3800048828125,130.08999633789062,127.55999755859375,129.4499969482422,26273300,GOOGL
2023-08-03,127.32101440429688,128.4499969482422,129.38999938964844,127.41999816894531,127.97000122070312,20089500,GOOGL
2023-08-04,126.98401641845703,128.11000061035156,131.50999450683594,127.91000366210938,129.27999877929688,26147200,GOOGL
2023-08-07,130.37393188476562,131.52999877929688,131.61000061035156,129.02000427246094,129.16000366210938,22746300,GOOGL
2023-08-08,130.24508666992188,131.39999389648438,131.50999450683594,129.5399932861328,130.6199951171875,23535200,GOOGL
2023-08-09,128.52037048339844,129.66000366210938,132.0399932861328,129.0,131.66000366210938,24912900,GOOGL
2023-08-10,128.55010986328125,129.69000244140625,132.0500030517578,129.4499969482422,131.32000732421875,20857800,GOOGL
2023-08-11,128.42127990722656,129.55999755859375,129.92999267578125,128.1699981689453,128.66000366210938,19591100,GOOGL
2023-08-14,130.17568969726562,131.3300018310547,131.3699951171875,128.9600067138672,129.38999938964844,24695600,GOOGL
2023-08-15,128.63931274414062,129.77999877929688,131.4199981689453,129.27999877929688,131.10000610351562,19770700,GOOGL
2023-08-16,127.56881713867188,128.6999969482422,130.27999877929688,127.87000274658203,128.6999969482422,25216100,GOOGL
2023-08-17,128.77809143066406,129.9199981689453,131.99000549316406,129.2899932861328,129.8000030517578,33446300,GOOGL
2023-08-18,126.33971405029297,127.45999908447266,129.25,126.37999725341797,128.50999450683594,30504800,GOOGL
2023-08-21,127.24171447753906,128.3699951171875,128.72999572753906,126.55999755859375,127.18000030517578,25248700,GOOGL
2023-08-22,127.94547271728516,129.0800018310547,130.27999877929688,128.32000732421875,128.50999450683594,22054900,GOOGL
2023-08-23,131.20654296875,132.3699951171875,133.41000366210938,129.8699951171875,130.17999267578125,27819700,GOOGL
2023-08-24,128.63931274414062,129.77999877929688,134.25,129.57000732421875,133.9499969482422,28500700,GOOGL
2023-08-25,128.7384490966797,129.8800048828125,130.75999450683594,127.25,129.5399932861328,26762900,GOOGL
2023-08-28,129.85850524902344,131.00999450683594,132.5399932861328,130.13999938964844,131.30999755859375,20543300,GOOGL
2023-08-29,133.3872528076172,134.57000732421875,136.57000732421875,132.24000549316406,132.24000549316406,43075600,GOOGL
2023-08-30,134.6857452392578,135.8800048828125,136.27999877929688,134.07000732421875,134.77999877929688,28315800,GOOGL
2023-08-31,134.97317504882812,136.1699981689453,138.0,135.7899932861328,136.00999450683594,30053800,GOOGL
2023-09-01,134.46763610839844,135.66000366210938,137.4600067138672,134.85000610351562,137.4600067138672,21543700,GOOGL
2023-09-05,134.57669067382812,135.77000427246094,136.4199981689453,134.5800018310547,135.44000244140625,19403100,GOOGL
2023-09-06,133.27821350097656,134.4600067138672,136.52999877929688,133.6699981689453,136.02000427246094,18684500,GOOGL
2023-09-07,134.07115173339844,135.25999450683594,135.5800018310547,132.9499969482422,133.58999633789062,18844300,GOOGL
2023-09-08,135.1813201904297,136.3800048828125,136.66000366210938,134.85000610351562,134.91000366210938,23558300,GOOGL
2023-09-11,135.71658325195312,136.9199981689453,137.47999572753906,135.7899932861328,136.5399932861328,20763400,GOOGL
2023-09-12,134.15045166015625,135.33999633789062,136.8699951171875,135.19000244140625,136.25999450683594,18405500,GOOGL
2023-09-13,135.5084228515625,136.7100067138672,136.89999389648438,134.14999389648438,135.08999633789062,20749500,GOOGL
2023-09-14,136.88619995117188,138.10000610351562,138.6999969482422,136.24000549316406,137.60000610351562,24751000,GOOGL
2023-09-15,136.19235229492188,137.39999389648438,138.52000427246094,136.47999572753906,137.97999572753906,38919600,GOOGL
2023-09-18,136.9952392578125,138.2100067138672,139.16000366210938,136.61000061035156,136.61000061035156,21861300,GOOGL
2023-09-19,136.82672119140625,138.0399932861328,138.41000366210938,136.6199951171875,137.4199981689453,20353700,GOOGL
2023-09-20,132.56454467773438,133.74000549316406,138.0800018310547,133.6199951171875,138.0800018310547,29927500,GOOGL
2023-09-21,129.2935333251953,130.44000244140625,132.22999572753906,130.07000732421875,131.44000244140625,31503900,GOOGL
2023-09-22,129.10516357421875,130.25,132.02999877929688,129.60000610351562,130.75999450683594,26397300,GOOGL
2023-09-25,129.95765686035156,131.11000061035156,131.1699981689453,128.9600067138672,129.8300018310547,20094600,GOOGL
2023-09-26,127.43997192382812,128.57000732421875,130.36000061035156,127.22000122070312,129.77000427246094,25718700,GOOGL
2023-09-27,129.3926239013672,130.5399932861328,130.89999389648438,128.57000732421875,128.57000732421875,22746500,GOOGL
2023-09-28,131.14710998535156,132.30999755859375,133.3000030517578,129.7899932861328,129.83999633789062,22513100,GOOGL
2023-09-29,129.70982360839844,130.86000061035156,134.0500030517578,130.36000061035156,133.27999877929688,30859800,GOOGL
2023-10-02,132.9907684326172,134.1699981689453,134.4199981689453,131.1699981689453,131.2100067138672,22288000,GOOGL
2023-10-03,131.26605224609375,132.42999267578125,134.25999450683594,131.83999633789062,133.94000244140625,22989400,GOOGL
2023-10-04,134.05136108398438,135.24000549316406,135.57000732421875,132.52999877929688,132.7899932861328,26752300,GOOGL
2023-10-05,133.88282775878906,135.07000732421875,135.49000549316406,133.4499969482422,135.07000732421875,19832600,GOOGL
2023-10-06,136.3707733154297,137.5800018310547,138.16000366210938,134.00999450683594,134.00999450683594,27597600,GOOGL
2023-10-09,137.20338439941406,138.4199981689453,138.94000244140625,135.61000061035156,136.94000244140625,19278100,GOOGL
2023-10-10,136.84654235839844,138.05999755859375,139.72000122070312,137.3300018310547,138.5,27786600,GOOGL
2023-10-11,139.31466674804688,140.5500030517578,141.11000061035156,138.5800018310547,138.5800018310547,25884300,GOOGL
2023-10-12,137.74855041503906,138.97000122070312,141.22000122070312,138.25999450683594,141.0500030517578,24765500,GOOGL
2023-10-13,136.1527099609375,137.36000061035156,140.0,136.6199951171875,139.3800048828125,23420500,GOOGL
2023-10-16,137.87742614746094,139.10000610351562,139.6300048828125,137.99000549316406,138.1699981689453,28501900,GOOGL
2023-10-17,138.49195861816406,139.72000122070312,139.89999389648438,137.17999267578125,138.6300048828125,23515800,GOOGL
2023-10-18,136.7474365234375,137.9600067138672,140.72000122070312,137.3800048828125,139.4499969482422,23375000,GOOGL
2023-10-19,136.53927612304688,137.75,139.66000366210938,137.3800048828125,138.5,26066000,GOOGL
2023-10-20,134.408203125,135.60000610351562,137.8699951171875,135.0800018310547,137.3300018310547,26335700,GOOGL
2023-10-23,135.3002471923828,136.5,137.66000366210938,133.9499969482422,135.0399932861328,26317900,GOOGL
2023-10-24,137.5899658203125,138.80999755859375,139.36000061035156,137.4199981689453,137.8300018310547,44814300,GOOGL
2023-10-25,124.50597381591797,125.61000061035156,128.30999755859375,125.06999969482422,128.16000366210938,84366200,GOOGL
2023-10-26,121.20525360107422,122.27999877929688,124.33000183105469,121.2699966430664,123.2699966430664,57061100,GOOGL
2023-10-27,121.09620666503906,122.16999816894531,123.30999755859375,120.20999908447266,122.87999725341797,44566500,GOOGL
2023-10-30,123.3660888671875,124.45999908447266,125.4000015258789,122.75,123.20999908447266,28940100,GOOGL
2023-10-31,122.98942565917969,124.08000183105469,125.37000274658203,122.69000244140625,125.05999755859375,26292300,GOOGL
2023-11-01,125.33859252929688,126.44999694824219,126.48999786376953,123.72000122070312,124.06999969482422,30082400,GOOGL
2023-11-02,126.36946868896484,127.48999786376953,128.97999572753906,126.93000030517578,128.4199981689453,27124600,GOOGL
2023-11-03,127.96533203125,129.10000610351562,129.52999877929688,127.86000061035156,128.02000427246094,26393100,GOOGL
2023-11-06,129.10516357421875,130.25,130.33999633789062,128.6699981689453,129.0500030517578,19052700,GOOGL
2023-11-07,129.81884765625,130.97000122070312,131.91000366210938,129.8800048828125,130.7100067138672,29757300,GOOGL
2023-11-08,130.6812286376953,131.83999633789062,132.2100067138672,130.77999877929688,130.97000122070312,26425800,GOOGL
2023-11-09,129.09530639648438,130.24000549316406,132.5500030517578,130.07000732421875,131.9600067138672,23747800,GOOGL
2023-11-10,131.4246368408203,132.58999633789062,132.8000030517578,129.41000366210938,130.10000610351562,26913300,GOOGL
2023-11-13,130.9290008544922,132.08999633789062,132.58999633789062,131.25,131.77999877929688,18324800,GOOGL
2023-11-14,132.445556640625,133.6199951171875,135.6999969482422,133.32000732421875,134.19000244140625,32395200,GOOGL
2023-11-15,133.436767578125,134.6199951171875,135.02999877929688,133.57000732421875,134.8699951171875,23861500,GOOGL
2023-11-16,135.7264862060547,136.92999267578125,137.22000122070312,134.32000732421875,135.19000244140625,28013200,GOOGL
2023-11-17,134.12071228027344,135.30999755859375,136.05999755859375,133.64999389648438,136.0,37240600,GOOGL
2023-11-20,135.05247497558594,136.25,136.66000366210938,133.6199951171875,133.69000244140625,27815500,GOOGL
2023-11-21,135.76614379882812,136.97000122070312,137.17999267578125,135.9600067138672,136.2899932861328,22635300,GOOGL
2023-11-22,137.27279663085938,138.49000549316406,139.4199981689453,137.47000122070312,137.47000122070312,17813900,GOOGL
2023-11-24,135.4886016845703,136.69000244140625,138.1300048828125,135.99000549316406,138.02999877929688,12514300,GOOGL
2023-11-27,135.21104431152344,136.41000366210938,138.4199981689453,136.0,136.02999877929688,23436500,GOOGL
2023-11-28,135.99411010742188,137.1999969482422,137.25,135.4199981689453,136.0800018310547,18730000,GOOGL
2023-11-29,133.80352783203125,134.99000549316406,138.2899932861328,134.83999633789062,137.57000732421875,23967200,GOOGL
2023-11-30,131.36514282226562,132.52999877929688,135.5500030517578,131.27999877929688,135.0500030517578,38988300,GOOGL
2023-12-01,130.70106506347656,131.86000061035156,132.11000061035156,130.6699981689453,131.86000061035156,31442300,GOOGL
2023-12-04,128.13380432128906,129.27000427246094,130.02999877929688,127.9000015258789,129.8800048828125,36669900,GOOGL
2023-12-05,129.83871459960938,130.99000549316406,132.13999938964844,128.25,128.9499969482422,27384800,GOOGL
2023-12-06,128.87721252441406,130.02000427246094,131.83999633789062,129.8800048828125,131.44000244140625,23576200,GOOGL
2023-12-07,135.7264862060547,136.92999267578125,138.55999755859375,134.6999969482422,135.0399932861328,56767100,GOOGL
2023-12-08,133.80352783203125,134.99000549316406,136.39999389648438,134.02999877929688,134.1999969482422,32260100,GOOGL
2023-12-11,132.11846923828125,133.2899932861328,133.33999633789062,131.36000061035156,132.3800048828125,31138000,GOOGL
2023-12-12,131.35523986816406,132.52000427246094,133.0,131.25999450683594,131.80999755859375,29032800,GOOGL
2023-12-13,131.40478515625,132.57000732421875,133.5,131.57000732421875,133.3800048828125,30104800,GOOGL
2023-12-14,130.7803497314453,131.94000244140625,133.72000122070312,129.69000244140625,133.3800048828125,38722400,GOOGL
2023-12-15,131.43455505371094,132.60000610351562,133.50999450683594,131.17999267578125,131.6199951171875,50847100,GOOGL
2023-12-18,134.60641479492188,135.8000030517578,137.14999389648438,132.42999267578125,132.6300048828125,32258000,GOOGL
2023-12-19,135.4489288330078,136.64999389648438,137.47000122070312,136.0800018310547,136.83999633789062,25476800,GOOGL
2023-12-20,137.1240692138672,138.33999633789062,141.6999969482422,138.07000732421875,138.97000122070312,49107200,GOOGL
2023-12-21,139.1858367919922,140.4199981689453,140.69000244140625,139.17999267578125,139.49000549316406,27488300,GOOGL
2023-12-22,140.24642944335938,141.49000549316406,141.99000549316406,140.7100067138672,140.77000427246094,26532200,GOOGL
2023-12-26,140.27613830566406,141.52000427246094,142.67999267578125,141.19000244140625,141.58999633789062,16780300,GOOGL
2023-12-27,139.13626098632812,140.3699951171875,142.0800018310547,139.88999938964844,141.58999633789062,19628600,GOOGL
2023-12-28,138.9974822998047,140.22999572753906,141.13999938964844,139.75,140.77999877929688,16045700,GOOGL
2023-12-29,138.46221923828125,139.69000244140625,140.36000061035156,138.77999877929688,139.6300048828125,18733000,GOOGL
2024-01-02,136.95556640625,138.1699981689453,139.4499969482422,136.47999572753906,138.5500030517578,23711200,GOOGL
2024-01-03,137.698974609375,138.9199981689453,139.6300048828125,137.0800018310547,137.25,24212100,GOOGL
2024-01-04,135.19122314453125,136.38999938964844,139.16000366210938,136.35000610351562,138.4199981689453,27137700,GOOGL
2024-01-05,134.53704833984375,135.72999572753906,137.16000366210938,135.14999389648438,136.75,22513900,GOOGL
2024-01-08,137.6196746826172,138.83999633789062,139.00999450683594,136.25999450683594,136.2899932861328,21404000,GOOGL
2024-01-09,139.71115112304688,140.9499969482422,141.49000549316406,138.14999389648438,138.5,24759600,GOOGL
2024-01-10,141.02944946289062,142.27999877929688,143.0,140.91000366210938,141.0,21320200,GOOGL
2024-01-11,140.83120727539062,142.0800018310547,145.22000122070312,140.63999938964844,143.49000549316406,24008700,GOOGL
2024-01-12,141.39620971679688,142.64999389648438,143.1999969482422,141.82000732421875,142.6699981689453,18785500,GOOGL
2024-01-16,141.23760986328125,142.49000549316406,144.35000610351562,141.4499969482422,142.0,22670500,GOOGL
2024-01-17,140.22657775878906,141.47000122070312,141.83999633789062,138.89999389648438,141.35000610351562,20968600,GOOGL
2024-01-18,142.2189178466797,143.47999572753906,144.2100067138672,141.99000549316406,142.0500030517578,25746400,GOOGL
2024-01-19,145.09341430664062,146.3800048828125,146.4499969482422,144.3800048828125,144.74000549316406,34271900,GOOGL
2024-01-22,144.70687866210938,145.99000549316406,148.38999938964844,145.83999633789062,147.10000610351562,32200400,GOOGL
2024-01-23,145.7476348876953,147.0399932861328,147.17999267578125,145.5,145.88999938964844,21636100,GOOGL
2024-01-24,147.3930206298828,148.6999969482422,149.85000610351562,148.10000610351562,148.5399932861328,25233500,GOOGL
2024-01-25,150.53514099121094,151.8699951171875,153.0500030517578,149.5399932861328,150.07000732421875,29149100,GOOGL
2024-01-26,150.8523406982422,152.19000244140625,152.5399932861328,151.00999450683594,151.10000610351562,26115500,GOOGL
2024-01-29,152.16075134277344,153.50999450683594,153.77999877929688,151.42999267578125,152.05999755859375,27784300,GOOGL
2024-01-30,150.12876892089844,151.4600067138672,153.6199951171875,151.19000244140625,152.8000030517578,36331800,GOOGL
2024-01-31,138.86862182617188,140.10000610351562,144.0,139.8699951171875,143.6199951171875,71910000,GOOGL
2024-02-01,139.9193115234375,141.16000366210938,143.05999755859375,140.7899932861328,142.1199951171875,40466500,GOOGL
2024-02-02,141.1285858154297,142.3800048828125,142.6199951171875,136.5,139.25999450683594,62499600,GOOGL
2024-02-05,142.4171600341797,143.67999267578125,145.47000122070312,142.77999877929688,142.82000732421875,38505400,GOOGL
2024-02-06,142.83348083496094,144.10000610351562,145.36000061035156,143.19000244140625,144.64999389648438,29128200,GOOGL
2024-02-07,144.26080322265625,145.5399932861328,145.6199951171875,143.92999267578125,144.75999450683594,25208900,GOOGL
2024-02-08,144.62757873535156,145.91000366210938,146.3300018310547,145.10000610351562,145.8300018310547,22563800,GOOGL
2024-02-09,147.69039916992188,149.0,149.44000244140625,146.17999267578125,146.67999267578125,26829500,GOOGL
2024-02-12,146.23330688476562,147.52999877929688,149.33999633789062,147.3699951171875,148.4199981689453,21564100,GOOGL
2024-02-13,143.8643341064453,145.13999938964844,146.6699981689453,143.69000244140625,144.9199981689453,27837700,GOOGL
2024-02-14,144.65725708007812,145.94000244140625,146.52000427246094,144.08999633789062,146.0800018310547,22704200,GOOGL
2024-02-15,141.51515197753906,142.77000427246094,143.52000427246094,140.4600067138672,143.13999938964844,37590700,GOOGL
2024-02-16,139.28492736816406,140.52000427246094,143.19000244140625,140.13999938964844,142.99000549316406,31468900,GOOGL
2024-02-20,139.87965393066406,141.1199951171875,142.0800018310547,139.49000549316406,139.66000366210938,25144700,GOOGL
2024-02-21,141.29708862304688,142.5500030517578,142.69000244140625,140.67999267578125,141.4499969482422,23223300,GOOGL
2024-02-22,142.8235321044922,144.08999633789062,145.0,142.8000030517578,144.92999267578125,27191900,GOOGL
2024-02-23,142.6947021484375,143.9600067138672,144.67999267578125,143.42999267578125,143.6699981689453,19493800,GOOGL
2024-02-26,136.36087036132812,137.57000732421875,142.44000244140625,137.38999938964844,142.13999938964844,53641800,GOOGL
2024-02-27,137.65931701660156,138.8800048828125,139.25,137.08999633789062,138.02000427246094,33099200,GOOGL
2024-02-28,135.1813201904297,136.3800048828125,138.00999450683594,135.41000366210938,137.89999389648438,37328600,GOOGL
2024-02-29,137.2430419921875,138.4600067138672,138.86000061035156,136.39999389648438,137.27999877929688,42133000,GOOGL
2024-03-01,135.9346466064453,137.13999938964844,138.8699951171875,136.9199981689453,138.42999267578125,31151100,GOOGL
2024-03-04,132.17796325683594,133.35000610351562,135.66000366210938,131.91000366210938,135.66000366210938,55999400,GOOGL
2024-03-05,131.50393676757812,132.6699981689453,133.24000549316406,130.6699981689453,131.8800048828125,40194800,GOOGL
2024-03-06,130.24508666992188,131.39999389648438,133.5800018310547,130.85000610351562,133.1199951171875,35318600,GOOGL
2024-03-07,133.1988983154297,134.3800048828125,134.94000244140625,131.61000061035156,132.7899932861328,37738200,GOOGL
2024-03-08,134.2198486328125,135.41000366210938,138.08999633789062,134.0,134.2100067138672,39370400,GOOGL
2024-03-11,136.45999145507812,137.6699981689453,139.10000610351562,136.1300048828125,136.1300048828125,32437800,GOOGL
2024-03-12,137.2826690673828,138.5,139.3800048828125,137.02999877929688,137.02999877929688,27563400,GOOGL
2024-03-13,138.56134033203125,139.7899932861328,141.08999633789062,138.99000549316406,139.0,23347200,GOOGL
2024-03-14,141.84226989746094,143.10000610351562,143.58999633789062,140.4600067138672,141.19000244140625,42753400,GOOGL
2024-03-15,139.93911743164062,141.17999267578125,143.17999267578125,140.02999877929688,142.5,49475400,GOOGL
2024-03-18,146.38198852539062,147.67999267578125,152.14999389648438,147.1699981689453,148.61000061035156,69273700,GOOGL
2024-03-19,145.7377166748047,147.02999877929688,148.7899932861328,146.0800018310547,148.16000366210938,24070400,GOOGL
2024-03-20,147.43267822265625,148.74000549316406,148.86000061035156,146.74000549316406,148.0,21311500,GOOGL
2024-03-21,146.30270385742188,147.60000610351562,150.3699951171875,146.89999389648438,149.47000122070312,24755600,GOOGL
2024-03-22,149.44483947753906,150.77000427246094,151.5800018310547,148.97999572753906,149.1199951171875,29211800,GOOGL
2024-03-25,148.75099182128906,150.07000732421875,150.3800048828125,147.82000732421875,149.94000244140625,19229300,GOOGL
2024-03-26,149.345703125,150.6699981689453,152.25999450683594,149.97999572753906,150.22000122070312,22149100,GOOGL
2024-03-27,149.54396057128906,150.8699951171875,151.63999938964844,148.89999389648438,151.17999267578125,22879200,GOOGL
2024-03-28,149.60342407226562,150.92999267578125,151.42999267578125,150.1699981689453,150.85000610351562,24485400,GOOGL
2024-04-01,154.1233367919922,155.49000549316406,155.74000549316406,150.61000061035156,150.69000244140625,31730800,GOOGL
2024-04-02,153.20152282714844,154.55999755859375,154.6999969482422,152.14999389648438,153.5,24586000,GOOGL
2024-04-03,153.558349609375,154.9199981689453,155.0800018310547,152.72999572753906,153.60000610351562,24705000,GOOGL
2024-04-04,149.20692443847656,150.52999877929688,154.77000427246094,150.4499969482422,153.5,34724700,GOOGL
2024-04-05,151.15963745117188,152.5,153.4199981689453,149.60000610351562,150.02999877929688,23459200,GOOGL
2024-04-08,153.48899841308594,154.85000610351562,155.27000427246094,152.61000061035156,152.77999877929688,20702000,GOOGL
2024-04-09,155.22360229492188,156.60000610351562,158.55999755859375,155.19000244140625,156.08999633789062,31079500,GOOGL
2024-04-10,154.76766967773438,156.13999938964844,156.61000061035156,154.67999267578125,156.2100067138672,22838600,GOOGL
2024-04-11,158.00892639160156,159.41000366210938,159.67999267578125,156.4600067138672,156.91000366210938,27166400,GOOGL
2024-04-12,156.34365844726562,157.72999572753906,160.22000122070312,157.13999938964844,157.9600067138672,25353700,GOOGL
2024-04-15,153.4989013671875,154.86000061035156,159.24000549316406,154.58999633789062,158.86000061035156,27136500,GOOGL
2024-04-16,153.04290771484375,154.39999389648438,155.64999389648438,153.42999267578125,154.19000244140625,20779500,GOOGL
2024-04-17,154.10353088378906,155.47000122070312,157.0800018310547,154.5800018310547,155.6199951171875,21763100,GOOGL
2024-04-18,154.63877868652344,156.00999450683594,156.94000244140625,154.6199951171875,155.33999633789062,19883000,GOOGL
2024-04-19,152.7356414794922,154.08999633789062,156.36000061035156,152.3000030517578,156.1999969482422,32615600,GOOGL
2024-04-22,154.90640258789062,156.27999877929688,157.63999938964844,154.05999755859375,154.30999755859375,26446200,GOOGL
2024-04-23,156.8690185546875,158.25999450683594,158.97000122070312,156.27999877929688,156.9600067138672,21151600,GOOGL
2024-04-24,157.73138427734375,159.1300048828125,159.57000732421875,157.1699981689453,157.49000549316406,22779100,GOOGL
2024-04-25,154.6288604736328,156.0,156.49000549316406,150.8699951171875,151.3300018310547,57109700,GOOGL
2024-04-26,170.4386749267578,171.9499969482422,174.7100067138672,169.64999389648438,174.3699951171875,64665300,GOOGL
2024-04-29,164.68963623046875,166.14999389648438,169.5500030517578,165.2100067138672,169.05999755859375,45610000,GOOGL
2024-04-30,161.34927368164062,162.77999877929688,168.10000610351562,162.60000610351562,165.61000061035156,33562900,GOOGL
2024-05-01,162.41976928710938,163.86000061035156,167.1199951171875,163.08999633789062,164.3000030517578,33493200,GOOGL
2024-05-02,165.15550231933594,166.6199951171875,166.72999572753906,163.88999938964844,164.7899932861328,24294500,GOOGL
2024-05-03,165.77011108398438,167.24000549316406,167.9600067138672,163.0500030517578,167.55999755859375,34662400,GOOGL
2024-05-06,166.6225128173828,168.10000610351562,168.13999938964844,166.02999877929688,167.4600067138672,21871300,GOOGL
2024-05-07,169.7448272705078,171.25,171.75999450683594,168.38999938964844,168.5,28039700,GOOGL
2024-05-08,167.89126586914062,169.3800048828125,170.14999389648438,168.74000549316406,169.0,19569100,GOOGL
2024-05-09,168.4661865234375,169.9600067138672,170.69000244140625,168.17999267578125,169.38999938964844,15346700,GOOGL
2024-05-10,167.1676788330078,168.64999389648438,169.85000610351562,166.19000244140625,168.02999877929688,29799900,GOOGL
2024-05-13,167.6533660888672,169.13999938964844,169.27999877929688,164.0,164.25999450683594,31327600,GOOGL
2024-05-14,168.84283447265625,170.33999633789062,171.25,168.8000030517578,169.77000427246094,25127100,GOOGL
2024-05-15,170.99375915527344,172.50999450683594,172.64999389648438,170.50999450683594,170.6300048828125,26948400,GOOGL
2024-05-16,172.64907836914062,174.17999267578125,175.1199951171875,172.69000244140625,173.2899932861328,27867900,GOOGL
2024-05-17,174.5125274658203,176.05999755859375,176.27000427246094,173.69000244140625,174.17999267578125,24479300,GOOGL
2024-05-20,175.36500549316406,176.9199981689453,178.77000427246094,176.0800018310547,176.19000244140625,22554400,GOOGL
2024-05-21,176.28680419921875,177.85000610351562,178.14999389648438,175.80999755859375,176.89999389648438,16989400,GOOGL
2024-05-22,174.8297576904297,176.3800048828125,177.14999389648438,175.2100067138672,176.63999938964844,17880000,GOOGL
2024-05-23,172.0246124267578,173.5500030517578,178.25,172.9499969482422,177.07000732421875,21024900,GOOGL
2024-05-24,173.45196533203125,174.99000549316406,175.77000427246094,173.64999389648438,174.97999572753906,16579400,GOOGL
2024-05-28,174.84959411621094,176.39999389648438,177.27000427246094,174.3699951171875,174.4499969482422,20572200,GOOGL
2024-05-29,174.3539581298828,175.89999389648438,176.83999633789062,174.72000122070312,175.42999267578125,23388700,GOOGL
2024-05-30,170.59727478027344,172.11000061035156,175.22000122070312,171.7899932861328,175.1999969482422,22931500,GOOGL
2024-05-31,170.9838409423828,172.5,173.05999755859375,169.44000244140625,171.86000061035156,37638900,GOOGL
2024-06-03,171.64794921875,173.1699981689453,174.52999877929688,171.16000366210938,172.5399932861328,27459100,GOOGL
2024-06-04,172.26251220703125,173.7899932861328,173.85000610351562,171.88999938964844,173.27999877929688,26879600,GOOGL
2024-06-05,173.8682861328125,175.41000366210938,176.64999389648438,173.92999267578125,175.1999969482422,22068500,GOOGL
2024-06-06,175.17666625976562,176.72999572753906,177.14999389648438,175.75,175.89999389648438,23251000,GOOGL
2024-06-07,172.92662048339844,174.4600067138672,177.8699951171875,174.3000030517578,177.0500030517578,19661400,GOOGL
2024-06-10,173.67086791992188,175.00999450683594,177.05999755859375,172.75999450683594,174.97000122070312,23726700,GOOGL
2024-06-11,175.26853942871094,176.6199951171875,176.83999633789062,173.77000427246094,176.22000122070312,21540600,GOOGL
2024-06-12,176.4296112060547,177.7899932861328,180.41000366210938,176.11000061035156,178.25,27864700,GOOGL
2024-06-13,173.8197479248047,175.16000366210938,176.74000549316406,174.8800048828125,176.11000061035156,20913300,GOOGL
2024-06-14,175.43727111816406,176.7899932861328,177.05999755859375,174.14999389648438,174.22000122070312,18063600,GOOGL
2024-06-17,175.88380432128906,177.24000549316406,178.36000061035156,174.80999755859375,175.4600067138672,19618500,GOOGL
2024-06-18,173.75025939941406,175.08999633789062,177.38999938964844,174.10000610351562,177.13999938964844,21869900,GOOGL
2024-06-20,174.9510040283203,176.3000030517578,177.2899932861328,174.99000549316406,175.3699951171875,20160100,GOOGL
2024-06-21,178.25552368164062,179.6300048828125,180.85000610351562,176.61000061035156,177.0,57759000,GOOGL
2024-06-24,177.84864807128906,179.22000122070312,180.88999938964844,178.6699981689453,180.16000366210938,18298000,GOOGL
2024-06-25,182.62185668945312,184.02999877929688,184.2899932861328,179.4199981689453,179.6199951171875,23130200,GOOGL
2024-06-26,182.4730224609375,183.8800048828125,184.50999450683594,182.47999572753906,182.6300048828125,19839000,GOOGL
2024-06-27,183.99130249023438,185.41000366210938,186.0500030517578,184.02000427246094,184.17999267578125,18848900,GOOGL
2024-06-28,180.75624084472656,182.14999389648438,185.1300048828125,181.9600067138672,184.32000732421875,29156600,GOOGL
2024-07-01,181.58982849121094,182.99000549316406,183.8800048828125,181.3000030517578,183.02999877929688,16006100,GOOGL
2024-07-02,183.8225860595703,185.24000549316406,185.57000732421875,181.55999755859375,182.0500030517578,17372500,GOOGL
2024-07-03,184.398193359375,185.82000732421875,186.08999633789062,184.0,184.85000610351562,10242100,GOOGL
2024-07-05,189.14158630371094,190.60000610351562,190.86000061035156,185.8000030517578,185.86000061035156,20967500,GOOGL
2024-07-08,187.58360290527344,189.02999877929688,190.1699981689453,187.77999877929688,189.89999389648438,21035900,GOOGL
2024-07-09,187.5339813232422,188.97999572753906,191.36000061035156,188.72000122070312,190.30999755859375,15121400,GOOGL
2024-07-10,189.71714782714844,191.17999267578125,191.75,189.02999877929688,189.14999389648438,15952500,GOOGL
2024-07-11,184.1501007080078,185.57000732421875,190.86000061035156,185.0800018310547,189.85000610351562,25625800,GOOGL
2024-07-12,183.65391540527344,185.07000732421875,187.11000061035156,184.49000549316406,185.0800018310547,22898400,GOOGL
2024-07-15,185.10272216796875,186.52999877929688,188.24000549316406,184.9199981689453,184.9199981689453,16474000,GOOGL
2024-07-16,182.51271057128906,183.9199981689453,188.67999267578125,183.3699951171875,187.36000061035156,18290700,GOOGL
2024-07-17,179.6348876953125,181.02000427246094,183.5500030517578,179.89999389648438,182.97000122070312,20734100,GOOGL
2024-07-18,176.3303680419922,177.69000244140625,182.5,176.47000122070312,181.92999267578125,25315700,GOOGL
2024-07-19,176.3006134033203,177.66000366210938,180.2899932861328,177.1300048828125,178.8800048828125,18881900,GOOGL
2024-07-22,180.27992248535156,181.6699981689453,182.6999969482422,180.22999572753906,180.58999633789062,24100300,GOOGL
2024-07-23,180.39898681640625,181.7899932861328,183.61000061035156,181.5399932861328,182.0500030517578,36352700,GOOGL
2024-07-24,171.30908203125,172.6300048828125,176.19000244140625,171.82000732421875,173.60000610351562,49585200,GOOGL
2024-07-25,166.00003051757812,167.27999877929688,173.4199981689453,167.19000244140625,172.52000427246094,44852000,GOOGL
2024-07-26,165.72216796875,167.0,168.08999633789062,164.05999755859375,167.14999389648438,41336900,GOOGL
2024-07-29,168.23281860351562,169.52999877929688,170.42999267578125,167.99000549316406,168.8300018310547,20293800,GOOGL
2024-07-30,168.98696899414062,170.2899932861328,171.22999572753906,168.44000244140625,170.24000549316406,18959700,GOOGL
2024-07-31,170.22743225097656,171.5399932861328,174.25,170.00999450683594,173.24000549316406,25729100,GOOGL
2024-08-01,169.45338439941406,170.75999450683594,174.0500030517578,168.8800048828125,170.25,24531400,GOOGL
2024-08-02,165.38478088378906,166.66000366210938,168.50999450683594,164.6699981689453,166.44000244140625,29130100,GOOGL
2024-08-05,158.03147888183594,159.25,164.42999267578125,154.92999267578125,155.5,53630700,GOOGL
2024-08-06,157.0788116455078,158.2899932861328,160.57000732421875,156.41000366210938,159.3300018310547,49004600,GOOGL
2024-08-07,157.72384643554688,158.94000244140625,162.97999572753906,158.47000122070312,161.25,25138600,GOOGL
2024-08-08,160.7902069091797,162.02999877929688,163.69000244140625,160.2100067138672,160.50999450683594,25578800,GOOGL
2024-08-09,162.4176483154297,163.6699981689453,163.7899932861328,159.05999755859375,160.00999450683594,28602300,GOOGL
2024-08-12,161.04820251464844,162.2899932861328,164.89999389648438,161.83999633789062,164.35000610351562,15895300,GOOGL
2024-08-13,162.9038848876953,164.16000366210938,164.72999572753906,162.97000122070312,163.41000366210938,18551700,GOOGL
2024-08-14,159.1428985595703,160.3699951171875,163.22000122070312,157.7100067138672,162.39999389648438,40591100,GOOGL
2024-08-15,160.06578063964844,161.3000030517578,161.63999938964844,159.61000061035156,160.5,31524300,GOOGL
2024-08-16,161.7130889892578,162.9600067138672,165.05999755859375,161.1300048828125,161.47000122070312,24208600,GOOGL
2024-08-19,165.3946990966797,166.6699981689453,166.69000244140625,164.25999450683594,165.27999877929688,22416200,GOOGL
2024-08-20,165.9008026123047,167.17999267578125,168.63999938964844,166.82000732421875,166.89999389648438,18341500,GOOGL
2024-08-21,164.58099365234375,165.85000610351562,166.85000610351562,164.6699981689453,165.14999389648438,22902000,GOOGL
2024-08-22,162.54664611816406,163.8000030517578,167.58999633789062,163.30999755859375,167.25999450683594,22493300,GOOGL
2024-08-23,164.3527374267578,165.6199951171875,166.17999267578125,163.8300018310547,164.72000122070312,13955700,GOOGL
2024-08-26,164.88858032226562,166.16000366210938,167.5500030517578,164.4600067138672,166.3800048828125,14190400,GOOGL
2024-08-27,163.41989135742188,164.67999267578125,166.44000244140625,164.4600067138672,165.83999633789062,11821900,GOOGL
2024-08-28,161.6039276123047,162.85000610351562,165.60000610351562,161.52999877929688,165.0399932861328,16407400,GOOGL
2024-08-29,160.5421142578125,161.77999877929688,165.97000122070312,160.25,164.30999755859375,19699800,GOOGL
2024-08-30,162.12989807128906,163.3800048828125,163.66000366210938,161.69000244140625,162.6199951171875,22123800,GOOGL
2024-09-03,156.1559295654297,157.36000061035156,161.85000610351562,156.47999572753906,161.72000122070312,38945300,GOOGL
2024-09-04,155.2528839111328,156.4499969482422,159.0,155.9600067138672,156.66000366210938,19353800,GOOGL
2024-09-05,156.036865234375,157.24000549316406,159.4499969482422,155.97999572753906,156.3000030517578,18688700,GOOGL
2024-09-06,149.76524353027344,150.9199981689453,157.8300018310547,150.5500030517578,157.3000030517578,37912100,GOOGL
2024-09-09,147.7679443359375,148.7100067138672,153.39999389648438,147.22000122070312,152.50999450683594,39260500,GOOGL
2024-09-10,147.71826171875,148.66000366210938,151.27000427246094,148.33999633789062,150.4499969482422,31118800,GOOGL
2024-09-11,150.20242309570312,151.16000366210938,151.5,147.52000427246094,149.9199981689453,29607700,GOOGL
2024-09-12,153.71006774902344,154.69000244140625,154.82000732421875,152.64999389648438,153.8000030517578,29621500,GOOGL
2024-09-13,156.46250915527344,157.4600067138672,158.3800048828125,155.2100067138672,155.42999267578125,29591200,GOOGL
2024-09-16,157.05868530273438,158.05999755859375,158.25,156.60000610351562,157.30999755859375,18379800,GOOGL
2024-09-17,158.3107452392578,159.32000732421875,160.5500030517578,158.3800048828125,159.02000427246094,20715600,GOOGL
2024-09-18,158.79762268066406,159.80999755859375,160.5,158.60000610351562,159.86000061035156,23677300,GOOGL
2024-09-19,161.1128692626953,162.13999938964844,163.7899932861328,161.33999633789062,163.7100067138672,26587700,GOOGL
2024-09-20,162.55368041992188,163.58999633789062,163.72999572753906,162.05999755859375,163.5,40896400,GOOGL
2024-09-23,160.82472229003906,161.85000610351562,165.49000549316406,161.6699981689453,164.35000610351562,24150900,GOOGL
2024-09-24,161.26190185546875,162.2899932861328,163.22000122070312,160.69000244140625,163.02999877929688,23332100,GOOGL
2024-09-25,160.4669952392578,161.49000549316406,162.80999755859375,161.3000030517578,161.47000122070312,18869200,GOOGL
2024-09-26,161.6990966796875,162.72999572753906,164.0800018310547,162.27999877929688,163.63999938964844,20319300,GOOGL
2024-09-27,162.91140747070312,163.9499969482422,165.6999969482422,162.6300048828125,162.80999755859375,21101300,GOOGL
2024-09-30,164.79934692382812,165.85000610351562,166.14999389648438,163.25999450683594,163.32000732421875,20413900,GOOGL
2024-10-01,165.93214416503906,166.99000549316406,169.16000366210938,164.5800018310547,167.69000244140625,28338100,GOOGL
2024-10-02,164.80931091308594,165.86000061035156,167.52000427246094,164.72999572753906,166.4199981689453,17760200,GOOGL
2024-10-03,164.80931091308594,165.86000061035156,166.63999938964844,163.9199981689453,164.41000366210938,15073100,GOOGL
2024-10-04,166.001708984375,167.05999755859375,168.22999572753906,165.47999572753906,168.05999755859375,19047400,GOOGL
2024-10-07,161.94754028320312,162.97999572753906,168.47999572753906,162.75,167.72000122070312,22463100,GOOGL
2024-10-08,163.3386688232422,164.3800048828125,164.72999572753906,162.8699951171875,163.94000244140625,23072700,GOOGL
2024-10-09,160.8346405029297,161.86000061035156,164.83999633789062,159.74000549316406,163.4499969482422,31181800,GOOGL
2024-10-10,161.05325317382812,162.0800018310547,163.07000732421875,160.39999389648438,160.8699951171875,14144100,GOOGL
2024-10-11,162.20590209960938,163.24000549316406,163.89999389648438,161.24000549316406,162.1300048828125,15344300,GOOGL
2024-10-14,163.91500854492188,164.9600067138672,166.22999572753906,163.39999389648438,163.63999938964844,19016100,GOOGL
2024-10-15,164.4118194580078,165.4600067138672,167.67999267578125,164.6300048828125,165.7899932861328,20247200,GOOGL
2024-10-16,164.11373901367188,165.16000366210938,165.8000030517578,163.74000549316406,164.52999877929688,16406000,GOOGL
2024-10-17,161.89784240722656,162.92999267578125,166.3699951171875,162.75999450683594,165.72999572753906,21453400,GOOGL
2024-10-18,162.38478088378906,163.4199981689453,164.7100067138672,163.0800018310547,163.19000244140625,19757700,GOOGL
2024-10-21,163.0306396484375,164.07000732421875,164.5,162.6199951171875,162.9499969482422,20946500,GOOGL
2024-10-22,164.09385681152344,165.13999938964844,165.77000427246094,162.97999572753906,162.97999572753906,16568100,GOOGL
2024-10-23,161.74879455566406,162.77999877929688,165.82000732421875,161.92999267578125,164.75999450683594,18280500,GOOGL
2024-10-24,161.68919372558594,162.72000122070312,163.3300018310547,161.00999450683594,162.8300018310547,22412500,GOOGL
2024-10-25,164.22303771972656,165.27000427246094,165.58999633789062,163.4199981689453,163.6699981689453,19828900,GOOGL
2024-10-28,165.66384887695312,166.72000122070312,168.75,163.9499969482422,168.75,32138600,GOOGL
2024-10-29,168.60508728027344,169.67999267578125,170.3800048828125,167.08999633789062,167.72999572753906,42169000,GOOGL
2024-10-30,173.35482788085938,174.4600067138672,182.02000427246094,174.05999755859375,180.67999267578125,68890800,GOOGL
2024-10-31,170.02601623535156,171.11000061035156,176.82000732421875,171.0,173.1300048828125,44769000,GOOGL
2024-11-01,170.2048797607422,171.2899932861328,172.32000732421875,168.8800048828125,170.07000732421875,31796500,GOOGL
2024-11-04,168.16787719726562,169.24000549316406,170.72999572753906,168.00999450683594,169.92999267578125,21492700,GOOGL
2024-11-05,168.66473388671875,169.74000549316406,170.52999877929688,168.83999633789062,169.42999267578125,18242100,GOOGL
2024-11-06,175.39181518554688,176.50999450683594,176.94000244140625,173.5,173.8000030517578,33695500,GOOGL
2024-11-07,179.60496520996094,180.75,181.0800018310547,177.19000244140625,177.41000366210938,25352900,GOOGL
2024-11-08,177.22018432617188,178.35000610351562,180.89999389648438,178.0800018310547,180.64999389648438,22006200,GOOGL
2024-11-11,179.20750427246094,180.35000610351562,180.5500030517578,178.47000122070312,178.5800018310547,17450400,GOOGL
2024-11-12,180.46945190429688,181.6199951171875,182.49000549316406,179.38999938964844,179.82000732421875,25134900,GOOGL
2024-11-13,177.74681091308594,178.8800048828125,180.9600067138672,178.5399932861328,180.4600067138672,23184000,GOOGL
2024-11-14,174.4677276611328,175.5800018310547,178.82000732421875,174.32000732421875,178.27999877929688,31007500,GOOGL
2024-11-15,171.39730834960938,172.49000549316406,174.13999938964844,171.22000122070312,173.72999572753906,32504600,GOOGL
2024-11-18,174.18948364257812,175.3000030517578,175.44000244140625,172.89999389648438,173.4199981689453,20135300,GOOGL
2024-11-19,176.99163818359375,178.1199951171875,178.8699951171875,173.55999755859375,173.72000122070312,23434900,GOOGL
2024-11-20,174.86517333984375,175.97999572753906,177.67999267578125,173.77999877929688,177.33999633789062,18997100,GOOGL
2024-11-21,166.56808471679688,167.6300048828125,174.1300048828125,163.6999969482422,173.89999389648438,59734400,GOOGL
2024-11-22,163.7162628173828,164.75999450683594,166.4600067138672,163.89999389648438,165.85000610351562,38604600,GOOGL
2024-11-25,166.58795166015625,167.64999389648438,168.6300048828125,165.61000061035156,166.08999633789062,33135300,GOOGL
2024-11-26,168.04864501953125,169.1199951171875,169.82000732421875,167.5800018310547,167.6300048828125,20486700,GOOGL
2024-11-27,168.15794372558594,169.22999572753906,169.47999572753906,168.02000427246094,169.0,19266500,GOOGL
2024-11-29,167.87969970703125,168.9499969482422,169.42999267578125,167.16000366210938,168.5,14257200,GOOGL
2024-12-02,170.4036407470703,171.49000549316406,172.0800018310547,168.57000732421875,168.77000427246094,23789100,GOOGL
2024-12-03,170.2545623779297,171.33999633789062,172.67999267578125,170.85000610351562,171.49000549316406,22248700,GOOGL
2024-12-04,173.26539611816406,174.3699951171875,174.91000366210938,171.05999755859375,171.14999389648438,31615100,GOOGL
2024-12-05,171.54635620117188,172.63999938964844,176.05999755859375,172.3300018310547,175.36000061035156,21356200,GOOGL
2024-12-06,173.6032257080078,174.7100067138672,175.0800018310547,171.86000061035156,172.02999877929688,21462400,GOOGL
2024-12-09,174.4587860107422,175.3699951171875,176.25999450683594,173.64999389648438,173.9600067138672,25389600,GOOGL
2024-12-10,184.2078399658203,185.1699981689453,186.36000061035156,181.0500030517578,182.85000610351562,54813000,GOOGL
2024-12-11,194.3846893310547,195.39999389648438,195.61000061035156,184.85000610351562,185.30999755859375,67894100,GOOGL
2024-12-12,190.96255493164062,191.9600067138672,195.17999267578125,191.7100067138672,195.0,34817500,GOOGL
2024-12-13,188.8336944580078,189.82000732421875,192.72999572753906,189.63999938964844,191.00999450683594,25143500,GOOGL
2024-12-16,195.6381378173828,196.66000366210938,199.0,192.6199951171875,192.8699951171875,44934900,GOOGL
2024-12-17,194.40457153320312,195.4199981689453,201.4199981689453,194.97999572753906,197.25,43504000,GOOGL
2024-12-18,187.42105102539062,188.39999389648438,197.0,187.74000549316406,195.22000122070312,34166100,GOOGL
2024-12-19,187.5304718017578,188.50999450683594,193.02999877929688,188.3800048828125,191.6300048828125,32265200,GOOGL
2024-12-20,190.41543579101562,191.41000366210938,192.88999938964844,185.22000122070312,185.77999877929688,63462900,GOOGL
2024-12-23,193.6186981201172,194.6300048828125,195.10000610351562,190.14999389648438,192.6199951171875,25675000,GOOGL
2024-12-24,195.0909881591797,196.11000061035156,196.11000061035156,193.77999877929688,194.83999633789062,10403300,GOOGL
2024-12-26,194.5836639404297,195.60000610351562,196.75,194.3800048828125,195.14999389648438,12046600,GOOGL
2024-12-27,191.75839233398438,192.75999450683594,195.32000732421875,190.64999389648438,194.9499969482422,18891400,GOOGL
2024-12-30,190.24632263183594,191.24000549316406,192.5500030517578,189.1199951171875,189.8000030517578,14264700,GOOGL
2024-12-31,188.31639099121094,189.3000030517578,191.9600067138672,188.50999450683594,191.0800018310547,17466900,GOOGL
2025-01-02,188.44570922851562,189.42999267578125,192.0,187.5,190.64999389648438,20370800,GOOGL
2025-01-03,190.79342651367188,191.7899932861328,193.2100067138672,189.97999572753906,191.3699951171875,18596200,GOOGL
2025-01-06,195.84706115722656,196.8699951171875,198.22000122070312,193.85000610351562,193.97999572753906,29563600,GOOGL
2025-01-07,194.47422790527344,195.49000549316406,201.0,194.60000610351562,197.11000061035156,26487200,GOOGL
2025-01-08,192.9422149658203,193.9499969482422,196.2899932861328,192.3800048828125,192.57000732421875,24864800,GOOGL
2025-01-10,191.04214477539062,192.0399932861328,196.52000427246094,190.30999755859375,194.3000030517578,26665200,GOOGL
2025-01-13,190.01748657226562,191.00999450683594,191.17999267578125,187.36000061035156,190.07000732421875,21823700,GOOGL
2025-01-14,188.6744842529297,189.66000366210938,191.97999572753906,188.30999755859375,191.24000549316406,17174900,GOOGL
2025-01-15,194.53390502929688,195.5500030517578,196.36000061035156,191.86000061035156,193.08999633789062,21776000,GOOGL
2025-01-16,191.9076385498047,192.91000366210938,195.47999572753906,192.80999755859375,194.13999938964844,17815400,GOOGL
2025-01-17,194.9815673828125,196.0,197.22999572753906,193.75,196.52999877929688,27735100,GOOGL
2025-01-21,197.0209197998047,198.0500030517578,202.2899932861328,197.8699951171875,199.07000732421875,29971300,GOOGL
2025-01-22,197.33924865722656,198.3699951171875,200.47999572753906,197.52999877929688,199.05999755859375,26200600,GOOGL
2025-01-23,196.95127868652344,197.97999572753906,200.3000030517578,195.1999969482422,198.13999938964844,26951400,GOOGL
2025-01-24,199.16970825195312,200.2100067138672,200.89999389648438,198.0,198.10000610351562,23877500,GOOGL
2025-01-27,190.8133544921875,191.80999755859375,196.8800048828125,190.72999572753906,192.41000366210938,41728900,GOOGL
2025-01-28,194.28521728515625,195.3000030517578,195.47999572753906,190.67999267578125,192.75,24157900,GOOGL
2025-01-29,194.39463806152344,195.41000366210938,196.7899932861328,193.42999267578125,195.55999755859375,18218300,GOOGL
2025-01-30,199.82627868652344,200.8699951171875,201.39999389648438,197.6699981689453,198.0,24354700,GOOGL
2025-01-31,202.9598846435547,204.02000427246094,205.47999572753906,201.8000030517578,202.0,32001100,GOOGL
2025-02-03,200.1843719482422,201.22999572753906,203.75,200.10000610351562,200.69000244140625,27838300,GOOGL
2025-02-04,205.30764770507812,206.3800048828125,207.0500030517578,202.80999755859375,203.38999938964844,43856400,GOOGL
2025-02-05,190.33583068847656,191.3300018310547,192.75,188.02999877929688,191.07000732421875,70373900,GOOGL
2025-02-06,190.6044464111328,191.60000610351562,192.10000610351562,188.72000122070312,189.5,29297400,GOOGL
2025-02-07,184.376953125,185.33999633789062,191.17999267578125,183.24000549316406,191.0500030517578,49315000,GOOGL
2025-02-10,185.5010986328125,186.47000122070312,188.1999969482422,185.86000061035156,187.35000610351562,23105600,GOOGL
2025-02-11,184.35707092285156,185.32000732421875,186.94000244140625,184.27999877929688,185.02999877929688,21239500,GOOGL
2025-02-12,182.65594482421875,183.61000061035156,185.11000061035156,181.8300018310547,183.22000122070312,22072600,GOOGL
2025-02-13,185.1728057861328,186.13999938964844,186.27999877929688,183.13999938964844,184.32000732421875,21402500,GOOGL
2025-02-14,184.2675323486328,185.22999572753906,186.39999389648438,184.32000732421875,185.05999755859375,20448400,GOOGL
2025-02-18,182.8151397705078,183.77000427246094,185.9600067138672,181.74000549316406,185.60000610351562,29916700,GOOGL
2025-02-19,184.3073272705078,185.27000427246094,185.4600067138672,183.58999633789062,184.07000732421875,19549400,GOOGL
2025-02-20,183.60101318359375,184.55999755859375,185.30999755859375,182.72000122070312,184.8000030517578,20441500,GOOGL
2025-02-21,178.7264862060547,179.66000366210938,185.33999633789062,179.0800018310547,185.14999389648438,35199200,GOOGL
2025-02-24,178.31863403320312,179.25,183.1199951171875,178.88999938964844,181.99000549316406,29854200,GOOGL
2025-02-25,174.5084991455078,175.4199981689453,178.74000549316406,174.69000244140625,178.0399932861328,41913400,GOOGL
2025-02-26,171.8324737548828,172.72999572753906,176.0800018310547,171.5800018310547,175.07000732421875,35431300,GOOGL
2025-02-27,167.62445068359375,168.5,174.55999755859375,167.94000244140625,173.99000549316406,39991000,GOOGL
2025-02-28,169.39520263671875,170.27999877929688,170.61000061035156,166.77000427246094,168.67999267578125,48130600,GOOGL
2025-03-03,166.14219665527344,167.00999450683594,173.3699951171875,165.92999267578125,171.92999267578125,40770500,GOOGL
2025-03-04,170.03187561035156,170.9199981689453,173.2899932861328,165.8000030517578,166.24000549316406,45388000,GOOGL
2025-03-05,172.12098693847656,173.02000427246094,173.77999877929688,169.05999755859375,170.52000427246094,30954900,GOOGL
2025-03-06,171.45448303222656,172.35000610351562,174.80999755859375,170.5,170.52999877929688,28302000,GOOGL
2025-03-07,172.95660400390625,173.86000061035156,174.97000122070312,170.27000427246094,171.25999450683594,27385800,GOOGL
2025-03-10,165.19815063476562,165.8699951171875,168.4600067138672,163.69000244140625,168.25999450683594,43604000,GOOGL
2025-03-11,163.3755645751953,164.0399932861328,166.75,161.3699951171875,164.91000366210938,39587400,GOOGL
2025-03-12,166.4331512451172,167.11000061035156,167.63999938964844,163.52999877929688,166.5800018310547,28372400,GOOGL
2025-03-13,162.1007537841797,162.75999450683594,166.1300048828125,162.11000061035156,166.0399932861328,31756200,GOOGL
2025-03-14,164.8197021484375,165.49000549316406,166.49000549316406,162.4499969482422,163.27000427246094,31995900,GOOGL
2025-03-17,163.62457275390625,164.2899932861328,166.3000030517578,163.6699981689453,165.02999877929688,31184300,GOOGL
2025-03-18,160.01922607421875,160.6699981689453,164.25,156.72000122070312,163.67999267578125,42074800,GOOGL
2025-03-19,163.2261962890625,163.88999938964844,165.8699951171875,161.0,161.75999450683594,34275600,GOOGL
2025-03-20,162.14059448242188,162.8000030517578,164.88999938964844,160.9600067138672,161.57000732421875,28138500,GOOGL
2025-03-21,163.32579040527344,163.99000549316406,164.24000549316406,160.88999938964844,161.2100067138672,36625800,GOOGL
2025-03-24,167.00083923339844,167.67999267578125,168.32000732421875,165.13999938964844,167.07000732421875,30879100,GOOGL
2025-03-25,169.86920166015625,170.55999755859375,170.6300048828125,168.32000732421875,168.97999572753906,24174400,GOOGL
2025-03-26,164.39144897460938,165.05999755859375,169.61000061035156,164.83999633789062,169.0,28901600,GOOGL
2025-03-27,161.58287048339844,162.24000549316406,165.4199981689453,162.0,164.6300048828125,24508300,GOOGL
2025-03-28,153.70489501953125,154.3300018310547,161.82000732421875,153.6300048828125,160.49000549316406,48669300,GOOGL
2025-03-31,154.01364135742188,154.63999938964844,155.5399932861328,150.66000366210938,153.11000061035156,54603500,GOOGL
2025-04-01,156.43382263183594,157.07000732421875,158.10000610351562,153.6199951171875,153.6199951171875,30672900,GOOGL
2025-04-02,156.4039306640625,157.0399932861328,158.41000366210938,154.6999969482422,155.14999389648438,25041700,GOOGL
2025-04-03,150.10952758789062,150.72000122070312,152.77999877929688,150.38999938964844,151.11000061035156,46883400,GOOGL
2025-04-04,145.01028442382812,145.60000610351562,151.07000732421875,145.3800048828125,148.00999450683594,62259500,GOOGL
2025-04-07,146.15560913085938,146.75,152.85000610351562,140.52999877929688,141.5500030517578,76794100,GOOGL
2025-04-08,144.11390686035156,144.6999969482422,152.24000549316406,143.02999877929688,151.22000122070312,52200200,GOOGL
2025-04-09,158.0671844482422,158.7100067138672,159.5500030517578,143.91000366210938,144.4199981689453,70406200,GOOGL
2025-04-10,152.20101928710938,152.82000732421875,157.72000122070312,149.92999267578125,156.5399932861328,48022000,GOOGL
2025-04-11,156.50352478027344,157.13999938964844,157.6699981689453,152.82000732421875,152.89999389648438,33636200,GOOGL
2025-04-14,158.42572021484375,159.07000732421875,161.72000122070312,157.55999755859375,160.0,30333000,GOOGL
2025-04-15,155.67689514160156,156.30999755859375,159.64999389648438,155.2100067138672,159.1300048828125,27551500,GOOGL
2025-04-16,152.70896911621094,153.3300018310547,155.88999938964844,151.50999450683594,153.10000610351562,28187400,GOOGL
2025-04-17,150.54774475097656,151.16000366210938,154.67999267578125,148.5,154.2899932861328,33046600,GOOGL
2025-04-21,147.07188415527344,147.6699981689453,148.9499969482422,146.10000610351562,148.8800048828125,26049100,GOOGL
2025-04-22,150.85650634765625,151.47000122070312,152.19000244140625,148.5399932861328,148.88999938964844,26971800,GOOGL
2025-04-23,154.72079467773438,155.35000610351562,157.52999877929688,153.80999755859375,155.61000061035156,31128800,GOOGL
2025-04-24,158.63485717773438,159.27999877929688,159.58999633789062,155.7899932861328,156.14999389648438,45894000,GOOGL
2025-04-25,161.3040008544922,161.9600067138672,166.10000610351562,161.0399932861328,165.07000732421875,56034000,GOOGL
2025-04-28,159.95945739746094,160.61000061035156,163.14999389648438,158.60000610351562,162.42999267578125,29745800,GOOGL
2025-04-29,159.5113067626953,160.16000366210938,160.74000549316406,157.52000427246094,160.32000732421875,26809000,GOOGL
2025-04-30,158.15679931640625,158.8000030517578,159.27000427246094,155.39999389648438,157.97999572753906,34981100,GOOGL
2025-05-01,160.6466827392578,161.3000030517578,161.9499969482422,158.91000366210938,160.4499969482422,30203200,GOOGL
2025-05-02,163.36563110351562,164.02999877929688,164.97000122070312,161.8699951171875,163.41000366210938,25715000,GOOGL
2025-05-05,163.54489135742188,164.2100067138672,165.38999938964844,162.72000122070312,163.0,21341800,GOOGL
2025-05-06,162.56886291503906,163.22999572753906,164.8000030517578,161.19000244140625,162.1699981689453,21277200,GOOGL
2025-05-07,150.76686096191406,151.3800048828125,165.0,147.83999633789062,164.0800018310547,127490100,GOOGL
2025-05-08,153.6551055908203,154.27999877929688,155.92999267578125,152.89999389648438,155.0,57498700,GOOGL
2025-05-09,152.13131713867188,152.75,155.0500030517578,152.1999969482422,154.1699981689453,32435300,GOOGL
2025-05-12,157.8181915283203,158.4600067138672,159.10000610351562,156.25,157.49000549316406,44138800,GOOGL
2025-05-13,158.8838653564453,159.52999877929688,160.57000732421875,156.16000366210938,158.7899932861328,42382100,GOOGL
2025-05-14,164.70018005371094,165.3699951171875,167.0,159.61000061035156,159.9600067138672,48755900,GOOGL
2025-05-15,163.29591369628906,163.9600067138672,166.2100067138672,162.3699951171875,165.83999633789062,33146700,GOOGL
2025-05-16,165.51686096191406,166.19000244140625,169.35000610351562,165.6199951171875,167.72999572753906,42846900,GOOGL
2025-05-19,165.8654327392578,166.5399932861328,166.63999938964844,164.22000122070312,164.50999450683594,30426100,GOOGL
2025-05-20,163.31581115722656,163.97999572753906,168.5,162.89999389648438,166.42999267578125,46607700,GOOGL
2025-05-21,167.87728881835938,168.55999755859375,173.13999938964844,163.55999755859375,163.69000244140625,73416000,GOOGL
2025-05-22,170.17788696289062,170.8699951171875,176.77000427246094,170.7100067138672,171.85000610351562,74864400,GOOGL
2025-05-23,167.7876434326172,168.47000122070312,169.9600067138672,167.88999938964844,169.05999755859375,35211400,GOOGL
2025-05-27,172.19969177246094,172.89999389648438,173.1699981689453,170.0,170.16000366210938,37995700,GOOGL
2025-05-28,171.66188049316406,172.36000061035156,175.27000427246094,171.91000366210938,173.16000366210938,34784000,GOOGL
2025-05-29,171.16390991210938,171.86000061035156,174.4199981689453,170.6300048828125,174.0,29317300,GOOGL
2025-05-30,171.0443878173828,171.74000549316406,172.2100067138672,167.44000244140625,171.35000610351562,52639900,GOOGL
2025-06-02,168.34536743164062,169.02999877929688,169.8699951171875,167.38999938964844,167.83999633789062,38612300,GOOGL
2025-06-03,165.50689697265625,166.17999267578125,168.47999572753906,165.27999877929688,167.49000549316406,45084900,GOOGL
2025-06-04,167.3693389892578,168.0500030517578,168.22000122070312,166.36000061035156,166.74000549316406,26900800,GOOGL
2025-06-05,167.52870178222656,168.2100067138672,170.92999267578125,167.58999633789062,170.33999633789062,36379100,GOOGL
2025-06-06,172.97653198242188,173.67999267578125,174.5,170.8300018310547,170.8300018310547,35731800,GOOGL
2025-06-09,175.58909606933594,176.08999633789062,176.47000122070312,174.3699951171875,174.5399932861328,28935900,GOOGL
2025-06-10,178.0919647216797,178.60000610351562,181.11000061035156,174.91000366210938,176.1999969482422,61766100,GOOGL
2025-06-11,176.8455047607422,177.35000610351562,180.3699951171875,176.75,179.77000427246094,31646800,GOOGL
2025-06-12,175.2001953125,175.6999969482422,176.72000122070312,174.75,176.17999267578125,20941900,GOOGL
2025-06-13,174.17312622070312,174.6699981689453,177.1300048828125,172.38999938964844,172.44000244140625,27663100,GOOGL
2025-06-16,176.26715087890625,176.77000427246094,176.94000244140625,174.64999389648438,174.72999572753906,27389200,GOOGL
2025-06-17,175.44947814941406,175.9499969482422,177.36000061035156,174.5800018310547,175.6999969482422,24973000,GOOGL
2025-06-18,172.8269805908203,173.32000732421875,176.55999755859375,173.1999969482422,176.00999450683594,28707500,GOOGL
2025-06-20,166.16598510742188,166.63999938964844,174.33999633789062,165.4600067138672,173.9499969482422,75659900,GOOGL
2025-06-23,164.7200927734375,165.19000244140625,167.33999633789062,162.0,166.27000427246094,57671000,GOOGL
2025-06-24,166.2956085205078,166.77000427246094,168.22000122070312,166.1300048828125,166.9199981689453,40524300,GOOGL
2025-06-25,170.19448852539062,170.67999267578125,172.36000061035156,167.5500030517578,167.6300048828125,35479000,GOOGL
2025-06-26,173.04632568359375,173.5399932861328,173.69000244140625,169.94000244140625,172.42999267578125,31796700,GOOGL
2025-06-27,178.0221405029297,178.52999877929688,178.67999267578125,171.72999572753906,173.5399932861328,108140200,GOOGL
2025-06-30,175.7286834716797,176.22999572753906,181.22999572753906,174.5800018310547,180.77999877929688,63378900,GOOGL
2025-07-01,175.33978271484375,175.83999633789062,176.08999633789062,173.52999877929688,175.74000549316406,35904500,GOOGL
2025-07-02,178.13182067871094,178.63999938964844,178.86000061035156,175.07000732421875,175.5399932861328,29128900,GOOGL
2025-07-03,179.019287109375,179.52999877929688,179.6699981689453,177.0500030517578,178.5,21689700,GOOGL
2025-07-07,176.28707885742188,176.7899932861328,179.3000030517578,175.67999267578125,179.05999755859375,34175600,GOOGL
2025-07-08,173.86399841308594,174.36000061035156,177.9499969482422,172.80999755859375,177.85000610351562,40442500,GOOGL
2025-07-09,176.11756896972656,176.6199951171875,179.44000244140625,172.77000427246094,175.25,43025600,GOOGL
2025-07-10,177.11473083496094,177.6199951171875,178.42999267578125,174.3800048828125,175.6300048828125,29252400,GOOGL
2025-07-11,179.6774444580078,180.19000244140625,181.42999267578125,176.47999572753906,176.7899932861328,34282900,GOOGL
2025-07-14,181.04351806640625,181.55999755859375,183.6699981689453,179.67999267578125,181.00999450683594,32536600,GOOGL
2025-07-15,181.48226928710938,182.0,184.22000122070312,181.60000610351562,182.80999755859375,33448300,GOOGL
2025-07-16,182.44952392578125,182.97000122070312,184.3300018310547,182.02999877929688,183.24000549316406,33104200,GOOGL
2025-07-17,183.05776977539062,183.5800018310547,184.05999755859375,180.47999572753906,182.13999938964844,31992600,GOOGL
2025-07-18,184.5335693359375,185.05999755859375,186.4199981689453,183.7100067138672,185.39999389648438,34014500,GOOGL
2025-07-21,189.55923461914062,190.10000610351562,190.2899932861328,186.14999389648438,186.25,45803100,GOOGL
2025-07-22,190.7957000732422,191.33999633789062,191.64999389648438,187.4600067138672,191.5,44660200,GOOGL
2025-07-23,189.68887329101562,190.22999572753906,192.52999877929688,189.17999267578125,191.5,58681900,GOOGL
2025-07-24,191.6233367919922,192.1699981689453,197.9499969482422,191.0,197.02999877929688,74881700,GOOGL
2025-07-25,192.63047790527344,193.17999267578125,194.3300018310547,191.25999450683594,191.97999572753906,39785900,GOOGL
2025-07-28,192.03216552734375,192.5800018310547,194.0500030517578,190.83999633789062,193.64999389648438,38139500,GOOGL
2025-07-29,195.1931610107422,195.75,195.9199981689453,192.0800018310547,192.42999267578125,41389200,GOOGL
2025-07-30,195.970947265625,196.52999877929688,197.60000610351562,194.69000244140625,195.60000610351562,32445400,GOOGL
2025-07-31,191.35411071777344,191.89999389648438,195.99000549316406,191.08999633789062,195.7100067138672,51329200,GOOGL
2025-08-01,188.5919952392578,189.1300048828125,190.8300018310547,187.82000732421875,189.02999877929688,34832200,GOOGL
2025-08-04,194.48516845703125,195.0399932861328,195.27000427246094,190.1199951171875,190.2899932861328,31547400,GOOGL
2025-08-05,194.11622619628906,194.6699981689453,197.86000061035156,193.88999938964844,194.7100067138672,31602300,GOOGL
2025-08-06,195.5321807861328,196.08999633789062,196.6300048828125,193.6699981689453,194.5,21562900,GOOGL
2025-08-07,195.96096801757812,196.52000427246094,197.5399932861328,194.3300018310547,197.05999755859375,26321800,GOOGL
2025-08-08,200.84703063964844,201.4199981689453,202.61000061035156,197.1699981689453,197.22000122070312,39161800,GOOGL
2025-08-11,200.42822265625,201.0,201.47999572753906,199.07000732421875,200.94000244140625,25832400,GOOGL
2025-08-12,202.76156616210938,203.33999633789062,204.5,200.58999633789062,201.3699951171875,30397900,GOOGL
2025-08-13,201.38551330566406,201.9600067138672,204.52999877929688,197.50999450683594,204.1300048828125,28342900,GOOGL
2025-08-14,202.3627166748047,202.94000244140625,204.44000244140625,201.22999572753906,201.5,25230400,GOOGL
2025-08-15,203.31996154785156,203.89999389648438,206.44000244140625,201.27999877929688,203.85000610351562,34931400,GOOGL
2025-08-18,202.92112731933594,203.5,205.27000427246094,202.49000549316406,204.1999969482422,18526600,GOOGL
2025-08-19,200.99661254882812,201.57000732421875,203.44000244140625,199.9600067138672,203.02999877929688,24240200,GOOGL
2025-08-20,198.7530059814453,199.32000732421875,201.27999877929688,196.60000610351562,200.72999572753906,28955500,GOOGL
2025-08-21,199.1817626953125,199.75,202.47999572753906,199.42999267578125,199.75,19774600,GOOGL
2025-08-22,205.50375366210938,206.08999633789062,208.5399932861328,201.3000030517578,202.72999572753906,42827000,GOOGL
2025-08-25,207.89691162109375,208.49000549316406,210.52000427246094,205.27999877929688,206.42999267578125,29928900,GOOGL
2025-08-26,206.55075073242188,207.13999938964844,207.85000610351562,205.6999969482422,207.50999450683594,28464100,GOOGL
2025-08-27,206.88978576660156,207.47999572753906,208.91000366210938,205.64999389648438,205.6999969482422,23022900,GOOGL
2025-08-28,211.03794860839844,211.63999938964844,212.22000122070312,206.89999389648438,207.25,32339300,GOOGL
2025-08-29,212.30433654785156,212.91000366210938,214.64999389648438,210.1999969482422,210.50999450683594,39728400,GOOGL
2025-09-02,210.74879455566406,211.35000610351562,211.67999267578125,206.1999969482422,208.44000244140625,47523000,GOOGL
2025-09-03,230.0038604736328,230.66000366210938,231.30999755859375,224.7899932861328,226.2100067138672,103336100,GOOGL
2025-09-04,231.63919067382812,232.3000030517578,232.3699951171875,226.11000061035156,229.64999389648438,51684200,GOOGL
2025-09-05,234.33151245117188,235.0,235.75999450683594,231.89999389648438,232.1999969482422,46588900,GOOGL
2025-09-08,233.5829620361328,234.0399932861328,238.1300048828125,233.6699981689453,235.47000122070312,32474700,GOOGL
2025-09-09,239.16204833984375,239.6300048828125,240.47000122070312,233.22999572753906,234.1699981689453,38061000,GOOGL
2025-09-10,238.70294189453125,239.1699981689453,241.66000366210938,237.85000610351562,238.89999389648438,35141100,GOOGL
2025-09-11,239.90060424804688,240.3699951171875,242.25,236.25,239.8800048828125,30599300,GOOGL
2025-09-12,240.3297576904297,240.8000030517578,242.0800018310547,238.0,240.3699951171875,26771600,GOOGL
2025-09-15,251.11865234375,251.61000061035156,252.41000366210938,244.66000366210938,244.66000366210938,58383800,GOOGL
2025-09-16,250.66954040527344,251.16000366210938,253.0399932861328,249.47000122070312,252.0800018310547,34109700,GOOGL
2025-09-17,249.04270935058594,249.52999877929688,251.60000610351562,246.27999877929688,251.22000122070312,34108000,GOOGL
2025-09-18,251.537841796875,252.02999877929688,253.99000549316406,249.8000030517578,251.67999267578125,31239500,GOOGL
2025-09-19,254.22259521484375,254.72000122070312,256.0,251.80999755859375,253.25,55571400,GOOGL
2025-09-22,252.036865234375,252.52999877929688,255.77999877929688,250.3000030517578,254.42999267578125,32290500,GOOGL
2025-09-23,251.16856384277344,251.66000366210938,254.36000061035156,250.47999572753906,253.0399932861328,26628000,GOOGL
2025-09-24,246.6573944091797,247.13999938964844,252.35000610351562,246.44000244140625,251.66000366210938,28201000,GOOGL
2025-09-25,245.30999755859375,245.7899932861328,246.49000549316406,240.74000549316406,244.39999389648438,31020400,GOOGL
2025-09-26,246.0585479736328,246.5399932861328,249.4199981689453,245.97000122070312,247.07000732421875,18503200,GOOGL
2025-09-29,243.5734100341797,244.0500030517578,251.14999389648438,242.77000427246094,247.85000610351562,32505800,GOOGL
2025-09-30,242.6252899169922,243.10000610351562,243.2899932861328,239.25,242.80999755859375,34724300,GOOGL
2025-10-01,244.4217529296875,244.89999389648438,246.3000030517578,238.61000061035156,240.75,31658200,GOOGL
2025-10-02,245.21022033691406,245.69000244140625,246.80999755859375,242.3000030517578,245.14999389648438,25483300,GOOGL
2025-10-03,244.87088012695312,245.35000610351562,246.3000030517578,241.66000366210938,244.49000549316406,30249600,GOOGL
2025-10-06,249.94094848632812,250.42999267578125,251.32000732421875,244.5800018310547,244.77999877929688,28894700,GOOGL
2025-10-07,245.2800750732422,245.75999450683594,250.44000244140625,245.52000427246094,248.27000427246094,23181300,GOOGL
2025-10-08,244.14230346679688,244.6199951171875,246.00999450683594,243.82000732421875,244.9600067138672,21307100,GOOGL
2025-10-09,241.05833435058594,241.52999877929688,244.75999450683594,239.14999389648438,244.47000122070312,27892100,GOOGL
2025-10-10,236.1080322265625,236.57000732421875,244.08999633789062,235.83999633789062,241.42999267578125,33180300,GOOGL
2025-10-13,243.67323303222656,244.14999389648438,244.5,239.7100067138672,240.2100067138672,24995000,GOOGL
2025-10-14,244.97068786621094,245.4499969482422,247.1199951171875,240.50999450683594,241.22999572753906,22111600,GOOGL
2025-10-15,250.539794921875,251.02999877929688,252.11000061035156,245.99000549316406,247.25,27007700,GOOGL
2025-10-16,250.9689483642578,251.4600067138672,256.9599914550781,250.10000610351562,251.77000427246094,27997200,GOOGL
2025-10-17,252.80535888671875,253.3000030517578,254.22000122070312,247.80999755859375,250.75999450683594,29671600,GOOGL
2025-10-20,256.04901123046875,256.54998779296875,257.3299865722656,254.22999572753906,254.69000244140625,22350200,GOOGL
2025-10-21,249.9709014892578,250.4600067138672,254.8800048828125,244.14999389648438,254.74000549316406,47312100,GOOGL
2025-10-22,251.19850158691406,251.69000244140625,256.3599853515625,249.2899932861328,254.3699951171875,35029400,GOOGL
2025-10-23,252.58578491210938,253.0800018310547,255.0399932861328,251.85000610351562,252.97999572753906,19901400,GOOGL
2025-10-24,259.4124755859375,259.9200134277344,261.67999267578125,255.32000732421875,256.5799865722656,28655100,GOOGL
2025-10-27,268.744140625,269.2699890136719,270.1400146484375,264.2799987792969,264.82000732421875,35235200,GOOGL
2025-10-28,266.94769287109375,267.4700012207031,270.7300109863281,266.5,269.69000244140625,29738600,GOOGL
2025-10-29,274.0338439941406,274.57000732421875,275.3399963378906,267.6700134277344,267.75,43580300,GOOGL
2025-10-30,280.93035888671875,281.4800109863281,291.5899963378906,280.05999755859375,291.5899963378906,74876000,GOOGL
2025-10-31,280.6408996582031,281.19000244140625,286.0,277.0299987792969,283.2099914550781,39267900,GOOGL
2025-11-03,283.16595458984375,283.7200012207031,285.5299987792969,279.79998779296875,282.17999267578125,29786000,GOOGL
2025-11-04,276.998046875,277.5400085449219,281.2699890136719,276.260009765625,276.75,30078400,GOOGL
2025-11-05,283.7547912597656,284.30999755859375,286.4200134277344,277.3399963378906,278.8699951171875,31010300,GOOGL
2025-11-06,284.1939697265625,284.75,288.3500061035156,281.1400146484375,285.3299865722656,37173600,GOOGL
2025-11-07,278.28546142578125,278.8299865722656,283.7799987792969,275.19000244140625,283.2099914550781,34479600,GOOGL
2025-11-10,289.5334777832031,290.1000061035156,290.79998779296875,282.8599853515625,284.4200134277344,29557300,GOOGL
2025-11-11,290.7411193847656,291.30999755859375,291.9200134277344,287.32000732421875,287.75,19842100,GOOGL
2025-11-12,286.15008544921875,286.7099914550781,292.010009765625,283.69000244140625,291.67999267578125,24829900,GOOGL
2025-11-13,278.0260009765625,278.57000732421875,282.8399963378906,277.239990234375,282.3399963378906,29494000,GOOGL
2025-11-14,275.8702392578125,276.4100036621094,278.55999755859375,270.70001220703125,271.4100036621094,31647200,GOOGL
2025-11-17,284.46337890625,285.0199890136719,293.95001220703125,283.57000732421875,285.7799987792969,52670200,GOOGL
2025-11-18,283.724853515625,284.2799987792969,288.79998779296875,278.20001220703125,287.9200134277344,49158700,GOOGL
2025-11-19,292.2381896972656,292.80999755859375,303.80999755859375,286.6300048828125,287.1600036621094,68198900,GOOGL
2025-11-20,288.884765625,289.45001220703125,306.4200134277344,288.6700134277344,304.5400085449219,62025200,GOOGL
2025-11-21,299.0747985839844,299.6600036621094,303.9200134277344,293.8500061035156,296.4200134277344,74137700,GOOGL
2025-11-24,317.9578552246094,318.5799865722656,319.4800109863281,309.6000061035156,311.1300048828125,85165100,GOOGL
2025-11-25,322.8083801269531,323.44000244140625,328.8299865722656,317.6499938964844,326.2099914550781,88632100,GOOGL
2025-11-26,319.3252258300781,319.95001220703125,324.5,316.7900085449219,320.67999267578125,51373400,GOOGL
2025-11-28,319.55474853515625,320.17999267578125,326.8500061035156,316.7900085449219,323.3699951171875,26018600,GOOGL
2025-12-01,314.27508544921875,314.8900146484375,319.8500061035156,313.8900146484375,317.70001220703125,41183000,GOOGL
2025-12-02,315.1932678222656,315.80999755859375,318.3800048828125,313.9100036621094,316.739990234375,35854700,GOOGL
2025-12-03,319.0058288574219,319.6300048828125,321.5799865722656,314.1000061035156,315.8900146484375,41838300,GOOGL
2025-12-04,316.999755859375,317.6199951171875,322.3599853515625,314.70001220703125,322.2300109863281,31240900,GOOGL
2025-12-05,320.642578125,321.2699890136719,323.1600036621094,319.1700134277344,319.489990234375,28851700,GOOGL
2025-12-08,313.31219482421875,313.7200012207031,320.44000244140625,311.2200012207031,320.04998779296875,33909400,GOOGL
2025-12-09,316.66778564453125,317.0799865722656,317.989990234375,311.8999938964844,312.3699951171875,30194000,GOOGL
2025-12-10,319.7937316894531,320.2099914550781,321.30999755859375,314.67999267578125,315.8299865722656,33428900,GOOGL
2025-12-11,312.0238342285156,312.42999267578125,321.1199951171875,308.6000061035156,320.0799865722656,42353700,GOOGL
2025-12-12,308.887939453125,309.2900085449219,314.8699951171875,305.55999755859375,313.70001220703125,35940200,GOOGL
2025-12-15,307.8193054199219,308.2200012207031,311.4200134277344,304.8800048828125,311.32000732421875,29151900,GOOGL
2025-12-16,306.1714782714844,306.57000732421875,310.7699890136719,302.5899963378906,304.95001220703125,30585000,GOOGL
2025-12-17,296.3342590332031,296.7200012207031,308.0899963378906,296.1199951171875,308.010009765625,43930400,GOOGL
2025-12-18,302.0668029785156,302.4599914550781,303.9599914550781,299.2300109863281,301.7200012207031,33518000,GOOGL
2025-12-19,306.7607116699219,307.1600036621094,307.25,300.9700012207031,301.7300109863281,59943200,GOOGL
2025-12-22,309.3772888183594,309.7799987792969,310.1300048828125,305.29998779296875,309.8800048828125,26429900,GOOGL
2025-12-23,313.94134521484375,314.3500061035156,314.94000244140625,309.32000732421875,309.6300048828125,25478700,GOOGL
2025-12-24,313.68170166015625,314.0899963378906,315.0799865722656,311.9200134277344,314.7699890136719,10097400,GOOGL
2025-12-26,313.1024475097656,313.510009765625,315.0899963378906,312.2799987792969,314.4800109863281,10899000,GOOGL
2025-12-29,313.1523742675781,313.55999755859375,314.0199890136719,310.6199951171875,311.3699951171875,19621800,GOOGL
2025-12-30,313.4420166015625,313.8500061035156,316.95001220703125,312.4599914550781,312.5,17380900,GOOGL
2025-12-31,312.5931091308594,313.0,314.5799865722656,311.44000244140625,312.8500061035156,16377700,GOOGL
2026-01-02,314.7403259277344,315.1499938964844,322.5,310.3299865722656,316.8999938964844,32009400,GOOGL
2026-01-05,316.1285400390625,316.5400085449219,319.0199890136719,314.6300048828125,317.6600036621094,30195600,GOOGL
2026-01-06,313.9313659667969,314.3399963378906,320.94000244140625,311.7799987792969,316.3999938964844,31212100,GOOGL
2026-01-07,321.5614318847656,321.9800109863281,326.1499938964844,314.19000244140625,314.3599853515625,35104400,GOOGL
2026-01-08,325.0169372558594,325.44000244140625,330.32000732421875,321.5,328.9700012207031,31896100,GOOGL
2026-01-09,328.14288330078125,328.57000732421875,330.8299865722656,325.79998779296875,327.0899963378906,26214200,GOOGL
2026-01-12,331.4285583496094,331.8599853515625,334.0400085449219,325.0,325.79998779296875,33923900,GOOGL
2026-01-13,335.53326416015625,335.9700012207031,340.489990234375,333.6199951171875,334.95001220703125,33517600,GOOGL
2026-01-14,335.4034118652344,335.8399963378906,336.5199890136719,330.4800109863281,335.05999755859375,28525600,GOOGL
2026-01-15,332.3473815917969,332.7799987792969,337.69000244140625,330.739990234375,337.6499938964844,28442400,GOOGL
2026-01-16,329.5710144042969,330.0,334.6499938964844,327.70001220703125,334.4100036621094,40341600,GOOGL
2026-01-20,321.5814208984375,322.0,327.7300109863281,320.42999267578125,320.8699951171875,35361000,GOOGL
2026-01-21,327.953125,328.3800048828125,332.4800109863281,319.3500061035156,320.9200134277344,35386600,GOOGL
2026-01-22,330.1103210449219,330.5400085449219,335.1499938964844,328.75,334.45001220703125,26253600,GOOGL
2026-01-23,327.5036926269531,327.92999267578125,333.69000244140625,327.45001220703125,332.489990234375,27280000,GOOGL
2026-01-26,332.8267822265625,333.260009765625,335.8399963378906,327.0,327.80999755859375,26042100,GOOGL
2026-01-27,334.1150817871094,334.54998779296875,337.9100036621094,333.4800109863281,335.3699951171875,21636200,GOOGL
2026-01-28,335.5732116699219,336.010009765625,337.5400085449219,331.94000244140625,336.05999755859375,27434400,GOOGL
2026-01-29,337.8102722167969,338.25,342.2900085449219,326.5400085449219,340.29998779296875,39785600,GOOGL
2026-01-30,337.56060791015625,338.0,340.0,332.2900085449219,340.0,31024000,GOOGL
2026-02-02,343.24322509765625,343.69000244140625,344.8299865722656,335.6300048828125,336.2200012207031,32006100,GOOGL
2026-02-03,339.26837158203125,339.7099914550781,349.0,337.4700012207031,347.3399963378906,36506700,GOOGL
2026-02-04,332.6070556640625,333.0400085449219,343.30999755859375,328.5199890136719,342.9599914550781,70618400,GOOGL
2026-02-05,330.8193664550781,331.25,332.69000244140625,306.4599914550781,312.2200012207031,88205800,GOOGL
2026-02-06,322.4402770996094,322.8599853515625,330.3800048828125,319.9200134277344,327.17999267578125,56380500,GOOGL
2026-02-09,323.8984069824219,324.32000732421875,327.70001220703125,317.260009765625,320.92999267578125,39640100,GOOGL
2026-02-10,318.16583251953125,318.5799865722656,321.6700134277344,314.6099853515625,320.9700012207031,39170000,GOOGL
2026-02-11,310.5557556152344,310.9599914550781,321.05999755859375,309.6600036621094,318.9700012207031,45406400,GOOGL
2026-02-12,308.5982971191406,309.0,316.239990234375,307.20001220703125,312.0899963378906,47761300,GOOGL
2026-02-13,305.32257080078125,305.7200012207031,308.6300048828125,303.7099914550781,307.7300109863281,38499700,GOOGL
2026-02-17,301.6273498535156,302.0199890136719,304.44000244140625,296.25,300.0400085449219,39247600,GOOGL
2026-02-18,302.9356689453125,303.3299865722656,305.3800048828125,301.25,302.0899963378906,28482100,GOOGL
2026-02-19,302.456298828125,302.8500061035156,305.4700012207031,300.0400085449219,301.82000732421875,25834400,GOOGL
2026-02-20,314.5705261230469,314.9800109863281,316.5,303.8999938964844,304.32000732421875,53210800,GOOGL
2026-02-23,311.0850524902344,311.489990234375,319.5199890136719,309.8699951171875,319.04998779296875,31423000,GOOGL
2026-02-24,310.495849609375,310.8999938964844,312.2699890136719,305.92999267578125,310.5199890136719,25615600,GOOGL
2026-02-25,312.49322509765625,312.8999938964844,313.6400146484375,309.44000244140625,312.05999755859375,29963600,GOOGL
2026-02-26,306.9804382324219,307.3800048828125,313.1400146484375,302.3500061035156,312.6400146484375,36431200,GOOGL
2026-02-27,311.354736328125,311.760009765625,312.3699951171875,303.79998779296875,304.1400146484375,44640600,GOOGL
2026-03-02,306.12152099609375,306.5199890136719,308.489990234375,301.29998779296875,303.2300109863281,34790200,GOOGL
2026-03-03,303.1853332519531,303.5799865722656,303.94000244140625,296.7099914550781,298.5899963378906,35497000,GOOGL
2026-03-04,302.7359619140625,303.1300048828125,305.4700012207031,300.75,302.8900146484375,29536200,GOOGL
2026-03-05,300.4888610839844,300.8800048828125,303.29998779296875,297.989990234375,303.0400085449219,35752300,GOOGL
2026-03-06,298.1319274902344,298.5199890136719,300.5299987792969,295.17999267578125,296.0899963378906,25576900,GOOGL
2026-03-09,306.1770935058594,306.3599853515625,306.79998779296875,294.0799865722656,294.3599853515625,29312100,GOOGL
2026-03-10,306.8567199707031,307.0400085449219,309.510009765625,305.57000732421875,306.1700134277344,23239700,GOOGL
2026-03-11,308.5157470703125,308.70001220703125,311.4200134277344,305.9200134277344,306.75,24125700,GOOGL
2026-03-12,303.3687744140625,303.54998779296875,308.94000244140625,301.0299987792969,306.82000732421875,24928300,GOOGL
2026-03-13,302.09954833984375,302.2799987792969,307.69000244140625,300.44000244140625,307.010009765625,23693100,GOOGL
2026-03-16,305.3775939941406,305.55999755859375,306.489990234375,303.0199890136719,304.3500061035156,23519700,GOOGL
2026-03-17,310.7344055175781,310.9200134277344,311.4200134277344,305.5,305.8599853515625,21955200,GOOGL
2026-03-18,307.5063171386719,307.69000244140625,312.4700012207031,306.92999267578125,309.2699890136719,20009800,GOOGL
2026-03-19,306.9466552734375,307.1300048828125,308.05999755859375,302.3500061035156,304.010009765625,25075800,GOOGL
2026-03-20,300.8203125,301.0,306.0,298.2699890136719,305.4599914550781,44364100,GOOGL
2026-03-23,301.87969970703125,302.05999755859375,305.9800109863281,300.92999267578125,302.1099853515625,29326900,GOOGL
2026-03-24,290.2666320800781,290.44000244140625,299.9200134277344,290.3299865722656,299.20001220703125,36864300,GOOGL
2026-03-25,290.7563171386719,290.92999267578125,296.0,289.239990234375,293.44000244140625,29460700,GOOGL
2026-03-26,280.7523193359375,280.9200134277344,287.95001220703125,278.5,287.9100036621094,39080600,GOOGL
2026-03-27,274.1762390136719,274.3399963378906,279.3699951171875,273.95001220703125,277.2799987792969,35890600,GOOGL
2026-03-30,273.33673095703125,273.5,277.0899963378906,272.1099853515625,276.4200134277344,35141200,GOOGL
2026-03-31,287.3883361816406,287.55999755859375,288.0799865722656,277.0899963378906,278.0400085449219,43875400,GOOGL
2026-04-01,297.2124938964844,297.3900146484375,300.5199890136719,290.4100036621094,290.8399963378906,37684500,GOOGL
2026-04-02,295.59344482421875,295.7699890136719,298.0799865722656,289.45001220703125,290.69000244140625,21666500,GOOGL
2026-04-06,299.8109130859375,299.989990234375,300.6199951171875,295.17999267578125,295.8699951171875,16945500,GOOGL
2026-04-07,305.27764892578125,305.4599914550781,305.6300048828125,297.7200012207031,302.7300109863281,23205400,GOOGL
2026-04-08,317.1305847167969,317.32000732421875,322.0799865722656,315.0199890136719,320.45001220703125,33547100,GOOGL
2026-04-09,318.29986572265625,318.489990234375,319.5400085449219,311.05999755859375,315.9100036621094,23739200,GOOGL
2026-04-10,317.0506286621094,317.239990234375,321.8299865722656,316.32000732421875,320.0199890136719,19152600,GOOGL
2026-04-13,321.1181945800781,321.30999755859375,321.6300048828125,315.4700012207031,317.1400146484375,18866400,GOOGL
2026-04-14,332.7112731933594,332.9100036621094,333.2900085449219,323.75,324.7900085449219,27721400,GOOGL
2026-04-15,336.91876220703125,337.1199951171875,337.4800109863281,330.8999938964844,332.8900146484375,24918800,GOOGL
2026-04-16,335.81939697265625,336.0199890136719,339.8800048828125,334.5199890136719,338.75,20541500,GOOGL
2026-04-17,341.4760437011719,341.67999267578125,342.32000732421875,336.239990234375,337.6499938964844,25581900,GOOGL
2026-04-20,337.2185974121094,337.4200134277344,341.3999938964844,336.6099853515625,340.760009765625,18784200,GOOGL
2026-04-21,332.0916442871094,332.2900085449219,339.3399963378906,331.3500061035156,337.69000244140625,23123800,GOOGL
2026-04-22,339.1174621582031,339.32000732421875,339.82000732421875,335.1700134277344,337.0199890136719,20293000,GOOGL
2026-04-23,338.6877136230469,338.8900146484375,341.9599914550781,336.17999267578125,341.17999267578125,18650300,GOOGL
2026-04-24,344.19439697265625,344.3999938964844,345.2699890136719,335.3900146484375,338.7300109863281,26426100,GOOGL
2026-04-27,350.130859375,350.3399963378906,353.17999267578125,342.7300109863281,345.9800109863281,28576900,GOOGL
2026-04-28,349.5711975097656,349.7799987792969,352.4200134277344,346.1199951171875,348.54998779296875,27824100,GOOGL
2026-04-29,349.7311096191406,349.94000244140625,355.7900085449219,344.2099914550781,347.57000732421875,35376300,GOOGL
2026-04-30,384.5702819824219,384.79998779296875,385.8399963378906,365.82000732421875,374.07000732421875,72040000,GOOGL
2026-05-01,385.45977783203125,385.69000244140625,386.760009765625,379.04998779296875,381.6300048828125,30105200,GOOGL
2026-05-04,383.0212097167969,383.25,387.3800048828125,379.7900085449219,385.6300048828125,26298600,GOOGL
2026-05-05,388.1981201171875,388.42999267578125,392.82000732421875,384.0199890136719,386.2300109863281,23878600,GOOGL
2026-05-06,397.8023986816406,398.0400085449219,399.8500061035156,392.760009765625,394.25,31308500,GOOGL
2026-05-07,397.7524108886719,397.989990234375,400.1000061035156,392.67999267578125,399.9200134277344,24433500,GOOGL
2026-05-08,400.56072998046875,400.79998779296875,402.0,396.3599853515625,397.0,21461800,GOOGL
2026-05-11,388.40802001953125,388.6400146484375,397.44000244140625,388.4700012207031,393.6499938964844,30753700,GOOGL
2026-05-12,387.1187744140625,387.3500061035156,388.5199890136719,382.7699890136719,387.3399963378906,26017500,GOOGL
2026-05-13,402.3796691894531,402.6199951171875,403.70001220703125,385.0,385.6000061035156,28144600,GOOGL
2026-05-14,400.8305969238281,401.07000732421875,402.92999267578125,395.8399963378906,397.2799987792969,21136700,GOOGL
2026-05-15,396.54315185546875,396.7799987792969,399.5400085449219,393.17999267578125,396.32000732421875,20309700,GOOGL
2026-05-18,396.70306396484375,396.94000244140625,408.6099853515625,394.5299987792969,395.69000244140625,26837200,GOOGL
2026-05-19,387.4285888671875,387.6600036621094,397.1499938964844,386.1099853515625,396.9599914550781,39545700,GOOGL
2026-05-20,388.6778564453125,388.9100036621094,393.8599853515625,382.8999938964844,387.70001220703125,31744400,GOOGL
2026-05-21,387.4285888671875,387.6600036621094,392.5,383.0199890136719,385.70001220703125,24852800,GOOGL
2026-05-22,382.74139404296875,382.9700012207031,388.739990234375,381.7699890136719,387.3500061035156,20442100,GOOGL
2026-05-26,388.6478576660156,388.8800048828125,389.260009765625,382.6000061035156,384.510009765625,27747400,GOOGL
2026-05-27,388.5978698730469,388.8299865722656,393.8800048828125,385.8999938964844,386.6700134277344,23087300,GOOGL
2026-05-28,389.8971252441406,390.1300048828125,391.8699951171875,385.1600036621094,388.0,24357500,GOOGL
2026-05-29,380.1129455566406,380.3399963378906,385.239990234375,378.4599914550781,385.239990234375,44415800,GOOGL
2026-06-01,376.14532470703125,376.3699951171875,378.55999755859375,373.5199890136719,376.5199890136719,28672100,GOOGL
2026-06-02,361.6340026855469,361.8500061035156,373.5400085449219,358.44000244140625,366.5899963378906,50412300,GOOGL
2026-06-03,358.77569580078125,358.989990234375,366.45001220703125,358.0799865722656,362.0299987792969,55441600,GOOGL
2026-06-04,371.96783447265625,372.19000244140625,373.25,358.2099914550781,358.8999938964844,44055500,GOOGL
2026-06-05,368.30999755859375,368.5299987792969,372.0799865722656,364.1199951171875,366.3399963378906,37471200,GOOGL
2026-06-08,363.30999755859375,363.30999755859375,366.20001220703125,360.5299987792969,365.17999267578125,27942500,GOOGL
2026-06-09,364.260009765625,364.260009765625,372.0799865722656,357.29998779296875,367.0899963378906,29535100,GOOGL
2026-06-10,356.3800048828125,356.3800048828125,368.55999755859375,355.20001220703125,363.19000244140625,32357100,GOOGL
2026-06-11,357.7699890136719,357.7699890136719,358.79998779296875,346.3599853515625,355.92999267578125,35538200,GOOGL
2026-06-12,359.67999267578125,359.67999267578125,366.57000732421875,354.94000244140625,362.6199951171875,24704600,GOOGL
2026-06-15,369.3500061035156,369.3500061035156,372.989990234375,366.54998779296875,367.92999267578125,27727500,GOOGL
2026-06-16,373.25,373.25,376.0,367.05999755859375,369.6000061035156,24876100,GOOGL
2026-06-17,363.7900085449219,363.7900085449219,372.3299865722656,362.0199890136719,369.1300048828125,24543600,GOOGL
2026-06-18,368.0299987792969,368.0299987792969,369.4800109863281,358.6700134277344,365.75,44470100,GOOGL
2026-06-22,349.67999267578125,349.67999267578125,358.9200134277344,341.7200012207031,357.95001220703125,52814800,GOOGL
2026-06-23,346.1300048828125,346.1300048828125,349.2900085449219,340.20001220703125,340.69000244140625,34007700,GOOGL
2026-06-24,345.2900085449219,345.2900085449219,353.4800109863281,341.92999267578125,349.0400085449219,44997300,GOOGL
2026-06-25,343.7099914550781,343.7099914550781,345.57000732421875,335.8399963378906,336.7300109863281,44491400,GOOGL
2026-06-26,337.3900146484375,337.3900146484375,346.3599853515625,330.20001220703125,342.54998779296875,114706300,GOOGL
2026-06-29,353.6499938964844,353.6499938964844,354.3500061035156,340.6700134277344,341.8299865722656,34213900,GOOGL
2026-06-30,357.3699951171875,357.3699951171875,358.6199951171875,350.3999938964844,353.8699951171875,35237200,GOOGL
2026-07-01,361.2099914550781,361.2099914550781,362.9700012207031,356.42999267578125,358.3699951171875,26736400,GOOGL
2026-07-02,359.9100036621094,359.9100036621094,364.2099914550781,353.4200134277344,359.4800109863281,25974800,GOOGL
2026-07-06,366.4599914550781,366.4599914550781,367.92999267578125,357.3800048828125,361.54998779296875,26915800,GOOGL
2026-07-07,367.0299987792969,367.0299987792969,373.1600036621094,365.5,369.07000732421875,24045600,GOOGL
2026-07-08,361.9200134277344,361.9200134277344,367.8399963378906,358.0199890136719,364.760009765625,22094800,GOOGL
2026-07-09,358.8900146484375,358.8900146484375,359.6499938964844,351.0799865722656,354.30999755859375,24729100,GOOGL
2026-07-10,357.17999267578125,357.17999267578125,357.82000732421875,352.75,357.5299987792969,18146100,GOOGL
2026-07-13,352.510009765625,352.510009765625,358.1300048828125,351.75,356.19000244140625,15901700,GOOGL
2026-07-14,359.510009765625,359.510009765625,360.1600036621094,351.0899963378906,351.20001220703125,18259400,GOOGL
2026-07-15,370.9200134277344,370.9200134277344,373.6499938964844,357.760009765625,357.9700012207031,28284600,GOOGL
2026-07-16,354.4599914550781,354.4599914550781,375.2699890136719,352.29998779296875,373.05999755859375,41026700,GOOGL
2019-01-02,76.95649719238281,76.95649719238281,77.66799926757812,73.04650115966797,73.26000213623047,159662000,AMZN
2019-01-03,75.01399993896484,75.01399993896484,76.9000015258789,74.85549926757812,76.00050354003906,139512000,AMZN
2019-01-04,78.76950073242188,78.76950073242188,79.69999694824219,75.91549682617188,76.5,183652000,AMZN
2019-01-07,81.47550201416016,81.47550201416016,81.72799682617188,79.45950317382812,80.1155014038086,159864000,AMZN
2019-01-08,82.8290023803711,82.8290023803711,83.83049774169922,80.83049774169922,83.2344970703125,177628000,AMZN
2019-01-09,82.97100067138672,82.97100067138672,83.38999938964844,82.06999969482422,82.64900207519531,126976000,AMZN
2019-01-10,82.81099700927734,82.81099700927734,83.1624984741211,81.08100128173828,82.05049896240234,130154000,AMZN
2019-01-11,82.02799987792969,82.02799987792969,83.0145034790039,81.81099700927734,82.02749633789062,93724000,AMZN
2019-01-14,80.8604965209961,80.8604965209961,82.41000366210938,79.75749969482422,80.75,120118000,AMZN
2019-01-15,83.72799682617188,83.72799682617188,83.75800323486328,81.30049896240234,81.5999984741211,119970000,AMZN
2019-01-16,84.18900299072266,84.18900299072266,85.25,83.79399871826172,84.21099853515625,127338000,AMZN
2019-01-17,84.66100311279297,84.66100311279297,85.00849914550781,83.875,84.0,84178000,AMZN
2019-01-18,84.80999755859375,84.80999755859375,85.80999755859375,84.5770034790039,85.5999984741211,120410000,AMZN
2019-01-22,81.6084976196289,81.6084976196289,84.09349822998047,80.51000213623047,84.05000305175781,128336000,AMZN
2019-01-23,82.0009994506836,82.0009994506836,82.87149810791016,80.5999984741211,82.80000305175781,104504000,AMZN
2019-01-24,82.74649810791016,82.74649810791016,82.86299896240234,81.58899688720703,82.05349731445312,81798000,AMZN
2019-01-25,83.52850341796875,83.52850341796875,84.17400360107422,83.08049774169922,83.5250015258789,98918000,AMZN
2019-01-28,81.89450073242188,81.89450073242188,82.25,80.70449829101562,82.17949676513672,96754000,AMZN
2019-01-29,79.69400024414062,79.69400024414062,81.61900329589844,79.53600311279297,81.5634994506836,92656000,AMZN
2019-01-30,83.52149963378906,83.52149963378906,83.84750366210938,80.98400115966797,81.1500015258789,115676000,AMZN
2019-01-31,85.9365005493164,85.9365005493164,86.82050323486328,83.9540023803711,84.64250183105469,218206000,AMZN
2019-02-01,81.3115005493164,81.3115005493164,83.65299987792969,81.10050201416016,81.94400024414062,230124000,AMZN
2019-02-04,81.66549682617188,81.66549682617188,82.48149871826172,80.67500305175781,81.1500015258789,98582000,AMZN
2019-02-05,82.94049835205078,82.94049835205078,83.26300048828125,82.125,82.16699981689453,89062000,AMZN
2019-02-06,82.01300048828125,82.01300048828125,83.61299896240234,81.66699981689453,83.5374984741211,78798000,AMZN
2019-02-07,80.71849822998047,80.71849822998047,81.2770004272461,79.64550018310547,81.25,92532000,AMZN
2019-02-08,79.41100311279297,79.41100311279297,79.42949676513672,78.33799743652344,79.30000305175781,113150000,AMZN
2019-02-11,79.55000305175781,79.55000305175781,80.4645004272461,79.30000305175781,80.04900360107422,66346000,AMZN
2019-02-12,81.90049743652344,81.90049743652344,81.97000122070312,79.94400024414062,80.19999694824219,97172000,AMZN
2019-02-13,82.0,82.0,82.81900024414062,81.85549926757812,82.3499984741211,71206000,AMZN
2019-02-14,81.13249969482422,81.13249969482422,81.8949966430664,80.3030014038086,81.2249984741211,82410000,AMZN
2019-02-15,80.39749908447266,80.39749908447266,81.44550323486328,80.2249984741211,81.39299774169922,86878000,AMZN
2019-02-19,81.37899780273438,81.37899780273438,81.69999694824219,80.02799987792969,80.05000305175781,73634000,AMZN
2019-02-20,81.1050033569336,81.1050033569336,81.74649810791016,80.50599670410156,81.5,66752000,AMZN
2019-02-21,80.97200012207031,80.97200012207031,81.1780014038086,80.04550170898438,80.99250030517578,69668000,AMZN
2019-02-22,81.5780029296875,81.5780029296875,81.74700164794922,81.05850219726562,81.17500305175781,61924000,AMZN
2019-02-25,81.6500015258789,81.6500015258789,82.7300033569336,81.51950073242188,82.07250213623047,63690000,AMZN
2019-02-26,81.81999969482422,81.81999969482422,81.99949645996094,80.80650329589844,81.29900360107422,53316000,AMZN
2019-02-27,82.05449676513672,82.05449676513672,82.09049987792969,80.75499725341797,81.40899658203125,62976000,AMZN
2019-02-28,81.99150085449219,81.99150085449219,82.5885009765625,81.69149780273438,81.76249694824219,60518000,AMZN
2019-03-01,83.58650207519531,83.58650207519531,83.71299743652344,82.55000305175781,82.75650024414062,99498000,AMZN
2019-03-04,84.80850219726562,84.80850219726562,85.47149658203125,83.71800231933594,84.25,123348000,AMZN
2019-03-05,84.62149810791016,84.62149810791016,85.38999938964844,84.45050048828125,85.14749908447266,73630000,AMZN
2019-03-06,83.44750213623047,83.44750213623047,84.88749694824219,83.41400146484375,84.79850006103516,79920000,AMZN
2019-03-07,81.29750061035156,81.29750061035156,83.48750305175781,81.02549743652344,83.36849975585938,99140000,AMZN
2019-03-08,81.04000091552734,81.04000091552734,81.13600158691406,79.32849884033203,80.20050048828125,93340000,AMZN
2019-03-11,83.53099822998047,83.53099822998047,83.614501953125,81.30049896240234,81.30599975585938,77528000,AMZN
2019-03-12,83.65499877929688,83.65499877929688,84.2135009765625,83.04900360107422,83.44999694824219,72290000,AMZN
2019-03-13,84.54049682617188,84.54049682617188,85.0,83.96749877929688,84.1500015258789,71040000,AMZN
2019-03-14,84.31099700927734,84.31099700927734,85.0999984741211,84.21700286865234,84.55999755859375,58932000,AMZN
2019-03-15,85.61799621582031,85.61799621582031,85.94000244140625,84.65650177001953,85.1500015258789,151018000,AMZN
2019-03-18,87.10749816894531,87.10749816894531,87.5,85.63150024414062,85.63500213623047,108582000,AMZN
2019-03-19,88.09249877929688,88.09249877929688,89.20800018310547,87.67549896240234,87.67549896240234,127284000,AMZN
2019-03-20,89.8635025024414,89.8635025024414,89.9749984741211,88.35150146484375,88.49700164794922,125312000,AMZN
2019-03-21,90.96299743652344,90.96299743652344,91.1875,89.36399841308594,89.81300354003906,115356000,AMZN
2019-03-22,88.2385025024414,88.2385025024414,90.9489974975586,88.15550231933594,90.50849914550781,127260000,AMZN
2019-03-25,88.71299743652344,88.71299743652344,89.13400268554688,87.375,87.8895034790039,102076000,AMZN
2019-03-26,89.18800354003906,89.18800354003906,90.28849792480469,88.66799926757812,89.6500015258789,97318000,AMZN
2019-03-27,88.28500366210938,88.28500366210938,89.375,87.28399658203125,89.20649719238281,86496000,AMZN
2019-03-28,88.6709976196289,88.6709976196289,88.89649963378906,87.67350006103516,88.5,60860000,AMZN
2019-03-29,89.0374984741211,89.0374984741211,89.64299774169922,88.83149719238281,89.3290023803711,66416000,AMZN
2019-04-01,90.70950317382812,90.70950317382812,90.78350067138672,89.9365005493164,90.00550079345703,84776000,AMZN
2019-04-02,90.6989974975586,90.6989974975586,91.0,90.25599670410156,90.5510025024414,68962000,AMZN
2019-04-03,91.03500366210938,91.03500366210938,91.5,90.48100280761719,91.33599853515625,78522000,AMZN
2019-04-04,90.94300079345703,90.94300079345703,91.4375,90.20999908447266,91.03250122070312,72478000,AMZN
2019-04-05,91.86399841308594,91.86399841308594,91.92900085449219,91.2594985961914,91.44999694824219,72810000,AMZN
2019-04-08,92.49299621582031,92.49299621582031,92.51000213623047,91.25550079345703,91.6614990234375,75056000,AMZN
2019-04-09,91.79199981689453,91.79199981689453,92.65450286865234,91.58899688720703,92.27449798583984,74288000,AMZN
2019-04-10,92.36650085449219,92.36650085449219,92.4000015258789,91.44049835205078,92.05000305175781,59280000,AMZN
2019-04-11,92.20349884033203,92.20349884033203,92.49749755859375,92.0155029296875,92.43499755859375,53096000,AMZN
2019-04-12,92.15299987792969,92.15299987792969,92.57499694824219,92.06500244140625,92.41999816894531,62288000,AMZN
2019-04-15,92.24349975585938,92.24349975585938,92.34249877929688,90.94499969482422,92.0999984741211,74488000,AMZN
2019-04-16,93.1520004272461,93.1520004272461,93.4885025024414,92.4000015258789,92.56749725341797,60892000,AMZN
2019-04-17,93.24099731445312,93.24099731445312,93.82350158691406,93.02200317382812,93.64949798583984,57870000,AMZN
2019-04-18,93.08450317382812,93.08450317382812,93.54100036621094,92.9739990234375,93.43949890136719,54998000,AMZN
2019-04-22,94.3655014038086,94.3655014038086,94.4209976196289,92.28199768066406,92.7699966430664,67476000,AMZN
2019-04-23,96.1884994506836,96.1884994506836,96.46299743652344,94.47899627685547,94.55999755859375,92808000,AMZN
2019-04-24,95.0875015258789,95.0875015258789,96.4844970703125,94.90799713134766,96.25,73516000,AMZN
2019-04-25,95.11250305175781,95.11250305175781,96.12249755859375,95.0155029296875,95.8499984741211,121982000,AMZN
2019-04-26,97.53150177001953,97.53150177001953,97.55000305175781,94.9000015258789,96.44999694824219,168652000,AMZN
2019-04-29,96.92150115966797,96.92150115966797,97.81700134277344,96.70449829101562,97.44999694824219,80426000,AMZN
2019-04-30,96.32599639892578,96.32599639892578,96.7854995727539,95.34750366210938,96.50499725341797,70120000,AMZN
2019-05-01,95.57599639892578,95.57599639892578,97.18199920654297,95.52749633789062,96.65450286865234,62340000,AMZN
2019-05-02,95.04100036621094,95.04100036621094,96.07749938964844,94.09349822998047,95.66649627685547,79258000,AMZN
2019-05-03,98.12300109863281,98.12300109863281,98.22000122070312,96.80000305175781,97.44999694824219,127632000,AMZN
2019-05-06,97.52749633789062,97.52749633789062,97.94999694824219,95.5250015258789,95.89900207519531,108356000,AMZN
2019-05-07,96.05000305175781,96.05000305175781,97.45500183105469,95.16899871826172,96.99949645996094,118042000,AMZN
2019-05-08,95.88849639892578,95.88849639892578,96.76850128173828,95.5,95.94349670410156,81572000,AMZN
2019-05-09,94.99349975585938,94.99349975585938,95.47000122070312,93.80000305175781,95.0,106166000,AMZN
2019-05-10,94.4990005493164,94.4990005493164,95.18949890136719,92.80000305175781,94.9000015258789,114360000,AMZN
2019-05-13,91.13400268554688,91.13400268554688,92.3270034790039,90.9000015258789,91.8280029296875,115668000,AMZN
2019-05-14,92.00599670410156,92.00599670410156,92.62200164794922,90.7874984741211,91.9749984741211,92582000,AMZN
2019-05-15,93.55750274658203,93.55750274658203,93.72149658203125,91.1500015258789,91.39749908447266,93852000,AMZN
2019-05-16,95.37850189208984,95.37850189208984,95.87550354003906,94.114501953125,94.2969970703125,94156000,AMZN
2019-05-17,93.44999694824219,93.44999694824219,95.52649688720703,93.36650085449219,94.65249633789062,94732000,AMZN
2019-05-20,92.94850158691406,92.94850158691406,93.38899993896484,91.7770004272461,92.6344985961914,75964000,AMZN
2019-05-21,92.8759994506836,92.8759994506836,93.94999694824219,92.30000305175781,93.739501953125,80102000,AMZN
2019-05-22,92.98400115966797,92.98400115966797,93.57450103759766,92.55000305175781,92.58899688720703,58732000,AMZN
2019-05-23,90.77400207519531,90.77400207519531,92.19999694824219,90.20999908447266,91.82949829101562,88486000,AMZN
2019-05-24,91.16400146484375,91.16400146484375,92.08799743652344,90.89250183105469,91.79450225830078,67394000,AMZN
2019-05-28,91.82150268554688,91.82150268554688,92.4635009765625,91.36750030517578,91.63749694824219,64000000,AMZN
2019-05-29,90.95950317382812,90.95950317382812,91.5,90.37650299072266,91.15599822998047,85580000,AMZN
2019-05-30,90.81600189208984,90.81600189208984,91.47350311279297,90.3915023803711,91.27449798583984,62938000,AMZN
2019-05-31,88.75350189208984,88.75350189208984,89.77950286865234,88.63500213623047,89.50050354003906,92376000,AMZN
2019-06-03,84.6344985961914,84.6344985961914,88.31449890136719,83.5999984741211,88.00050354003906,181974000,AMZN
2019-06-04,86.47799682617188,86.47799682617188,86.54100036621094,84.04450225830078,84.96199798583984,113582000,AMZN
2019-06-05,86.92500305175781,86.92500305175781,87.5999984741211,85.76249694824219,87.4800033569336,84796000,AMZN
2019-06-06,87.71800231933594,87.71800231933594,88.0,86.30650329589844,86.885498046875,73786000,AMZN
2019-06-07,90.20149993896484,90.20149993896484,90.3125,87.97450256347656,88.18499755859375,96164000,AMZN
2019-06-10,93.03150177001953,93.03150177001953,94.24349975585938,90.9000015258789,91.0999984741211,107420000,AMZN
2019-06-11,93.18499755859375,93.18499755859375,94.68499755859375,92.9000015258789,94.1624984741211,80854000,AMZN
2019-06-12,92.76599884033203,92.76599884033203,93.25,92.21900177001953,92.6989974975586,53566000,AMZN
2019-06-13,93.51499938964844,93.51499938964844,94.15450286865234,93.11100006103516,93.33599853515625,55916000,AMZN
2019-06-14,93.4834976196289,93.4834976196289,93.80000305175781,92.94999694824219,93.19999694824219,57024000,AMZN
2019-06-17,94.30149841308594,94.30149841308594,94.78450012207031,93.77249908447266,93.82499694824219,52686000,AMZN
2019-06-18,95.06849670410156,95.06849670410156,96.08350372314453,94.989501953125,95.06749725341797,77914000,AMZN
2019-06-19,95.43949890136719,95.43949890136719,95.97899627685547,94.62349700927734,95.39199829101562,57906000,AMZN
2019-06-20,95.90950012207031,95.90950012207031,96.76000213623047,95.29000091552734,96.66649627685547,64344000,AMZN
2019-06-21,95.56500244140625,95.56500244140625,96.29750061035156,95.37899780273438,95.80500030517578,78672000,AMZN
2019-06-24,95.69499969482422,95.69499969482422,95.84300231933594,95.06500244140625,95.63300323486328,45660000,AMZN
2019-06-25,93.91349792480469,93.91349792480469,95.81950378417969,93.62100219726562,95.59200286865234,60246000,AMZN
2019-06-26,94.8915023803711,94.8915023803711,95.19000244140625,94.36599731445312,94.6240005493164,48838000,AMZN
2019-06-27,95.21399688720703,95.21399688720703,95.56199645996094,94.9020004272461,95.0999984741211,42834000,AMZN
2019-06-28,94.68150329589844,94.68150329589844,95.64700317382812,94.19999694824219,95.45500183105469,60748000,AMZN
2019-07-01,96.1094970703125,96.1094970703125,96.49099731445312,95.73300170898438,96.14900207519531,63842000,AMZN
2019-07-02,96.71549987792969,96.71549987792969,96.739501953125,95.33149719238281,95.96900177001953,52918000,AMZN
2019-07-03,96.94999694824219,96.94999694824219,97.07949829101562,96.5250015258789,96.79450225830078,33806000,AMZN
2019-07-05,97.14550018310547,97.14550018310547,97.29499816894531,96.26499938964844,96.43000030517578,52568000,AMZN
2019-07-08,97.61599731445312,97.61599731445312,97.80000305175781,96.4124984741211,96.70600128173828,57668000,AMZN
2019-07-09,99.41500091552734,99.41500091552734,99.50050354003906,97.17400360107422,97.38999938964844,86914000,AMZN
2019-07-10,100.87049865722656,100.87049865722656,101.24700164794922,99.7699966430664,99.82550048828125,98638000,AMZN
2019-07-11,100.05349731445312,100.05349731445312,101.79000091552734,99.76499938964844,101.28099822998047,86356000,AMZN
2019-07-12,100.55000305175781,100.55000305175781,100.8499984741211,100.19349670410156,100.41349792480469,50186000,AMZN
2019-07-15,101.04949951171875,101.04949951171875,101.1449966430664,100.07749938964844,101.06999969482422,59626000,AMZN
2019-07-16,100.49500274658203,100.49500274658203,101.31600189208984,100.06099700927734,100.52899932861328,52364000,AMZN
2019-07-17,99.60150146484375,99.60150146484375,100.5999984741211,99.60150146484375,100.35250091552734,51176000,AMZN
2019-07-18,98.8949966430664,98.8949966430664,99.375,97.57749938964844,99.00050354003906,69738000,AMZN
2019-07-19,98.22599792480469,98.22599792480469,99.80000305175781,98.11150360107422,99.56050109863281,63712000,AMZN
2019-07-22,99.28150177001953,99.28150177001953,99.44999694824219,97.91300201416016,98.55699920654297,58000000,AMZN
2019-07-23,99.72450256347656,99.72450256347656,99.8895034790039,98.65650177001953,99.79949951171875,54070000,AMZN
2019-07-24,100.04049682617188,100.04049682617188,100.06500244140625,98.29350280761719,98.46499633789062,52626000,AMZN
2019-07-25,98.69100189208984,98.69100189208984,100.05999755859375,98.63600158691406,100.05000305175781,82730000,AMZN
2019-07-26,97.15249633789062,97.15249633789062,97.54499816894531,96.22550201416016,97.0999984741211,98542000,AMZN
2019-07-29,95.62249755859375,95.62249755859375,96.61150360107422,94.5270004272461,96.5,89864000,AMZN
2019-07-30,94.92649841308594,94.92649841308594,95.49449920654297,94.17400360107422,94.55599975585938,58218000,AMZN
2019-07-31,93.33899688720703,93.33899688720703,94.97750091552734,92.47200012207031,94.90550231933594,89414000,AMZN
2019-08-01,92.76599884033203,92.76599884033203,94.89600372314453,92.20050048828125,93.58599853515625,94266000,AMZN
2019-08-02,91.16200256347656,91.16200256347656,92.31800079345703,90.4010009765625,92.25350189208984,99124000,AMZN
2019-08-05,88.25650024414062,88.25650024414062,89.43350219726562,87.43900299072266,88.51100158691406,121164000,AMZN
2019-08-06,89.3915023803711,89.3915023803711,89.6884994506836,87.66999816894531,89.61150360107422,101406000,AMZN
2019-08-07,89.66999816894531,89.66999816894531,89.94650268554688,87.8499984741211,88.69950103759766,90538000,AMZN
2019-08-08,91.64450073242188,91.64450073242188,91.71299743652344,89.90550231933594,90.30000305175781,74024000,AMZN
2019-08-09,90.37899780273438,90.37899780273438,91.55449676513672,90.11100006103516,91.44750213623047,57596000,AMZN
2019-08-12,89.24600219726562,89.24600219726562,90.04900360107422,88.8499984741211,89.79949951171875,58110000,AMZN
2019-08-13,91.21700286865234,91.21700286865234,91.58699798583984,89.0,89.1500015258789,79880000,AMZN
2019-08-14,88.14800262451172,88.14800262451172,89.78250122070312,87.86100006103516,89.65049743652344,97872000,AMZN
2019-08-15,88.80599975585938,88.80599975585938,89.4000015258789,88.0979995727539,89.09950256347656,75182000,AMZN
2019-08-16,89.62850189208984,89.62850189208984,90.14550018310547,89.22750091552734,89.64450073242188,60360000,AMZN
2019-08-19,90.80599975585938,90.80599975585938,91.30000305175781,90.63050079345703,90.90399932861328,56326000,AMZN
2019-08-20,90.06900024414062,90.06900024414062,90.84100341796875,89.99400329589844,90.7249984741211,38590000,AMZN
2019-08-21,91.177001953125,91.177001953125,91.47899627685547,90.75,90.96949768066406,40636000,AMZN
2019-08-22,90.23300170898438,90.23300170898438,91.47049713134766,90.00499725341797,91.4000015258789,53070000,AMZN
2019-08-23,87.48100280761719,87.48100280761719,90.24500274658203,87.2614974975586,89.65149688720703,105416000,AMZN
2019-08-26,88.44349670410156,88.44349670410156,88.5,87.17549896240234,88.34549713134766,61600000,AMZN
2019-08-27,88.09149932861328,88.09149932861328,88.97000122070312,87.33399963378906,88.7864990234375,60394000,AMZN
2019-08-28,88.2125015258789,88.2125015258789,88.39299774169922,87.20249938964844,87.75,48394000,AMZN
2019-08-29,89.31999969482422,89.31999969482422,89.92749786376953,88.86250305175781,89.1500015258789,60302000,AMZN
2019-08-30,88.81449890136719,88.81449890136719,89.98699951171875,88.22850036621094,89.87449645996094,61174000,AMZN
2019-09-03,89.49199676513672,89.49199676513672,90.04000091552734,88.4000015258789,88.5,70860000,AMZN
2019-09-04,90.03099822998047,90.03099822998047,90.38150024414062,89.8115005493164,90.25,46482000,AMZN
2019-09-05,92.03600311279297,92.03600311279297,92.0999984741211,90.77899932861328,91.09750366210938,66216000,AMZN
2019-09-06,91.67549896240234,91.67549896240234,92.03250122070312,91.31999969482422,91.91100311279297,49938000,AMZN
2019-09-09,91.56749725341797,91.56749725341797,92.5,91.23049926757812,92.05000305175781,59990000,AMZN
2019-09-10,91.02749633789062,91.02749633789062,91.29049682617188,90.26699829101562,91.13749694824219,52278000,AMZN
2019-09-11,91.14949798583984,91.14949798583984,91.6709976196289,90.4540023803711,90.60700225830078,48656000,AMZN
2019-09-12,92.17749786376953,92.17749786376953,92.68299865722656,91.71399688720703,91.88150024414062,56470000,AMZN
2019-09-13,91.96700286865234,91.96700286865234,92.30599975585938,91.75849914550781,92.10050201416016,39426000,AMZN
2019-09-16,90.39199829101562,90.39199829101562,91.28450012207031,90.01000213623047,91.20099639892578,73510000,AMZN
2019-09-17,91.12750244140625,91.12750244140625,91.19950103759766,90.20500183105469,90.35399627685547,39648000,AMZN
2019-09-18,90.87300109863281,90.87300109863281,91.10299682617188,89.7750015258789,90.85199737548828,50112000,AMZN
2019-09-19,91.07499694824219,91.07499694824219,91.62850189208984,90.8949966430664,91.0510025024414,40630000,AMZN
2019-09-20,89.70800018310547,89.70800018310547,91.53150177001953,89.0459976196289,91.08550262451172,106838000,AMZN
2019-09-23,89.26499938964844,89.26499938964844,89.63500213623047,88.36599731445312,88.8499984741211,58446000,AMZN
2019-09-24,87.08049774169922,87.08049774169922,89.7854995727539,86.77749633789062,89.53050231933594,92320000,AMZN
2019-09-25,88.41649627685547,88.41649627685547,88.6500015258789,86.1500015258789,87.36799621582031,69864000,AMZN
2019-09-26,86.99199676513672,86.99199676513672,88.16850280761719,86.57499694824219,88.1395034790039,70736000,AMZN
2019-09-27,86.27249908447266,86.27249908447266,87.45600128173828,85.69100189208984,87.4000015258789,78144000,AMZN
2019-09-30,86.79550170898438,86.79550170898438,86.87300109863281,85.46099853515625,86.34950256347656,52894000,AMZN
2019-10-01,86.78250122070312,86.78250122070312,87.77999877929688,86.42050170898438,87.30000305175781,61690000,AMZN
2019-10-02,85.6614990234375,85.6614990234375,86.44450378417969,85.25,86.38700103759766,66022000,AMZN
2019-10-03,86.22100067138672,86.22100067138672,86.25,84.25299835205078,85.6500015258789,69364000,AMZN
2019-10-04,86.98249816894531,86.98249816894531,87.02899932861328,85.96150207519531,86.3010025024414,49438000,AMZN
2019-10-07,86.63300323486328,86.63300323486328,87.3915023803711,86.18499755859375,86.58149719238281,43094000,AMZN
2019-10-08,85.27549743652344,85.27549743652344,86.3499984741211,85.25,86.12449645996094,50840000,AMZN
2019-10-09,86.09950256347656,86.09950256347656,86.49749755859375,85.71800231933594,85.98049926757812,40870000,AMZN
2019-10-10,86.01300048828125,86.01300048828125,86.91449737548828,85.6875,86.26200103759766,51504000,AMZN
2019-10-11,86.59600067138672,86.59600067138672,87.27249908447266,86.49299621582031,87.14600372314453,65100000,AMZN
2019-10-14,86.82150268554688,86.82150268554688,87.09449768066406,86.0999984741211,86.44550323486328,38204000,AMZN
2019-10-15,88.36900329589844,88.36900329589844,88.82250213623047,87.03099822998047,87.10700225830078,62234000,AMZN
2019-10-16,88.87149810791016,88.87149810791016,89.31199645996094,88.5260009765625,88.66649627685547,55268000,AMZN
2019-10-17,89.3740005493164,89.3740005493164,89.94249725341797,89.10099792480469,89.82450103759766,52948000,AMZN
2019-10-18,87.87550354003906,87.87550354003906,89.6989974975586,87.45999908447266,89.38999938964844,67250000,AMZN
2019-10-21,89.28299713134766,89.28299713134766,89.29399871826172,88.25,88.48300170898438,42608000,AMZN
2019-10-22,88.2864990234375,88.2864990234375,89.48899841308594,88.0999984741211,89.40750122070312,42234000,AMZN
2019-10-23,88.1084976196289,88.1084976196289,88.50250244140625,87.0999984741211,88.06500244140625,42764000,AMZN
2019-10-24,89.03900146484375,89.03900146484375,89.41699981689453,88.01349639892578,88.55449676513672,88922000,AMZN
2019-10-25,88.06649780273438,88.06649780273438,88.21050262451172,84.75,84.87750244140625,192528000,AMZN
2019-10-28,88.85399627685547,88.85399627685547,88.93499755859375,87.125,87.40299987792969,74178000,AMZN
2019-10-29,88.135498046875,88.135498046875,88.8499984741211,87.79049682617188,88.7405014038086,45538000,AMZN
2019-10-30,88.99949645996094,88.99949645996094,89.11900329589844,87.95600128173828,88.01200103759766,48988000,AMZN
2019-10-31,88.83300018310547,88.83300018310547,89.5999984741211,88.5739974975586,88.79949951171875,55624000,AMZN
2019-11-01,89.5719985961914,89.5719985961914,89.87249755859375,89.260498046875,89.40049743652344,55808000,AMZN
2019-11-04,90.23300170898438,90.23300170898438,90.75299835205078,90.05049896240234,90.05049896240234,55438000,AMZN
2019-11-05,90.08550262451172,90.08550262451172,90.51249694824219,89.69999694824219,90.45800018310547,37710000,AMZN
2019-11-06,89.78849792480469,89.78849792480469,90.125,89.42900085449219,90.05000305175781,40596000,AMZN
2019-11-07,89.41000366210938,89.41000366210938,90.29499816894531,89.17400360107422,90.18800354003906,53022000,AMZN
2019-11-08,89.29399871826172,89.29399871826172,89.49400329589844,88.7020034790039,89.39450073242188,42466000,AMZN
2019-11-11,88.5824966430664,88.5824966430664,89.0,88.35649871826172,88.9000015258789,38920000,AMZN
2019-11-12,88.9000015258789,88.9000015258789,89.31099700927734,88.59549713134766,88.73300170898438,40752000,AMZN
2019-11-13,87.65550231933594,87.65550231933594,88.75,87.36599731445312,88.66950225830078,59790000,AMZN
2019-11-14,87.7300033569336,87.7300033569336,88.32949829101562,87.47799682617188,87.57150268554688,45296000,AMZN
2019-11-15,86.97450256347656,86.97450256347656,88.08399963378906,86.64299774169922,88.00250244140625,78552000,AMZN
2019-11-18,87.62650299072266,87.62650299072266,87.68499755859375,86.135498046875,86.91500091552734,56790000,AMZN
2019-11-19,87.6395034790039,87.6395034790039,88.03399658203125,87.15149688720703,87.84950256347656,45416000,AMZN
2019-11-20,87.27649688720703,87.27649688720703,88.1259994506836,86.70600128173828,87.45700073242188,55800000,AMZN
2019-11-21,86.7354965209961,86.7354965209961,87.34349822998047,86.51799774169922,87.1500015258789,53258000,AMZN
2019-11-22,87.28600311279297,87.28600311279297,87.32150268554688,86.55000305175781,86.95099639892578,49582000,AMZN
2019-11-25,88.69200134277344,88.69200134277344,88.87100219726562,87.66200256347656,87.6624984741211,69724000,AMZN
2019-11-26,89.84700012207031,89.84700012207031,89.85150146484375,88.9175033569336,88.99600219726562,63624000,AMZN
2019-11-27,90.92549896240234,90.92549896240234,91.2249984741211,89.8655014038086,90.05000305175781,60512000,AMZN
2019-11-29,90.04000091552734,90.04000091552734,91.2344970703125,90.03949737548828,90.88899993896484,38468000,AMZN
2019-12-02,89.08000183105469,89.08000183105469,90.27749633789062,88.13400268554688,90.22000122070312,78512000,AMZN
2019-12-03,88.49800109863281,88.49800109863281,88.64350128173828,87.36150360107422,88.0,67618000,AMZN
2019-12-04,88.03450012207031,88.03450012207031,89.45449829101562,88.01100158691406,88.70050048828125,53402000,AMZN
2019-12-05,87.02400207519531,87.02400207519531,88.17500305175781,87.0,88.17500305175781,56476000,AMZN
2019-12-06,87.58000183105469,87.58000183105469,87.72000122070312,87.00650024414062,87.55999755859375,62348000,AMZN
2019-12-09,87.47550201416016,87.47550201416016,88.34449768066406,87.28050231933594,87.53299713134766,48856000,AMZN
2019-12-10,86.96050262451172,86.96050262451172,87.53350067138672,86.75,87.37000274658203,50286000,AMZN
2019-12-11,87.43599700927734,87.43599700927734,87.5,86.7854995727539,87.08350372314453,41952000,AMZN
2019-12-12,88.0165023803711,88.0165023803711,88.19999694824219,87.27200317382812,87.5,61918000,AMZN
2019-12-13,88.0469970703125,88.0469970703125,88.44950103759766,87.75,88.25,54914000,AMZN
2019-12-16,88.46050262451172,88.46050262451172,88.4749984741211,87.85250091552734,88.3499984741211,62904000,AMZN
2019-12-17,89.53299713134766,89.53299713134766,89.5999984741211,88.86949920654297,88.90049743652344,72888000,AMZN
2019-12-18,89.20149993896484,89.20149993896484,89.91000366210938,89.11799621582031,89.7509994506836,67028000,AMZN
2019-12-19,89.61399841308594,89.61399841308594,89.64949798583984,88.7030029296875,89.0250015258789,53056000,AMZN
2019-12-20,89.32499694824219,89.32499694824219,90.14849853515625,89.12249755859375,89.98100280761719,103016000,AMZN
2019-12-23,89.6500015258789,89.6500015258789,89.6500015258789,89.22550201416016,89.41300201416016,42728000,AMZN
2019-12-24,89.46050262451172,89.46050262451172,89.77850341796875,89.37899780273438,89.69049835205078,17626000,AMZN
2019-12-26,93.4384994506836,93.4384994506836,93.52300262451172,89.9749984741211,90.05049896240234,120108000,AMZN
2019-12-27,93.48999786376953,93.48999786376953,95.06999969482422,93.30049896240234,94.14600372314453,123732000,AMZN
2019-12-30,92.34449768066406,92.34449768066406,94.19999694824219,92.03099822998047,93.69999694824219,73494000,AMZN
2019-12-31,92.39199829101562,92.39199829101562,92.66300201416016,91.61150360107422,92.0999984741211,50130000,AMZN
2020-01-02,94.90049743652344,94.90049743652344,94.90049743652344,93.2074966430664,93.75,80580000,AMZN
2020-01-03,93.74849700927734,93.74849700927734,94.30999755859375,93.2249984741211,93.2249984741211,75288000,AMZN
2020-01-06,95.14399719238281,95.14399719238281,95.18450164794922,93.0,93.0,81236000,AMZN
2020-01-07,95.34300231933594,95.34300231933594,95.69450378417969,94.60199737548828,95.2249984741211,80898000,AMZN
2020-01-08,94.59850311279297,94.59850311279297,95.55000305175781,94.3219985961914,94.9020004272461,70160000,AMZN
2020-01-09,95.05249786376953,95.05249786376953,95.89099884033203,94.79000091552734,95.49449920654297,63346000,AMZN
2020-01-10,94.15799713134766,94.15799713134766,95.34700012207031,94.0,95.26850128173828,57074000,AMZN
2020-01-13,94.56500244140625,94.56500244140625,94.9000015258789,94.04000091552734,94.56549835205078,55616000,AMZN
2020-01-14,93.47200012207031,93.47200012207031,94.35549926757812,92.92749786376953,94.29399871826172,68818000,AMZN
2020-01-15,93.10099792480469,93.10099792480469,93.94300079345703,92.75450134277344,93.61250305175781,57932000,AMZN
2020-01-16,93.89700317382812,93.89700317382812,94.27950286865234,93.3010025024414,94.14949798583984,53190000,AMZN
2020-01-17,93.23600006103516,93.23600006103516,94.33200073242188,92.86250305175781,94.29450225830078,79946000,AMZN
2020-01-21,94.5999984741211,94.5999984741211,94.7135009765625,93.0,93.25,74156000,AMZN
2020-01-22,94.37300109863281,94.37300109863281,95.125,94.16699981689453,94.80449676513672,64326000,AMZN
2020-01-23,94.22899627685547,94.22899627685547,94.4990005493164,93.63800048828125,94.25550079345703,49692000,AMZN
2020-01-24,93.08200073242188,93.08200073242188,94.74949645996094,92.37200164794922,94.56849670410156,75324000,AMZN
2020-01-27,91.41699981689453,91.41699981689453,92.05000305175781,90.76699829101562,91.0,70570000,AMZN
2020-01-28,92.6624984741211,92.6624984741211,92.90550231933594,91.5009994506836,92.0250015258789,56160000,AMZN
2020-01-29,92.9000015258789,92.9000015258789,93.73750305175781,92.7509994506836,93.19999694824219,41760000,AMZN
2020-01-30,93.53399658203125,93.53399658203125,93.64350128173828,92.53050231933594,92.9000015258789,126548000,AMZN
2020-01-31,100.43599700927734,100.43599700927734,102.78600311279297,100.1135025024414,102.57350158691406,311346000,AMZN
2020-02-03,100.20999908447266,100.20999908447266,102.42500305175781,100.01249694824219,100.52999877929688,117834000,AMZN
2020-02-04,102.4834976196289,102.4834976196289,102.98999786376953,100.76850128173828,101.49400329589844,105786000,AMZN
2020-02-05,101.99349975585938,101.99349975585938,103.5510025024414,101.5999984741211,103.5510025024414,87524000,AMZN
2020-02-06,102.5114974975586,102.5114974975586,102.81500244140625,101.23999786376953,102.0510025024414,63660000,AMZN
2020-02-07,103.96399688720703,103.96399688720703,104.92649841308594,101.90499877929688,102.09950256347656,101906000,AMZN
2020-02-10,106.69550323486328,106.69550323486328,106.77999877929688,104.24800109863281,104.25050354003906,101124000,AMZN
2020-02-11,107.54000091552734,107.54000091552734,109.29750061035156,106.80000305175781,107.54499816894531,114920000,AMZN
2020-02-12,108.0,108.0,109.01249694824219,107.7645034790039,108.16000366210938,66686000,AMZN
2020-02-13,107.49349975585938,107.49349975585938,108.51399993896484,107.0999984741211,107.24949645996094,60636000,AMZN
2020-02-14,106.74349975585938,106.74349975585938,107.9520034790039,106.29450225830078,107.78399658203125,52124000,AMZN
2020-02-18,107.78350067138672,107.78350067138672,108.30349731445312,106.20549774169922,106.2509994506836,58912000,AMZN
2020-02-19,108.51100158691406,108.51100158691406,109.25499725341797,108.05599975585938,108.38999938964844,51224000,AMZN
2020-02-20,107.65499877929688,107.65499877929688,108.8395004272461,106.37249755859375,108.65350341796875,62626000,AMZN
2020-02-21,104.79850006103516,104.79850006103516,107.22750091552734,104.4000015258789,107.10749816894531,92926000,AMZN
2020-02-24,100.4645004272461,100.4645004272461,101.96499633789062,99.39849853515625,100.15899658203125,130940000,AMZN
2020-02-25,98.63700103759766,98.63700103759766,101.7300033569336,97.9209976196289,101.32099914550781,124382000,AMZN
2020-02-26,98.97949981689453,98.97949981689453,100.7334976196289,98.02249908447266,98.51399993896484,104492000,AMZN
2020-02-27,94.21499633789062,94.21499633789062,98.75,94.13800048828125,96.71900177001953,162880000,AMZN
2020-02-28,94.1875,94.1875,94.48799896240234,90.55650329589844,90.73149871826172,189620000,AMZN
2020-03-02,97.69750213623047,97.69750213623047,97.72550201416016,93.5,95.32450103759766,135234000,AMZN
2020-03-03,95.44950103759766,95.44950103759766,99.81649780273438,94.40450286865234,98.76850128173828,150690000,AMZN
2020-03-04,98.79149627685547,98.79149627685547,98.9000015258789,96.0999984741211,97.32849884033203,95458000,AMZN
2020-03-05,96.20149993896484,96.20149993896484,98.03600311279297,95.5,96.6500015258789,94964000,AMZN
2020-03-06,95.05449676513672,95.05449676513672,95.54350280761719,93.4749984741211,93.75,105472000,AMZN
2020-03-09,90.03050231933594,90.03050231933594,93.13849639892578,88.06449890136719,88.69300079345703,156264000,AMZN
2020-03-10,94.59100341796875,94.59100341796875,94.7135009765625,90.90850067138672,93.54399871826172,142666000,AMZN
2020-03-11,91.04299926757812,91.04299926757812,93.56600189208984,90.07499694824219,92.89250183105469,112496000,AMZN
2020-03-12,83.83049774169922,83.83049774169922,88.25,83.75,86.0989990234375,226924000,AMZN
2020-03-13,89.25,89.25,89.31549835205078,84.03099822998047,87.75,176194000,AMZN
2020-03-16,84.4574966430664,84.4574966430664,87.97250366210938,81.30149841308594,82.07550048828125,178346000,AMZN
2020-03-17,90.39199829101562,90.39199829101562,92.88899993896484,84.46199798583984,88.77349853515625,218342000,AMZN
2020-03-18,91.5,91.5,92.08300018310547,87.25,87.5,192904000,AMZN
2020-03-19,94.04650115966797,94.04650115966797,97.25,91.63249969482422,93.0,207998000,AMZN
2020-03-20,92.30449676513672,92.30449676513672,97.8499984741211,91.0364990234375,96.31549835205078,196358000,AMZN
2020-03-23,95.1415023803711,95.1415023803711,95.97000122070312,90.5999984741211,91.38749694824219,156170000,AMZN
2020-03-24,97.00499725341797,97.00499725341797,97.75,95.01699829101562,97.57499694824219,142942000,AMZN
2020-03-25,94.29199981689453,94.29199981689453,97.51300048828125,94.28900146484375,96.03450012207031,129582000,AMZN
2020-03-26,97.77449798583984,97.77449798583984,97.82450103759766,94.4645004272461,95.0999984741211,124426000,AMZN
2020-03-27,95.00499725341797,95.00499725341797,96.989501953125,94.99600219726562,96.54299926757812,107758000,AMZN
2020-03-30,98.19750213623047,98.19750213623047,98.68150329589844,95.61699676513672,96.1415023803711,122522000,AMZN
2020-03-31,97.48600006103516,97.48600006103516,99.6510009765625,97.20050048828125,98.21749877929688,102472000,AMZN
2020-04-01,95.38500213623047,95.38500213623047,97.24800109863281,94.6500015258789,96.64849853515625,82438000,AMZN
2020-04-02,95.94149780273438,95.94149780273438,96.37650299072266,94.5,95.08200073242188,86720000,AMZN
2020-04-03,95.32949829101562,95.32949829101562,96.31649780273438,94.4574966430664,95.55750274658203,72198000,AMZN
2020-04-06,99.87950134277344,99.87950134277344,99.9260025024414,96.5009994506836,96.80000305175781,115464000,AMZN
2020-04-07,100.58000183105469,100.58000183105469,101.78600311279297,99.88099670410156,100.85549926757812,102280000,AMZN
2020-04-08,102.1500015258789,102.1500015258789,102.19999694824219,100.55750274658203,101.05000305175781,79546000,AMZN
2020-04-09,102.13800048828125,102.13800048828125,102.6500015258789,100.88300323486328,102.21499633789062,92930000,AMZN
2020-04-13,108.44349670410156,108.44349670410156,109.0,101.9000015258789,102.0,134334000,AMZN
2020-04-14,114.16600036621094,114.16600036621094,114.5999984741211,109.31050109863281,110.02349853515625,161744000,AMZN
2020-04-15,115.38400268554688,115.38400268554688,116.66850280761719,112.25,112.88400268554688,137332000,AMZN
2020-04-16,120.40950012207031,120.40950012207031,123.05000305175781,116.75,117.30000305175781,240764000,AMZN
2020-04-17,118.75,118.75,120.0,115.8010025024414,118.61650085449219,158600000,AMZN
2020-04-20,119.68049621582031,119.68049621582031,122.2490005493164,119.30249786376953,119.49749755859375,115414000,AMZN
2020-04-21,116.40599822998047,116.40599822998047,121.41549682617188,113.98300170898438,120.83049774169922,149534000,AMZN
2020-04-22,118.17449951171875,118.17449951171875,119.69999694824219,117.55000305175781,118.44999694824219,84244000,AMZN
2020-04-23,119.97250366210938,119.97250366210938,121.21099853515625,119.10399627685547,119.9990005493164,101332000,AMZN
2020-04-24,120.51100158691406,120.51100158691406,121.02149963378906,119.0999984741211,120.8499984741211,76498000,AMZN
2020-04-27,118.80000305175781,118.80000305175781,122.24400329589844,118.1500015258789,122.16000366210938,112912000,AMZN
2020-04-28,115.7040023803711,115.7040023803711,118.67500305175781,115.30000305175781,118.6050033569336,105388000,AMZN
2020-04-29,118.635498046875,118.635498046875,119.59449768066406,115.5,116.50050354003906,91832000,AMZN
2020-04-30,123.69999694824219,123.69999694824219,123.75,119.80049896240234,120.99199676513672,190692000,AMZN
2020-05-01,114.302001953125,114.302001953125,118.12200164794922,112.90950012207031,116.83999633789062,195452000,AMZN
2020-05-04,115.79949951171875,115.79949951171875,116.3489990234375,112.81900024414062,112.81900024414062,97318000,AMZN
2020-05-05,115.88999938964844,115.88999938964844,117.55000305175781,115.35649871826172,117.0,64850000,AMZN
2020-05-06,117.56300354003906,117.56300354003906,117.87249755859375,116.0,116.47200012207031,62356000,AMZN
2020-05-07,118.38050079345703,118.38050079345703,118.80000305175781,117.15550231933594,118.73899841308594,67928000,AMZN
2020-05-08,118.98049926757812,118.98049926757812,119.36199951171875,117.8499984741211,118.60700225830078,64132000,AMZN
2020-05-11,120.44999694824219,120.44999694824219,120.9834976196289,118.60549926757812,118.73500061035156,65184000,AMZN
2020-05-12,117.84750366210938,117.84750366210938,120.94999694824219,117.75,120.59249877929688,61498000,AMZN
2020-05-13,118.39600372314453,118.39600372314453,120.38500213623047,116.88999938964844,118.33999633789062,95658000,AMZN
2020-05-14,119.44249725341797,119.44249725341797,119.56849670410156,117.6604995727539,118.05049896240234,72962000,AMZN
2020-05-15,120.48899841308594,120.48899841308594,120.55000305175781,117.81849670410156,118.4260025024414,84700000,AMZN
2020-05-18,121.31300354003906,121.31300354003906,121.6500015258789,119.20050048828125,120.21749877929688,87144000,AMZN
2020-05-19,122.46649932861328,122.46649932861328,124.25,121.44850158691406,121.49150085449219,86410000,AMZN
2020-05-20,124.89700317382812,124.89700317382812,125.00050354003906,123.3635025024414,123.89350128173828,79962000,AMZN
2020-05-21,122.33699798583984,122.33699798583984,126.27249908447266,122.12699890136719,125.0,102288000,AMZN
2020-05-22,121.84400177001953,121.84400177001953,123.49250030517578,121.50650024414062,122.75050354003906,57342000,AMZN
2020-05-26,121.09300231933594,121.09300231933594,123.0999984741211,120.7030029296875,122.9000015258789,71364000,AMZN
2020-05-27,120.51950073242188,120.51950073242188,120.67900085449219,116.5,120.24949645996094,101138000,AMZN
2020-05-28,120.05500030517578,120.05500030517578,121.84850311279297,118.9114990234375,119.21649932861328,63804000,AMZN
2020-05-29,122.11849975585938,122.11849975585938,122.11849975585938,119.91000366210938,120.7969970703125,70198000,AMZN
2020-06-01,123.552001953125,123.552001953125,123.84649658203125,122.20850372314453,122.4000015258789,58578000,AMZN
2020-06-02,123.62049865722656,123.62049865722656,123.67649841308594,122.2655029296875,123.3499984741211,50598000,AMZN
2020-06-03,123.91999816894531,123.91999816894531,124.4000015258789,123.05850219726562,123.40049743652344,53420000,AMZN
2020-06-04,123.02999877929688,123.02999877929688,125.37699890136719,122.50050354003906,123.87149810791016,58974000,AMZN
2020-06-05,124.1500015258789,124.1500015258789,124.43250274658203,121.85649871826172,122.22550201416016,66128000,AMZN
2020-06-08,126.2030029296875,126.2030029296875,126.5,124.36699676513672,125.01000213623047,79414000,AMZN
2020-06-09,130.04299926757812,130.04299926757812,131.32150268554688,126.25,126.47200012207031,103520000,AMZN
2020-06-10,132.37249755859375,132.37249755859375,136.11749267578125,131.31300354003906,132.25,98920000,AMZN
2020-06-11,127.89800262451172,127.89800262451172,133.56900024414062,126.8115005493164,130.1750030517578,116002000,AMZN
2020-06-12,127.2509994506836,127.2509994506836,131.07400512695312,125.1675033569336,130.0605010986328,108722000,AMZN
2020-06-15,128.63400268554688,128.63400268554688,129.1999969482422,125.4000015258789,126.33000183105469,77302000,AMZN
2020-06-16,130.7635040283203,130.7635040283203,131.0,128.8000030517578,131.0,71712000,AMZN
2020-06-17,132.0489959716797,132.0489959716797,132.75,131.59100341796875,132.375,59186000,AMZN
2020-06-18,132.69900512695312,132.69900512695312,132.98199462890625,131.8054962158203,132.35049438476562,49756000,AMZN
2020-06-19,133.75050354003906,133.75050354003906,134.8715057373047,132.9499969482422,133.9040069580078,115540000,AMZN
2020-06-22,135.6909942626953,135.6909942626953,135.75,133.4499969482422,134.22500610351562,64176000,AMZN
2020-06-23,138.2205047607422,138.2205047607422,139.15550231933594,135.90199279785156,136.30099487304688,84634000,AMZN
2020-06-24,136.72000122070312,136.72000122070312,139.8000030517578,136.0500030517578,139.0,90532000,AMZN
2020-06-25,137.72900390625,137.72900390625,137.81149291992188,135.60699462890625,136.9774932861328,59374000,AMZN
2020-06-26,134.64349365234375,134.64349365234375,139.1284942626953,134.39999389648438,138.7530059814453,130016000,AMZN
2020-06-29,134.0189971923828,134.0189971923828,134.83999633789062,131.50399780273438,134.50050354003906,84468000,AMZN
2020-06-30,137.9409942626953,137.9409942626953,138.48150634765625,133.75149536132812,134.2534942626953,75394000,AMZN
2020-07-01,143.93499755859375,143.93499755859375,144.75,137.6999969482422,137.89950561523438,127268000,AMZN
2020-07-02,144.51499938964844,144.51499938964844,147.7779998779297,143.55499267578125,145.60049438476562,131868000,AMZN
2020-07-06,152.8520050048828,152.8520050048828,152.99400329589844,146.5,146.74850463867188,137612000,AMZN
2020-07-07,150.00599670410156,150.00599670410156,153.4774932861328,149.5,152.92750549316406,105150000,AMZN
2020-07-08,154.0554962158203,154.0554962158203,154.19850158691406,150.6215057373047,151.1304931640625,100752000,AMZN
2020-07-09,159.13150024414062,159.13150024414062,159.69400024414062,153.6999969482422,155.79949951171875,127774000,AMZN
2020-07-10,160.0,160.0,160.75,156.78500366210938,159.58799743652344,109720000,AMZN
2020-07-13,155.1999969482422,155.1999969482422,167.21449279785156,153.41949462890625,162.55299377441406,154408000,AMZN
2020-07-14,154.1999969482422,154.1999969482422,156.36900329589844,147.5,154.4499969482422,144638000,AMZN
2020-07-15,150.44349670410156,150.44349670410156,154.91749572753906,148.65899658203125,154.01150512695312,115778000,AMZN
2020-07-16,149.9949951171875,149.9949951171875,151.60000610351562,145.9114990234375,148.55299377441406,127884000,AMZN
2020-07-17,148.09849548339844,148.09849548339844,151.1999969482422,147.42250061035156,150.4499969482422,95226000,AMZN
2020-07-20,159.8419952392578,159.8419952392578,160.0679931640625,149.7010040283203,150.00999450683594,151964000,AMZN
2020-07-21,156.9145050048828,156.9145050048828,162.0290069580078,155.28599548339844,161.62449645996094,122426000,AMZN
2020-07-22,154.99549865722656,154.99549865722656,157.5,153.26300048828125,156.25,82084000,AMZN
2020-07-23,149.32749938964844,149.32749938964844,154.9134979248047,148.5,154.9134979248047,113138000,AMZN
2020-07-24,150.44549560546875,150.44549560546875,151.57899475097656,144.39999389648438,146.5,112648000,AMZN
2020-07-27,152.760498046875,152.760498046875,154.89999389648438,150.7884979248047,153.10000610351562,83410000,AMZN
2020-07-28,150.01649475097656,150.01649475097656,153.85450744628906,149.78799438476562,152.7135009765625,62534000,AMZN
2020-07-29,151.67649841308594,151.67649841308594,151.95799255371094,149.8385009765625,151.54949951171875,59482000,AMZN
2020-07-30,152.593994140625,152.593994140625,154.60000610351562,150.25,150.6999969482422,122566000,AMZN
2020-07-31,158.23399353027344,158.23399353027344,162.34100341796875,157.5500030517578,162.1999969482422,161710000,AMZN
2020-08-03,155.59449768066406,155.59449768066406,159.1999969482422,155.1999969482422,159.02549743652344,101494000,AMZN
2020-08-04,156.94149780273438,156.94149780273438,158.36199951171875,155.0605010986328,155.0605010986328,93886000,AMZN
2020-08-05,160.25149536132812,160.25149536132812,160.67950439453125,156.36500549316406,157.18850708007812,78330000,AMZN
2020-08-06,161.25,161.25,162.37350463867188,158.27149963378906,159.71800231933594,78812000,AMZN
2020-08-07,158.3730010986328,158.3730010986328,162.04049682617188,157.0334930419922,161.20050048828125,78722000,AMZN
2020-08-10,157.4080047607422,157.4080047607422,158.62550354003906,155.0760040283203,158.5155029296875,63346000,AMZN
2020-08-11,154.0334930419922,154.0334930419922,157.96099853515625,153.64999389648438,155.66000366210938,74362000,AMZN
2020-08-12,158.11199951171875,158.11199951171875,158.71949768066406,155.0709991455078,155.39999389648438,70442000,AMZN
2020-08-13,158.05099487304688,158.05099487304688,160.87600708007812,157.75,159.14950561523438,62980000,AMZN
2020-08-14,157.4010009765625,157.4010009765625,158.91200256347656,156.0,158.90899658203125,55034000,AMZN
2020-08-17,159.12049865722656,159.12049865722656,159.74850463867188,157.70899963378906,158.656005859375,53824000,AMZN
2020-08-18,165.62449645996094,165.62449645996094,166.0,160.29100036621094,160.60000610351562,106920000,AMZN
2020-08-19,163.0240020751953,163.0240020751953,165.7949981689453,162.8000030517578,165.15049743652344,83702000,AMZN
2020-08-20,164.86849975585938,164.86849975585938,165.63099670410156,161.89999389648438,162.60000610351562,66650000,AMZN
2020-08-21,164.23599243164062,164.23599243164062,165.72000122070312,163.76950073242188,164.75,71518000,AMZN
2020-08-24,165.3730010986328,165.3730010986328,169.01600646972656,162.8780059814453,165.50750732421875,93326000,AMZN
2020-08-25,167.32449340820312,167.32449340820312,167.8699951171875,163.35000610351562,164.74949645996094,79856000,AMZN
2020-08-26,172.09249877929688,172.09249877929688,172.58700561523438,167.22850036621094,167.5554962158203,130174000,AMZN
2020-08-27,170.0,170.0,172.64999389648438,168.89999389648438,172.50250244140625,85296000,AMZN
2020-08-28,170.08999633789062,170.08999633789062,171.6685028076172,169.3249969482422,171.14999389648438,57940000,AMZN
2020-08-31,172.54800415039062,172.54800415039062,174.75,170.25,170.44949340820312,83718000,AMZN
2020-09-01,174.95599365234375,174.95599365234375,175.69349670410156,173.35000610351562,174.47900390625,68644000,AMZN
2020-09-02,176.57249450683594,176.57249450683594,177.6125030517578,174.33450317382812,177.35000610351562,78630000,AMZN
2020-09-03,168.39999389648438,168.39999389648438,174.42050170898438,165.14999389648438,174.25,163222000,AMZN
2020-09-04,164.7310028076172,164.7310028076172,169.0749969482422,155.55650329589844,165.89999389648438,175636000,AMZN
2020-09-08,157.49200439453125,157.49200439453125,162.54249572753906,156.5,157.1999969482422,121884000,AMZN
2020-09-09,163.4304962158203,163.4304962158203,165.15899658203125,159.25,160.14950561523438,103774000,AMZN
2020-09-10,158.7554931640625,158.7554931640625,167.4945068359375,158.52749633789062,165.36099243164062,106614000,AMZN
2020-09-11,155.81100463867188,155.81100463867188,160.86700439453125,154.19900512695312,160.4344940185547,101880000,AMZN
2020-09-14,155.14849853515625,155.14849853515625,159.3695068359375,154.8000030517578,158.64700317382812,90592000,AMZN
2020-09-15,157.80650329589844,157.80650329589844,158.75100708007812,155.4459991455078,156.80799865722656,80430000,AMZN
2020-09-16,153.90499877929688,153.90499877929688,159.36199951171875,153.70750427246094,158.99949645996094,90244000,AMZN
2020-09-17,150.43649291992188,150.43649291992188,151.47149658203125,148.62750244140625,150.46249389648438,128982000,AMZN
2020-09-18,147.74549865722656,147.74549865722656,151.88999938964844,145.27699279785156,151.58700561523438,177852000,AMZN
2020-09-21,148.02349853515625,148.02349853515625,148.10000610351562,143.5500030517578,145.3249969482422,122358000,AMZN
2020-09-22,156.44949340820312,156.44949340820312,156.69949340820312,150.00999450683594,151.69200134277344,138976000,AMZN
2020-09-23,149.9929962158203,149.9929962158203,156.35000610351562,149.61900329589844,156.02149963378906,113054000,AMZN
2020-09-24,150.989501953125,150.989501953125,153.46499633789062,148.25,148.88949584960938,110588000,AMZN
2020-09-25,154.75650024414062,154.75650024414062,155.07699584960938,149.9499969482422,152.7429962158203,92304000,AMZN
2020-09-28,158.70249938964844,158.70249938964844,158.7519989013672,155.85850524902344,157.4425048828125,84484000,AMZN
2020-09-29,157.24400329589844,157.24400329589844,159.41299438476562,156.6269989013672,158.76950073242188,69916000,AMZN
2020-09-30,157.43649291992188,157.43649291992188,160.6439971923828,156.69949340820312,157.0570068359375,97922000,AMZN
2020-10-01,161.06300354003906,161.06300354003906,161.1999969482422,158.60000610351562,160.39999389648438,99438000,AMZN
2020-10-02,156.25,156.25,159.7899932861328,156.14999389648438,157.68150329589844,112262000,AMZN
2020-10-05,159.9600067138672,159.9600067138672,160.12649536132812,157.04249572753906,157.29200744628906,75506000,AMZN
2020-10-06,154.9980010986328,154.9980010986328,159.10000610351562,154.5,158.25,101738000,AMZN
2020-10-07,159.7845001220703,159.7845001220703,160.0,156.6195068359375,156.75,86188000,AMZN
2020-10-08,159.52749633789062,159.52749633789062,161.6645050048828,158.74949645996094,161.24949645996094,63482000,AMZN
2020-10-09,164.33250427246094,164.33250427246094,164.44949340820312,159.89149475097656,160.5,98158000,AMZN
2020-10-12,172.14649963378906,172.14649963378906,174.81199645996094,166.9774932861328,167.4969940185547,167284000,AMZN
2020-10-13,172.18150329589844,172.18150329589844,174.61900329589844,171.21099853515625,173.39950561523438,114894000,AMZN
2020-10-14,168.1855010986328,168.1855010986328,173.24400329589844,167.0,172.35000610351562,116254000,AMZN
2020-10-15,166.9324951171875,166.9324951171875,167.79400634765625,164.0,164.60049438476562,104468000,AMZN
2020-10-16,163.635498046875,163.635498046875,169.98300170898438,158.0,168.1614990234375,129488000,AMZN
2020-10-19,160.36050415039062,160.36050415039062,166.4499969482422,159.63699340820312,164.98049926757812,104472000,AMZN
2020-10-20,160.85049438476562,160.85049438476562,163.3000030517578,159.60049438476562,161.11399841308594,90194000,AMZN
2020-10-21,159.2469940185547,159.2469940185547,161.69400024414062,158.0,160.625,91854000,AMZN
2020-10-22,158.82000732421875,158.82000732421875,159.9375,156.0970001220703,159.49349975585938,84240000,AMZN
2020-10-23,160.22000122070312,160.22000122070312,160.26649475097656,157.0,159.5500030517578,69334000,AMZN
2020-10-26,160.3520050048828,160.3520050048828,164.1490020751953,157.6649932861328,159.93699645996094,118024000,AMZN
2020-10-27,164.31649780273438,164.31649780273438,164.58299255371094,160.56500244140625,161.2469940185547,85820000,AMZN
2020-10-28,158.13900756835938,158.13900756835938,163.2010040283203,158.12350463867188,162.46499633789062,111766000,AMZN
2020-10-29,160.55050659179688,160.55050659179688,162.8625030517578,158.1999969482422,160.06350708007812,131930000,AMZN
2020-10-30,151.8074951171875,151.8074951171875,158.35000610351562,150.9499969482422,157.8874969482422,167728000,AMZN
2020-11-02,150.2239990234375,150.2239990234375,153.98550415039062,147.50599670410156,153.08700561523438,145148000,AMZN
2020-11-03,152.42050170898438,152.42050170898438,153.7449951171875,149.0489959716797,150.92649841308594,97958000,AMZN
2020-11-04,162.05799865722656,162.05799865722656,162.24249267578125,156.9864959716797,157.99949645996094,136780000,AMZN
2020-11-05,166.10000610351562,166.10000610351562,168.33999633789062,164.44400024414062,165.99850463867188,115786000,AMZN
2020-11-06,165.56849670410156,165.56849670410156,166.10000610351562,161.60000610351562,165.23199462890625,92946000,AMZN
2020-11-09,157.18699645996094,157.18699645996094,164.4499969482422,155.60549926757812,161.55149841308594,143808000,AMZN
2020-11-10,151.75100708007812,151.75100708007812,155.6999969482422,150.9739990234375,154.75100708007812,131820000,AMZN
2020-11-11,156.8695068359375,156.8695068359375,156.95750427246094,152.5,153.08900451660156,87338000,AMZN
2020-11-12,155.51400756835938,155.51400756835938,158.79400634765625,154.30250549316406,157.99749755859375,87240000,AMZN
2020-11-13,156.4405059814453,156.4405059814453,157.08599853515625,154.26950073242188,156.10000610351562,75124000,AMZN
2020-11-16,156.55299377441406,156.55299377441406,157.13499450683594,153.63450622558594,154.66000366210938,76174000,AMZN
2020-11-17,156.7830047607422,156.7830047607422,159.46249389648438,156.76300048828125,159.177001953125,68894000,AMZN
2020-11-18,155.2729949951172,155.2729949951172,157.0,155.2550048828125,156.6999969482422,58336000,AMZN
2020-11-19,155.8509979248047,155.8509979248047,156.25,154.04600524902344,155.2655029296875,60206000,AMZN
2020-11-20,154.97000122070312,154.97000122070312,156.64450073242188,154.90249633789062,155.8509979248047,67488000,AMZN
2020-11-23,154.91949462890625,154.91949462890625,156.9875030517578,153.2729949951172,155.8350067138672,94178000,AMZN
2020-11-24,155.9029998779297,155.9029998779297,156.71249389648438,154.31300354003906,155.02499389648438,72042000,AMZN
2020-11-25,159.2534942626953,159.2534942626953,159.89999389648438,157.01300048828125,157.093505859375,75808000,AMZN
2020-11-27,159.76699829101562,159.76699829101562,160.8094940185547,159.50250244140625,160.56300354003906,47858000,AMZN
2020-11-30,158.40199279785156,158.40199279785156,161.41949462890625,156.27749633789062,160.4239959716797,81278000,AMZN
2020-12-01,161.00399780273438,161.00399780273438,162.44749450683594,157.85899353027344,159.4250030517578,90740000,AMZN
2020-12-02,160.17649841308594,160.17649841308594,161.60000610351562,158.66299438476562,161.08250427246094,62586000,AMZN
2020-12-03,159.3365020751953,159.3365020751953,161.4320068359375,159.0655059814453,160.2729949951172,57840000,AMZN
2020-12-04,158.12899780273438,158.12899780273438,159.91050720214844,157.93800354003906,159.91050720214844,58272000,AMZN
2020-12-07,157.89999389648438,157.89999389648438,159.03799438476562,157.08450317382812,157.82400512695312,55026000,AMZN
2020-12-08,158.864501953125,158.864501953125,159.2064971923828,156.00100708007812,157.94500732421875,65726000,AMZN
2020-12-09,155.2100067138672,155.2100067138672,158.72149658203125,154.39999389648438,158.39450073242188,82016000,AMZN
2020-12-10,155.07449340820312,155.07449340820312,157.10499572753906,153.8000030517578,154.44949340820312,60604000,AMZN
2020-12-11,155.8209991455078,155.8209991455078,155.93350219726562,153.64100646972656,154.83299255371094,61294000,AMZN
2020-12-14,157.84849548339844,157.84849548339844,159.52349853515625,156.3000030517578,157.14999389648438,83116000,AMZN
2020-12-15,158.25599670410156,158.25599670410156,159.4250030517578,156.52450561523438,159.05050659179688,66390000,AMZN
2020-12-16,162.04800415039062,162.04800415039062,162.35000610351562,158.1840057373047,158.80050659179688,88552000,AMZN
2020-12-17,161.8040008544922,161.8040008544922,163.17550659179688,161.0500030517578,162.5,69486000,AMZN
2020-12-18,160.08250427246094,160.08250427246094,162.4709930419922,158.5800018310547,162.19949340820312,119914000,AMZN
2020-12-21,160.3090057373047,160.3090057373047,161.34849548339844,158.3000030517578,160.00050354003906,76736000,AMZN
2020-12-22,160.3260040283203,160.3260040283203,161.10000610351562,159.00399780273438,160.14199829101562,47388000,AMZN
2020-12-23,159.2635040283203,159.2635040283203,160.50650024414062,159.20849609375,160.25,41876000,AMZN
2020-12-24,158.63450622558594,158.63450622558594,160.10000610351562,158.4499969482422,159.69500732421875,29038000,AMZN
2020-12-28,164.197998046875,164.197998046875,165.1999969482422,158.63450622558594,159.6999969482422,113736000,AMZN
2020-12-29,166.10000610351562,166.10000610351562,167.53250122070312,164.06100463867188,165.4969940185547,97458000,AMZN
2020-12-30,164.29249572753906,164.29249572753906,167.10499572753906,164.12350463867188,167.0500030517578,64186000,AMZN
2020-12-31,162.84649658203125,162.84649658203125,164.14599609375,162.05999755859375,163.75,59144000,AMZN
2021-01-04,159.3314971923828,159.3314971923828,163.60000610351562,157.2010040283203,163.5,88228000,AMZN
2021-01-05,160.92550659179688,160.92550659179688,161.16900634765625,158.2530059814453,158.30050659179688,53110000,AMZN
2021-01-06,156.91900634765625,156.91900634765625,159.87550354003906,156.55799865722656,157.32400512695312,87896000,AMZN
2021-01-07,158.10800170898438,158.10800170898438,160.427001953125,157.75,157.85000610351562,70290000,AMZN
2021-01-08,159.13499450683594,159.13499450683594,159.53199768066406,157.11000061035156,159.0,70754000,AMZN
2021-01-11,155.7104949951172,155.7104949951172,157.81900024414062,155.5,157.40049743652344,73668000,AMZN
2021-01-12,156.04150390625,156.04150390625,157.10699462890625,154.3000030517578,156.0,70292000,AMZN
2021-01-13,158.29449462890625,158.29449462890625,159.49749755859375,156.10400390625,156.4219970703125,66424000,AMZN
2021-01-14,156.37350463867188,156.37350463867188,158.89999389648438,156.0294952392578,158.37600708007812,61418000,AMZN
2021-01-15,155.21249389648438,155.21249389648438,157.12750244140625,154.7584991455078,156.1510009765625,84880000,AMZN
2021-01-19,156.03799438476562,156.03799438476562,157.25,154.8000030517578,155.35000610351562,66102000,AMZN
2021-01-20,163.16900634765625,163.16900634765625,163.99000549316406,158.75,159.09950256347656,106196000,AMZN
2021-01-21,165.34950256347656,165.34950256347656,167.42750549316406,164.47850036621094,164.64999389648438,98722000,AMZN
2021-01-22,164.6114959716797,164.6114959716797,166.0955047607422,164.1580047607422,165.2154998779297,56438000,AMZN
2021-01-25,164.6999969482422,164.6999969482422,168.1945037841797,162.15750122070312,166.4250030517578,74996000,AMZN
2021-01-26,166.30650329589844,166.30650329589844,166.89999389648438,164.14349365234375,164.8179931640625,59104000,AMZN
2021-01-27,161.62899780273438,161.62899780273438,167.3260040283203,160.35400390625,167.07449340820312,93204000,AMZN
2021-01-28,161.88099670410156,161.88099670410156,165.08399963378906,161.4344940185547,161.7519989013672,62984000,AMZN
2021-01-29,160.30999755859375,160.30999755859375,161.84950256347656,159.2274932861328,161.5,85872000,AMZN
2021-02-01,167.1439971923828,167.1439971923828,167.51300048828125,161.75149536132812,162.1179962158203,83204000,AMZN
2021-02-02,169.0,169.0,171.38699340820312,168.05650329589844,169.0,141972000,AMZN
2021-02-03,165.62649536132812,165.62649536132812,171.6999969482422,165.43099975585938,171.25050354003906,141776000,AMZN
2021-02-04,166.5500030517578,166.5500030517578,167.35000610351562,163.8874969482422,166.5,73414000,AMZN
2021-02-05,167.6074981689453,167.6074981689453,168.85000610351562,165.135498046875,165.9499969482422,72416000,AMZN
2021-02-08,166.14700317382812,166.14700317382812,168.25,165.1999969482422,167.9250030517578,65148000,AMZN
2021-02-09,165.25,165.25,166.89999389648438,164.89199829101562,165.62449645996094,44070000,AMZN
2021-02-10,164.32899475097656,164.32899475097656,165.8975067138672,162.6999969482422,165.6999969482422,63032000,AMZN
2021-02-11,163.10650634765625,163.10650634765625,164.60000610351562,162.4029998779297,164.60000610351562,46028000,AMZN
2021-02-12,163.885498046875,163.885498046875,164.0124969482422,161.66549682617188,162.5,46706000,AMZN
2021-02-16,163.44749450683594,163.44749450683594,165.4149932861328,162.67950439453125,162.70249938964844,51494000,AMZN
2021-02-17,165.4320068359375,165.4320068359375,166.04550170898438,162.97500610351562,163.17999267578125,65950000,AMZN
2021-02-18,166.4114990234375,166.4114990234375,166.89999389648438,163.69700622558594,164.12100219726562,60548000,AMZN
2021-02-19,162.4949951171875,162.4949951171875,166.6750030517578,162.28750610351562,166.4114990234375,86104000,AMZN
2021-02-22,159.03700256347656,159.03700256347656,161.61599731445312,158.61300659179688,160.406494140625,70314000,AMZN
2021-02-23,159.72500610351562,159.72500610351562,160.2364959716797,154.67999267578125,156.35150146484375,93544000,AMZN
2021-02-24,157.97650146484375,157.97650146484375,158.56149291992188,156.2689971923828,158.33749389648438,60226000,AMZN
2021-02-25,152.85800170898438,152.85800170898438,158.91299438476562,152.38800048828125,156.83700561523438,90676000,AMZN
2021-02-26,154.64649963378906,154.64649963378906,156.1219940185547,151.8350067138672,154.75999450683594,85518000,AMZN
2021-03-01,157.3070068359375,157.3070068359375,157.47799682617188,154.89950561523438,156.39450073242188,54582000,AMZN
2021-03-02,154.72650146484375,154.72650146484375,158.17599487304688,154.3560028076172,157.17349243164062,51916000,AMZN
2021-03-03,150.25,150.25,155.38900756835938,149.75,154.0590057373047,79774000,AMZN
2021-03-04,148.8784942626953,148.8784942626953,152.906494140625,147.27149963378906,150.60000610351562,109632000,AMZN
2021-03-05,150.0229949951172,150.0229949951172,150.4499969482422,144.0500030517578,150.25,107772000,AMZN
2021-03-08,147.59750366210938,147.59750366210938,153.22950744628906,147.5655059814453,150.75,83700000,AMZN
2021-03-09,153.1425018310547,153.1425018310547,154.54800415039062,150.25750732421875,150.89950561523438,80600000,AMZN
2021-03-10,152.8820037841797,152.8820037841797,155.822998046875,151.50250244140625,154.92250061035156,60250000,AMZN
2021-03-11,155.67950439453125,155.67950439453125,156.58900451660156,154.14649963378906,155.20050048828125,55528000,AMZN
2021-03-12,154.47450256347656,154.47450256347656,154.94900512695312,152.27499389648438,153.75,48438000,AMZN
2021-03-15,154.08399963378906,154.08399963378906,154.11199951171875,151.60450744628906,153.72850036621094,58272000,AMZN
2021-03-16,154.59300231933594,154.59300231933594,156.44549560546875,153.79299926757812,155.24850463867188,50776000,AMZN
2021-03-17,156.7864990234375,156.7864990234375,158.65249633789062,153.51100158691406,153.66099548339844,62372000,AMZN
2021-03-18,151.39950561523438,151.39950561523438,155.8314971923828,151.25,155.0500030517578,72992000,AMZN
2021-03-19,153.7480010986328,153.7480010986328,153.864501953125,150.8314971923828,151.4615020751953,92508000,AMZN
2021-03-22,155.5435028076172,155.5435028076172,156.32899475097656,153.00250244140625,153.3925018310547,58044000,AMZN
2021-03-23,156.875,156.875,159.10000610351562,156.04249572753906,156.35000610351562,76346000,AMZN
2021-03-24,154.35350036621094,154.35350036621094,158.0155029296875,154.25750732421875,157.552001953125,59180000,AMZN
2021-03-25,152.31300354003906,152.31300354003906,155.48899841308594,151.85699462890625,153.64950561523438,71270000,AMZN
2021-03-26,152.60150146484375,152.60150146484375,152.83299255371094,149.8000030517578,152.2030029296875,66258000,AMZN
2021-03-29,153.7864990234375,153.7864990234375,154.5625,151.42250061035156,152.77200317382812,54920000,AMZN
2021-03-30,152.76449584960938,152.76449584960938,153.64999389648438,151.6999969482422,153.50050354003906,46752000,AMZN
2021-03-31,154.70399475097656,154.70399475097656,155.9665069580078,153.125,153.2030029296875,61878000,AMZN
2021-04-01,158.0500030517578,158.0500030517578,158.1219940185547,155.77749633789062,155.89700317382812,58806000,AMZN
2021-04-05,161.3365020751953,161.3365020751953,161.79800415039062,158.06199645996094,158.64999389648438,66698000,AMZN
2021-04-06,161.1909942626953,161.1909942626953,162.36549377441406,160.8520050048828,161.1875,50756000,AMZN
2021-04-07,163.96949768066406,163.96949768066406,165.1804962158203,161.1824951171875,161.69000244140625,66924000,AMZN
2021-04-08,164.96499633789062,164.96499633789062,166.22500610351562,164.60000610351562,165.5449981689453,56242000,AMZN
2021-04-09,168.61000061035156,168.61000061035156,168.61000061035156,164.44500732421875,165.23500061035156,86830000,AMZN
2021-04-12,168.96949768066406,168.96949768066406,169.7519989013672,167.5574951171875,167.760498046875,65636000,AMZN
2021-04-13,170.0,170.0,171.60000610351562,169.781494140625,170.04249572753906,66316000,AMZN
2021-04-14,166.64999389648438,166.64999389648438,170.2064971923828,166.3000030517578,170.20199584960938,62904000,AMZN
2021-04-15,168.95449829101562,168.95449829101562,169.85000610351562,167.60000610351562,168.5500030517578,64672000,AMZN
2021-04-16,169.9720001220703,169.9720001220703,170.33999633789062,167.7794952392578,169.0,63720000,AMZN
2021-04-19,168.60049438476562,168.60049438476562,171.79649353027344,168.00799560546875,169.51649475097656,54508000,AMZN
2021-04-20,166.7344970703125,166.7344970703125,169.14950561523438,165.8000030517578,168.67999267578125,52460000,AMZN
2021-04-21,168.1009979248047,168.1009979248047,168.14300537109375,165.1905059814453,165.8000030517578,44224000,AMZN
2021-04-22,165.45199584960938,165.45199584960938,168.64349365234375,165.07249450683594,168.58399963378906,51612000,AMZN
2021-04-23,167.04400634765625,167.04400634765625,168.75,165.4250030517578,165.9550018310547,63856000,AMZN
2021-04-26,170.4499969482422,170.4499969482422,171.42250061035156,166.5469970703125,167.39999389648438,97614000,AMZN
2021-04-27,170.8715057373047,170.8715057373047,173.0,169.90049743652344,172.17349243164062,76542000,AMZN
2021-04-28,172.9250030517578,172.9250030517578,174.49400329589844,171.25,171.74000549316406,92638000,AMZN
2021-04-29,173.5655059814453,173.5655059814453,175.72250366210938,171.75,175.2550048828125,153648000,AMZN
2021-04-30,173.37100219726562,173.37100219726562,177.6999969482422,173.125,176.25599670410156,140186000,AMZN
2021-05-03,169.32449340820312,169.32449340820312,174.33250427246094,168.63499450683594,174.2364959716797,117510000,AMZN
2021-05-04,165.593505859375,165.593505859375,168.3990020751953,163.60650634765625,167.8094940185547,108788000,AMZN
2021-05-05,163.52699279785156,163.52699279785156,167.73500061035156,163.21800231933594,166.9429931640625,74226000,AMZN
2021-05-06,165.31849670410156,165.31849670410156,165.72000122070312,162.36000061035156,163.5,88954000,AMZN
2021-05-07,164.58050537109375,164.58050537109375,166.54449462890625,164.45350646972656,165.95449829101562,94206000,AMZN
2021-05-10,159.52450561523438,159.52450561523438,164.14999389648438,159.5,164.11599731445312,116772000,AMZN
2021-05-11,161.19549560546875,161.19549560546875,161.89999389648438,156.36849975585938,156.81399536132812,92396000,AMZN
2021-05-12,157.5970001220703,157.5970001220703,160.39700317382812,156.65499877929688,159.25,98728000,AMZN
2021-05-13,158.07350158691406,158.07350158691406,160.19200134277344,156.64999389648438,159.27349853515625,67018000,AMZN
2021-05-14,161.14500427246094,161.14500427246094,161.4429931640625,159.14999389648438,159.2779998779297,66500000,AMZN
2021-05-17,163.51950073242188,163.51950073242188,164.6374969482422,161.72950744628906,162.29649353027344,74478000,AMZN
2021-05-18,161.61399841308594,161.61399841308594,165.60000610351562,161.51849365234375,164.62899780273438,56568000,AMZN
2021-05-19,161.58999633789062,161.58999633789062,161.7375030517578,159.1999969482422,159.75,53594000,AMZN
2021-05-20,162.38400268554688,162.38400268554688,162.98399353027344,161.8090057373047,162.22000122070312,52664000,AMZN
2021-05-21,160.1540069580078,160.1540069580078,162.83450317382812,159.85049438476562,162.5,82098000,AMZN
2021-05-24,162.24949645996094,162.24949645996094,162.8975067138672,160.52499389648438,160.77499389648438,48456000,AMZN
2021-05-25,162.95249938964844,162.95249938964844,163.99099731445312,160.68800354003906,163.33349609375,65222000,AMZN
2021-05-26,163.25799560546875,163.25799560546875,164.7864990234375,162.92550659179688,163.72950744628906,47680000,AMZN
2021-05-27,161.5054931640625,161.5054931640625,163.01800537109375,161.5019989013672,162.8000030517578,51224000,AMZN
2021-05-28,161.15350341796875,161.15350341796875,162.39950561523438,160.98500061035156,162.10000610351562,46596000,AMZN
2021-06-01,160.9324951171875,160.9324951171875,162.5489959716797,160.4530029296875,162.1750030517578,48600000,AMZN
2021-06-02,161.69949340820312,161.69949340820312,161.75,160.39999389648438,161.15499877929688,40290000,AMZN
2021-06-03,159.35049438476562,159.35049438476562,160.7220001220703,159.20150756835938,160.2115020751953,47966000,AMZN
2021-06-04,160.31100463867188,160.31100463867188,161.0500030517578,159.9405059814453,160.60000610351562,44994000,AMZN
2021-06-07,159.90049743652344,159.90049743652344,160.39999389648438,158.61000061035156,159.8665008544922,44316000,AMZN
2021-06-08,163.20550537109375,163.20550537109375,163.97650146484375,160.90049743652344,161.1304931640625,68334000,AMZN
2021-06-09,164.0574951171875,164.0574951171875,164.87899780273438,163.53500366210938,163.64349365234375,49110000,AMZN
2021-06-10,167.4824981689453,167.4824981689453,167.5500030517578,164.0574951171875,164.10049438476562,69530000,AMZN
2021-06-11,167.3415069580078,167.3415069580078,168.32899475097656,166.67250061035156,167.4824981689453,56348000,AMZN
2021-06-14,169.19349670410156,169.19349670410156,169.25,166.77499389648438,167.3415069580078,51394000,AMZN
2021-06-15,169.156494140625,169.156494140625,169.84950256347656,168.15550231933594,169.1999969482422,48524000,AMZN
2021-06-16,170.7624969482422,170.7624969482422,171.3175048828125,168.02650451660156,169.60000610351562,84056000,AMZN
2021-06-17,174.46200561523438,174.46200561523438,174.86000061035156,170.0500030517578,170.15899658203125,102730000,AMZN
2021-06-18,174.34500122070312,174.34500122070312,175.35000610351562,173.6855010986328,173.99949645996094,104954000,AMZN
2021-06-21,172.697998046875,172.697998046875,174.10000610351562,171.6999969482422,173.8209991455078,65542000,AMZN
2021-06-22,175.27200317382812,175.27200317382812,176.18899536132812,172.80450439453125,172.9029998779297,66902000,AMZN
2021-06-23,175.1909942626953,175.1909942626953,176.0500030517578,174.16000366210938,175.25,56266000,AMZN
2021-06-24,172.45399475097656,172.45399475097656,176.2429962158203,171.54249572753906,175.3820037841797,76640000,AMZN
2021-06-25,170.072998046875,170.072998046875,173.24099731445312,169.70899963378906,173.1999969482422,78820000,AMZN
2021-06-28,172.1945037841797,172.1945037841797,172.39999389648438,170.67550659179688,170.8000030517578,44856000,AMZN
2021-06-29,172.40699768066406,172.40699768066406,172.80149841308594,171.15150451660156,171.9409942626953,41968000,AMZN
2021-06-30,172.00799560546875,172.00799560546875,173.5800018310547,171.75,172.05299377441406,48080000,AMZN
2021-07-01,171.64849853515625,171.64849853515625,172.85000610351562,170.4709930419922,171.73049926757812,40742000,AMZN
2021-07-02,175.5489959716797,175.5489959716797,175.58599853515625,171.8459930419922,172.58200073242188,63388000,AMZN
2021-07-06,183.78700256347656,183.78700256347656,184.2740020751953,176.4499969482422,176.5054931640625,134896000,AMZN
2021-07-07,184.82899475097656,184.82899475097656,186.7100067138672,183.94549560546875,185.86900329589844,106562000,AMZN
2021-07-08,186.57049560546875,186.57049560546875,187.99949645996094,181.05599975585938,182.17799377441406,103612000,AMZN
2021-07-09,185.9669952392578,185.9669952392578,187.39999389648438,184.6699981689453,186.12600708007812,74964000,AMZN
2021-07-12,185.92750549316406,185.92750549316406,187.864501953125,184.83949279785156,187.1999969482422,51432000,AMZN
2021-07-13,183.8679962158203,183.8679962158203,188.6540069580078,183.5659942626953,185.10499572753906,76918000,AMZN
2021-07-14,184.08399963378906,184.08399963378906,185.88299560546875,183.04150390625,185.4425048828125,65932000,AMZN
2021-07-15,181.55999755859375,181.55999755859375,184.77000427246094,181.04600524902344,184.7100067138672,63706000,AMZN
2021-07-16,178.68150329589844,178.68150329589844,182.30299377441406,178.5229949951172,181.66549682617188,80874000,AMZN
2021-07-19,177.47950744628906,177.47950744628906,177.510498046875,174.95799255371094,176.62899780273438,75692000,AMZN
2021-07-20,178.6595001220703,178.6595001220703,179.60000610351562,175.89999389648438,178.36599731445312,65114000,AMZN
2021-07-21,179.25999450683594,179.25999450683594,179.32249450683594,177.1820068359375,178.81900024414062,46380000,AMZN
2021-07-22,181.90150451660156,181.90150451660156,182.00100708007812,179.11349487304688,179.3614959716797,65308000,AMZN
2021-07-23,182.83200073242188,182.83200073242188,183.3054962158203,181.1020050048828,182.0,48726000,AMZN
2021-07-26,184.99099731445312,184.99099731445312,185.60400390625,182.3625030517578,183.6584930419922,58002000,AMZN
2021-07-27,181.3195037841797,181.3195037841797,184.9250030517578,179.3074951171875,184.9250030517578,82638000,AMZN
2021-07-28,181.51600646972656,181.51600646972656,182.92100524902344,180.0500030517578,181.68899536132812,59988000,AMZN
2021-07-29,179.99600219726562,179.99600219726562,181.8975067138672,179.00050354003906,181.3874969482422,110400000,AMZN
2021-07-30,166.37950134277344,166.37950134277344,168.40699768066406,165.3489990234375,167.3975067138672,199312000,AMZN
2021-08-02,166.57400512695312,166.57400512695312,167.9459991455078,165.85000610351562,167.65499877929688,67078000,AMZN
2021-08-03,168.31199645996094,168.31199645996094,169.5500030517578,164.98849487304688,167.03599548339844,83146000,AMZN
2021-08-04,167.73599243164062,167.73599243164062,169.44400024414062,167.2779998779297,168.96749877929688,43678000,AMZN
2021-08-05,168.79949951171875,168.79949951171875,169.4499969482422,167.04600524902344,167.81100463867188,48670000,AMZN
2021-08-06,167.2469940185547,167.2469940185547,168.75,166.45199584960938,168.75,52752000,AMZN
2021-08-09,167.093505859375,167.093505859375,167.74400329589844,166.42599487304688,167.1804962158203,42964000,AMZN
2021-08-10,166.03399658203125,166.03399658203125,167.89999389648438,165.75,167.25050354003906,48252000,AMZN
2021-08-11,164.60549926757812,164.60549926757812,166.88499450683594,163.88949584960938,166.57249450683594,58944000,AMZN
2021-08-12,165.1750030517578,165.1750030517578,165.72549438476562,163.48350524902344,164.5,46282000,AMZN
2021-08-13,164.69850158691406,164.69850158691406,165.30349731445312,164.14999389648438,165.2834930419922,41134000,AMZN
2021-08-16,164.94949340820312,164.94949340820312,165.0,160.55650329589844,164.14999389648438,66394000,AMZN
2021-08-17,162.09800720214844,162.09800720214844,164.02450561523438,161.28399658203125,163.875,67758000,AMZN
2021-08-18,160.06100463867188,160.06100463867188,162.7050018310547,160.0,162.09950256347656,56086000,AMZN
2021-08-19,159.3874969482422,159.3874969482422,161.64999389648438,159.1230010986328,159.7010040283203,75658000,AMZN
2021-08-20,159.99749755859375,159.99749755859375,160.3905029296875,158.78799438476562,160.19349670410156,67168000,AMZN
2021-08-23,163.2935028076172,163.2935028076172,164.0449981689453,160.50050354003906,160.59500122070312,65362000,AMZN
2021-08-24,165.28900146484375,165.28900146484375,165.77450561523438,163.72900390625,164.0,51036000,AMZN
2021-08-25,164.95899963378906,164.95899963378906,166.0500030517578,164.3074951171875,165.49349975585938,33606000,AMZN
2021-08-26,165.8000030517578,165.8000030517578,166.60000610351562,164.8000030517578,164.9499969482422,41976000,AMZN
2021-08-27,167.48150634765625,167.48150634765625,167.61599731445312,165.6875,166.6614990234375,48048000,AMZN
2021-08-30,171.07850646972656,171.07850646972656,172.25,167.76100158691406,167.8715057373047,63844000,AMZN
2021-08-31,173.5395050048828,173.5395050048828,173.62899780273438,169.7794952392578,171.24000549316406,87128000,AMZN
2021-09-01,173.9499969482422,173.9499969482422,176.35000610351562,173.76199340820312,174.82000732421875,72598000,AMZN
2021-09-02,173.156005859375,173.156005859375,175.59800720214844,172.75,174.73800659179688,58474000,AMZN
2021-09-03,173.90249633789062,173.90249633789062,174.1334991455078,171.82200622558594,172.60000610351562,51514000,AMZN
2021-09-07,175.46449279785156,175.46449279785156,176.4044952392578,173.8470001220703,173.89999389648438,54758000,AMZN
2021-09-08,176.27499389648438,176.27499389648438,177.281494140625,174.7834930419922,175.58250427246094,61068000,AMZN
2021-09-09,174.20799255371094,174.20799255371094,177.49949645996094,174.01849365234375,176.30099487304688,54384000,AMZN
2021-09-10,173.45750427246094,173.45750427246094,175.42250061035156,173.14549255371094,175.0915069580078,47946000,AMZN
2021-09-13,172.85850524902344,172.85850524902344,174.8979949951172,171.89999389648438,174.13999938964844,51380000,AMZN
2021-09-14,172.5,172.5,174.3404998779297,171.885498046875,173.77749633789062,38738000,AMZN
2021-09-15,173.7895050048828,173.7895050048828,174.27099609375,170.10049438476562,172.12600708007812,59150000,AMZN
2021-09-16,174.41200256347656,174.41200256347656,174.62750244140625,172.3070068359375,172.9980010986328,51672000,AMZN
2021-09-17,173.12600708007812,173.12600708007812,174.87049865722656,172.60650634765625,174.42050170898438,92332000,AMZN
2021-09-20,167.7864990234375,167.7864990234375,170.9499969482422,165.25050354003906,169.8000030517578,93382000,AMZN
2021-09-21,167.18150329589844,167.18150329589844,168.98500061035156,166.6195068359375,168.75,55618000,AMZN
2021-09-22,169.00250244140625,169.00250244140625,169.4499969482422,167.05250549316406,167.5500030517578,48228000,AMZN
2021-09-23,170.8000030517578,170.8000030517578,171.447998046875,169.00250244140625,169.00250244140625,47588000,AMZN
2021-09-24,171.2760009765625,171.2760009765625,171.46299743652344,169.6699981689453,170.10049438476562,42324000,AMZN
2021-09-27,170.2899932861328,170.2899932861328,170.77850341796875,166.98049926757812,168.5749969482422,72690000,AMZN
2021-09-28,165.79800415039062,165.79800415039062,168.45950317382812,164.5050048828125,167.885498046875,88616000,AMZN
2021-09-29,165.05599975585938,165.05599975585938,167.56500244140625,164.89349365234375,166.10549926757812,51246000,AMZN
2021-09-30,164.2519989013672,164.2519989013672,166.3925018310547,163.69949340820312,165.8000030517578,56848000,AMZN
2021-10-01,164.16299438476562,164.16299438476562,165.45849609375,162.7969970703125,164.45050048828125,56712000,AMZN
2021-10-04,159.48899841308594,159.48899841308594,163.99949645996094,158.8125,163.96949768066406,90462000,AMZN
2021-10-05,161.0500030517578,161.0500030517578,163.0364990234375,160.1230010986328,160.22500610351562,65384000,AMZN
2021-10-06,163.10049438476562,163.10049438476562,163.2169952392578,159.93099975585938,160.67649841308594,50660000,AMZN
2021-10-07,165.1215057373047,165.1215057373047,166.28750610351562,164.1529998779297,164.57699584960938,48182000,AMZN
2021-10-08,164.43099975585938,164.43099975585938,166.07150268554688,164.41000366210938,165.85000610351562,39964000,AMZN
2021-10-11,162.31500244140625,162.31500244140625,164.62950134277344,161.90499877929688,163.75,40684000,AMZN
2021-10-12,162.3665008544922,162.3665008544922,163.37649536132812,161.81399536132812,162.85000610351562,36392000,AMZN
2021-10-13,164.21400451660156,164.21400451660156,164.41900634765625,163.05450439453125,163.48550415039062,48402000,AMZN
2021-10-14,164.9929962158203,164.9929962158203,165.6300048828125,164.53900146484375,165.12249755859375,42190000,AMZN
2021-10-15,170.4510040283203,170.4510040283203,170.52099609375,165.1999969482422,165.5709991455078,103598000,AMZN
2021-10-18,172.33700561523438,172.33700561523438,172.45849609375,169.2550048828125,169.41799926757812,63482000,AMZN
2021-10-19,172.20750427246094,172.20750427246094,172.7344970703125,171.10000610351562,171.71449279785156,47722000,AMZN
2021-10-20,170.7530059814453,170.7530059814453,173.14300537109375,170.01849365234375,172.63299560546875,42796000,AMZN
2021-10-21,171.75050354003906,171.75050354003906,172.01400756835938,170.14999389648438,170.71249389648438,37628000,AMZN
2021-10-22,166.77749633789062,166.77749633789062,171.49200439453125,166.56500244140625,171.0500030517578,62782000,AMZN
2021-10-25,166.01849365234375,166.01849365234375,167.38999938964844,164.88499450683594,166.75,44520000,AMZN
2021-10-26,168.80349731445312,168.80349731445312,170.80599975585938,167.19900512695312,167.47549438476562,53966000,AMZN
2021-10-27,169.62449645996094,169.62449645996094,171.85000610351562,168.57249450683594,169.39999389648438,54044000,AMZN
2021-10-28,172.32850646972656,172.32850646972656,173.9499969482422,169.3000030517578,170.10499572753906,114174000,AMZN
2021-10-29,168.6215057373047,168.6215057373047,168.74099731445312,163.66600036621094,165.00100708007812,129722000,AMZN
2021-11-01,165.90550231933594,165.90550231933594,168.79299926757812,164.6009979248047,168.08999633789062,72178000,AMZN
2021-11-02,165.6374969482422,165.6374969482422,166.55599975585938,164.17750549316406,165.75050354003906,52552000,AMZN
2021-11-03,169.1999969482422,169.1999969482422,169.74600219726562,164.87600708007812,165.4499969482422,67944000,AMZN
2021-11-04,173.85000610351562,173.85000610351562,174.93150329589844,168.25,168.5,107060000,AMZN
2021-11-05,175.94949340820312,175.94949340820312,178.3125,173.8489990234375,173.85000610351562,99940000,AMZN
2021-11-08,174.44900512695312,174.44900512695312,178.9499969482422,174.39300537109375,176.16200256347656,61480000,AMZN
2021-11-09,178.81149291992188,178.81149291992188,179.68850708007812,175.07150268554688,175.7624969482422,85898000,AMZN
2021-11-10,174.1024932861328,174.1024932861328,180.2725067138672,173.1544952392578,178.19349670410156,80548000,AMZN
2021-11-11,173.625,173.625,177.16200256347656,173.37350463867188,175.64999389648438,45288000,AMZN
2021-11-12,176.25750732421875,176.25750732421875,177.0364990234375,172.3524932861328,174.25,53788000,AMZN
2021-11-15,177.28399658203125,177.28399658203125,179.69400024414062,176.29049682617188,176.85000610351562,58594000,AMZN
2021-11-16,177.03500366210938,177.03500366210938,178.8249969482422,176.25750732421875,176.9499969482422,44342000,AMZN
2021-11-17,177.4499969482422,177.4499969482422,179.3625030517578,177.2675018310547,178.23599243164062,51206000,AMZN
2021-11-18,184.80299377441406,184.80299377441406,185.2100067138672,178.0500030517578,178.3175048828125,114070000,AMZN
2021-11-19,183.82850646972656,183.82850646972656,188.1074981689453,183.78599548339844,185.63450622558594,98734000,AMZN
2021-11-22,178.6284942626953,178.6284942626953,185.67300415039062,178.375,183.81900024414062,96844000,AMZN
2021-11-23,179.0019989013672,179.0019989013672,181.05250549316406,176.385498046875,179.2519989013672,73804000,AMZN
2021-11-24,179.02049255371094,179.02049255371094,180.6820068359375,176.84249877929688,178.1334991455078,46560000,AMZN
2021-11-26,175.22799682617188,175.22799682617188,181.6750030517578,175.20750427246094,180.10499572753906,59826000,AMZN
2021-11-29,178.07850646972656,178.07850646972656,179.8000030517578,176.5749969482422,177.3820037841797,65312000,AMZN
2021-11-30,175.35350036621094,175.35350036621094,179.2884979248047,174.60049438476562,178.1750030517578,80022000,AMZN
2021-12-01,172.18600463867188,172.18600463867188,177.99400329589844,172.0800018310547,177.25,74916000,AMZN
2021-12-02,171.8679962158203,171.8679962158203,174.63499450683594,171.1875,173.0,64726000,AMZN
2021-12-03,169.489501953125,169.489501953125,173.49349975585938,166.92999267578125,172.75,80712000,AMZN
2021-12-06,171.36849975585938,171.36849975585938,173.69549560546875,166.9344940185547,169.64999389648438,68860000,AMZN
2021-12-07,176.1645050048828,176.1645050048828,177.49949645996094,173.33450317382812,174.60000610351562,66410000,AMZN
2021-12-08,176.1580047607422,176.1580047607422,177.17999267578125,174.75050354003906,176.15049743652344,45254000,AMZN
2021-12-09,174.17100524902344,174.17100524902344,176.96949768066406,174.13949584960938,175.75,46062000,AMZN
2021-12-10,172.21200561523438,172.21200561523438,175.927001953125,170.5,175.41700744628906,60690000,AMZN
2021-12-13,169.5675048828125,169.5675048828125,172.10000610351562,169.1300048828125,172.0,62170000,AMZN
2021-12-14,169.0915069580078,169.0915069580078,169.49899291992188,166.44000244140625,167.5500030517578,55976000,AMZN
2021-12-15,173.31500244140625,173.31500244140625,173.60000610351562,165.19500732421875,168.59800720214844,75794000,AMZN
2021-12-16,168.87100219726562,168.87100219726562,174.16600036621094,168.16050720214844,173.36849975585938,60876000,AMZN
2021-12-17,170.0175018310547,170.0175018310547,170.89849853515625,165.61349487304688,167.7104949951172,85542000,AMZN
2021-12-20,167.07899475097656,167.07899475097656,167.87449645996094,165.60000610351562,166.85000610351562,57372000,AMZN
2021-12-21,170.41700744628906,170.41700744628906,170.7165069580078,165.6475067138672,167.85049438476562,55956000,AMZN
2021-12-22,171.03700256347656,171.03700256347656,172.0500030517578,168.50050354003906,169.27000427246094,55036000,AMZN
2021-12-23,171.06849670410156,171.06849670410156,171.97500610351562,170.14999389648438,170.42799377441406,36788000,AMZN
2021-12-27,169.66949462890625,169.66949462890625,172.9429931640625,169.2154998779297,171.03700256347656,58688000,AMZN
2021-12-28,170.66099548339844,170.66099548339844,172.17599487304688,169.135498046875,170.1824951171875,54638000,AMZN
2021-12-29,169.2010040283203,169.2010040283203,171.21200561523438,168.60049438476562,170.83999633789062,35754000,AMZN
2021-12-30,168.64450073242188,168.64450073242188,170.88800048828125,168.5240020751953,169.6999969482422,37584000,AMZN
2021-12-31,166.7169952392578,166.7169952392578,169.35000610351562,166.55850219726562,168.95599365234375,47830000,AMZN
2022-01-03,170.4044952392578,170.4044952392578,170.70350646972656,166.16050720214844,167.5500030517578,63520000,AMZN
2022-01-04,167.52200317382812,167.52200317382812,171.39999389648438,166.34950256347656,170.43800354003906,70726000,AMZN
2022-01-05,164.35699462890625,164.35699462890625,167.12649536132812,164.35699462890625,166.88299560546875,64302000,AMZN
2022-01-06,163.25399780273438,163.25399780273438,164.8000030517578,161.93699645996094,163.45050048828125,51958000,AMZN
2022-01-07,162.5540008544922,162.5540008544922,165.24349975585938,162.031005859375,163.83900451660156,46606000,AMZN
2022-01-10,161.48599243164062,161.48599243164062,161.6614990234375,156.30450439453125,160.5854949951172,87798000,AMZN
2022-01-11,165.36199951171875,165.36199951171875,166.35000610351562,160.70150756835938,161.5,62806000,AMZN
2022-01-12,165.20700073242188,165.20700073242188,166.8780059814453,164.41700744628906,166.5749969482422,50030000,AMZN
2022-01-13,161.21400451660156,161.21400451660156,166.22149658203125,161.09100341796875,165.25050354003906,52188000,AMZN
2022-01-14,162.13800048828125,162.13800048828125,162.25,159.80050659179688,160.14999389648438,45974000,AMZN
2022-01-18,158.91749572753906,158.91749572753906,159.7344970703125,157.6645050048828,159.10499572753906,67292000,AMZN
2022-01-19,156.2989959716797,156.2989959716797,159.25,156.25,158.76199340820312,53242000,AMZN
2022-01-20,151.66749572753906,151.66749572753906,158.0,151.3509979248047,156.76600646972656,71974000,AMZN
2022-01-21,142.64300537109375,142.64300537109375,150.89999389648438,142.07049560546875,149.9499969482422,163972000,AMZN
2022-01-24,144.54400634765625,144.54400634765625,144.94500732421875,135.3520050048828,139.0,155624000,AMZN
2022-01-25,139.98599243164062,139.98599243164062,143.60000610351562,138.14500427246094,142.24249267578125,90824000,AMZN
2022-01-26,138.87249755859375,138.87249755859375,145.18499755859375,137.31849670410156,144.75,95602000,AMZN
2022-01-27,139.6374969482422,139.6374969482422,144.24349975585938,139.35000610351562,140.8000030517578,77516000,AMZN
2022-01-28,143.97799682617188,143.97799682617188,143.9980010986328,137.92950439453125,140.86050415039062,74392000,AMZN
2022-01-31,149.57350158691406,149.57350158691406,150.36050415039062,144.30050659179688,144.75,78308000,AMZN
2022-02-01,151.19349670410156,151.19349670410156,151.70799255371094,147.62750244140625,150.0,59220000,AMZN
2022-02-02,150.6125030517578,150.6125030517578,155.0749969482422,148.86349487304688,155.05050659179688,87330000,AMZN
2022-02-03,138.8455047607422,138.8455047607422,144.24749755859375,138.33299255371094,141.7375030517578,225532000,AMZN
2022-02-04,157.63949584960938,157.63949584960938,161.1999969482422,150.60800170898438,155.60650634765625,253456000,AMZN
2022-02-07,157.9355010986328,157.9355010986328,162.6909942626953,157.25,158.52000427246094,102624000,AMZN
2022-02-08,161.4134979248047,161.4134979248047,161.79249572753906,155.55050659179688,156.75050354003906,76040000,AMZN
2022-02-09,161.1894989013672,161.1894989013672,163.83450317382812,160.25,162.87350463867188,68786000,AMZN
2022-02-10,159.0034942626953,159.0034942626953,160.7165069580078,157.75,158.35000610351562,68268000,AMZN
2022-02-11,153.2935028076172,153.2935028076172,159.0,152.73399353027344,158.13450622558594,77100000,AMZN
2022-02-14,155.16700744628906,155.16700744628906,158.44850158691406,151.64999389648438,151.75100708007812,83230000,AMZN
2022-02-15,156.510498046875,156.510498046875,158.0070037841797,154.6374969482422,157.60549926757812,56440000,AMZN
2022-02-16,158.10049438476562,158.10049438476562,158.83399963378906,154.7344970703125,155.79049682617188,52704000,AMZN
2022-02-17,154.65249633789062,154.65249633789062,160.3489990234375,154.5,158.14599609375,64032000,AMZN
2022-02-18,152.60150146484375,152.60150146484375,155.49949645996094,150.89300537109375,155.49949645996094,63604000,AMZN
2022-02-22,150.19749450683594,150.19749450683594,152.9824981689453,148.48550415039062,150.47850036621094,66128000,AMZN
2022-02-23,144.82699584960938,144.82699584960938,151.76300048828125,144.6510009765625,151.65049743652344,64244000,AMZN
2022-02-24,151.35800170898438,151.35800170898438,151.74899291992188,139.5,139.83749389648438,100786000,AMZN
2022-02-25,153.7884979248047,153.7884979248047,153.99000549316406,149.2135009765625,150.5500030517578,62396000,AMZN
2022-02-28,153.56300354003906,153.56300354003906,154.4499969482422,150.85000610351562,152.4250030517578,57684000,AMZN
2022-03-01,151.14199829101562,151.14199829101562,154.0989990234375,149.9770050048828,152.7324981689453,44874000,AMZN
2022-03-02,152.05250549316406,152.05250549316406,152.99949645996094,148.75,150.8489990234375,47334000,AMZN
2022-03-03,147.89849853515625,147.89849853515625,153.9290008544922,146.8560028076172,153.531494140625,65198000,AMZN
2022-03-04,145.64100646972656,145.64100646972656,147.85000610351562,143.8070068359375,147.15899658203125,60934000,AMZN
2022-03-07,137.4530029296875,137.4530029296875,146.09449768066406,137.41650390625,145.44349670410156,86934000,AMZN
2022-03-08,136.01449584960938,136.01449584960938,140.69949340820312,133.57249450683594,136.68350219726562,91662000,AMZN
2022-03-09,139.2790069580078,139.2790069580078,140.25,136.8280029296875,139.5,82656000,AMZN
2022-03-10,146.8175048828125,146.8175048828125,148.67449951171875,143.97799682617188,145.68499755859375,135062000,AMZN
2022-03-11,145.52450561523438,145.52450561523438,149.6750030517578,145.36900329589844,149.57449340820312,68900000,AMZN
2022-03-14,141.85299682617188,141.85299682617188,147.4499969482422,140.88400268554688,145.9810028076172,74086000,AMZN
2022-03-15,147.3665008544922,147.3665008544922,147.98500061035156,142.0,142.85000610351562,75584000,AMZN
2022-03-16,153.10400390625,153.10400390625,153.14999389648438,147.35350036621094,148.5,84958000,AMZN
2022-03-17,157.23899841308594,157.23899841308594,157.49850463867188,152.13999938964844,152.6405029296875,72934000,AMZN
2022-03-18,161.25050354003906,161.25050354003906,161.593994140625,156.01100158691406,156.81300354003906,102962000,AMZN
2022-03-21,161.4915008544922,161.4915008544922,163.08399963378906,159.55299377441406,161.12100219726562,66538000,AMZN
2022-03-22,164.88900756835938,164.88900756835938,166.16700744628906,161.69900512695312,161.8054962158203,64086000,AMZN
2022-03-23,163.4080047607422,163.4080047607422,166.3699951171875,162.68699645996094,163.7050018310547,55812000,AMZN
2022-03-24,163.64950561523438,163.64950561523438,164.11849975585938,160.0500030517578,163.74949645996094,56798000,AMZN
2022-03-25,164.77349853515625,164.77349853515625,165.36849975585938,162.25,164.0,49032000,AMZN
2022-03-28,168.99049377441406,168.99049377441406,169.03750610351562,164.89999389648438,164.97500610351562,59854000,AMZN
2022-03-29,169.31500244140625,169.31500244140625,170.8314971923828,167.86849975585938,170.38400268554688,66154000,AMZN
2022-03-30,166.30099487304688,166.30099487304688,168.95050048828125,165.5,168.50950622558594,56168000,AMZN
2022-03-31,162.99749755859375,162.99749755859375,166.4949951171875,162.95350646972656,166.44500732421875,59966000,AMZN
2022-04-01,163.55999755859375,163.55999755859375,165.82699584960938,162.3195037841797,164.14950561523438,57090000,AMZN
2022-04-04,168.34649658203125,168.34649658203125,168.39450073242188,163.20550537109375,164.125,49882000,AMZN
2022-04-05,164.05499267578125,164.05499267578125,168.11050415039062,163.26600646972656,167.7415008544922,53728000,AMZN
2022-04-06,158.75599670410156,158.75599670410156,162.1999969482422,157.25450134277344,161.65049743652344,79056000,AMZN
2022-04-07,157.7845001220703,157.7845001220703,160.07899475097656,154.51150512695312,158.39999389648438,68136000,AMZN
2022-04-08,154.4604949951172,154.4604949951172,157.36849975585938,154.2310028076172,156.75,46002000,AMZN
2022-04-11,151.1219940185547,151.1219940185547,154.13650512695312,150.5345001220703,152.71299743652344,52112000,AMZN
2022-04-12,150.78750610351562,150.78750610351562,155.0989990234375,150.38299560546875,153.6925048828125,55178000,AMZN
2022-04-13,155.54100036621094,155.54100036621094,156.02499389648438,149.60000610351562,150.01849365234375,53390000,AMZN
2022-04-14,151.7064971923828,151.7064971923828,155.89700317382812,151.4720001220703,155.38999938964844,51598000,AMZN
2022-04-18,152.78500366210938,152.78500366210938,154.0395050048828,150.25050354003906,151.52349853515625,46514000,AMZN
2022-04-19,158.11549377441406,158.11549377441406,158.6490020751953,151.55050659179688,152.0294952392578,54926000,AMZN
2022-04-20,153.9980010986328,153.9980010986328,157.6024932861328,153.60350036621094,157.6024932861328,59630000,AMZN
2022-04-21,148.29600524902344,148.29600524902344,156.73800659179688,147.58949279785156,154.71400451660156,63970000,AMZN
2022-04-22,144.35000610351562,144.35000610351562,149.61500549316406,143.69749450683594,148.25,73078000,AMZN
2022-04-25,146.07400512695312,146.07400512695312,146.22149658203125,142.30650329589844,144.0229949951172,61874000,AMZN
2022-04-26,139.39100646972656,139.39100646972656,144.8560028076172,138.92950439453125,144.8000030517578,77530000,AMZN
2022-04-27,138.16700744628906,138.16700744628906,141.94850158691406,135.7834930419922,140.19149780273438,71336000,AMZN
2022-04-28,144.59649658203125,144.59649658203125,145.9375,140.3000030517578,142.17799377441406,117316000,AMZN
2022-04-29,124.28150177001953,124.28150177001953,130.76100158691406,121.625,129.8489990234375,272662000,AMZN
2022-05-02,124.5,124.5,124.66799926757812,118.375,122.4010009765625,148788000,AMZN
2022-05-03,124.25350189208984,124.25350189208984,126.22049713134766,122.82499694824219,124.05349731445312,79134000,AMZN
2022-05-04,125.92849731445312,125.92849731445312,126.0,119.18299865722656,123.5999984741211,110746000,AMZN
2022-05-05,116.40699768066406,116.40699768066406,123.4990005493164,115.07250213623047,123.0,144392000,AMZN
2022-05-06,114.77249908447266,114.77249908447266,119.05049896240234,113.08149719238281,114.8499984741211,124260000,AMZN
2022-05-09,108.78900146484375,108.78900146484375,114.0,107.95700073242188,111.3125,128124000,AMZN
2022-05-10,108.85900115966797,108.85900115966797,112.64250183105469,107.1709976196289,111.25,105434000,AMZN
2022-05-11,105.37200164794922,105.37200164794922,110.15599822998047,104.42849731445312,108.10350036621094,109704000,AMZN
2022-05-12,106.93049621582031,106.93049621582031,110.78050231933594,102.40550231933594,102.75,132026000,AMZN
2022-05-13,113.05500030517578,113.05500030517578,113.18399810791016,107.80000305175781,109.06900024414062,93684000,AMZN
2022-05-16,110.81050109863281,110.81050109863281,113.99250030517578,110.35399627685547,113.0999984741211,74566000,AMZN
2022-05-17,115.36849975585938,115.36849975585938,115.80000305175781,111.27649688720703,113.2750015258789,76448000,AMZN
2022-05-18,107.11250305175781,107.11250305175781,112.85299682617188,106.2490005493164,111.43949890136719,108380000,AMZN
2022-05-19,107.31900024414062,107.31900024414062,110.03399658203125,106.19300079345703,106.28050231933594,88142000,AMZN
2022-05-20,107.59100341796875,107.59100341796875,109.89800262451172,105.0094985961914,109.56849670410156,99500000,AMZN
2022-05-23,107.55699920654297,107.55699920654297,108.81900024414062,103.94999694824219,108.46099853515625,107798000,AMZN
2022-05-24,104.0999984741211,104.0999984741211,105.4000015258789,101.26000213623047,104.0250015258789,102934000,AMZN
2022-05-25,106.7750015258789,106.7750015258789,108.17500305175781,103.6500015258789,103.65550231933594,93120000,AMZN
2022-05-26,111.07749938964844,111.07749938964844,112.66549682617188,107.45349884033203,107.97000122070312,93002000,AMZN
2022-05-27,115.14649963378906,115.14649963378906,115.18699645996094,112.62799835205078,113.55000305175781,93660000,AMZN
2022-05-31,120.20950317382812,120.20950317382812,121.99449920654297,115.67500305175781,116.27999877929688,144634000,AMZN
2022-06-01,121.68399810791016,121.68399810791016,125.17900085449219,120.62249755859375,122.25599670410156,127528000,AMZN
2022-06-02,125.51100158691406,125.51100158691406,125.61000061035156,120.04499816894531,121.68399810791016,100560000,AMZN
2022-06-03,122.3499984741211,122.3499984741211,124.4000015258789,121.04650115966797,124.19999694824219,97604000,AMZN
2022-06-06,124.79000091552734,124.79000091552734,128.99000549316406,123.80999755859375,125.25,135269000,AMZN
2022-06-07,123.0,123.0,124.0999984741211,120.62999725341797,122.01000213623047,85156700,AMZN
2022-06-08,121.18000030517578,121.18000030517578,123.75,120.75,122.61000061035156,64926600,AMZN
2022-06-09,116.1500015258789,116.1500015258789,121.30000305175781,116.0999984741211,119.98999786376953,67029800,AMZN
2022-06-10,109.6500015258789,109.6500015258789,114.5,109.05000305175781,113.41999816894531,87266000,AMZN
2022-06-13,103.66999816894531,103.66999816894531,106.54000091552734,101.86000061035156,104.19000244140625,99277700,AMZN
2022-06-14,102.30999755859375,102.30999755859375,104.87999725341797,101.43000030517578,104.19000244140625,69728800,AMZN
2022-06-15,107.66999816894531,107.66999816894531,109.05999755859375,103.52999877929688,103.86000061035156,85011100,AMZN
2022-06-16,103.66000366210938,103.66000366210938,104.58000183105469,102.01000213623047,104.47000122070312,82186300,AMZN
2022-06-17,106.22000122070312,106.22000122070312,106.9800033569336,102.51000213623047,102.80000305175781,99772100,AMZN
2022-06-21,108.68000030517578,108.68000030517578,111.62999725341797,103.55999755859375,108.19999694824219,70901200,AMZN
2022-06-22,108.94999694824219,108.94999694824219,112.12999725341797,107.0199966430664,107.43000030517578,60040100,AMZN
2022-06-23,112.44000244140625,112.44000244140625,113.0,107.93000030517578,110.38999938964844,64345300,AMZN
2022-06-24,116.45999908447266,116.45999908447266,116.70999908447266,111.43000030517578,112.37999725341797,69867600,AMZN
2022-06-27,113.22000122070312,113.22000122070312,117.9800033569336,112.69999694824219,117.08999633789062,62133200,AMZN
2022-06-28,107.4000015258789,107.4000015258789,114.8499984741211,107.04000091552734,113.5,74942900,AMZN
2022-06-29,108.91999816894531,108.91999816894531,110.98999786376953,106.91000366210938,107.37999725341797,66375300,AMZN
2022-06-30,106.20999908447266,106.20999908447266,108.18000030517578,102.5199966430664,108.11000061035156,97679400,AMZN
2022-07-01,109.55999755859375,109.55999755859375,109.75,105.8499984741211,106.29000091552734,73021200,AMZN
2022-07-05,113.5,113.5,114.08000183105469,106.31999969482422,107.5999984741211,76583700,AMZN
2022-07-06,114.33000183105469,114.33000183105469,115.4800033569336,112.01000213623047,113.20999908447266,66958900,AMZN
2022-07-07,116.33000183105469,116.33000183105469,116.98999786376953,113.48999786376953,113.8499984741211,57872300,AMZN
2022-07-08,115.54000091552734,115.54000091552734,116.58000183105469,113.69000244140625,114.5999984741211,45719700,AMZN
2022-07-11,111.75,111.75,114.30000305175781,110.87000274658203,114.08000183105469,53487600,AMZN
2022-07-12,109.22000122070312,109.22000122070312,113.2300033569336,108.33999633789062,112.16000366210938,54280300,AMZN
2022-07-13,110.4000015258789,110.4000015258789,111.77999877929688,106.01000213623047,107.02999877929688,61353800,AMZN
2022-07-14,110.62999725341797,110.62999725341797,111.18000030517578,107.58000183105469,110.23999786376953,51163100,AMZN
2022-07-15,113.55000305175781,113.55000305175781,115.58999633789062,111.58999633789062,112.5,84317800,AMZN
2022-07-18,113.76000213623047,113.76000213623047,117.23999786376953,113.1500015258789,115.0,59115400,AMZN
2022-07-19,118.20999908447266,118.20999908447266,118.94999694824219,114.02999877929688,115.69999694824219,60990000,AMZN
2022-07-20,122.7699966430664,122.7699966430664,123.4800033569336,118.31999969482422,118.62000274658203,71268300,AMZN
2022-07-21,124.62999725341797,124.62999725341797,124.8499984741211,121.26000213623047,123.19999694824219,60239900,AMZN
2022-07-22,122.41999816894531,122.41999816894531,125.5,121.3499984741211,125.01000213623047,51463800,AMZN
2022-07-25,121.13999938964844,121.13999938964844,123.63999938964844,120.02999877929688,122.69999694824219,50221300,AMZN
2022-07-26,114.80999755859375,114.80999755859375,118.1500015258789,114.52999877929688,115.79000091552734,67075100,AMZN
2022-07-27,120.97000122070312,120.97000122070312,121.9000015258789,117.16000366210938,117.30999755859375,61582000,AMZN
2022-07-28,122.27999877929688,122.27999877929688,122.83999633789062,118.08000183105469,121.56999969482422,82245500,AMZN
2022-07-29,134.9499969482422,134.9499969482422,137.64999389648438,132.41000366210938,134.89999389648438,148892900,AMZN
2022-08-01,135.38999938964844,135.38999938964844,138.8300018310547,133.50999450683594,134.9600067138672,76846900,AMZN
2022-08-02,134.16000366210938,134.16000366210938,137.44000244140625,134.08999633789062,134.72000122070312,61922400,AMZN
2022-08-03,139.52000427246094,139.52000427246094,140.49000549316406,136.0500030517578,136.2100067138672,71827800,AMZN
2022-08-04,142.57000732421875,142.57000732421875,143.55999755859375,139.5500030517578,140.5800018310547,70585000,AMZN
2022-08-05,140.8000030517578,140.8000030517578,142.86000061035156,139.60000610351562,140.10000610351562,50686900,AMZN
2022-08-08,139.41000366210938,139.41000366210938,144.22999572753906,138.2899932861328,142.0500030517578,52229000,AMZN
2022-08-09,137.8300018310547,137.8300018310547,138.9499969482422,136.2100067138672,138.0500030517578,40434700,AMZN
2022-08-10,142.69000244140625,142.69000244140625,144.60000610351562,141.00999450683594,142.89999389648438,54773800,AMZN
2022-08-11,140.63999938964844,140.63999938964844,144.49000549316406,139.75999450683594,143.86000061035156,44867300,AMZN
2022-08-12,143.5500030517578,143.5500030517578,143.57000732421875,140.1199951171875,142.0500030517578,47643500,AMZN
2022-08-15,143.17999267578125,143.17999267578125,143.75999450683594,141.49000549316406,142.8000030517578,39014600,AMZN
2022-08-16,144.77999877929688,144.77999877929688,146.57000732421875,142.0,143.91000366210938,59102900,AMZN
2022-08-17,142.10000610351562,142.10000610351562,143.3800048828125,140.77999877929688,142.69000244140625,48149800,AMZN
2022-08-18,142.3000030517578,142.3000030517578,142.77000427246094,140.3800048828125,141.32000732421875,37458700,AMZN
2022-08-19,138.22999572753906,138.22999572753906,141.11000061035156,137.91000366210938,140.47000122070312,47792800,AMZN
2022-08-22,133.22000122070312,133.22000122070312,136.32000732421875,132.85000610351562,135.72000122070312,50461500,AMZN
2022-08-23,133.6199951171875,133.6199951171875,134.99000549316406,132.9499969482422,133.41000366210938,36252100,AMZN
2022-08-24,133.8000030517578,133.8000030517578,135.47000122070312,132.10000610351562,132.75,38627000,AMZN
2022-08-25,137.27999877929688,137.27999877929688,137.4199981689453,134.27999877929688,135.25999450683594,37496300,AMZN
2022-08-26,130.75,130.75,137.8300018310547,130.5,136.5500030517578,53322700,AMZN
2022-08-29,129.7899932861328,129.7899932861328,131.9499969482422,128.77000427246094,129.89999389648438,48101600,AMZN
2022-08-30,128.72999572753906,128.72999572753906,132.07000732421875,126.8499984741211,131.25,49203000,AMZN
2022-08-31,126.7699966430664,126.7699966430664,130.58999633789062,126.73999786376953,129.4499969482422,53648700,AMZN
2022-09-01,127.81999969482422,127.81999969482422,128.02000427246094,123.66000366210938,126.0,56636100,AMZN
2022-09-02,127.51000213623047,127.51000213623047,131.3800048828125,126.38999938964844,129.5,57429800,AMZN
2022-09-06,126.11000061035156,126.11000061035156,128.6199951171875,124.73999786376953,127.91999816894531,43888600,AMZN
2022-09-07,129.47999572753906,129.47999572753906,129.82000732421875,125.4000015258789,126.12000274658203,47900300,AMZN
2022-09-08,129.82000732421875,129.82000732421875,130.27999877929688,127.0999984741211,127.72000122070312,43988500,AMZN
2022-09-09,133.27000427246094,133.27000427246094,133.69000244140625,130.75999450683594,130.91000366210938,49387600,AMZN
2022-09-12,136.4499969482422,136.4499969482422,136.49000549316406,134.0,134.10000610351562,53826900,AMZN
2022-09-13,126.81999969482422,126.81999969482422,131.39999389648438,126.2699966430664,131.00999450683594,72694000,AMZN
2022-09-14,128.5500030517578,128.5500030517578,128.83999633789062,126.33000183105469,127.36000061035156,45316800,AMZN
2022-09-15,126.27999877929688,126.27999877929688,130.3699951171875,125.5,127.37999725341797,52887200,AMZN
2022-09-16,123.52999877929688,123.52999877929688,123.87000274658203,120.69999694824219,122.77999877929688,115667800,AMZN
2022-09-19,124.66000366210938,124.66000366210938,124.70999908447266,121.80000305175781,122.16000366210938,47279700,AMZN
2022-09-20,122.19000244140625,122.19000244140625,124.4000015258789,121.13999938964844,123.3499984741211,47698400,AMZN
2022-09-21,118.54000091552734,118.54000091552734,123.76000213623047,118.44999694824219,122.48999786376953,58498900,AMZN
2022-09-22,117.30999755859375,117.30999755859375,118.79000091552734,116.26000213623047,117.08000183105469,55229200,AMZN
2022-09-23,113.77999877929688,113.77999877929688,116.05000305175781,112.05999755859375,116.0,65126700,AMZN
2022-09-26,115.1500015258789,115.1500015258789,117.33999633789062,113.12999725341797,113.30000305175781,62723300,AMZN
2022-09-27,114.41000366210938,114.41000366210938,118.31999969482422,113.05000305175781,117.19999694824219,60094700,AMZN
2022-09-28,118.01000213623047,118.01000213623047,118.69999694824219,113.80000305175781,114.37999725341797,55763800,AMZN
2022-09-29,114.80000305175781,114.80000305175781,116.06999969482422,113.05999755859375,115.5999984741211,58969700,AMZN
2022-09-30,113.0,113.0,116.91999816894531,112.83999633789062,114.08000183105469,59479600,AMZN
2022-10-03,115.87999725341797,115.87999725341797,116.91000366210938,112.44999694824219,113.58000183105469,50941900,AMZN
2022-10-04,121.08999633789062,121.08999633789062,123.0,119.79000091552734,119.88999938964844,62812600,AMZN
2022-10-05,120.94999694824219,120.94999694824219,121.75,117.69000244140625,118.58000183105469,48217500,AMZN
2022-10-06,120.30000305175781,120.30000305175781,121.52999877929688,119.5,120.7699966430664,42253800,AMZN
2022-10-07,114.55999755859375,114.55999755859375,118.16999816894531,113.87999725341797,118.0,54678000,AMZN
2022-10-10,113.66999816894531,113.66999816894531,116.25,112.43000030517578,115.0999984741211,42339700,AMZN
2022-10-11,112.20999908447266,112.20999908447266,115.4800033569336,110.38999938964844,112.70999908447266,56432200,AMZN
2022-10-12,112.9000015258789,112.9000015258789,113.83000183105469,111.4000015258789,112.48999786376953,45728700,AMZN
2022-10-13,112.52999877929688,112.52999877929688,113.44000244140625,105.3499984741211,107.87999725341797,86868100,AMZN
2022-10-14,106.9000015258789,106.9000015258789,114.95999908447266,106.5999984741211,114.0999984741211,67737300,AMZN
2022-10-17,113.79000091552734,113.79000091552734,114.19000244140625,110.08999633789062,110.11000061035156,62782000,AMZN
2022-10-18,116.36000061035156,116.36000061035156,119.5199966430664,114.79000091552734,119.05999755859375,65607400,AMZN
2022-10-19,115.06999969482422,115.06999969482422,116.58999633789062,113.22000122070312,114.70999908447266,47198100,AMZN
2022-10-20,115.25,115.25,118.23999786376953,113.51000213623047,113.83000183105469,48795100,AMZN
2022-10-21,119.31999969482422,119.31999969482422,119.58999633789062,114.5,114.79000091552734,55660500,AMZN
2022-10-24,119.81999969482422,119.81999969482422,120.38999938964844,116.56999969482422,119.9800033569336,49531500,AMZN
2022-10-25,120.5999984741211,120.5999984741211,121.31999969482422,118.94999694824219,119.6500015258789,50934600,AMZN
2022-10-26,115.66000366210938,115.66000366210938,119.3499984741211,114.76000213623047,116.0,68802300,AMZN
2022-10-27,110.95999908447266,110.95999908447266,114.12000274658203,109.7699966430664,113.91999816894531,129605400,AMZN
2022-10-28,103.41000366210938,103.41000366210938,103.95999908447266,97.66000366210938,97.91000366210938,223133400,AMZN
2022-10-31,102.44000244140625,102.44000244140625,104.87000274658203,100.73999786376953,103.55999755859375,99251400,AMZN
2022-11-01,96.79000091552734,96.79000091552734,104.58000183105469,96.05999755859375,103.98999786376953,153370000,AMZN
2022-11-02,92.12000274658203,92.12000274658203,97.73999786376953,92.01000213623047,97.31999969482422,135761800,AMZN
2022-11-03,89.30000305175781,89.30000305175781,93.5,89.0199966430664,92.47000122070312,136683300,AMZN
2022-11-04,90.9800033569336,90.9800033569336,92.44000244140625,88.04000091552734,91.48999786376953,129101300,AMZN
2022-11-07,90.52999877929688,90.52999877929688,92.0999984741211,89.04000091552734,91.94999694824219,77495700,AMZN
2022-11-08,89.9800033569336,89.9800033569336,91.72000122070312,88.2300033569336,90.79000091552734,88703400,AMZN
2022-11-09,86.13999938964844,86.13999938964844,89.4800033569336,85.87000274658203,89.47000122070312,90796200,AMZN
2022-11-10,96.62999725341797,96.62999725341797,98.69000244140625,91.6500015258789,92.94000244140625,173414900,AMZN
2022-11-11,100.79000091552734,100.79000091552734,101.19000244140625,96.66000366210938,97.87999725341797,111590500,AMZN
2022-11-14,98.48999786376953,98.48999786376953,100.12000274658203,97.29000091552734,98.7699966430664,99533100,AMZN
2022-11-15,98.94000244140625,98.94000244140625,103.79000091552734,97.33999633789062,103.20999908447266,111336300,AMZN
2022-11-16,97.12000274658203,97.12000274658203,98.48999786376953,95.54000091552734,96.8499984741211,87958800,AMZN
2022-11-17,94.8499984741211,94.8499984741211,96.97000122070312,94.02999877929688,95.37000274658203,82617900,AMZN
2022-11-18,94.13999938964844,94.13999938964844,95.98999786376953,92.4800033569336,95.94999694824219,72428200,AMZN
2022-11-21,92.45999908447266,92.45999908447266,95.0199966430664,90.58999633789062,93.97000122070312,84330300,AMZN
2022-11-22,93.19999694824219,93.19999694824219,93.3499984741211,90.87000274658203,92.62000274658203,62192000,AMZN
2022-11-23,94.12999725341797,94.12999725341797,94.58000183105469,92.83000183105469,93.23999786376953,59414700,AMZN
2022-11-25,93.41000366210938,93.41000366210938,94.43000030517578,93.06999969482422,93.79000091552734,35088600,AMZN
2022-11-28,93.94999694824219,93.94999694824219,96.4000015258789,93.43000030517578,93.93000030517578,74943100,AMZN
2022-11-29,92.41999816894531,92.41999816894531,94.41000366210938,91.44000244140625,94.04000091552734,65567300,AMZN
2022-11-30,96.54000091552734,96.54000091552734,96.54000091552734,91.52999877929688,92.47000122070312,102805800,AMZN
2022-12-01,95.5,95.5,97.2300033569336,94.91999816894531,96.98999786376953,68488000,AMZN
2022-12-02,94.12999725341797,94.12999725341797,95.36000061035156,93.77999877929688,94.4800033569336,72496400,AMZN
2022-12-05,91.01000213623047,91.01000213623047,94.05999755859375,90.81999969482422,93.05000305175781,71535500,AMZN
2022-12-06,88.25,88.25,91.04000091552734,87.9000015258789,90.5,75503600,AMZN
2022-12-07,88.45999908447266,88.45999908447266,89.88999938964844,87.4800033569336,88.33999633789062,68086900,AMZN
2022-12-08,90.3499984741211,90.3499984741211,90.86000061035156,87.87999725341797,89.23999786376953,73305900,AMZN
2022-12-09,89.08999633789062,89.08999633789062,90.30000305175781,88.62999725341797,88.9000015258789,67398500,AMZN
2022-12-12,90.55000305175781,90.55000305175781,90.58000183105469,87.87000274658203,89.20999908447266,61999800,AMZN
2022-12-13,92.48999786376953,92.48999786376953,96.25,90.5199966430664,95.2300033569336,100212000,AMZN
2022-12-14,91.58000183105469,91.58000183105469,93.45999908447266,89.87000274658203,92.5,70298000,AMZN
2022-12-15,88.44999694824219,88.44999694824219,89.97000122070312,87.47000122070312,89.88999938964844,84802900,AMZN
2022-12-16,87.86000061035156,87.86000061035156,89.3499984741211,86.7300033569336,88.2699966430664,146144100,AMZN
2022-12-19,84.91999816894531,84.91999816894531,87.62999725341797,84.51000213623047,87.51000213623047,83531500,AMZN
2022-12-20,85.19000244140625,85.19000244140625,86.61000061035156,84.33000183105469,85.33000183105469,74348300,AMZN
2022-12-21,86.7699966430664,86.7699966430664,87.2300033569336,85.20999908447266,86.18000030517578,59267200,AMZN
2022-12-22,83.79000091552734,83.79000091552734,85.68000030517578,82.25,85.5199966430664,81431300,AMZN
2022-12-23,85.25,85.25,85.77999877929688,82.93000030517578,83.25,57433700,AMZN
2022-12-27,83.04000091552734,83.04000091552734,85.3499984741211,83.0,84.97000122070312,57284000,AMZN
2022-12-28,81.81999969482422,81.81999969482422,83.4800033569336,81.69000244140625,82.80000305175781,58228600,AMZN
2022-12-29,84.18000030517578,84.18000030517578,84.55000305175781,82.55000305175781,82.87000274658203,54995900,AMZN
2022-12-30,84.0,84.0,84.05000305175781,82.47000122070312,83.12000274658203,62401200,AMZN
2023-01-03,85.81999969482422,85.81999969482422,86.95999908447266,84.20999908447266,85.45999908447266,76706000,AMZN
2023-01-04,85.13999938964844,85.13999938964844,86.9800033569336,83.36000061035156,86.55000305175781,68885100,AMZN
2023-01-05,83.12000274658203,83.12000274658203,85.41999816894531,83.06999969482422,85.33000183105469,67930800,AMZN
2023-01-06,86.08000183105469,86.08000183105469,86.4000015258789,81.43000030517578,83.02999877929688,83303400,AMZN
2023-01-09,87.36000061035156,87.36000061035156,89.4800033569336,87.08000183105469,87.45999908447266,65266100,AMZN
2023-01-10,89.87000274658203,89.87000274658203,90.19000244140625,87.29000091552734,87.56999969482422,67756600,AMZN
2023-01-11,95.08999633789062,95.08999633789062,95.26000213623047,90.93000030517578,90.93000030517578,103126200,AMZN
2023-01-12,95.2699966430664,95.2699966430664,97.19000244140625,93.5,96.93000030517578,85254800,AMZN
2023-01-13,98.12000274658203,98.12000274658203,98.37000274658203,94.12000274658203,94.18000030517578,85549400,AMZN
2023-01-17,96.05000305175781,96.05000305175781,98.88999938964844,95.7300033569336,98.68000030517578,72755000,AMZN
2023-01-18,95.45999908447266,95.45999908447266,99.31999969482422,95.37999725341797,97.25,79570400,AMZN
2023-01-19,93.68000030517578,93.68000030517578,95.44000244140625,92.86000061035156,94.73999786376953,69002700,AMZN
2023-01-20,97.25,97.25,97.3499984741211,93.19999694824219,93.86000061035156,67481500,AMZN
2023-01-23,97.5199966430664,97.5199966430664,97.77999877929688,95.86000061035156,97.55999755859375,76501100,AMZN
2023-01-24,96.31999969482422,96.31999969482422,98.08999633789062,96.0,96.93000030517578,66929500,AMZN
2023-01-25,97.18000030517578,97.18000030517578,97.23999786376953,91.5199966430664,92.55999755859375,94261600,AMZN
2023-01-26,99.22000122070312,99.22000122070312,99.48999786376953,96.91999816894531,98.23999786376953,68523600,AMZN
2023-01-27,102.23999786376953,102.23999786376953,103.48999786376953,99.52999877929688,99.52999877929688,87775600,AMZN
2023-01-30,100.55000305175781,100.55000305175781,101.73999786376953,99.01000213623047,101.08999633789062,70691900,AMZN
2023-01-31,103.12999725341797,103.12999725341797,103.3499984741211,101.13999938964844,101.16000366210938,66527300,AMZN
2023-02-01,105.1500015258789,105.1500015258789,106.23999786376953,101.23999786376953,102.52999877929688,80450100,AMZN
2023-02-02,112.91000366210938,112.91000366210938,114.0,108.87999725341797,110.25,158154200,AMZN
2023-02-03,103.38999938964844,103.38999938964844,108.77999877929688,102.5199966430664,105.26000213623047,144374800,AMZN
2023-02-06,102.18000030517578,102.18000030517578,103.94999694824219,100.6500015258789,102.93000030517578,81945200,AMZN
2023-02-07,102.11000061035156,102.11000061035156,102.41000366210938,98.08000183105469,101.16999816894531,119501300,AMZN
2023-02-08,100.05000305175781,100.05000305175781,102.66999816894531,98.77999877929688,102.04000091552734,75878300,AMZN
2023-02-09,98.23999786376953,98.23999786376953,101.77999877929688,97.56999969482422,101.31999969482422,64622500,AMZN
2023-02-10,97.61000061035156,97.61000061035156,98.81999969482422,96.2300033569336,97.55999755859375,52740100,AMZN
2023-02-13,99.54000091552734,99.54000091552734,99.68000030517578,96.91000366210938,97.8499984741211,52841500,AMZN
2023-02-14,99.69999694824219,99.69999694824219,100.91999816894531,97.5199966430664,98.41000366210938,56202900,AMZN
2023-02-15,101.16000366210938,101.16000366210938,101.16999816894531,98.44999694824219,99.08999633789062,47957600,AMZN
2023-02-16,98.1500015258789,98.1500015258789,100.62999725341797,98.0999984741211,99.20999908447266,56339200,AMZN
2023-02-17,97.19999694824219,97.19999694824219,97.94000244140625,95.6500015258789,97.80000305175781,60029400,AMZN
2023-02-21,94.58000183105469,94.58000183105469,95.61000061035156,94.2699966430664,95.33999633789062,56580400,AMZN
2023-02-22,95.79000091552734,95.79000091552734,97.01000213623047,94.80000305175781,95.0999984741211,59534100,AMZN
2023-02-23,95.81999969482422,95.81999969482422,96.43000030517578,93.66999816894531,96.12000274658203,48467000,AMZN
2023-02-24,93.5,93.5,94.13999938964844,92.31999969482422,93.52999877929688,57053800,AMZN
2023-02-27,93.76000213623047,93.76000213623047,94.77999877929688,93.13999938964844,94.27999877929688,47470300,AMZN
2023-02-28,94.2300033569336,94.2300033569336,94.69000244140625,92.91999816894531,93.13999938964844,43959300,AMZN
2023-03-01,92.16999816894531,92.16999816894531,94.68000030517578,91.58999633789062,93.87000274658203,52299500,AMZN
2023-03-02,92.12999725341797,92.12999725341797,92.2300033569336,90.38999938964844,91.41000366210938,55509400,AMZN
2023-03-03,94.9000015258789,94.9000015258789,94.94000244140625,92.66000366210938,92.73999786376953,55759600,AMZN
2023-03-06,93.75,93.75,96.55000305175781,93.73999786376953,95.19000244140625,52112400,AMZN
2023-03-07,93.55000305175781,93.55000305175781,95.08999633789062,92.77999877929688,94.05999755859375,49100700,AMZN
2023-03-08,93.91999816894531,93.91999816894531,94.16999816894531,92.18000030517578,93.5999984741211,44899100,AMZN
2023-03-09,92.25,92.25,96.20999908447266,92.18000030517578,93.68000030517578,56218700,AMZN
2023-03-10,90.7300033569336,90.7300033569336,93.56999969482422,90.25,92.66999816894531,69827500,AMZN
2023-03-13,92.43000030517578,92.43000030517578,94.0199966430664,88.12000274658203,89.97000122070312,72397100,AMZN
2023-03-14,94.87999725341797,94.87999725341797,95.06999969482422,92.70999908447266,93.83000183105469,60912700,AMZN
2023-03-15,96.19999694824219,96.19999694824219,96.66999816894531,93.06999969482422,93.22000122070312,70731800,AMZN
2023-03-16,100.04000091552734,100.04000091552734,100.98999786376953,95.61000061035156,95.75,84446900,AMZN
2023-03-17,98.94999694824219,98.94999694824219,100.66000366210938,97.45999908447266,99.79000091552734,87300200,AMZN
2023-03-20,97.70999908447266,97.70999908447266,98.4800033569336,95.69999694824219,98.41000366210938,62388900,AMZN
2023-03-21,100.61000061035156,100.61000061035156,100.8499984741211,98.0,98.13999938964844,58597300,AMZN
2023-03-22,98.69999694824219,98.69999694824219,102.0999984741211,98.61000061035156,100.44999694824219,57475400,AMZN
2023-03-23,98.70999908447266,98.70999908447266,101.05999755859375,97.62000274658203,100.43000030517578,57559300,AMZN
2023-03-24,98.12999725341797,98.12999725341797,98.30000305175781,96.4000015258789,98.06999969482422,56095400,AMZN
2023-03-27,98.04000091552734,98.04000091552734,99.33999633789062,97.08000183105469,99.06999969482422,46721300,AMZN
2023-03-28,97.23999786376953,97.23999786376953,98.44000244140625,96.29000091552734,98.11000061035156,38720100,AMZN
2023-03-29,100.25,100.25,100.41999816894531,98.55999755859375,98.69000244140625,49783300,AMZN
2023-03-30,102.0,102.0,103.04000091552734,101.01000213623047,101.55000305175781,53633400,AMZN
2023-03-31,103.29000091552734,103.29000091552734,103.48999786376953,101.94999694824219,102.16000366210938,56750300,AMZN
2023-04-03,102.41000366210938,102.41000366210938,103.29000091552734,101.43000030517578,102.30000305175781,41135700,AMZN
2023-04-04,103.94999694824219,103.94999694824219,104.19999694824219,102.11000061035156,102.75,48662500,AMZN
2023-04-05,101.0999984741211,101.0999984741211,103.91000366210938,100.75,103.91000366210938,45175400,AMZN
2023-04-06,102.05999755859375,102.05999755859375,102.37999725341797,99.80000305175781,100.75,43808000,AMZN
2023-04-10,102.16999816894531,102.16999816894531,102.19999694824219,99.56999969482422,100.95999908447266,37261200,AMZN
2023-04-11,99.91999816894531,99.91999816894531,101.0,99.01000213623047,100.80000305175781,60417800,AMZN
2023-04-12,97.83000183105469,97.83000183105469,100.51000213623047,97.70999908447266,100.4000015258789,56735000,AMZN
2023-04-13,102.4000015258789,102.4000015258789,102.56999969482422,98.70999908447266,98.94999694824219,67925100,AMZN
2023-04-14,102.51000213623047,102.51000213623047,103.19999694824219,101.11000061035156,102.06999969482422,51450500,AMZN
2023-04-17,102.73999786376953,102.73999786376953,103.7300033569336,101.58999633789062,103.16000366210938,39919500,AMZN
2023-04-18,102.30000305175781,102.30000305175781,104.19999694824219,101.5199966430664,103.94999694824219,39790500,AMZN
2023-04-19,104.30000305175781,104.30000305175781,105.12000274658203,101.38999938964844,101.58000183105469,58398900,AMZN
2023-04-20,103.80999755859375,103.80999755859375,105.25,103.20999908447266,103.52999877929688,57696900,AMZN
2023-04-21,106.95999908447266,106.95999908447266,108.1500015258789,105.08000183105469,106.0999984741211,86774200,AMZN
2023-04-24,106.20999908447266,106.20999908447266,109.2300033569336,105.06999969482422,107.66000366210938,69575600,AMZN
2023-04-25,102.56999969482422,102.56999969482422,105.44999694824219,102.44999694824219,104.91000366210938,65026800,AMZN
2023-04-26,104.9800033569336,104.9800033569336,106.62000274658203,104.0999984741211,105.04000091552734,73803800,AMZN
2023-04-27,109.81999969482422,109.81999969482422,110.86000061035156,106.80000305175781,108.16000366210938,149961200,AMZN
2023-04-28,105.44999694824219,105.44999694824219,109.4800033569336,104.33000183105469,107.7300033569336,130715900,AMZN
2023-05-01,102.05000305175781,102.05000305175781,105.2300033569336,101.81999969482422,104.94999694824219,74728100,AMZN
2023-05-02,103.62999725341797,103.62999725341797,103.9000015258789,101.1500015258789,101.47000122070312,73469400,AMZN
2023-05-03,103.6500015258789,103.6500015258789,105.95999908447266,103.27999877929688,103.73999786376953,65051900,AMZN
2023-05-04,104.0,104.0,105.38999938964844,103.30999755859375,104.04000091552734,45345500,AMZN
2023-05-05,105.66000366210938,105.66000366210938,105.76000213623047,103.55000305175781,104.2699966430664,56951700,AMZN
2023-05-08,105.83000183105469,105.83000183105469,106.0999984741211,104.69999694824219,105.04000091552734,49430900,AMZN
2023-05-09,106.62000274658203,106.62000274658203,106.79000091552734,105.16000366210938,105.4800033569336,44089400,AMZN
2023-05-10,110.19000244140625,110.19000244140625,110.66999816894531,108.05000305175781,108.0999984741211,78627600,AMZN
2023-05-11,112.18000030517578,112.18000030517578,113.27999877929688,110.48999786376953,111.02999877929688,74924800,AMZN
2023-05-12,110.26000213623047,110.26000213623047,112.63999938964844,109.31999969482422,112.16000366210938,49852700,AMZN
2023-05-15,111.19999694824219,111.19999694824219,112.29000091552734,109.25,111.1500015258789,53011100,AMZN
2023-05-16,113.4000015258789,113.4000015258789,114.79000091552734,111.05000305175781,111.05000305175781,71472900,AMZN
2023-05-17,115.5,115.5,115.83000183105469,114.22000122070312,114.88999938964844,65655200,AMZN
2023-05-18,118.1500015258789,118.1500015258789,118.5999984741211,116.33999633789062,116.69000244140625,73174100,AMZN
2023-05-19,116.25,116.25,118.30999755859375,115.69999694824219,118.16000366210938,55056300,AMZN
2023-05-22,115.01000213623047,115.01000213623047,116.7699966430664,114.25,116.7699966430664,70741100,AMZN
2023-05-23,114.98999786376953,114.98999786376953,117.13999938964844,113.77999877929688,114.2699966430664,67576300,AMZN
2023-05-24,116.75,116.75,117.33999633789062,115.0199966430664,115.3499984741211,63487900,AMZN
2023-05-25,115.0,115.0,116.87000274658203,114.30999755859375,116.62999725341797,66496700,AMZN
2023-05-26,120.11000061035156,120.11000061035156,121.5,116.0199966430664,116.04000091552734,96779900,AMZN
2023-05-30,121.66000366210938,121.66000366210938,122.91999816894531,119.86000061035156,122.37000274658203,64314800,AMZN
2023-05-31,120.58000183105469,120.58000183105469,122.04000091552734,119.16999816894531,121.44999694824219,72800800,AMZN
2023-06-01,122.7699966430664,122.7699966430664,123.48999786376953,119.93000030517578,120.69000244140625,54375100,AMZN
2023-06-02,124.25,124.25,126.38999938964844,124.0199966430664,124.91999816894531,61264400,AMZN
2023-06-05,125.30000305175781,125.30000305175781,125.80000305175781,123.02999877929688,123.36000061035156,47950100,AMZN
2023-06-06,126.61000061035156,126.61000061035156,127.4000015258789,125.0,125.06999969482422,45695200,AMZN
2023-06-07,121.2300033569336,121.2300033569336,127.37000274658203,120.62999725341797,127.01000213623047,95663300,AMZN
2023-06-08,124.25,124.25,125.62999725341797,122.26000213623047,123.01000213623047,62159300,AMZN
2023-06-09,123.43000030517578,123.43000030517578,125.80000305175781,123.19000244140625,124.08000183105469,51396000,AMZN
2023-06-12,126.56999969482422,126.56999969482422,126.77999877929688,123.52999877929688,124.0199966430664,51338000,AMZN
2023-06-13,126.66000366210938,126.66000366210938,128.41000366210938,125.18000030517578,128.1199951171875,50564800,AMZN
2023-06-14,126.41999816894531,126.41999816894531,126.94999694824219,124.12000274658203,126.69999694824219,52422500,AMZN
2023-06-15,127.11000061035156,127.11000061035156,127.69000244140625,124.31999969482422,125.20999908447266,60458500,AMZN
2023-06-16,125.48999786376953,125.48999786376953,127.9000015258789,125.30000305175781,127.70999908447266,84247100,AMZN
2023-06-20,125.77999877929688,125.77999877929688,127.25,124.5,124.97000122070312,56930100,AMZN
2023-06-21,124.83000183105469,124.83000183105469,126.7300033569336,123.8499984741211,125.63999938964844,52137700,AMZN
2023-06-22,130.14999389648438,130.14999389648438,130.3300018310547,125.13999938964844,125.30999755859375,90354600,AMZN
2023-06-23,129.3300018310547,129.3300018310547,130.83999633789062,128.27999877929688,129.11000061035156,71927800,AMZN
2023-06-26,127.33000183105469,127.33000183105469,131.49000549316406,127.0999984741211,129.3300018310547,59989300,AMZN
2023-06-27,129.17999267578125,129.17999267578125,130.08999633789062,127.55000305175781,128.6300048828125,46801000,AMZN
2023-06-28,129.0399932861328,129.0399932861328,131.47999572753906,128.44000244140625,128.94000244140625,52149500,AMZN
2023-06-29,127.9000015258789,127.9000015258789,129.25999450683594,127.26000213623047,128.77000427246094,40761000,AMZN
2023-06-30,130.36000061035156,130.36000061035156,131.25,128.9499969482422,129.47000122070312,54350700,AMZN
2023-07-03,130.22000122070312,130.22000122070312,131.85000610351562,130.07000732421875,130.82000732421875,28264800,AMZN
2023-07-05,130.3800048828125,130.3800048828125,131.39999389648438,129.63999938964844,130.24000549316406,35895400,AMZN
2023-07-06,128.36000061035156,128.36000061035156,128.72999572753906,127.37000274658203,128.25,40639900,AMZN
2023-07-07,129.77999877929688,129.77999877929688,130.97000122070312,128.1300048828125,128.58999633789062,41992300,AMZN
2023-07-10,127.12999725341797,127.12999725341797,129.27999877929688,125.91999816894531,129.07000732421875,61889300,AMZN
2023-07-11,128.77999877929688,128.77999877929688,129.77000427246094,127.3499984741211,127.75,49951500,AMZN
2023-07-12,130.8000030517578,130.8000030517578,131.25999450683594,128.8300018310547,130.30999755859375,54022800,AMZN
2023-07-13,134.3000030517578,134.3000030517578,134.6699981689453,132.7100067138672,134.0399932861328,61170900,AMZN
2023-07-14,134.67999267578125,134.67999267578125,136.64999389648438,134.05999755859375,134.05999755859375,54487100,AMZN
2023-07-17,133.55999755859375,133.55999755859375,135.6199951171875,133.2100067138672,134.55999755859375,48450200,AMZN
2023-07-18,132.8300018310547,132.8300018310547,133.86000061035156,131.35000610351562,132.7100067138672,54882900,AMZN
2023-07-19,135.36000061035156,135.36000061035156,135.99000549316406,132.52999877929688,133.38999938964844,54531000,AMZN
2023-07-20,129.9600067138672,129.9600067138672,134.7899932861328,129.3300018310547,134.07000732421875,59820600,AMZN
2023-07-21,130.0,130.0,131.3699951171875,128.4199981689453,131.33999633789062,133307300,AMZN
2023-07-24,128.8000030517578,128.8000030517578,131.66000366210938,128.35000610351562,130.30999755859375,45591100,AMZN
2023-07-25,129.1300048828125,129.1300048828125,129.5800018310547,128.52999877929688,129.30999755859375,39236700,AMZN
2023-07-26,128.14999389648438,128.14999389648438,129.0800018310547,126.11000061035156,126.51000213623047,53910100,AMZN
2023-07-27,128.25,128.25,132.6300048828125,127.79000091552734,131.0,52610700,AMZN
2023-07-28,132.2100067138672,132.2100067138672,133.00999450683594,129.3300018310547,129.69000244140625,46317400,AMZN
2023-07-31,133.67999267578125,133.67999267578125,133.8699951171875,132.3800048828125,133.1999969482422,41901500,AMZN
2023-08-01,131.69000244140625,131.69000244140625,133.69000244140625,131.6199951171875,133.5500030517578,42098500,AMZN
2023-08-02,128.2100067138672,128.2100067138672,130.22999572753906,126.81999969482422,130.14999389648438,51027600,AMZN
2023-08-03,128.91000366210938,128.91000366210938,129.83999633789062,126.41000366210938,127.4800033569336,88585200,AMZN
2023-08-04,139.57000732421875,139.57000732421875,143.6300048828125,139.32000732421875,141.05999755859375,153128500,AMZN
2023-08-07,142.22000122070312,142.22000122070312,142.5399932861328,138.9499969482422,140.99000549316406,71213100,AMZN
2023-08-08,139.94000244140625,139.94000244140625,140.83999633789062,138.4199981689453,140.6199951171875,51710500,AMZN
2023-08-09,137.85000610351562,137.85000610351562,140.32000732421875,137.10000610351562,139.97000122070312,50017300,AMZN
2023-08-10,138.55999755859375,138.55999755859375,140.41000366210938,137.49000549316406,139.07000732421875,58928400,AMZN
2023-08-11,138.41000366210938,138.41000366210938,139.3300018310547,137.0,137.39999389648438,42905800,AMZN
2023-08-14,140.57000732421875,140.57000732421875,140.58999633789062,137.75,138.3000030517578,47148700,AMZN
2023-08-15,137.6699981689453,137.6699981689453,141.27999877929688,137.22999572753906,140.0500030517578,42781500,AMZN
2023-08-16,135.07000732421875,135.07000732421875,137.27000427246094,135.00999450683594,137.19000244140625,41675900,AMZN
2023-08-17,133.97999572753906,133.97999572753906,136.08999633789062,133.52999877929688,135.4600067138672,48354100,AMZN
2023-08-18,133.22000122070312,133.22000122070312,134.07000732421875,131.14999389648438,131.6199951171875,48497700,AMZN
2023-08-21,134.67999267578125,134.67999267578125,135.19000244140625,132.7100067138672,133.74000549316406,41442500,AMZN
2023-08-22,134.25,134.25,135.64999389648438,133.72999572753906,135.0800018310547,32905400,AMZN
2023-08-23,135.52000427246094,135.52000427246094,135.9499969482422,133.22000122070312,134.5,42801000,AMZN
2023-08-24,131.83999633789062,131.83999633789062,136.77999877929688,131.8300018310547,136.39999389648438,43646300,AMZN
2023-08-25,133.25999450683594,133.25999450683594,133.8699951171875,130.5800018310547,132.47000122070312,44147500,AMZN
2023-08-28,133.13999938964844,133.13999938964844,133.9499969482422,131.85000610351562,133.77999877929688,34108400,AMZN
2023-08-29,134.91000366210938,134.91000366210938,135.13999938964844,133.25,133.3800048828125,38646100,AMZN
2023-08-30,135.07000732421875,135.07000732421875,135.67999267578125,133.9199981689453,134.92999267578125,36137000,AMZN
2023-08-31,138.00999450683594,138.00999450683594,138.7899932861328,135.0,135.05999755859375,58781300,AMZN
2023-09-01,138.1199951171875,138.1199951171875,139.9600067138672,136.8800048828125,139.4600067138672,40991500,AMZN
2023-09-05,137.27000427246094,137.27000427246094,137.8000030517578,135.82000732421875,137.72999572753906,40636700,AMZN
2023-09-06,135.36000061035156,135.36000061035156,137.4499969482422,134.61000061035156,136.32000732421875,41785500,AMZN
2023-09-07,137.85000610351562,137.85000610351562,138.02999877929688,133.16000366210938,133.89999389648438,48498900,AMZN
2023-09-08,138.22999572753906,138.22999572753906,138.85000610351562,136.75,136.86000061035156,38348200,AMZN
2023-09-11,143.10000610351562,143.10000610351562,143.6199951171875,138.63999938964844,138.75,56764500,AMZN
2023-09-12,141.22999572753906,141.22999572753906,143.0,140.61000061035156,142.32000732421875,42668500,AMZN
2023-09-13,144.85000610351562,144.85000610351562,144.97999572753906,140.8699951171875,140.9499969482422,60465200,AMZN
2023-09-14,144.72000122070312,144.72000122070312,145.86000061035156,142.9499969482422,145.0800018310547,64033600,AMZN
2023-09-15,140.38999938964844,140.38999938964844,143.57000732421875,140.08999633789062,142.69000244140625,102909300,AMZN
2023-09-18,139.97999572753906,139.97999572753906,141.75,139.22000122070312,140.47999572753906,42823500,AMZN
2023-09-19,137.6300048828125,137.6300048828125,138.83999633789062,135.55999755859375,138.6999969482422,61482500,AMZN
2023-09-20,135.2899932861328,135.2899932861328,139.3699951171875,135.1999969482422,138.5500030517578,46263700,AMZN
2023-09-21,129.3300018310547,129.3300018310547,132.24000549316406,129.30999755859375,131.94000244140625,70343300,AMZN
2023-09-22,129.1199951171875,129.1199951171875,132.02999877929688,128.52000427246094,131.11000061035156,59904300,AMZN
2023-09-25,131.27000427246094,131.27000427246094,131.77999877929688,128.77000427246094,129.36000061035156,46017800,AMZN
2023-09-26,125.9800033569336,125.9800033569336,130.38999938964844,125.27999877929688,130.1199951171875,73048200,AMZN
2023-09-27,125.9800033569336,125.9800033569336,127.4800033569336,124.12999725341797,125.76000213623047,66553400,AMZN
2023-09-28,125.9800033569336,125.9800033569336,126.58000183105469,123.04000091552734,124.04000091552734,54555000,AMZN
2023-09-29,127.12000274658203,127.12000274658203,129.14999389648438,126.31999969482422,128.1999969482422,62411700,AMZN
2023-10-02,129.4600067138672,129.4600067138672,130.47000122070312,126.54000091552734,127.27999877929688,48029700,AMZN
2023-10-03,124.72000122070312,124.72000122070312,128.52000427246094,124.25,128.05999755859375,51565000,AMZN
2023-10-04,127.0,127.0,127.36000061035156,125.68000030517578,126.05999755859375,44203900,AMZN
2023-10-05,125.95999908447266,125.95999908447266,126.7300033569336,124.33000183105469,126.70999908447266,39660600,AMZN
2023-10-06,127.95999908447266,127.95999908447266,128.4499969482422,124.12999725341797,124.16000366210938,46836700,AMZN
2023-10-09,128.25999450683594,128.25999450683594,128.7899932861328,124.76000213623047,126.22000122070312,38773700,AMZN
2023-10-10,129.47999572753906,129.47999572753906,130.74000549316406,128.0500030517578,128.82000732421875,42178600,AMZN
2023-10-11,131.8300018310547,131.8300018310547,132.0500030517578,129.61000061035156,129.74000549316406,40741800,AMZN
2023-10-12,132.3300018310547,132.3300018310547,134.47999572753906,131.22999572753906,132.1699981689453,55528600,AMZN
2023-10-13,129.7899932861328,129.7899932861328,133.30999755859375,128.9499969482422,132.97999572753906,45786600,AMZN
2023-10-16,132.5500030517578,132.5500030517578,133.07000732421875,130.42999267578125,130.69000244140625,42832900,AMZN
2023-10-17,131.47000122070312,131.47000122070312,132.5800018310547,128.7100067138672,130.38999938964844,49344600,AMZN
2023-10-18,128.1300048828125,128.1300048828125,130.6699981689453,127.51000213623047,129.89999389648438,42699500,AMZN
2023-10-19,128.39999389648438,128.39999389648438,132.24000549316406,127.47000122070312,130.57000732421875,60961400,AMZN
2023-10-20,125.16999816894531,125.16999816894531,128.1699981689453,124.97000122070312,128.0500030517578,56406400,AMZN
2023-10-23,126.55999755859375,126.55999755859375,127.87999725341797,123.9800033569336,124.62999725341797,48260000,AMZN
2023-10-24,128.55999755859375,128.55999755859375,128.8000030517578,126.33999633789062,127.73999786376953,46477400,AMZN
2023-10-25,121.38999938964844,121.38999938964844,126.33999633789062,120.79000091552734,126.04000091552734,74577500,AMZN
2023-10-26,119.56999969482422,119.56999969482422,121.63999938964844,118.3499984741211,120.62999725341797,100419500,AMZN
2023-10-27,127.73999786376953,127.73999786376953,130.02000427246094,125.5199966430664,126.19999694824219,125309300,AMZN
2023-10-30,132.7100067138672,132.7100067138672,133.0,128.55999755859375,129.72000122070312,72485500,AMZN
2023-10-31,133.08999633789062,133.08999633789062,133.57000732421875,131.7100067138672,132.75,51589400,AMZN
2023-11-01,137.0,137.0,137.35000610351562,133.7100067138672,133.9600067138672,61529400,AMZN
2023-11-02,138.07000732421875,138.07000732421875,138.80999755859375,136.47000122070312,138.72999572753906,52236700,AMZN
2023-11-03,138.60000610351562,138.60000610351562,139.49000549316406,137.4499969482422,138.99000549316406,44059800,AMZN
2023-11-06,139.74000549316406,139.74000549316406,140.72999572753906,138.36000061035156,138.75999450683594,44970400,AMZN
2023-11-07,142.7100067138672,142.7100067138672,143.3699951171875,140.5,140.5500030517578,53553500,AMZN
2023-11-08,142.0800018310547,142.0800018310547,143.1199951171875,141.22000122070312,142.97000122070312,44521700,AMZN
2023-11-09,140.60000610351562,140.60000610351562,142.64999389648438,139.83999633789062,142.02000427246094,36235400,AMZN
2023-11-10,143.55999755859375,143.55999755859375,143.64999389648438,139.91000366210938,140.4600067138672,49287800,AMZN
2023-11-13,142.58999633789062,142.58999633789062,143.22999572753906,140.6699981689453,142.0800018310547,35680600,AMZN
2023-11-14,145.8000030517578,145.8000030517578,147.25999450683594,144.67999267578125,145.0,56674600,AMZN
2023-11-15,143.1999969482422,143.1999969482422,147.2899932861328,142.58999633789062,147.05999755859375,63875700,AMZN
2023-11-16,142.8300018310547,142.8300018310547,143.32000732421875,139.52000427246094,140.91000366210938,49653500,AMZN
2023-11-17,145.17999267578125,145.17999267578125,145.22999572753906,142.5399932861328,142.66000366210938,49636700,AMZN
2023-11-20,146.1300048828125,146.1300048828125,146.6300048828125,144.72999572753906,145.1300048828125,41951200,AMZN
2023-11-21,143.89999389648438,143.89999389648438,144.0500030517578,141.5,143.91000366210938,71226000,AMZN
2023-11-22,146.7100067138672,146.7100067138672,147.74000549316406,144.57000732421875,144.57000732421875,45669100,AMZN
2023-11-24,146.74000549316406,146.74000549316406,147.1999969482422,145.32000732421875,146.6999969482422,22378400,AMZN
2023-11-27,147.72999572753906,147.72999572753906,149.25999450683594,146.8800048828125,147.52999877929688,53762400,AMZN
2023-11-28,147.02999877929688,147.02999877929688,147.60000610351562,145.52999877929688,146.97999572753906,42711700,AMZN
2023-11-29,146.32000732421875,146.32000732421875,148.5399932861328,145.97000122070312,147.85000610351562,40610900,AMZN
2023-11-30,146.08999633789062,146.08999633789062,146.92999267578125,144.3300018310547,144.75999450683594,65814000,AMZN
2023-12-01,147.02999877929688,147.02999877929688,147.25,145.5500030517578,146.0,39951800,AMZN
2023-12-04,144.83999633789062,144.83999633789062,145.35000610351562,142.80999755859375,145.25,48294200,AMZN
2023-12-05,146.8800048828125,146.8800048828125,148.57000732421875,143.1300048828125,143.5500030517578,46822400,AMZN
2023-12-06,144.52000427246094,144.52000427246094,147.85000610351562,144.27999877929688,147.5800018310547,39679000,AMZN
2023-12-07,146.8800048828125,146.8800048828125,147.9199981689453,145.33999633789062,146.14999389648438,52352800,AMZN
2023-12-08,147.4199981689453,147.4199981689453,147.83999633789062,145.39999389648438,145.47999572753906,41906000,AMZN
2023-12-11,145.88999938964844,145.88999938964844,146.19000244140625,143.63999938964844,145.66000366210938,50907300,AMZN
2023-12-12,147.47999572753906,147.47999572753906,147.5,145.3000030517578,145.52000427246094,44944300,AMZN
2023-12-13,148.83999633789062,148.83999633789062,149.4600067138672,146.82000732421875,148.1199951171875,52766200,AMZN
2023-12-14,147.4199981689453,147.4199981689453,150.5399932861328,145.52000427246094,149.92999267578125,58400800,AMZN
2023-12-15,149.97000122070312,149.97000122070312,150.57000732421875,147.8800048828125,148.3800048828125,110089300,AMZN
2023-12-18,154.07000732421875,154.07000732421875,154.85000610351562,150.0500030517578,150.55999755859375,62512800,AMZN
2023-12-19,153.7899932861328,153.7899932861328,155.1199951171875,152.69000244140625,154.39999389648438,43171300,AMZN
2023-12-20,152.1199951171875,152.1199951171875,155.6300048828125,151.55999755859375,152.89999389648438,50322100,AMZN
2023-12-21,153.83999633789062,153.83999633789062,153.97000122070312,152.10000610351562,153.3000030517578,36305700,AMZN
2023-12-22,153.4199981689453,153.4199981689453,154.35000610351562,152.7100067138672,153.77000427246094,29514100,AMZN
2023-12-26,153.41000366210938,153.41000366210938,153.97999572753906,153.02999877929688,153.55999755859375,25067200,AMZN
2023-12-27,153.33999633789062,153.33999633789062,154.77999877929688,153.1199951171875,153.55999755859375,31434700,AMZN
2023-12-28,153.3800048828125,153.3800048828125,154.0800018310547,152.9499969482422,153.72000122070312,27057000,AMZN
2023-12-29,151.94000244140625,151.94000244140625,153.88999938964844,151.02999877929688,153.10000610351562,39823200,AMZN
2024-01-02,149.92999267578125,149.92999267578125,152.3800048828125,148.38999938964844,151.5399932861328,47339400,AMZN
2024-01-03,148.47000122070312,148.47000122070312,151.0500030517578,148.3300018310547,149.1999969482422,49425500,AMZN
2024-01-04,144.57000732421875,144.57000732421875,147.3800048828125,144.0500030517578,145.58999633789062,56039800,AMZN
2024-01-05,145.24000549316406,145.24000549316406,146.58999633789062,144.52999877929688,144.69000244140625,45153100,AMZN
2024-01-08,149.10000610351562,149.10000610351562,149.39999389648438,146.14999389648438,146.74000549316406,46757100,AMZN
2024-01-09,151.3699951171875,151.3699951171875,151.7100067138672,148.2100067138672,148.3300018310547,43812600,AMZN
2024-01-10,153.72999572753906,153.72999572753906,154.4199981689453,151.8800048828125,152.05999755859375,44421800,AMZN
2024-01-11,155.17999267578125,155.17999267578125,157.1699981689453,153.1199951171875,155.0399932861328,49072700,AMZN
2024-01-12,154.6199951171875,154.6199951171875,156.1999969482422,154.00999450683594,155.38999938964844,40484200,AMZN
2024-01-16,153.16000366210938,153.16000366210938,154.99000549316406,152.14999389648438,153.52999877929688,41384600,AMZN
2024-01-17,151.7100067138672,151.7100067138672,152.14999389648438,149.91000366210938,151.49000549316406,34953400,AMZN
2024-01-18,153.5,153.5,153.77999877929688,151.82000732421875,152.77000427246094,37850200,AMZN
2024-01-19,155.33999633789062,155.33999633789062,155.75999450683594,152.74000549316406,153.8300018310547,51651600,AMZN
2024-01-22,154.77999877929688,154.77999877929688,157.0500030517578,153.89999389648438,156.88999938964844,43687500,AMZN
2024-01-23,156.02000427246094,156.02000427246094,156.2100067138672,153.92999267578125,154.85000610351562,37986000,AMZN
2024-01-24,156.8699951171875,156.8699951171875,158.50999450683594,156.47999572753906,157.8000030517578,48547300,AMZN
2024-01-25,157.75,157.75,158.50999450683594,154.5500030517578,156.9499969482422,43638600,AMZN
2024-01-26,159.1199951171875,159.1199951171875,160.72000122070312,157.91000366210938,158.4199981689453,51047400,AMZN
2024-01-29,161.25999450683594,161.25999450683594,161.2899932861328,158.89999389648438,159.33999633789062,45270400,AMZN
2024-01-30,159.0,159.0,161.72999572753906,158.49000549316406,160.6999969482422,45207400,AMZN
2024-01-31,155.1999969482422,155.1999969482422,159.00999450683594,154.80999755859375,157.0,50284400,AMZN
2024-02-01,159.27999877929688,159.27999877929688,159.75999450683594,155.6199951171875,155.8699951171875,76542400,AMZN
2024-02-02,171.80999755859375,171.80999755859375,172.5,167.3300018310547,169.19000244140625,117218300,AMZN
2024-02-05,170.30999755859375,170.30999755859375,170.5500030517578,167.6999969482422,170.1999969482422,55081300,AMZN
2024-02-06,169.14999389648438,169.14999389648438,170.7100067138672,167.64999389648438,169.38999938964844,42505500,AMZN
2024-02-07,170.52999877929688,170.52999877929688,170.8800048828125,168.94000244140625,169.47999572753906,47174100,AMZN
2024-02-08,169.83999633789062,169.83999633789062,171.42999267578125,168.8800048828125,169.64999389648438,42316500,AMZN
2024-02-09,174.4499969482422,174.4499969482422,175.0,170.5800018310547,170.89999389648438,56986000,AMZN
2024-02-12,172.33999633789062,172.33999633789062,175.38999938964844,171.5399932861328,174.8000030517578,51050400,AMZN
2024-02-13,168.63999938964844,168.63999938964844,170.9499969482422,165.75,167.72999572753906,56345100,AMZN
2024-02-14,170.97999572753906,170.97999572753906,171.2100067138672,168.27999877929688,169.2100067138672,42815500,AMZN
2024-02-15,169.8000030517578,169.8000030517578,171.1699981689453,167.58999633789062,170.5800018310547,49855200,AMZN
2024-02-16,169.50999450683594,169.50999450683594,170.4199981689453,167.1699981689453,168.74000549316406,48107700,AMZN
2024-02-20,167.0800018310547,167.0800018310547,168.7100067138672,165.74000549316406,167.8300018310547,41980300,AMZN
2024-02-21,168.58999633789062,168.58999633789062,170.22999572753906,167.13999938964844,168.94000244140625,44420100,AMZN
2024-02-22,174.5800018310547,174.5800018310547,174.8000030517578,171.77000427246094,173.10000610351562,55392400,AMZN
2024-02-23,174.99000549316406,174.99000549316406,175.75,173.6999969482422,174.27999877929688,59715200,AMZN
2024-02-26,174.72999572753906,174.72999572753906,176.3699951171875,174.25999450683594,175.6999969482422,44368600,AMZN
2024-02-27,173.5399932861328,173.5399932861328,174.6199951171875,172.86000061035156,174.0800018310547,31141700,AMZN
2024-02-28,173.16000366210938,173.16000366210938,174.0500030517578,172.27000427246094,172.44000244140625,28180500,AMZN
2024-02-29,176.75999450683594,176.75999450683594,177.22000122070312,172.85000610351562,173.00999450683594,53805400,AMZN
2024-03-01,178.22000122070312,178.22000122070312,178.72999572753906,176.07000732421875,176.75,31981200,AMZN
2024-03-04,177.5800018310547,177.5800018310547,180.13999938964844,177.49000549316406,177.52999877929688,37381500,AMZN
2024-03-05,174.1199951171875,174.1199951171875,176.92999267578125,173.3000030517578,176.92999267578125,37228300,AMZN
2024-03-06,173.50999450683594,173.50999450683594,176.4600067138672,173.25999450683594,175.5399932861328,32090900,AMZN
2024-03-07,176.82000732421875,176.82000732421875,177.99000549316406,173.72000122070312,174.8300018310547,34063300,AMZN
2024-03-08,175.35000610351562,175.35000610351562,178.7899932861328,174.3300018310547,176.44000244140625,37893200,AMZN
2024-03-11,171.9600067138672,171.9600067138672,174.47000122070312,171.47000122070312,174.30999755859375,28484800,AMZN
2024-03-12,175.38999938964844,175.38999938964844,176.75999450683594,171.97999572753906,173.5,36610600,AMZN
2024-03-13,176.55999755859375,176.55999755859375,177.6199951171875,175.5500030517578,175.89999389648438,30772600,AMZN
2024-03-14,178.75,178.75,179.52999877929688,176.47000122070312,177.69000244140625,43705800,AMZN
2024-03-15,174.4199981689453,174.4199981689453,177.92999267578125,173.89999389648438,176.63999938964844,72147400,AMZN
2024-03-18,174.47999572753906,174.47999572753906,176.69000244140625,174.27999877929688,175.8000030517578,31250700,AMZN
2024-03-19,175.89999389648438,175.89999389648438,176.08999633789062,173.52000427246094,174.22000122070312,26880900,AMZN
2024-03-20,178.14999389648438,178.14999389648438,178.52999877929688,174.63999938964844,176.13999938964844,29947200,AMZN
2024-03-21,178.14999389648438,178.14999389648438,181.4199981689453,178.14999389648438,179.99000549316406,32824300,AMZN
2024-03-22,178.8699951171875,178.8699951171875,179.25999450683594,176.75,177.75,27995400,AMZN
2024-03-25,179.7100067138672,179.7100067138672,180.99000549316406,177.24000549316406,178.00999450683594,29815500,AMZN
2024-03-26,178.3000030517578,178.3000030517578,180.4499969482422,177.9499969482422,180.14999389648438,29659000,AMZN
2024-03-27,179.8300018310547,179.8300018310547,180.0,177.30999755859375,179.8800048828125,33272600,AMZN
2024-03-28,180.3800048828125,180.3800048828125,181.6999969482422,179.25999450683594,180.1699981689453,38051600,AMZN
2024-04-01,180.97000122070312,180.97000122070312,183.0,179.9499969482422,180.7899932861328,29174500,AMZN
2024-04-02,180.69000244140625,180.69000244140625,180.7899932861328,178.3800048828125,179.07000732421875,32611500,AMZN
2024-04-03,182.41000366210938,182.41000366210938,182.8699951171875,179.8000030517578,179.89999389648438,31046600,AMZN
2024-04-04,180.0,180.0,185.10000610351562,180.0,184.0,41624300,AMZN
2024-04-05,185.07000732421875,185.07000732421875,186.27000427246094,181.97000122070312,182.3800048828125,42374000,AMZN
2024-04-08,185.19000244140625,185.19000244140625,187.2899932861328,184.80999755859375,186.89999389648438,39221300,AMZN
2024-04-09,185.6699981689453,185.6699981689453,187.33999633789062,184.1999969482422,187.24000549316406,36520100,AMZN
2024-04-10,185.9499969482422,185.9499969482422,186.27000427246094,182.6699981689453,182.77000427246094,35879200,AMZN
2024-04-11,189.0500030517578,189.0500030517578,189.77000427246094,185.50999450683594,186.74000549316406,40020700,AMZN
2024-04-12,186.1300048828125,186.1300048828125,188.3800048828125,185.0800018310547,187.72000122070312,38608800,AMZN
2024-04-15,183.6199951171875,183.6199951171875,188.69000244140625,183.0,187.42999267578125,48052400,AMZN
2024-04-16,183.32000732421875,183.32000732421875,184.8300018310547,182.25999450683594,183.27000427246094,32891300,AMZN
2024-04-17,181.27999877929688,181.27999877929688,184.57000732421875,179.82000732421875,184.30999755859375,31359700,AMZN
2024-04-18,179.22000122070312,179.22000122070312,182.38999938964844,178.64999389648438,181.47000122070312,30723800,AMZN
2024-04-19,174.6300048828125,174.6300048828125,179.0,173.44000244140625,178.74000549316406,56000700,AMZN
2024-04-22,177.22999572753906,177.22999572753906,178.8699951171875,174.55999755859375,176.94000244140625,37924900,AMZN
2024-04-23,179.5399932861328,179.5399932861328,179.92999267578125,175.97999572753906,178.0800018310547,37046500,AMZN
2024-04-24,176.58999633789062,176.58999633789062,180.32000732421875,176.17999267578125,179.94000244140625,34185100,AMZN
2024-04-25,173.6699981689453,173.6699981689453,173.9199981689453,166.32000732421875,169.67999267578125,49249400,AMZN
2024-04-26,179.6199951171875,179.6199951171875,180.82000732421875,176.1300048828125,177.8000030517578,43919800,AMZN
2024-04-29,180.9600067138672,180.9600067138672,183.52999877929688,179.38999938964844,182.75,54063900,AMZN
2024-04-30,175.0,175.0,182.99000549316406,174.8000030517578,181.08999633789062,94639800,AMZN
2024-05-01,179.0,179.0,185.14999389648438,176.55999755859375,181.63999938964844,94645100,AMZN
2024-05-02,184.72000122070312,184.72000122070312,185.10000610351562,179.91000366210938,180.85000610351562,54303500,AMZN
2024-05-03,186.2100067138672,186.2100067138672,187.8699951171875,185.4199981689453,186.99000549316406,39172000,AMZN
2024-05-06,188.6999969482422,188.6999969482422,188.75,184.8000030517578,186.27999877929688,34725300,AMZN
2024-05-07,188.75999450683594,188.75999450683594,189.94000244140625,187.30999755859375,188.9199981689453,34048900,AMZN
2024-05-08,188.0,188.0,188.42999267578125,186.38999938964844,187.44000244140625,26136400,AMZN
2024-05-09,189.5,189.5,191.6999969482422,187.44000244140625,188.8800048828125,43368400,AMZN
2024-05-10,187.47999572753906,187.47999572753906,189.88999938964844,186.92999267578125,189.16000366210938,34141800,AMZN
2024-05-13,186.57000732421875,186.57000732421875,188.30999755859375,185.36000061035156,188.0,24898600,AMZN
2024-05-14,187.07000732421875,187.07000732421875,187.72000122070312,183.4499969482422,183.82000732421875,38698200,AMZN
2024-05-15,185.99000549316406,185.99000549316406,186.72000122070312,182.72999572753906,185.97000122070312,75459900,AMZN
2024-05-16,183.6300048828125,183.6300048828125,187.30999755859375,183.4600067138672,185.60000610351562,38834500,AMZN
2024-05-17,184.6999969482422,184.6999969482422,185.3000030517578,183.35000610351562,183.75999450683594,33175700,AMZN
2024-05-20,183.5399932861328,183.5399932861328,186.6699981689453,183.27999877929688,184.33999633789062,30511800,AMZN
2024-05-21,183.14999389648438,183.14999389648438,183.25999450683594,180.75,182.3000030517578,50839100,AMZN
2024-05-22,183.1300048828125,183.1300048828125,185.22000122070312,181.97000122070312,183.8800048828125,28148800,AMZN
2024-05-23,181.0500030517578,181.0500030517578,184.75999450683594,180.0800018310547,183.66000366210938,33670200,AMZN
2024-05-24,180.75,180.75,182.44000244140625,180.3000030517578,181.64999389648438,27471600,AMZN
2024-05-28,182.14999389648438,182.14999389648438,182.24000549316406,179.49000549316406,179.92999267578125,29927000,AMZN
2024-05-29,182.02000427246094,182.02000427246094,184.0800018310547,181.5500030517578,181.6999969482422,32009300,AMZN
2024-05-30,179.32000732421875,179.32000732421875,181.33999633789062,178.36000061035156,181.30999755859375,29184700,AMZN
2024-05-31,176.44000244140625,176.44000244140625,179.2100067138672,173.8699951171875,178.3000030517578,58903900,AMZN
2024-06-03,178.33999633789062,178.33999633789062,178.6999969482422,175.9199981689453,177.6999969482422,30786600,AMZN
2024-06-04,179.33999633789062,179.33999633789062,179.82000732421875,176.44000244140625,177.63999938964844,27198400,AMZN
2024-06-05,181.27999877929688,181.27999877929688,181.5,178.75,180.10000610351562,32116400,AMZN
2024-06-06,185.0,185.0,185.0,181.49000549316406,181.75,31371200,AMZN
2024-06-07,184.3000030517578,184.3000030517578,186.2899932861328,183.36000061035156,184.89999389648438,28021500,AMZN
2024-06-10,187.05999755859375,187.05999755859375,187.22999572753906,183.7899932861328,184.07000732421875,34445600,AMZN
2024-06-11,187.22999572753906,187.22999572753906,187.77000427246094,184.5399932861328,187.05999755859375,27265100,AMZN
2024-06-12,186.88999938964844,186.88999938964844,188.35000610351562,185.42999267578125,188.02000427246094,33984200,AMZN
2024-06-13,183.8300018310547,183.8300018310547,187.6699981689453,182.6699981689453,186.08999633789062,39721500,AMZN
2024-06-14,183.66000366210938,183.66000366210938,183.72000122070312,182.22999572753906,183.0800018310547,25456400,AMZN
2024-06-17,184.05999755859375,184.05999755859375,185.0,181.22000122070312,182.52000427246094,35601900,AMZN
2024-06-18,182.80999755859375,182.80999755859375,184.2899932861328,181.42999267578125,183.74000549316406,36659200,AMZN
2024-06-20,186.10000610351562,186.10000610351562,186.50999450683594,182.72000122070312,182.91000366210938,44726800,AMZN
2024-06-21,189.0800018310547,189.0800018310547,189.27999877929688,185.86000061035156,187.8000030517578,70792500,AMZN
2024-06-24,185.57000732421875,185.57000732421875,191.0,185.3300018310547,189.3300018310547,50610400,AMZN
2024-06-25,186.33999633789062,186.33999633789062,188.83999633789062,185.4199981689453,186.80999755859375,45366400,AMZN
2024-06-26,193.61000061035156,193.61000061035156,194.8000030517578,186.25999450683594,186.9199981689453,65103900,AMZN
2024-06-27,197.85000610351562,197.85000610351562,199.83999633789062,194.1999969482422,195.00999450683594,74397500,AMZN
2024-06-28,193.25,193.25,198.85000610351562,192.5,197.72999572753906,76930200,AMZN
2024-07-01,197.1999969482422,197.1999969482422,198.3000030517578,192.82000732421875,193.49000549316406,41192000,AMZN
2024-07-02,200.0,200.0,200.42999267578125,195.92999267578125,197.27999877929688,45600000,AMZN
2024-07-03,197.58999633789062,197.58999633789062,200.02999877929688,196.75999450683594,199.94000244140625,31597900,AMZN
2024-07-05,200.0,200.0,200.5500030517578,198.1699981689453,198.64999389648438,39858900,AMZN
2024-07-08,199.2899932861328,199.2899932861328,201.1999969482422,197.9600067138672,200.0399932861328,34767300,AMZN
2024-07-09,199.33999633789062,199.33999633789062,200.57000732421875,199.0500030517578,199.39999389648438,32700100,AMZN
2024-07-10,199.7899932861328,199.7899932861328,200.11000061035156,197.69000244140625,200.0,32883800,AMZN
2024-07-11,195.0500030517578,195.0500030517578,200.27000427246094,192.86000061035156,200.08999633789062,44565000,AMZN
2024-07-12,194.49000549316406,194.49000549316406,196.47000122070312,193.8300018310547,194.8000030517578,30598500,AMZN
2024-07-15,192.72000122070312,192.72000122070312,196.19000244140625,190.8300018310547,194.55999755859375,40683200,AMZN
2024-07-16,193.02000427246094,193.02000427246094,196.6199951171875,192.24000549316406,195.58999633789062,33994700,AMZN
2024-07-17,187.92999267578125,187.92999267578125,191.5800018310547,185.99000549316406,191.35000610351562,48076100,AMZN
2024-07-18,183.75,183.75,189.67999267578125,181.4499969482422,189.58999633789062,51043600,AMZN
2024-07-19,183.1300048828125,183.1300048828125,184.92999267578125,180.11000061035156,181.13999938964844,43081800,AMZN
2024-07-22,182.5500030517578,182.5500030517578,185.05999755859375,182.47999572753906,185.0,39931900,AMZN
2024-07-23,186.41000366210938,186.41000366210938,189.38999938964844,183.55999755859375,184.10000610351562,47537700,AMZN
2024-07-24,180.8300018310547,180.8300018310547,185.4499969482422,180.41000366210938,183.1999969482422,41532400,AMZN
2024-07-25,179.85000610351562,179.85000610351562,183.89999389648438,176.8000030517578,182.91000366210938,44464200,AMZN
2024-07-26,182.5,182.5,183.19000244140625,180.24000549316406,180.38999938964844,29506000,AMZN
2024-07-29,183.1999969482422,183.1999969482422,184.75,182.3800048828125,183.83999633789062,33270100,AMZN
2024-07-30,181.7100067138672,181.7100067138672,185.86000061035156,179.3800048828125,184.72000122070312,39508600,AMZN
2024-07-31,186.97999572753906,186.97999572753906,187.94000244140625,184.4600067138672,185.0500030517578,41667300,AMZN
2024-08-01,184.07000732421875,184.07000732421875,190.60000610351562,181.8699951171875,189.2899932861328,70435600,AMZN
2024-08-02,167.89999389648438,167.89999389648438,168.77000427246094,160.5500030517578,166.75,141448400,AMZN
2024-08-05,161.02000427246094,161.02000427246094,162.9600067138672,151.61000061035156,154.2100067138672,83149400,AMZN
2024-08-06,161.92999267578125,161.92999267578125,165.0800018310547,158.5399932861328,161.7100067138672,59950800,AMZN
2024-08-07,162.77000427246094,162.77000427246094,167.5800018310547,161.42999267578125,166.5500030517578,48408200,AMZN
2024-08-08,165.8000030517578,165.8000030517578,166.69000244140625,162.5500030517578,165.1699981689453,44616200,AMZN
2024-08-09,166.94000244140625,166.94000244140625,168.5500030517578,165.85000610351562,166.39999389648438,36401000,AMZN
2024-08-12,166.8000030517578,166.8000030517578,168.5500030517578,166.11000061035156,168.13999938964844,30072800,AMZN
2024-08-13,170.22999572753906,170.22999572753906,171.0399932861328,167.10000610351562,167.80999755859375,39237900,AMZN
2024-08-14,170.10000610351562,170.10000610351562,172.27999877929688,168.86000061035156,172.11000061035156,28843800,AMZN
2024-08-15,177.58999633789062,177.58999633789062,177.91000366210938,173.99000549316406,174.86000061035156,51698500,AMZN
2024-08-16,177.05999755859375,177.05999755859375,178.33999633789062,176.25999450683594,177.0399932861328,31489200,AMZN
2024-08-19,178.22000122070312,178.22000122070312,178.3000030517578,176.16000366210938,177.63999938964844,31129800,AMZN
2024-08-20,178.8800048828125,178.8800048828125,179.00999450683594,177.42999267578125,177.9199981689453,26255200,AMZN
2024-08-21,180.11000061035156,180.11000061035156,182.38999938964844,178.88999938964844,179.9199981689453,35599100,AMZN
2024-08-22,176.1300048828125,176.1300048828125,181.47000122070312,175.67999267578125,181.3800048828125,32047500,AMZN
2024-08-23,177.0399932861328,177.0399932861328,178.97000122070312,175.24000549316406,177.33999633789062,29150100,AMZN
2024-08-26,175.5,175.5,177.47000122070312,174.3000030517578,176.6999969482422,22366200,AMZN
2024-08-27,173.1199951171875,173.1199951171875,174.88999938964844,172.25,174.14999389648438,29842000,AMZN
2024-08-28,170.8000030517578,170.8000030517578,173.69000244140625,168.9199981689453,173.69000244140625,29045000,AMZN
2024-08-29,172.1199951171875,172.1199951171875,174.2899932861328,170.80999755859375,173.22000122070312,26407800,AMZN
2024-08-30,178.5,178.5,178.89999389648438,172.60000610351562,172.77999877929688,43429400,AMZN
2024-09-03,176.25,176.25,178.25999450683594,175.25999450683594,177.5500030517578,37817500,AMZN
2024-09-04,173.3300018310547,173.3300018310547,175.97999572753906,172.5399932861328,174.47999572753906,30309200,AMZN
2024-09-05,177.88999938964844,177.88999938964844,179.8800048828125,175.0,175.0,40170500,AMZN
2024-09-06,171.38999938964844,171.38999938964844,178.3800048828125,171.16000366210938,177.24000549316406,41466500,AMZN
2024-09-09,175.39999389648438,175.39999389648438,175.85000610351562,173.50999450683594,174.52999877929688,29037400,AMZN
2024-09-10,179.5500030517578,179.5500030517578,180.5,176.7899932861328,177.49000549316406,36233800,AMZN
2024-09-11,184.52000427246094,184.52000427246094,184.99000549316406,175.72999572753906,180.10000610351562,42564700,AMZN
2024-09-12,187.0,187.0,187.41000366210938,183.5399932861328,184.8000030517578,33544200,AMZN
2024-09-13,186.49000549316406,186.49000549316406,188.5,185.91000366210938,187.0,26495400,AMZN
2024-09-16,184.88999938964844,184.88999938964844,185.80999755859375,183.36000061035156,185.2899932861328,26065500,AMZN
2024-09-17,186.8800048828125,186.8800048828125,189.4499969482422,186.13999938964844,186.85000610351562,26091700,AMZN
2024-09-18,186.42999267578125,186.42999267578125,188.8000030517578,185.05999755859375,186.4499969482422,34448100,AMZN
2024-09-19,189.8699951171875,189.8699951171875,190.99000549316406,188.47000122070312,190.0399932861328,39543200,AMZN
2024-09-20,191.60000610351562,191.60000610351562,191.83999633789062,187.41000366210938,190.22999572753906,100378600,AMZN
2024-09-23,193.8800048828125,193.8800048828125,194.4499969482422,190.57000732421875,191.63999938964844,36993100,AMZN
2024-09-24,193.9600067138672,193.9600067138672,195.3699951171875,190.1300048828125,194.27000427246094,43478900,AMZN
2024-09-25,192.52999877929688,192.52999877929688,193.9499969482422,192.16000366210938,193.75,26391100,AMZN
2024-09-26,191.16000366210938,191.16000366210938,194.52999877929688,189.5399932861328,194.30999755859375,36334900,AMZN
2024-09-27,187.97000122070312,187.97000122070312,190.89999389648438,187.33999633789062,190.67999267578125,36002300,AMZN
2024-09-30,186.3300018310547,186.3300018310547,188.49000549316406,184.64999389648438,187.13999938964844,41583900,AMZN
2024-10-01,185.1300048828125,185.1300048828125,186.19000244140625,183.4499969482422,184.89999389648438,36044900,AMZN
2024-10-02,184.75999450683594,184.75999450683594,186.60000610351562,184.0399932861328,184.44000244140625,23704100,AMZN
2024-10-03,181.9600067138672,181.9600067138672,183.44000244140625,180.8800048828125,183.0500030517578,30204300,AMZN
2024-10-04,186.50999450683594,186.50999450683594,187.60000610351562,183.60000610351562,185.75,40890300,AMZN
2024-10-07,180.8000030517578,180.8000030517578,183.60000610351562,180.25,182.9499969482422,42364200,AMZN
2024-10-08,182.72000122070312,182.72000122070312,183.08999633789062,180.9199981689453,181.9199981689453,26372100,AMZN
2024-10-09,185.1699981689453,185.1699981689453,185.85000610351562,182.0500030517578,182.82000732421875,26343100,AMZN
2024-10-10,186.64999389648438,186.64999389648438,188.1300048828125,185.8300018310547,187.1300048828125,27785000,AMZN
2024-10-11,188.82000732421875,188.82000732421875,189.92999267578125,186.3000030517578,186.6300048828125,25751600,AMZN
2024-10-14,187.5399932861328,187.5399932861328,189.8300018310547,187.36000061035156,189.77999877929688,22614400,AMZN
2024-10-15,187.69000244140625,187.69000244140625,188.41000366210938,184.5800018310547,187.6300048828125,32178900,AMZN
2024-10-16,186.88999938964844,186.88999938964844,187.77999877929688,185.61000061035156,187.0500030517578,23456800,AMZN
2024-10-17,187.52999877929688,187.52999877929688,188.94000244140625,186.0,188.22000122070312,25039400,AMZN
2024-10-18,188.99000549316406,188.99000549316406,190.74000549316406,186.27999877929688,187.14999389648438,37417700,AMZN
2024-10-21,189.07000732421875,189.07000732421875,189.4600067138672,186.39999389648438,188.0500030517578,24639400,AMZN
2024-10-22,189.6999969482422,189.6999969482422,191.52000427246094,186.97999572753906,188.35000610351562,29650600,AMZN
2024-10-23,184.7100067138672,184.7100067138672,189.16000366210938,183.69000244140625,188.85000610351562,31937100,AMZN
2024-10-24,186.3800048828125,186.3800048828125,187.11000061035156,183.86000061035156,185.25,21647400,AMZN
2024-10-25,187.8300018310547,187.8300018310547,190.4499969482422,187.52999877929688,187.85000610351562,29362100,AMZN
2024-10-28,188.38999938964844,188.38999938964844,190.2100067138672,188.2100067138672,189.57000732421875,27930800,AMZN
2024-10-29,190.8300018310547,190.8300018310547,191.4600067138672,187.82000732421875,188.5800018310547,35690200,AMZN
2024-10-30,192.72999572753906,192.72999572753906,195.61000061035156,192.4199981689453,194.6999969482422,37707600,AMZN
2024-10-31,186.39999389648438,186.39999389648438,190.60000610351562,185.22999572753906,190.50999450683594,75146800,AMZN
2024-11-01,197.92999267578125,197.92999267578125,200.5,197.02000427246094,199.0,99687800,AMZN
2024-11-04,195.77999877929688,195.77999877929688,197.3300018310547,194.30999755859375,196.4499969482422,38492100,AMZN
2024-11-05,199.5,199.5,199.82000732421875,195.99000549316406,196.0399932861328,30564800,AMZN
2024-11-06,207.08999633789062,207.08999633789062,207.5500030517578,199.13999938964844,200.00999450683594,72292200,AMZN
2024-11-07,210.0500030517578,210.0500030517578,212.25,207.19000244140625,207.44000244140625,52878400,AMZN
2024-11-08,208.17999267578125,208.17999267578125,209.9600067138672,207.44000244140625,209.72000122070312,36075800,AMZN
2024-11-11,206.83999633789062,206.83999633789062,209.64999389648438,205.58999633789062,208.5,35456000,AMZN
2024-11-12,208.91000366210938,208.91000366210938,209.5399932861328,206.00999450683594,208.3699951171875,38942900,AMZN
2024-11-13,214.10000610351562,214.10000610351562,215.08999633789062,209.13999938964844,209.39999389648438,46212900,AMZN
2024-11-14,211.47999572753906,211.47999572753906,215.89999389648438,210.8800048828125,214.16000366210938,42620300,AMZN
2024-11-15,202.61000061035156,202.61000061035156,207.33999633789062,199.61000061035156,206.75999450683594,86591100,AMZN
2024-11-18,201.6999969482422,201.6999969482422,204.6699981689453,200.9499969482422,204.14999389648438,36409900,AMZN
2024-11-19,204.61000061035156,204.61000061035156,205.3000030517578,198.77999877929688,199.3300018310547,31197900,AMZN
2024-11-20,202.8800048828125,202.8800048828125,203.1300048828125,199.4499969482422,202.97999572753906,32769000,AMZN
2024-11-21,198.3800048828125,198.3800048828125,203.49000549316406,195.75,203.49000549316406,58800000,AMZN
2024-11-22,197.1199951171875,197.1199951171875,199.25999450683594,196.75,198.25,31530800,AMZN
2024-11-25,201.4499969482422,201.4499969482422,201.9499969482422,199.0,199.27999877929688,40685700,AMZN
2024-11-26,207.86000061035156,207.86000061035156,208.0,201.7899932861328,201.89999389648438,41673700,AMZN
2024-11-27,205.74000549316406,205.74000549316406,207.63999938964844,205.0500030517578,206.97999572753906,28061600,AMZN
2024-11-29,207.88999938964844,207.88999938964844,208.1999969482422,204.58999633789062,205.8300018310547,24892400,AMZN
2024-12-02,210.7100067138672,210.7100067138672,212.99000549316406,209.50999450683594,209.9600067138672,39523200,AMZN
2024-12-03,213.44000244140625,213.44000244140625,214.02000427246094,209.64999389648438,210.30999755859375,32214800,AMZN
2024-12-04,218.16000366210938,218.16000366210938,220.0,215.75,215.9600067138672,48745700,AMZN
2024-12-05,220.5500030517578,220.5500030517578,222.14999389648438,217.3000030517578,218.02999877929688,41140200,AMZN
2024-12-06,227.02999877929688,227.02999877929688,227.14999389648438,220.60000610351562,220.75,44178100,AMZN
2024-12-09,226.08999633789062,226.08999633789062,230.0800018310547,225.6699981689453,227.2100067138672,46819400,AMZN
2024-12-10,225.0399932861328,225.0399932861328,229.05999755859375,224.1999969482422,226.08999633789062,31199900,AMZN
2024-12-11,230.25999450683594,230.25999450683594,231.1999969482422,226.25999450683594,226.41000366210938,35385800,AMZN
2024-12-12,228.97000122070312,228.97000122070312,231.08999633789062,227.6300048828125,229.8300018310547,28204100,AMZN
2024-12-13,227.4600067138672,227.4600067138672,230.1999969482422,225.86000061035156,228.39999389648438,28768100,AMZN
2024-12-16,232.92999267578125,232.92999267578125,233.0,228.00999450683594,230.22999572753906,37552100,AMZN
2024-12-17,231.14999389648438,231.14999389648438,232.72999572753906,227.85000610351562,232.38999938964844,35948100,AMZN
2024-12-18,220.52000427246094,220.52000427246094,231.39999389648438,220.11000061035156,230.77000427246094,43281400,AMZN
2024-12-19,223.2899932861328,223.2899932861328,226.08999633789062,222.9199981689453,224.91000366210938,39918700,AMZN
2024-12-20,224.9199981689453,224.9199981689453,226.2100067138672,218.72999572753906,219.83999633789062,88279200,AMZN
2024-12-23,225.05999755859375,225.05999755859375,226.8800048828125,223.89999389648438,225.00999450683594,28070000,AMZN
2024-12-24,229.0500030517578,229.0500030517578,229.13999938964844,226.1300048828125,226.94000244140625,15007500,AMZN
2024-12-26,227.0500030517578,227.0500030517578,228.5,226.6699981689453,228.5,16146700,AMZN
2024-12-27,223.75,223.75,226.02999877929688,220.89999389648438,225.60000610351562,27367100,AMZN
2024-12-30,221.3000030517578,221.3000030517578,223.0,218.42999267578125,220.05999755859375,28321200,AMZN
2024-12-31,219.38999938964844,219.38999938964844,223.22999572753906,218.94000244140625,222.97000122070312,24819700,AMZN
2025-01-02,220.22000122070312,220.22000122070312,225.14999389648438,218.19000244140625,222.02999877929688,33956600,AMZN
2025-01-03,224.19000244140625,224.19000244140625,225.36000061035156,221.6199951171875,222.50999450683594,27515600,AMZN
2025-01-06,227.61000061035156,227.61000061035156,228.83999633789062,224.83999633789062,226.77999877929688,31849800,AMZN
2025-01-07,222.11000061035156,222.11000061035156,228.3800048828125,221.4600067138672,227.89999389648438,28084200,AMZN
2025-01-08,222.1300048828125,222.1300048828125,223.52000427246094,220.1999969482422,223.19000244140625,25033300,AMZN
2025-01-10,218.94000244140625,218.94000244140625,221.7100067138672,216.5,221.4600067138672,36811500,AMZN
2025-01-13,218.4600067138672,218.4600067138672,219.39999389648438,216.47000122070312,218.05999755859375,27262700,AMZN
2025-01-14,217.75999450683594,217.75999450683594,221.82000732421875,216.1999969482422,220.44000244140625,24711700,AMZN
2025-01-15,223.35000610351562,223.35000610351562,223.57000732421875,220.75,222.8300018310547,31291300,AMZN
2025-01-16,220.66000366210938,220.66000366210938,224.64999389648438,220.30999755859375,224.4199981689453,24757300,AMZN
2025-01-17,225.94000244140625,225.94000244140625,226.50999450683594,223.0800018310547,225.83999633789062,42370100,AMZN
2025-01-21,230.7100067138672,230.7100067138672,231.77999877929688,226.94000244140625,228.89999389648438,39951500,AMZN
2025-01-22,235.00999450683594,235.00999450683594,235.44000244140625,231.19000244140625,232.02000427246094,41448200,AMZN
2025-01-23,235.4199981689453,235.4199981689453,235.52000427246094,231.50999450683594,234.10000610351562,26404400,AMZN
2025-01-24,234.85000610351562,234.85000610351562,236.39999389648438,232.92999267578125,234.5,25890700,AMZN
2025-01-27,235.4199981689453,235.4199981689453,235.61000061035156,225.86000061035156,226.2100067138672,49428300,AMZN
2025-01-28,238.14999389648438,238.14999389648438,241.77000427246094,233.97999572753906,234.2899932861328,41587200,AMZN
2025-01-29,237.07000732421875,237.07000732421875,240.38999938964844,236.14999389648438,239.02000427246094,26091700,AMZN
2025-01-30,234.63999938964844,234.63999938964844,237.9499969482422,232.22000122070312,237.13999938964844,32020700,AMZN
2025-01-31,237.67999267578125,237.67999267578125,240.2899932861328,236.41000366210938,236.5,36110200,AMZN
2025-02-03,237.4199981689453,237.4199981689453,239.25,232.89999389648438,234.05999755859375,37285900,AMZN
2025-02-04,242.05999755859375,242.05999755859375,242.52000427246094,238.02999877929688,239.00999450683594,29713800,AMZN
2025-02-05,236.1699981689453,236.1699981689453,238.32000732421875,235.1999969482422,237.02000427246094,38727300,AMZN
2025-02-06,238.8300018310547,238.8300018310547,239.66000366210938,236.00999450683594,238.00999450683594,60897100,AMZN
2025-02-07,229.14999389648438,229.14999389648438,234.80999755859375,228.05999755859375,232.5,77539300,AMZN
2025-02-10,233.13999938964844,233.13999938964844,233.9199981689453,229.1999969482422,230.5500030517578,35419900,AMZN
2025-02-11,232.75999450683594,232.75999450683594,233.44000244140625,230.1300048828125,231.9199981689453,23713700,AMZN
2025-02-12,228.92999267578125,228.92999267578125,231.17999267578125,228.16000366210938,230.4600067138672,32285200,AMZN
2025-02-13,230.3699951171875,230.3699951171875,230.4199981689453,227.52000427246094,228.85000610351562,31346500,AMZN
2025-02-14,228.67999267578125,228.67999267578125,229.88999938964844,227.22999572753906,229.1999969482422,27031100,AMZN
2025-02-18,226.64999389648438,226.64999389648438,229.3000030517578,223.72000122070312,228.82000732421875,42975100,AMZN
2025-02-19,226.6300048828125,226.6300048828125,226.8300018310547,223.7100067138672,225.52000427246094,28566700,AMZN
2025-02-20,222.8800048828125,222.8800048828125,225.1300048828125,221.80999755859375,224.77999877929688,30001700,AMZN
2025-02-21,216.5800018310547,216.5800018310547,223.30999755859375,214.74000549316406,223.27999877929688,55323900,AMZN
2025-02-24,212.7100067138672,212.7100067138672,217.72000122070312,212.4199981689453,217.4499969482422,42387600,AMZN
2025-02-25,212.8000030517578,212.8000030517578,213.33999633789062,204.16000366210938,211.6300048828125,58958000,AMZN
2025-02-26,214.35000610351562,214.35000610351562,218.16000366210938,213.08999633789062,214.94000244140625,39120600,AMZN
2025-02-27,208.74000549316406,208.74000549316406,219.97000122070312,208.3699951171875,218.35000610351562,40548600,AMZN
2025-02-28,212.27999877929688,212.27999877929688,212.6199951171875,206.99000549316406,208.64999389648438,51771700,AMZN
2025-03-03,205.02000427246094,205.02000427246094,214.00999450683594,202.5500030517578,213.35000610351562,42948400,AMZN
2025-03-04,203.8000030517578,203.8000030517578,206.8000030517578,197.42999267578125,200.11000061035156,60853100,AMZN
2025-03-05,208.36000061035156,208.36000061035156,209.97999572753906,203.25999450683594,204.8000030517578,38610100,AMZN
2025-03-06,200.6999969482422,200.6999969482422,205.77000427246094,198.3000030517578,204.39999389648438,49863800,AMZN
2025-03-07,199.25,199.25,202.27000427246094,192.52999877929688,199.49000549316406,59802800,AMZN
2025-03-10,194.5399932861328,194.5399932861328,196.72999572753906,190.85000610351562,195.60000610351562,62350900,AMZN
2025-03-11,196.58999633789062,196.58999633789062,200.17999267578125,193.39999389648438,193.89999389648438,54002900,AMZN
2025-03-12,198.88999938964844,198.88999938964844,201.52000427246094,195.2899932861328,200.72000122070312,43679300,AMZN
2025-03-13,193.88999938964844,193.88999938964844,198.8800048828125,191.82000732421875,198.1699981689453,41270800,AMZN
2025-03-14,197.9499969482422,197.9499969482422,198.64999389648438,195.32000732421875,197.41000366210938,38096700,AMZN
2025-03-17,195.74000549316406,195.74000549316406,199.0,194.32000732421875,198.77000427246094,47341800,AMZN
2025-03-18,192.82000732421875,192.82000732421875,194.0,189.3800048828125,192.52000427246094,40414900,AMZN
2025-03-19,195.5399932861328,195.5399932861328,195.97000122070312,191.9600067138672,193.3800048828125,39442900,AMZN
2025-03-20,194.9499969482422,194.9499969482422,199.32000732421875,192.3000030517578,193.07000732421875,38921100,AMZN
2025-03-21,196.2100067138672,196.2100067138672,196.99000549316406,192.52000427246094,192.89999389648438,60056900,AMZN
2025-03-24,203.25999450683594,203.25999450683594,203.63999938964844,199.9499969482422,200.0,41625400,AMZN
2025-03-25,205.7100067138672,205.7100067138672,206.2100067138672,203.22000122070312,203.60000610351562,31171200,AMZN
2025-03-26,201.1300048828125,201.1300048828125,206.00999450683594,199.92999267578125,205.83999633789062,32855300,AMZN
2025-03-27,201.36000061035156,201.36000061035156,203.7899932861328,199.27999877929688,200.88999938964844,27317700,AMZN
2025-03-28,192.72000122070312,192.72000122070312,199.25999450683594,191.8800048828125,198.4199981689453,52548200,AMZN
2025-03-31,190.25999450683594,190.25999450683594,191.3300018310547,184.39999389648438,188.19000244140625,63547600,AMZN
2025-04-01,192.1699981689453,192.1699981689453,193.92999267578125,187.1999969482422,187.86000061035156,41267300,AMZN
2025-04-02,196.00999450683594,196.00999450683594,198.33999633789062,187.66000366210938,187.66000366210938,53679200,AMZN
2025-04-03,178.41000366210938,178.41000366210938,184.1300048828125,176.9199981689453,183.0,95553600,AMZN
2025-04-04,171.0,171.0,178.13999938964844,166.0,167.14999389648438,123159400,AMZN
2025-04-07,175.25999450683594,175.25999450683594,183.41000366210938,161.3800048828125,162.0,109327100,AMZN
2025-04-08,170.66000366210938,170.66000366210938,185.89999389648438,168.57000732421875,185.22999572753906,87710400,AMZN
2025-04-09,191.10000610351562,191.10000610351562,192.64999389648438,169.92999267578125,172.1199951171875,116804300,AMZN
2025-04-10,181.22000122070312,181.22000122070312,186.8699951171875,175.85000610351562,185.44000244140625,68302000,AMZN
2025-04-11,184.8699951171875,184.8699951171875,185.86000061035156,178.0,179.92999267578125,50594300,AMZN
2025-04-14,182.1199951171875,182.1199951171875,187.44000244140625,179.22999572753906,186.83999633789062,48002500,AMZN
2025-04-15,179.58999633789062,179.58999633789062,182.35000610351562,177.92999267578125,181.41000366210938,43642000,AMZN
2025-04-16,174.3300018310547,174.3300018310547,179.10000610351562,171.41000366210938,176.2899932861328,51875300,AMZN
2025-04-17,172.61000061035156,172.61000061035156,176.2100067138672,172.0,176.0,44726500,AMZN
2025-04-21,167.32000732421875,167.32000732421875,169.60000610351562,165.2899932861328,169.60000610351562,48126100,AMZN
2025-04-22,173.17999267578125,173.17999267578125,176.77999877929688,169.35000610351562,169.85000610351562,56607200,AMZN
2025-04-23,180.60000610351562,180.60000610351562,187.3800048828125,180.19000244140625,183.4499969482422,63470100,AMZN
2025-04-24,186.5399932861328,186.5399932861328,186.74000549316406,180.17999267578125,180.9199981689453,43763200,AMZN
2025-04-25,188.99000549316406,188.99000549316406,189.94000244140625,185.49000549316406,187.6199951171875,36414300,AMZN
2025-04-28,187.6999969482422,187.6999969482422,190.22000122070312,184.88999938964844,190.11000061035156,33224700,AMZN
2025-04-29,187.38999938964844,187.38999938964844,188.02000427246094,183.67999267578125,183.99000549316406,41667300,AMZN
2025-04-30,184.4199981689453,184.4199981689453,185.0500030517578,178.85000610351562,182.1699981689453,55176500,AMZN
2025-05-01,190.1999969482422,190.1999969482422,191.80999755859375,187.5,190.6300048828125,74266000,AMZN
2025-05-02,189.97999572753906,189.97999572753906,192.8800048828125,186.39999389648438,191.44000244140625,77903500,AMZN
2025-05-05,186.35000610351562,186.35000610351562,188.17999267578125,185.52999877929688,186.50999450683594,35217500,AMZN
2025-05-06,185.00999450683594,185.00999450683594,187.92999267578125,183.85000610351562,184.57000732421875,29314100,AMZN
2025-05-07,188.7100067138672,188.7100067138672,190.99000549316406,185.00999450683594,185.55999755859375,43948600,AMZN
2025-05-08,192.0800018310547,192.0800018310547,194.3300018310547,188.82000732421875,191.42999267578125,41043600,AMZN
2025-05-09,193.05999755859375,193.05999755859375,194.69000244140625,191.16000366210938,193.3800048828125,29663100,AMZN
2025-05-12,208.63999938964844,208.63999938964844,211.66000366210938,205.75,210.7100067138672,75205000,AMZN
2025-05-13,211.3699951171875,211.3699951171875,214.83999633789062,210.10000610351562,211.0800018310547,56193700,AMZN
2025-05-14,210.25,210.25,211.92999267578125,208.85000610351562,211.4499969482422,38492100,AMZN
2025-05-15,205.1699981689453,205.1699981689453,206.8800048828125,202.6699981689453,206.4499969482422,64347300,AMZN
2025-05-16,205.58999633789062,205.58999633789062,206.85000610351562,204.3699951171875,206.85000610351562,43318500,AMZN
2025-05-19,206.16000366210938,206.16000366210938,206.6199951171875,201.25999450683594,201.64999389648438,34314800,AMZN
2025-05-20,204.07000732421875,204.07000732421875,205.58999633789062,202.64999389648438,204.6300048828125,29470400,AMZN
2025-05-21,201.1199951171875,201.1199951171875,203.4600067138672,200.05999755859375,201.61000061035156,42460900,AMZN
2025-05-22,203.10000610351562,203.10000610351562,205.75999450683594,200.16000366210938,201.3800048828125,38938900,AMZN
2025-05-23,200.99000549316406,200.99000549316406,202.3699951171875,197.85000610351562,198.89999389648438,33393500,AMZN
2025-05-27,206.02000427246094,206.02000427246094,206.69000244140625,202.19000244140625,203.08999633789062,34892000,AMZN
2025-05-28,204.72000122070312,204.72000122070312,207.66000366210938,204.41000366210938,205.9199981689453,28549800,AMZN
2025-05-29,205.6999969482422,205.6999969482422,208.80999755859375,204.22999572753906,208.02999877929688,34650000,AMZN
2025-05-30,205.00999450683594,205.00999450683594,205.99000549316406,201.6999969482422,204.83999633789062,51679400,AMZN
2025-06-02,206.64999389648438,206.64999389648438,207.0,202.67999267578125,204.97999572753906,29113300,AMZN
2025-06-03,205.7100067138672,205.7100067138672,208.9499969482422,205.02999877929688,207.11000061035156,33139100,AMZN
2025-06-04,207.22999572753906,207.22999572753906,208.17999267578125,205.17999267578125,206.5500030517578,29915600,AMZN
2025-06-05,207.91000366210938,207.91000366210938,212.80999755859375,207.55999755859375,209.5500030517578,51864200,AMZN
2025-06-06,213.57000732421875,213.57000732421875,213.8699951171875,210.5,212.39999389648438,39832500,AMZN
2025-06-09,216.97999572753906,216.97999572753906,217.85000610351562,212.8800048828125,214.75,38102500,AMZN
2025-06-10,217.61000061035156,217.61000061035156,217.69000244140625,214.14999389648438,216.77999877929688,31303300,AMZN
2025-06-11,213.1999969482422,213.1999969482422,218.39999389648438,212.88999938964844,217.41000366210938,39326000,AMZN
2025-06-12,213.24000549316406,213.24000549316406,213.5800018310547,211.3300018310547,211.77999877929688,27640000,AMZN
2025-06-13,212.10000610351562,212.10000610351562,214.0500030517578,209.6199951171875,209.9600067138672,29337800,AMZN
2025-06-16,216.10000610351562,216.10000610351562,217.05999755859375,211.60000610351562,212.30999755859375,33284200,AMZN
2025-06-17,214.82000732421875,214.82000732421875,217.41000366210938,214.55999755859375,215.1999969482422,32086300,AMZN
2025-06-18,212.52000427246094,212.52000427246094,217.9600067138672,212.33999633789062,215.08999633789062,44360500,AMZN
2025-06-20,209.69000244140625,209.69000244140625,214.88999938964844,208.27000427246094,214.67999267578125,75350700,AMZN
2025-06-23,208.47000122070312,208.47000122070312,210.38999938964844,207.30999755859375,209.7899932861328,37311700,AMZN
2025-06-24,212.77000427246094,212.77000427246094,214.33999633789062,211.0500030517578,212.13999938964844,38378800,AMZN
2025-06-25,211.99000549316406,211.99000549316406,216.02999877929688,211.11000061035156,214.6199951171875,31755700,AMZN
2025-06-26,217.1199951171875,217.1199951171875,218.0399932861328,212.00999450683594,213.1199951171875,50480800,AMZN
2025-06-27,223.3000030517578,223.3000030517578,223.3000030517578,216.74000549316406,219.9199981689453,119217100,AMZN
2025-06-30,219.38999938964844,219.38999938964844,223.82000732421875,219.1199951171875,223.52000427246094,58887800,AMZN
2025-07-01,220.4600067138672,220.4600067138672,221.8800048828125,217.92999267578125,219.5,39256800,AMZN
2025-07-02,219.9199981689453,219.9199981689453,221.60000610351562,219.05999755859375,219.72999572753906,30894200,AMZN
2025-07-03,223.41000366210938,223.41000366210938,224.00999450683594,221.36000061035156,221.82000732421875,29632400,AMZN
2025-07-07,223.47000122070312,223.47000122070312,224.2899932861328,222.3699951171875,223.0,36604100,AMZN
2025-07-08,219.36000061035156,219.36000061035156,224.0,218.42999267578125,223.9199981689453,45692000,AMZN
2025-07-09,222.5399932861328,222.5399932861328,224.2899932861328,220.47000122070312,221.07000732421875,38155100,AMZN
2025-07-10,222.25999450683594,222.25999450683594,222.7899932861328,219.6999969482422,221.5500030517578,30370600,AMZN
2025-07-11,225.02000427246094,225.02000427246094,226.67999267578125,222.3699951171875,223.5800018310547,50518300,AMZN
2025-07-14,225.69000244140625,225.69000244140625,226.66000366210938,224.24000549316406,225.07000732421875,35702600,AMZN
2025-07-15,226.35000610351562,226.35000610351562,227.27000427246094,225.4600067138672,226.1999969482422,34907300,AMZN
2025-07-16,223.19000244140625,223.19000244140625,226.10000610351562,222.17999267578125,225.8800048828125,39535900,AMZN
2025-07-17,223.8800048828125,223.8800048828125,224.5,222.50999450683594,223.32000732421875,31855800,AMZN
2025-07-18,226.1300048828125,226.1300048828125,226.39999389648438,222.97999572753906,225.13999938964844,37833800,AMZN
2025-07-21,229.3000030517578,229.3000030517578,229.69000244140625,225.64999389648438,225.83999633789062,40297600,AMZN
2025-07-22,227.47000122070312,227.47000122070312,230.0,226.35000610351562,229.67999267578125,37483700,AMZN
2025-07-23,228.2899932861328,228.2899932861328,228.7899932861328,227.08999633789062,228.47000122070312,28294900,AMZN
2025-07-24,232.22999572753906,232.22999572753906,236.0,228.63999938964844,229.1699981689453,42902300,AMZN
2025-07-25,231.44000244140625,231.44000244140625,232.47999572753906,231.17999267578125,232.22000122070312,28712100,AMZN
2025-07-28,232.7899932861328,232.7899932861328,234.2899932861328,232.25,233.35000610351562,26300100,AMZN
2025-07-29,231.00999450683594,231.00999450683594,234.72000122070312,230.30999755859375,234.14999389648438,33716200,AMZN
2025-07-30,230.19000244140625,230.19000244140625,231.8000030517578,229.2899932861328,231.63999938964844,32993300,AMZN
2025-07-31,234.11000061035156,234.11000061035156,236.52999877929688,231.39999389648438,235.77000427246094,104357300,AMZN
2025-08-01,214.75,214.75,220.44000244140625,212.8000030517578,217.2100067138672,122258800,AMZN
2025-08-04,211.64999389648438,211.64999389648438,217.44000244140625,211.4199981689453,217.39999389648438,77890100,AMZN
2025-08-05,213.75,213.75,216.3000030517578,212.8699951171875,213.0500030517578,51505100,AMZN
2025-08-06,222.30999755859375,222.30999755859375,222.64999389648438,213.74000549316406,214.6999969482422,54823000,AMZN
2025-08-07,223.1300048828125,223.1300048828125,226.22000122070312,220.82000732421875,221.0,40603500,AMZN
2025-08-08,222.69000244140625,222.69000244140625,223.8000030517578,221.8800048828125,223.13999938964844,32970500,AMZN
2025-08-11,221.3000030517578,221.3000030517578,223.0500030517578,220.39999389648438,221.77999877929688,31646200,AMZN
2025-08-12,221.47000122070312,221.47000122070312,223.5,219.0500030517578,222.22999572753906,37185800,AMZN
2025-08-13,224.55999755859375,224.55999755859375,224.9199981689453,222.0,222.0,36508300,AMZN
2025-08-14,230.97999572753906,230.97999572753906,233.11000061035156,227.02000427246094,227.39999389648438,61545800,AMZN
2025-08-15,231.02999877929688,231.02999877929688,234.0800018310547,229.80999755859375,232.5800018310547,39649200,AMZN
2025-08-18,231.49000549316406,231.49000549316406,231.91000366210938,228.3300018310547,230.22999572753906,25248900,AMZN
2025-08-19,228.00999450683594,228.00999450683594,230.52999877929688,227.1199951171875,230.08999633789062,29891000,AMZN
2025-08-20,223.80999755859375,223.80999755859375,227.27000427246094,220.9199981689453,227.1199951171875,36604300,AMZN
2025-08-21,221.9499969482422,221.9499969482422,222.77999877929688,220.5,222.64999389648438,32140500,AMZN
2025-08-22,228.83999633789062,228.83999633789062,229.13999938964844,220.82000732421875,222.7899932861328,37315300,AMZN
2025-08-25,227.94000244140625,227.94000244140625,229.60000610351562,227.30999755859375,227.35000610351562,22633700,AMZN
2025-08-26,228.7100067138672,228.7100067138672,229.0,226.02000427246094,227.11000061035156,26105400,AMZN
2025-08-27,229.1199951171875,229.1199951171875,229.8699951171875,227.80999755859375,228.57000732421875,21254500,AMZN
2025-08-28,231.60000610351562,231.60000610351562,232.7100067138672,228.02000427246094,229.00999450683594,33679600,AMZN
2025-08-29,229.0,229.0,231.80999755859375,228.16000366210938,231.32000732421875,26199200,AMZN
2025-09-02,225.33999633789062,225.33999633789062,226.1699981689453,221.8300018310547,223.52000427246094,38843900,AMZN
2025-09-03,225.99000549316406,225.99000549316406,227.1699981689453,224.36000061035156,225.2100067138672,29223100,AMZN
2025-09-04,235.67999267578125,235.67999267578125,235.77000427246094,230.77999877929688,231.19000244140625,59391800,AMZN
2025-09-05,232.3300018310547,232.3300018310547,236.0,231.92999267578125,235.19000244140625,36721800,AMZN
2025-09-08,235.83999633789062,235.83999633789062,237.60000610351562,233.75,234.94000244140625,33947100,AMZN
2025-09-09,238.24000549316406,238.24000549316406,238.85000610351562,235.0800018310547,236.36000061035156,27033800,AMZN
2025-09-10,230.3300018310547,230.3300018310547,237.67999267578125,229.10000610351562,237.52000427246094,60907700,AMZN
2025-09-11,229.9499969482422,229.9499969482422,231.52999877929688,229.33999633789062,231.49000549316406,37485600,AMZN
2025-09-12,228.14999389648438,228.14999389648438,230.7899932861328,226.2899932861328,230.35000610351562,38496200,AMZN
2025-09-15,231.42999267578125,231.42999267578125,233.72999572753906,230.32000732421875,230.6300048828125,33243300,AMZN
2025-09-16,234.0500030517578,234.0500030517578,235.89999389648438,232.22999572753906,232.94000244140625,38203900,AMZN
2025-09-17,231.6199951171875,231.6199951171875,234.3000030517578,228.7100067138672,233.77000427246094,42815200,AMZN
2025-09-18,231.22999572753906,231.22999572753906,233.47999572753906,228.7899932861328,232.5,37931700,AMZN
2025-09-19,231.47999572753906,231.47999572753906,234.16000366210938,229.6999969482422,232.3699951171875,97943200,AMZN
2025-09-22,227.6300048828125,227.6300048828125,230.57000732421875,227.50999450683594,230.55999755859375,45914500,AMZN
2025-09-23,220.7100067138672,220.7100067138672,227.86000061035156,220.07000732421875,227.8300018310547,70956200,AMZN
2025-09-24,220.2100067138672,220.2100067138672,224.55999755859375,219.4499969482422,224.14999389648438,49509000,AMZN
2025-09-25,218.14999389648438,218.14999389648438,220.6699981689453,216.47000122070312,220.05999755859375,52226300,AMZN
2025-09-26,219.77999877929688,219.77999877929688,221.0500030517578,218.02000427246094,219.0800018310547,41650100,AMZN
2025-09-29,222.1699981689453,222.1699981689453,222.60000610351562,219.3000030517578,220.0800018310547,44259200,AMZN
2025-09-30,219.57000732421875,219.57000732421875,222.24000549316406,217.88999938964844,222.02999877929688,48396400,AMZN
2025-10-01,220.6300048828125,220.6300048828125,222.14999389648438,216.61000061035156,217.36000061035156,43933800,AMZN
2025-10-02,222.41000366210938,222.41000366210938,222.80999755859375,218.9499969482422,221.00999450683594,41258600,AMZN
2025-10-03,219.50999450683594,219.50999450683594,224.1999969482422,219.33999633789062,223.44000244140625,43639000,AMZN
2025-10-06,220.89999389648438,220.89999389648438,221.72999572753906,216.02999877929688,221.0,43690900,AMZN
2025-10-07,221.77999877929688,221.77999877929688,222.88999938964844,220.1699981689453,220.8800048828125,31194700,AMZN
2025-10-08,225.22000122070312,225.22000122070312,226.72999572753906,221.19000244140625,222.9199981689453,46686000,AMZN
2025-10-09,227.74000549316406,227.74000549316406,228.2100067138672,221.75,225.0,46412100,AMZN
2025-10-10,216.3699951171875,216.3699951171875,228.25,216.0,226.2100067138672,72367500,AMZN
2025-10-13,220.07000732421875,220.07000732421875,220.67999267578125,217.0399932861328,217.6999969482422,37809700,AMZN
2025-10-14,216.38999938964844,216.38999938964844,219.32000732421875,212.60000610351562,215.55999755859375,45665600,AMZN
2025-10-15,215.57000732421875,215.57000732421875,217.7100067138672,212.66000366210938,216.6199951171875,45909500,AMZN
2025-10-16,214.47000122070312,214.47000122070312,218.58999633789062,212.80999755859375,215.6699981689453,42414600,AMZN
2025-10-17,213.0399932861328,213.0399932861328,214.8000030517578,211.02999877929688,214.55999755859375,45986900,AMZN
2025-10-20,216.47999572753906,216.47999572753906,216.69000244140625,213.58999633789062,213.8800048828125,38882800,AMZN
2025-10-21,222.02999877929688,222.02999877929688,223.32000732421875,217.99000549316406,218.42999267578125,50494600,AMZN
2025-10-22,217.9499969482422,217.9499969482422,220.00999450683594,216.52000427246094,219.3000030517578,44308500,AMZN
2025-10-23,221.08999633789062,221.08999633789062,221.3000030517578,218.17999267578125,219.0,31540000,AMZN
2025-10-24,224.2100067138672,224.2100067138672,225.39999389648438,221.89999389648438,221.97000122070312,38685100,AMZN
2025-10-27,226.97000122070312,226.97000122070312,228.39999389648438,225.5399932861328,227.66000366210938,38267000,AMZN
2025-10-28,229.25,229.25,231.49000549316406,226.2100067138672,228.22000122070312,47100000,AMZN
2025-10-29,230.3000030517578,230.3000030517578,232.82000732421875,227.75999450683594,231.6699981689453,52036200,AMZN
2025-10-30,222.86000061035156,222.86000061035156,228.44000244140625,222.75,227.05999755859375,102252900,AMZN
2025-10-31,244.22000122070312,244.22000122070312,250.5,243.97999572753906,250.10000610351562,166340800,AMZN
2025-11-03,254.0,254.0,258.6000061035156,252.89999389648438,255.36000061035156,95997800,AMZN
2025-11-04,249.32000732421875,249.32000732421875,257.010009765625,248.66000366210938,250.3800048828125,51546300,AMZN
2025-11-05,250.1999969482422,250.1999969482422,251.0,246.16000366210938,249.02999877929688,40610700,AMZN
2025-11-06,243.0399932861328,243.0399932861328,250.3800048828125,242.1699981689453,249.16000366210938,46004200,AMZN
2025-11-07,244.41000366210938,244.41000366210938,244.89999389648438,238.49000549316406,242.89999389648438,46374300,AMZN
2025-11-10,248.39999389648438,248.39999389648438,251.75,245.58999633789062,248.33999633789062,36476500,AMZN
2025-11-11,249.10000610351562,249.10000610351562,249.75,247.22999572753906,248.41000366210938,23564100,AMZN
2025-11-12,244.1999969482422,244.1999969482422,250.3699951171875,243.75,250.24000549316406,31190100,AMZN
2025-11-13,237.5800018310547,237.5800018310547,243.75,236.5,243.0500030517578,41401700,AMZN
2025-11-14,234.69000244140625,234.69000244140625,238.72999572753906,232.88999938964844,235.05999755859375,38956700,AMZN
2025-11-17,232.8699951171875,232.8699951171875,234.60000610351562,229.19000244140625,233.25,59919000,AMZN
2025-11-18,222.5500030517578,222.5500030517578,230.1999969482422,222.4199981689453,228.10000610351562,60608400,AMZN
2025-11-19,222.69000244140625,222.69000244140625,223.74000549316406,218.52000427246094,223.74000549316406,58335600,AMZN
2025-11-20,217.13999938964844,217.13999938964844,227.41000366210938,216.74000549316406,227.0500030517578,50309000,AMZN
2025-11-21,220.69000244140625,220.69000244140625,222.2100067138672,215.17999267578125,216.35000610351562,68490500,AMZN
2025-11-24,226.27999877929688,226.27999877929688,227.3300018310547,222.27000427246094,222.55999755859375,54318400,AMZN
2025-11-25,229.6699981689453,229.6699981689453,230.52000427246094,223.8000030517578,226.3800048828125,39379300,AMZN
2025-11-26,229.16000366210938,229.16000366210938,231.75,228.77000427246094,230.74000549316406,38497900,AMZN
2025-11-28,233.22000122070312,233.22000122070312,233.2899932861328,230.22000122070312,231.24000549316406,20292300,AMZN
2025-12-01,233.8800048828125,233.8800048828125,235.8000030517578,232.25,233.22000122070312,42904000,AMZN
2025-12-02,234.4199981689453,234.4199981689453,238.97000122070312,233.5500030517578,235.00999450683594,45785400,AMZN
2025-12-03,232.3800048828125,232.3800048828125,233.3800048828125,230.61000061035156,233.35000610351562,35495100,AMZN
2025-12-04,229.11000061035156,229.11000061035156,233.5,226.8000030517578,232.77000427246094,45683200,AMZN
2025-12-05,229.52999877929688,229.52999877929688,231.24000549316406,228.5500030517578,230.32000732421875,33117400,AMZN
2025-12-08,226.88999938964844,226.88999938964844,230.8300018310547,226.27000427246094,229.58999633789062,35019200,AMZN
2025-12-09,227.9199981689453,227.9199981689453,228.57000732421875,225.11000061035156,226.83999633789062,25841700,AMZN
2025-12-10,231.77999877929688,231.77999877929688,232.4199981689453,228.4600067138672,228.80999755859375,38790700,AMZN
2025-12-11,230.27999877929688,230.27999877929688,232.11000061035156,228.69000244140625,230.7100067138672,28249600,AMZN
2025-12-12,226.19000244140625,226.19000244140625,230.0800018310547,225.1199951171875,229.8699951171875,35639100,AMZN
2025-12-15,222.5399932861328,222.5399932861328,227.92999267578125,221.5,227.92999267578125,47286100,AMZN
2025-12-16,222.55999755859375,222.55999755859375,223.66000366210938,221.1300048828125,223.0399932861328,39298900,AMZN
2025-12-17,221.27000427246094,221.27000427246094,225.19000244140625,220.99000549316406,224.66000366210938,44034400,AMZN
2025-12-18,226.75999450683594,226.75999450683594,229.22999572753906,224.41000366210938,225.7100067138672,50272400,AMZN
2025-12-19,227.35000610351562,227.35000610351562,229.1300048828125,225.5800018310547,226.75999450683594,85544400,AMZN
2025-12-22,228.42999267578125,228.42999267578125,229.47999572753906,226.7100067138672,228.61000061035156,32261300,AMZN
2025-12-23,232.13999938964844,232.13999938964844,232.4499969482422,228.72999572753906,229.05999755859375,29230200,AMZN
2025-12-24,232.3800048828125,232.3800048828125,232.9499969482422,231.3300018310547,232.1300048828125,11420500,AMZN
2025-12-26,232.52000427246094,232.52000427246094,232.99000549316406,231.17999267578125,232.0399932861328,15994700,AMZN
2025-12-29,232.07000732421875,232.07000732421875,232.60000610351562,230.77000427246094,231.94000244140625,19797900,AMZN
2025-12-30,232.52999877929688,232.52999877929688,232.77000427246094,230.1999969482422,231.2100067138672,21910500,AMZN
2025-12-31,230.82000732421875,230.82000732421875,232.99000549316406,230.1199951171875,232.91000366210938,24383700,AMZN
2026-01-02,226.5,226.5,235.4600067138672,224.6999969482422,231.33999633789062,51456200,AMZN
2026-01-05,233.05999755859375,233.05999755859375,234.0,227.17999267578125,228.83999633789062,49733300,AMZN
2026-01-06,240.92999267578125,240.92999267578125,243.17999267578125,232.07000732421875,232.10000610351562,53764700,AMZN
2026-01-07,241.55999755859375,241.55999755859375,245.2899932861328,239.52000427246094,239.61000061035156,42236500,AMZN
2026-01-08,246.2899932861328,246.2899932861328,246.41000366210938,241.8800048828125,243.05999755859375,39509800,AMZN
2026-01-09,247.3800048828125,247.3800048828125,247.86000061035156,242.24000549316406,244.57000732421875,34560000,AMZN
2026-01-12,246.47000122070312,246.47000122070312,248.94000244140625,245.9600067138672,246.72999572753906,35867800,AMZN
2026-01-13,242.60000610351562,242.60000610351562,247.66000366210938,240.25,246.52999877929688,38371800,AMZN
2026-01-14,236.64999389648438,236.64999389648438,241.27999877929688,236.22000122070312,241.14999389648438,41410600,AMZN
2026-01-15,238.17999267578125,238.17999267578125,240.64999389648438,236.6300048828125,239.30999755859375,43003600,AMZN
2026-01-16,239.1199951171875,239.1199951171875,239.57000732421875,236.41000366210938,239.08999633789062,45888300,AMZN
2026-01-20,231.0,231.0,235.08999633789062,229.33999633789062,233.75999450683594,47737900,AMZN
2026-01-21,231.30999755859375,231.30999755859375,232.3000030517578,226.8800048828125,231.08999633789062,47276100,AMZN
2026-01-22,234.33999633789062,234.33999633789062,235.72000122070312,230.89999389648438,234.0500030517578,31913300,AMZN
2026-01-23,239.16000366210938,239.16000366210938,240.4499969482422,234.57000732421875,234.9600067138672,33778500,AMZN
2026-01-26,238.4199981689453,238.4199981689453,240.9499969482422,237.5399932861328,239.97999572753906,32825500,AMZN
2026-01-27,244.67999267578125,244.67999267578125,244.8800048828125,238.0800018310547,239.69000244140625,38029200,AMZN
2026-01-28,243.00999450683594,243.00999450683594,247.77999877929688,241.52999877929688,246.3699951171875,40882700,AMZN
2026-01-29,241.72999572753906,241.72999572753906,243.0,236.74000549316406,242.82000732421875,47229600,AMZN
2026-01-30,239.3000030517578,239.3000030517578,243.32000732421875,237.63999938964844,239.88999938964844,46585000,AMZN
2026-02-02,242.9600067138672,242.9600067138672,245.6300048828125,238.1699981689453,238.30999755859375,37546100,AMZN
2026-02-03,238.6199951171875,238.6199951171875,246.35000610351562,235.4499969482422,244.97999572753906,53831300,AMZN
2026-02-04,232.99000549316406,232.99000549316406,238.86000061035156,231.82000732421875,238.86000061035156,51299900,AMZN
2026-02-05,222.69000244140625,222.69000244140625,226.30999755859375,220.3800048828125,224.91000366210938,103509200,AMZN
2026-02-06,210.32000732421875,210.32000732421875,211.44000244140625,200.30999755859375,202.6999969482422,179210900,AMZN
2026-02-09,208.72000122070312,208.72000122070312,212.80999755859375,203.35000610351562,208.97000122070312,91178400,AMZN
2026-02-10,206.9600067138672,206.9600067138672,212.64999389648438,206.41000366210938,208.8000030517578,67175000,AMZN
2026-02-11,204.0800018310547,204.0800018310547,208.57000732421875,202.49000549316406,208.05999755859375,65545500,AMZN
2026-02-12,199.60000610351562,199.60000610351562,203.9600067138672,197.55999755859375,203.9600067138672,83975400,AMZN
2026-02-13,198.7899932861328,198.7899932861328,201.16000366210938,197.27999877929688,198.8800048828125,66321600,AMZN
2026-02-17,201.14999389648438,201.14999389648438,201.74000549316406,196.0,198.1300048828125,69879200,AMZN
2026-02-18,204.7899932861328,204.7899932861328,206.86000061035156,201.50999450683594,202.07000732421875,51003300,AMZN
2026-02-19,204.86000061035156,204.86000061035156,205.63999938964844,202.80999755859375,203.8000030517578,35669600,AMZN
2026-02-20,210.11000061035156,210.11000061035156,211.1699981689453,203.75,204.75999450683594,65881600,AMZN
2026-02-23,205.27000427246094,205.27000427246094,208.42999267578125,203.11000061035156,208.10000610351562,53581500,AMZN
2026-02-24,208.55999755859375,208.55999755859375,210.36000061035156,203.25,205.47000122070312,41137200,AMZN
2026-02-25,210.63999938964844,210.63999938964844,211.58999633789062,208.92999267578125,210.4600067138672,41346400,AMZN
2026-02-26,207.9199981689453,207.9199981689453,211.0500030517578,205.35000610351562,210.72999572753906,47756800,AMZN
2026-02-27,210.0,210.0,210.3300018310547,205.1999969482422,206.8300018310547,57422800,AMZN
2026-03-02,208.38999938964844,208.38999938964844,209.72999572753906,203.4600067138672,204.5500030517578,46001000,AMZN
2026-03-03,208.72999572753906,208.72999572753906,209.17999267578125,202.47999572753906,203.10000610351562,43184900,AMZN
2026-03-04,216.82000732421875,216.82000732421875,217.5399932861328,210.14999389648438,210.47000122070312,54731100,AMZN
2026-03-05,218.94000244140625,218.94000244140625,220.47000122070312,215.58999633789062,215.97999572753906,60943400,AMZN
2026-03-06,213.2100067138672,213.2100067138672,217.32000732421875,212.52999877929688,214.99000549316406,51152700,AMZN
2026-03-09,213.49000549316406,213.49000549316406,213.82000732421875,207.11000061035156,210.4499969482422,54642900,AMZN
2026-03-10,214.3300018310547,214.3300018310547,215.64999389648438,212.42999267578125,214.19000244140625,35678800,AMZN
2026-03-11,212.64999389648438,212.64999389648438,217.0,211.35000610351562,215.7100067138672,34199300,AMZN
2026-03-12,209.52999877929688,209.52999877929688,211.7100067138672,208.14999389648438,210.38999938964844,44349500,AMZN
2026-03-13,207.6699981689453,207.6699981689453,210.55999755859375,206.22000122070312,209.61000061035156,35662100,AMZN
2026-03-16,211.74000549316406,211.74000549316406,212.72000122070312,207.4499969482422,208.35000610351562,42209300,AMZN
2026-03-17,215.1999969482422,215.1999969482422,215.6999969482422,212.42999267578125,212.82000732421875,44969900,AMZN
2026-03-18,209.8699951171875,209.8699951171875,215.13999938964844,208.8300018310547,213.92999267578125,37846600,AMZN
2026-03-19,208.75999450683594,208.75999450683594,209.1199951171875,206.0500030517578,207.05999755859375,36440600,AMZN
2026-03-20,205.3699951171875,205.3699951171875,207.5399932861328,204.32000732421875,207.39999389648438,63694600,AMZN
2026-03-23,210.13999938964844,210.13999938964844,212.8000030517578,209.50999450683594,209.7899932861328,44277400,AMZN
2026-03-24,207.24000549316406,207.24000549316406,209.35000610351562,206.63999938964844,207.9499969482422,35351400,AMZN
2026-03-25,211.7100067138672,211.7100067138672,213.07000732421875,209.89999389648438,211.55999755859375,36388800,AMZN
2026-03-26,207.5399932861328,207.5399932861328,212.88999938964844,207.1199951171875,210.61000061035156,46746000,AMZN
2026-03-27,199.33999633789062,199.33999633789062,206.60000610351562,199.13999938964844,206.4600067138672,56009800,AMZN
2026-03-30,200.9499969482422,200.9499969482422,203.8000030517578,199.97999572753906,201.47999572753906,46373800,AMZN
2026-03-31,208.27000427246094,208.27000427246094,210.27999877929688,204.13999938964844,204.85000610351562,58470100,AMZN
2026-04-01,210.57000732421875,210.57000732421875,213.5800018310547,208.19000244140625,210.44000244140625,45955400,AMZN
2026-04-02,209.77000427246094,209.77000427246094,212.2100067138672,204.89999389648438,206.5399932861328,31453000,AMZN
2026-04-06,212.7899932861328,212.7899932861328,212.9499969482422,209.58999633789062,209.8000030517578,25385500,AMZN
2026-04-07,213.77000427246094,213.77000427246094,213.97000122070312,209.0800018310547,211.24000549316406,28154600,AMZN
2026-04-08,221.25,221.25,226.10000610351562,219.6199951171875,223.7899932861328,51092700,AMZN
2026-04-09,233.64999389648438,233.64999389648438,233.8000030517578,223.27000427246094,225.22999572753906,65964200,AMZN
2026-04-10,238.3800048828125,238.3800048828125,240.42999267578125,235.2100067138672,235.3000030517578,56912800,AMZN
2026-04-13,239.88999938964844,239.88999938964844,240.0,235.75,237.4499969482422,42166200,AMZN
2026-04-14,249.02000427246094,249.02000427246094,252.17999267578125,241.77999877929688,241.77999877929688,72685000,AMZN
2026-04-15,248.5,248.5,250.44000244140625,247.1999969482422,249.25,43045200,AMZN
2026-04-16,249.6999969482422,249.6999969482422,250.0,244.1999969482422,248.50999450683594,41895700,AMZN
2026-04-17,250.55999755859375,250.55999755859375,256.17999267578125,250.11000061035156,254.99000549316406,52029300,AMZN
2026-04-20,248.27999877929688,248.27999877929688,250.17999267578125,245.3699951171875,249.19000244140625,39463100,AMZN
2026-04-21,249.91000366210938,249.91000366210938,255.08999633789062,249.10000610351562,255.08999633789062,42922400,AMZN
2026-04-22,255.36000061035156,255.36000061035156,255.94000244140625,250.3300018310547,252.44000244140625,36065100,AMZN
2026-04-23,255.0800018310547,255.0800018310547,258.7900085449219,253.07000732421875,255.38999938964844,39091400,AMZN
2026-04-24,263.989990234375,263.989990234375,264.5,257.69000244140625,259.9800109863281,53777400,AMZN
2026-04-27,261.1199951171875,261.1199951171875,264.1499938964844,260.3399963378906,263.4599914550781,44906800,AMZN
2026-04-28,259.70001220703125,259.70001220703125,261.0299987792969,256.6300048828125,258.3900146484375,42204400,AMZN
2026-04-29,263.0400085449219,263.0400085449219,265.9100036621094,257.70001220703125,257.989990234375,72367900,AMZN
2026-04-30,265.05999755859375,265.05999755859375,273.8800048828125,256.1600036621094,273.1700134277344,100974900,AMZN
2026-05-01,268.260009765625,268.260009765625,273.32000732421875,262.739990234375,265.5799865722656,50825200,AMZN
2026-05-04,272.04998779296875,272.04998779296875,276.1000061035156,268.79998779296875,268.79998779296875,49083700,AMZN
2026-05-05,273.54998779296875,273.54998779296875,278.55999755859375,272.3800048828125,276.0799865722656,41908500,AMZN
2026-05-06,274.989990234375,274.989990234375,277.79998779296875,272.2099914550781,272.8900146484375,44552000,AMZN
2026-05-07,271.1700134277344,271.1700134277344,276.6300048828125,270.489990234375,275.0199890136719,35892900,AMZN
2026-05-08,272.67999267578125,272.67999267578125,274.0,269.95001220703125,271.6300048828125,34732700,AMZN
2026-05-11,268.989990234375,268.989990234375,273.6300048828125,268.4800109863281,269.8399963378906,38176700,AMZN
2026-05-12,265.82000732421875,265.82000732421875,267.6499938964844,262.6300048828125,266.7099914550781,36776200,AMZN
2026-05-13,270.1300048828125,270.1300048828125,270.7200012207031,263.20001220703125,264.42999267578125,39670900,AMZN
2026-05-14,267.2200012207031,267.2200012207031,270.7799987792969,266.6300048828125,269.1499938964844,31338400,AMZN
2026-05-15,264.1400146484375,264.1400146484375,264.3599853515625,260.8900146484375,262.5,40770300,AMZN
2026-05-18,264.8599853515625,264.8599853515625,268.8500061035156,262.5299987792969,263.8699951171875,33690800,AMZN
2026-05-19,259.3399963378906,259.3399963378906,262.25,255.19000244140625,262.0400085449219,40340700,AMZN
2026-05-20,265.010009765625,265.010009765625,265.5799865722656,259.5299987792969,260.04998779296875,34933200,AMZN
2026-05-21,268.4599914550781,268.4599914550781,269.489990234375,261.3699951171875,263.5,36591700,AMZN
2026-05-22,266.32000732421875,266.32000732421875,269.7900085449219,266.239990234375,268.6600036621094,27535500,AMZN
2026-05-26,265.2900085449219,265.2900085449219,269.29998779296875,262.07000732421875,267.94000244140625,38028100,AMZN
2026-05-27,271.8500061035156,271.8500061035156,272.4100036621094,265.70001220703125,266.1499938964844,40061900,AMZN
2026-05-28,274.0,274.0,274.5,267.44000244140625,272.2699890136719,40630400,AMZN
2026-05-29,270.6400146484375,270.6400146484375,274.75,269.6400146484375,271.2900085449219,54749600,AMZN
2026-06-01,261.260009765625,261.260009765625,266.6300048828125,260.70001220703125,266.2900085449219,53604400,AMZN
2026-06-02,256.5199890136719,256.5199890136719,261.20001220703125,254.3699951171875,257.1600036621094,41811000,AMZN
2026-06-03,250.02000427246094,250.02000427246094,257.0899963378906,247.7100067138672,254.6999969482422,51394200,AMZN
2026-06-04,253.7899932861328,253.7899932861328,255.8300018310547,251.75,253.1199951171875,35609800,AMZN
2026-06-05,246.02999877929688,246.02999877929688,256.3800048828125,245.77999877929688,254.25999450683594,55607800,AMZN
2026-06-08,245.22000122070312,245.22000122070312,249.4199981689453,243.36000061035156,246.67999267578125,33899500,AMZN
2026-06-09,244.19000244140625,244.19000244140625,250.42999267578125,240.39999389648438,247.72999572753906,44425400,AMZN
2026-06-10,238.0,238.0,244.07000732421875,237.4499969482422,243.61000061035156,38590200,AMZN
2026-06-11,241.50999450683594,241.50999450683594,242.13999938964844,235.17999267578125,237.92999267578125,41335400,AMZN
2026-06-12,238.5500030517578,238.5500030517578,243.36000061035156,233.58999633789062,243.2100067138672,51186600,AMZN
2026-06-15,246.02000427246094,246.02000427246094,247.80999755859375,244.72999572753906,245.02000427246094,41711600,AMZN
2026-06-16,246.0,246.0,249.50999450683594,245.4499969482422,248.0,35187400,AMZN
2026-06-17,237.5,237.5,245.91000366210938,236.0,244.89999389648438,44780800,AMZN
2026-06-18,244.38999938964844,244.38999938964844,245.72999572753906,236.02000427246094,240.1199951171875,75624400,AMZN
2026-06-22,232.7899932861328,232.7899932861328,242.0,232.24000549316406,240.0800018310547,68388500,AMZN
2026-06-23,234.11000061035156,234.11000061035156,236.8699951171875,232.0,232.5500030517578,60492600,AMZN
2026-06-24,234.27000427246094,234.27000427246094,242.4199981689453,232.9499969482422,233.85000610351562,70282600,AMZN
2026-06-25,227.00999450683594,227.00999450683594,232.32000732421875,225.5500030517578,232.02000427246094,77674100,AMZN
2026-06-26,232.69000244140625,232.69000244140625,233.89999389648438,226.1300048828125,227.2100067138672,248372100,AMZN
2026-06-29,240.13999938964844,240.13999938964844,249.7100067138672,233.8000030517578,234.22000122070312,77619200,AMZN
2026-06-30,238.33999633789062,238.33999633789062,241.5399932861328,237.1699981689453,237.35000610351562,66228300,AMZN
2026-07-01,241.6999969482422,241.6999969482422,244.89999389648438,234.89999389648438,239.75,53829900,AMZN
2026-07-02,242.6699981689453,242.6699981689453,246.72000122070312,241.0800018310547,241.61000061035156,48246400,AMZN
2026-07-06,244.16000366210938,244.16000366210938,246.0399932861328,240.8800048828125,243.8000030517578,40044000,AMZN
2026-07-07,245.97999572753906,245.97999572753906,248.92999267578125,242.6999969482422,246.97999572753906,40579600,AMZN
2026-07-08,243.6199951171875,243.6199951171875,244.8000030517578,240.52000427246094,244.27000427246094,29653000,AMZN
2026-07-09,247.0399932861328,247.0399932861328,247.5,238.25,239.82000732421875,38091700,AMZN
2026-07-10,245.33999633789062,245.33999633789062,251.02999877929688,244.41000366210938,249.5500030517578,31654000,AMZN
2026-07-13,247.30999755859375,247.30999755859375,249.64999389648438,244.17999267578125,244.67999267578125,34636100,AMZN
2026-07-14,247.49000549316406,247.49000549316406,248.55999755859375,243.8000030517578,245.5500030517578,30108100,AMZN
2026-07-15,254.9600067138672,254.9600067138672,256.4800109863281,249.75,249.75,45240600,AMZN
2026-07-16,249.88999938964844,249.88999938964844,258.0799865722656,248.0,255.1199951171875,45233800,AMZN
